{
  "status": {
    "code": "00",
    "message": "success",
    "totalCount": 1
  },
  "contents": {
    "subwayLine": "2호선",
    "stationName": "아현역",
    "stationCode": "242",
    "stat": [
      {
        "startStationCode": "202",
        "startStationName": "을지로입구역",
        "endStationCode": "211",
        "endStationName": "성수역",
        "prevStationCode": "243",
        "prevStationName": "충정로역",
        "updnLine": 0,
        "directAt": 0,
        "data": [
          {
            "dow": "MON",
            "hh": "08",
            "mm": "00",
            "getOffCarRate": [
              9,
              14,
              9,
              7,
              9,
              15,
              12,
              14,
              7,
              4
            ]
          },
          {
            "dow": "MON",
            "hh": "08",
            "mm": "10",
            "getOffCarRate": [
              9,
              13,
              10,
              9,
              10,
              14,
              10,
              14,
              7,
              3
            ]
          },
          {
            "dow": "MON",
            "hh": "08",
            "mm": "20",
            "getOffCarRate": [
              7,
              10,
              12,
              13,
              9,
              15,
              10,
              14,
              7,
              3
            ]
          },
          {
            "dow": "MON",
            "hh": "08",
            "mm": "30",
            "getOffCarRate": [
              6,
              8,
              13,
              14,
              8,
              15,
              11,
              14,
              7,
              4
            ]
          },
          {
            "dow": "MON",
            "hh": "08",
            "mm": "40",
            "getOffCarRate": [
              6,
              8,
              15,
              15,
              7,
              16,
              11,
              13,
              7,
              3
            ]
          },
          {
            "dow": "MON",
            "hh": "08",
            "mm": "50",
            "getOffCarRate": [
              7,
              8,
              15,
              17,
              8,
              14,
              12,
              9,
              6,
              3
            ]
          }
        ]
      },
      {
        "startStationCode": "202",
        "startStationName": "을지로입구역",
        "endStationCode": "211-R",
        "endStationName": "성수역",
        "prevStationCode": "243",
        "prevStationName": "충정로역",
        "updnLine": 0,
        "directAt": 0,
        "data": [
          {
            "dow": "MON",
            "hh": "08",
            "mm": "00",
            "getOffCarRate": [
              9,
              14,
              9,
              7,
              9,
              15,
              12,
              14,
              7,
              4
            ]
          },
          {
            "dow": "MON",
            "hh": "08",
            "mm": "10",
            "getOffCarRate": [
              9,
              13,
              10,
              9,
              10,
              14,
              10,
              14,
              7,
              3
            ]
          },
          {
            "dow": "MON",
            "hh": "08",
            "mm": "20",
            "getOffCarRate": [
              7,
              10,
              12,
              13,
              9,
              15,
              10,
              14,
              7,
              3
            ]
          },
          {
            "dow": "MON",
            "hh": "08",
            "mm": "30",
            "getOffCarRate": [
              6,
              8,
              13,
              14,
              8,
              15,
              11,
              14,
              7,
              4
            ]
          },
          {
            "dow": "MON",
            "hh": "08",
            "mm": "40",
            "getOffCarRate": [
              6,
              8,
              15,
              15,
              7,
              16,
              11,
              13,
              7,
              3
            ]
          },
          {
            "dow": "MON",
            "hh": "08",
            "mm": "50",
            "getOffCarRate": [
              7,
              8,
              15,
              17,
              8,
              14,
              12,
              9,
              6,
              3
            ]
          }
        ]
      },
      {
        "startStationCode": "211",
        "startStationName": "성수역",
        "endStationCode": "202",
        "endStationName": "을지로입구역",
        "prevStationCode": "241",
        "prevStationName": "이대역",
        "updnLine": 1,
        "directAt": 0,
        "data": [
          {
            "dow": "MON",
            "hh": "08",
            "mm": "00",
            "getOffCarRate": [
              8,
              6,
              12,
              11,
              13,
              9,
              11,
              10,
              12,
              9
            ]
          },
          {
            "dow": "MON",
            "hh": "08",
            "mm": "10",
            "getOffCarRate": [
              7,
              5,
              14,
              11,
              13,
              9,
              9,
              10,
              13,
              8
            ]
          },
          {
            "dow": "MON",
            "hh": "08",
            "mm": "20",
            "getOffCarRate": [
              6,
              5,
              15,
              12,
              13,
              8,
              10,
              11,
              13,
              8
            ]
          },
          {
            "dow": "MON",
            "hh": "08",
            "mm": "30",
            "getOffCarRate": [
              5,
              5,
              16,
              12,
              13,
              8,
              9,
              11,
              13,
              8
            ]
          },
          {
            "dow": "MON",
            "hh": "08",
            "mm": "40",
            "getOffCarRate": [
              5,
              5,
              15,
              12,
              13,
              8,
              10,
              11,
              13,
              8
            ]
          },
          {
            "dow": "MON",
            "hh": "08",
            "mm": "50",
            "getOffCarRate": [
              5,
              7,
              16,
              11,
              14,
              8,
              9,
              10,
              12,
              8
            ]
          }
        ]
      },
      {
        "startStationCode": "211",
        "startStationName": "성수역",
        "endStationCode": "211",
        "endStationName": "성수역",
        "prevStationCode": "243",
        "prevStationName": "충정로역",
        "updnLine": 0,
        "directAt": 0,
        "data": [
          {
            "dow": "MON",
            "hh": "08",
            "mm": "00",
            "getOffCarRate": [
              11,
              16,
              8,
              7,
              9,
              14,
              13,
              11,
              6,
              4
            ]
          },
          {
            "dow": "MON",
            "hh": "08",
            "mm": "10",
            "getOffCarRate": [
              11,
              15,
              9,
              9,
              10,
              14,
              12,
              11,
              5,
              3
            ]
          },
          {
            "dow": "MON",
            "hh": "08",
            "mm": "20",
            "getOffCarRate": [
              8,
              11,
              11,
              14,
              9,
              15,
              11,
              11,
              6,
              4
            ]
          },
          {
            "dow": "MON",
            "hh": "08",
            "mm": "30",
            "getOffCarRate": [
              6,
              8,
              14,
              16,
              8,
              14,
              11,
              12,
              6,
              4
            ]
          },
          {
            "dow": "MON",
            "hh": "08",
            "mm": "40",
            "getOffCarRate": [
              6,
              9,
              16,
              18,
              6,
              15,
              11,
              10,
              5,
              3
            ]
          },
          {
            "dow": "MON",
            "hh": "08",
            "mm": "50",
            "getOffCarRate": [
              6,
              9,
              16,
              18,
              7,
              14,
              11,
              9,
              7,
              3
            ]
          }
        ]
      },
      {
        "startStationCode": "211",
        "startStationName": "성수역",
        "endStationCode": "211",
        "endStationName": "성수역",
        "prevStationCode": "241",
        "prevStationName": "이대역",
        "updnLine": 1,
        "directAt": 0,
        "data": [
          {
            "dow": "MON",
            "hh": "08",
            "mm": "00",
            "getOffCarRate": [
              8,
              6,
              12,
              11,
              13,
              9,
              11,
              10,
              12,
              9
            ]
          },
          {
            "dow": "MON",
            "hh": "08",
            "mm": "10",
            "getOffCarRate": [
              7,
              5,
              14,
              11,
              13,
              9,
              9,
              10,
              13,
              8
            ]
          },
          {
            "dow": "MON",
            "hh": "08",
            "mm": "20",
            "getOffCarRate": [
              6,
              5,
              15,
              12,
              13,
              8,
              10,
              11,
              13,
              8
            ]
          },
          {
            "dow": "MON",
            "hh": "08",
            "mm": "30",
            "getOffCarRate": [
              5,
              5,
              16,
              12,
              13,
              8,
              9,
              11,
              13,
              8
            ]
          },
          {
            "dow": "MON",
            "hh": "08",
            "mm": "40",
            "getOffCarRate": [
              5,
              5,
              15,
              12,
              13,
              8,
              10,
              11,
              13,
              8
            ]
          },
          {
            "dow": "MON",
            "hh": "08",
            "mm": "50",
            "getOffCarRate": [
              5,
              7,
              16,
              11,
              14,
              8,
              9,
              10,
              12,
              8
            ]
          }
        ]
      },
      {
        "startStationCode": "211",
        "startStationName": "성수역",
        "endStationCode": "211-R",
        "endStationName": "성수역",
        "prevStationCode": "243",
        "prevStationName": "충정로역",
        "updnLine": 0,
        "directAt": 0,
        "data": [
          {
            "dow": "MON",
            "hh": "08",
            "mm": "00",
            "getOffCarRate": [
              10,
              14,
              9,
              7,
              9,
              14,
              12,
              15,
              8,
              4
            ]
          },
          {
            "dow": "MON",
            "hh": "08",
            "mm": "10",
            "getOffCarRate": [
              9,
              13,
              9,
              9,
              10,
              14,
              10,
              15,
              8,
              4
            ]
          },
          {
            "dow": "MON",
            "hh": "08",
            "mm": "20",
            "getOffCarRate": [
              8,
              11,
              9,
              10,
              9,
              16,
              10,
              15,
              8,
              4
            ]
          },
          {
            "dow": "MON",
            "hh": "08",
            "mm": "30",
            "getOffCarRate": [
              6,
              8,
              10,
              11,
              10,
              15,
              11,
              17,
              8,
              4
            ]
          },
          {
            "dow": "MON",
            "hh": "08",
            "mm": "40",
            "getOffCarRate": [
              6,
              7,
              12,
              12,
              9,
              17,
              11,
              16,
              8,
              3
            ]
          },
          {
            "dow": "MON",
            "hh": "08",
            "mm": "50",
            "getOffCarRate": [
              7,
              8,
              12,
              14,
              9,
              17,
              12,
              11,
              6,
              3
            ]
          }
        ]
      },
      {
        "startStationCode": "211",
        "startStationName": "성수역",
        "endStationCode": "211-R",
        "endStationName": "성수역",
        "prevStationCode": "241",
        "prevStationName": "이대역",
        "updnLine": 1,
        "directAt": 0,
        "data": [
          {
            "dow": "MON",
            "hh": "08",
            "mm": "00",
            "getOffCarRate": [
              8,
              5,
              12,
              11,
              12,
              9,
              11,
              10,
              12,
              8
            ]
          },
          {
            "dow": "MON",
            "hh": "08",
            "mm": "10",
            "getOffCarRate": [
              8,
              5,
              14,
              11,
              13,
              9,
              9,
              10,
              13,
              8
            ]
          },
          {
            "dow": "MON",
            "hh": "08",
            "mm": "20",
            "getOffCarRate": [
              6,
              5,
              15,
              12,
              13,
              8,
              10,
              11,
              13,
              8
            ]
          },
          {
            "dow": "MON",
            "hh": "08",
            "mm": "30",
            "getOffCarRate": [
              5,
              5,
              16,
              12,
              13,
              8,
              9,
              11,
              13,
              8
            ]
          },
          {
            "dow": "MON",
            "hh": "08",
            "mm": "40",
            "getOffCarRate": [
              5,
              5,
              15,
              12,
              13,
              8,
              9,
              11,
              13,
              8
            ]
          },
          {
            "dow": "MON",
            "hh": "08",
            "mm": "50",
            "getOffCarRate": [
              5,
              7,
              17,
              11,
              14,
              8,
              9,
              10,
              12,
              8
            ]
          }
        ]
      },
      {
        "startStationCode": "211",
        "startStationName": "성수역",
        "endStationCode": "219",
        "endStationName": "삼성역",
        "prevStationCode": "243",
        "prevStationName": "충정로역",
        "updnLine": 0,
        "directAt": 0,
        "data": [
          {
            "dow": "MON",
            "hh": "08",
            "mm": "00",
            "getOffCarRate": [
              9,
              14,
              9,
              7,
              9,
              15,
              12,
              14,
              7,
              4
            ]
          },
          {
            "dow": "MON",
            "hh": "08",
            "mm": "10",
            "getOffCarRate": [
              9,
              13,
              10,
              9,
              10,
              14,
              10,
              14,
              7,
              3
            ]
          },
          {
            "dow": "MON",
            "hh": "08",
            "mm": "20",
            "getOffCarRate": [
              7,
              10,
              12,
              13,
              9,
              15,
              10,
              14,
              7,
              3
            ]
          },
          {
            "dow": "MON",
            "hh": "08",
            "mm": "30",
            "getOffCarRate": [
              6,
              8,
              13,
              14,
              8,
              15,
              11,
              14,
              7,
              4
            ]
          },
          {
            "dow": "MON",
            "hh": "08",
            "mm": "40",
            "getOffCarRate": [
              6,
              8,
              15,
              15,
              7,
              16,
              11,
              13,
              7,
              3
            ]
          },
          {
            "dow": "MON",
            "hh": "08",
            "mm": "50",
            "getOffCarRate": [
              7,
              8,
              15,
              17,
              8,
              14,
              12,
              9,
              6,
              3
            ]
          }
        ]
      },
      {
        "startStationCode": "211",
        "startStationName": "성수역",
        "endStationCode": "228",
        "endStationName": "서울대입구역",
        "prevStationCode": "243",
        "prevStationName": "충정로역",
        "updnLine": 0,
        "directAt": 0,
        "data": [
          {
            "dow": "MON",
            "hh": "08",
            "mm": "00",
            "getOffCarRate": [
              9,
              14,
              9,
              7,
              9,
              15,
              12,
              14,
              7,
              4
            ]
          },
          {
            "dow": "MON",
            "hh": "08",
            "mm": "10",
            "getOffCarRate": [
              9,
              13,
              10,
              9,
              10,
              14,
              10,
              14,
              7,
              3
            ]
          },
          {
            "dow": "MON",
            "hh": "08",
            "mm": "20",
            "getOffCarRate": [
              7,
              10,
              12,
              13,
              9,
              15,
              10,
              14,
              7,
              3
            ]
          },
          {
            "dow": "MON",
            "hh": "08",
            "mm": "30",
            "getOffCarRate": [
              6,
              8,
              13,
              14,
              8,
              15,
              11,
              14,
              7,
              4
            ]
          },
          {
            "dow": "MON",
            "hh": "08",
            "mm": "40",
            "getOffCarRate": [
              6,
              8,
              15,
              15,
              7,
              16,
              11,
              13,
              7,
              3
            ]
          },
          {
            "dow": "MON",
            "hh": "08",
            "mm": "50",
            "getOffCarRate": [
              7,
              8,
              15,
              17,
              8,
              14,
              12,
              9,
              6,
              3
            ]
          }
        ]
      },
      {
        "startStationCode": "211",
        "startStationName": "성수역",
        "endStationCode": "234",
        "endStationName": "신도림역",
        "prevStationCode": "243",
        "prevStationName": "충정로역",
        "updnLine": 0,
        "directAt": 0,
        "data": [
          {
            "dow": "MON",
            "hh": "08",
            "mm": "00",
            "getOffCarRate": [
              9,
              14,
              9,
              7,
              9,
              15,
              12,
              14,
              7,
              4
            ]
          },
          {
            "dow": "MON",
            "hh": "08",
            "mm": "10",
            "getOffCarRate": [
              9,
              13,
              10,
              9,
              10,
              14,
              10,
              14,
              7,
              3
            ]
          },
          {
            "dow": "MON",
            "hh": "08",
            "mm": "20",
            "getOffCarRate": [
              7,
              10,
              12,
              13,
              9,
              15,
              10,
              14,
              7,
              3
            ]
          },
          {
            "dow": "MON",
            "hh": "08",
            "mm": "30",
            "getOffCarRate": [
              6,
              8,
              13,
              14,
              8,
              15,
              11,
              14,
              7,
              4
            ]
          },
          {
            "dow": "MON",
            "hh": "08",
            "mm": "40",
            "getOffCarRate": [
              6,
              8,
              15,
              15,
              7,
              16,
              11,
              13,
              7,
              3
            ]
          },
          {
            "dow": "MON",
            "hh": "08",
            "mm": "50",
            "getOffCarRate": [
              7,
              8,
              15,
              17,
              8,
              14,
              12,
              9,
              6,
              3
            ]
          }
        ]
      },
      {
        "startStationCode": "211",
        "startStationName": "성수역",
        "endStationCode": "239",
        "endStationName": "홍대입구역",
        "prevStationCode": "243",
        "prevStationName": "충정로역",
        "updnLine": 0,
        "directAt": 0,
        "data": [
          {
            "dow": "MON",
            "hh": "08",
            "mm": "00",
            "getOffCarRate": [
              9,
              14,
              9,
              7,
              9,
              15,
              12,
              14,
              7,
              4
            ]
          },
          {
            "dow": "MON",
            "hh": "08",
            "mm": "10",
            "getOffCarRate": [
              9,
              13,
              10,
              9,
              10,
              14,
              10,
              14,
              7,
              3
            ]
          },
          {
            "dow": "MON",
            "hh": "08",
            "mm": "20",
            "getOffCarRate": [
              7,
              10,
              12,
              13,
              9,
              15,
              10,
              14,
              7,
              3
            ]
          },
          {
            "dow": "MON",
            "hh": "08",
            "mm": "30",
            "getOffCarRate": [
              6,
              8,
              13,
              14,
              8,
              15,
              11,
              14,
              7,
              4
            ]
          },
          {
            "dow": "MON",
            "hh": "08",
            "mm": "40",
            "getOffCarRate": [
              6,
              8,
              15,
              15,
              7,
              16,
              11,
              13,
              7,
              3
            ]
          },
          {
            "dow": "MON",
            "hh": "08",
            "mm": "50",
            "getOffCarRate": [
              7,
              8,
              15,
              17,
              8,
              14,
              12,
              9,
              6,
              3
            ]
          }
        ]
      },
      {
        "startStationCode": "219",
        "startStationName": "삼성역",
        "endStationCode": "211-R",
        "endStationName": "성수역",
        "prevStationCode": "241",
        "prevStationName": "이대역",
        "updnLine": 1,
        "directAt": 0,
        "data": [
          {
            "dow": "MON",
            "hh": "08",
            "mm": "00",
            "getOffCarRate": [
              8,
              6,
              12,
              11,
              13,
              9,
              11,
              10,
              12,
              9
            ]
          },
          {
            "dow": "MON",
            "hh": "08",
            "mm": "10",
            "getOffCarRate": [
              7,
              5,
              14,
              11,
              13,
              9,
              9,
              10,
              13,
              8
            ]
          },
          {
            "dow": "MON",
            "hh": "08",
            "mm": "20",
            "getOffCarRate": [
              6,
              5,
              15,
              12,
              13,
              8,
              10,
              11,
              13,
              8
            ]
          },
          {
            "dow": "MON",
            "hh": "08",
            "mm": "30",
            "getOffCarRate": [
              5,
              5,
              16,
              12,
              13,
              8,
              9,
              11,
              13,
              8
            ]
          },
          {
            "dow": "MON",
            "hh": "08",
            "mm": "40",
            "getOffCarRate": [
              5,
              5,
              15,
              12,
              13,
              8,
              10,
              11,
              13,
              8
            ]
          },
          {
            "dow": "MON",
            "hh": "08",
            "mm": "50",
            "getOffCarRate": [
              5,
              7,
              16,
              11,
              14,
              8,
              9,
              10,
              12,
              8
            ]
          }
        ]
      },
      {
        "startStationCode": "228",
        "startStationName": "서울대입구역",
        "endStationCode": "211",
        "endStationName": "성수역",
        "prevStationCode": "241",
        "prevStationName": "이대역",
        "updnLine": 1,
        "directAt": 0,
        "data": [
          {
            "dow": "MON",
            "hh": "08",
            "mm": "00",
            "getOffCarRate": [
              8,
              6,
              12,
              11,
              13,
              9,
              11,
              10,
              12,
              9
            ]
          },
          {
            "dow": "MON",
            "hh": "08",
            "mm": "10",
            "getOffCarRate": [
              7,
              5,
              14,
              11,
              13,
              9,
              9,
              10,
              13,
              8
            ]
          },
          {
            "dow": "MON",
            "hh": "08",
            "mm": "20",
            "getOffCarRate": [
              6,
              5,
              15,
              12,
              13,
              8,
              10,
              11,
              13,
              8
            ]
          },
          {
            "dow": "MON",
            "hh": "08",
            "mm": "30",
            "getOffCarRate": [
              5,
              5,
              16,
              12,
              13,
              8,
              9,
              11,
              13,
              8
            ]
          },
          {
            "dow": "MON",
            "hh": "08",
            "mm": "40",
            "getOffCarRate": [
              5,
              5,
              15,
              12,
              13,
              8,
              10,
              11,
              13,
              8
            ]
          },
          {
            "dow": "MON",
            "hh": "08",
            "mm": "50",
            "getOffCarRate": [
              5,
              7,
              16,
              11,
              14,
              8,
              9,
              10,
              12,
              8
            ]
          }
        ]
      },
      {
        "startStationCode": "228",
        "startStationName": "서울대입구역",
        "endStationCode": "211-R",
        "endStationName": "성수역",
        "prevStationCode": "241",
        "prevStationName": "이대역",
        "updnLine": 1,
        "directAt": 0,
        "data": [
          {
            "dow": "MON",
            "hh": "08",
            "mm": "00",
            "getOffCarRate": [
              8,
              6,
              12,
              11,
              13,
              9,
              11,
              10,
              12,
              9
            ]
          },
          {
            "dow": "MON",
            "hh": "08",
            "mm": "10",
            "getOffCarRate": [
              7,
              5,
              14,
              11,
              13,
              9,
              9,
              10,
              13,
              8
            ]
          },
          {
            "dow": "MON",
            "hh": "08",
            "mm": "20",
            "getOffCarRate": [
              6,
              5,
              15,
              12,
              13,
              8,
              10,
              11,
              13,
              8
            ]
          },
          {
            "dow": "MON",
            "hh": "08",
            "mm": "30",
            "getOffCarRate": [
              5,
              5,
              16,
              12,
              13,
              8,
              9,
              11,
              13,
              8
            ]
          },
          {
            "dow": "MON",
            "hh": "08",
            "mm": "40",
            "getOffCarRate": [
              5,
              5,
              15,
              12,
              13,
              8,
              10,
              11,
              13,
              8
            ]
          },
          {
            "dow": "MON",
            "hh": "08",
            "mm": "50",
            "getOffCarRate": [
              5,
              7,
              16,
              11,
              14,
              8,
              9,
              10,
              12,
              8
            ]
          }
        ]
      },
      {
        "startStationCode": "234",
        "startStationName": "신도림역",
        "endStationCode": "211",
        "endStationName": "성수역",
        "prevStationCode": "241",
        "prevStationName": "이대역",
        "updnLine": 1,
        "directAt": 0,
        "data": [
          {
            "dow": "MON",
            "hh": "08",
            "mm": "00",
            "getOffCarRate": [
              8,
              6,
              12,
              11,
              13,
              9,
              11,
              10,
              12,
              9
            ]
          },
          {
            "dow": "MON",
            "hh": "08",
            "mm": "10",
            "getOffCarRate": [
              7,
              5,
              14,
              11,
              13,
              9,
              9,
              10,
              13,
              8
            ]
          },
          {
            "dow": "MON",
            "hh": "08",
            "mm": "20",
            "getOffCarRate": [
              6,
              5,
              15,
              12,
              13,
              8,
              10,
              11,
              13,
              8
            ]
          },
          {
            "dow": "MON",
            "hh": "08",
            "mm": "30",
            "getOffCarRate": [
              5,
              5,
              16,
              12,
              13,
              8,
              9,
              11,
              13,
              8
            ]
          },
          {
            "dow": "MON",
            "hh": "08",
            "mm": "40",
            "getOffCarRate": [
              5,
              5,
              15,
              12,
              13,
              8,
              10,
              11,
              13,
              8
            ]
          },
          {
            "dow": "MON",
            "hh": "08",
            "mm": "50",
            "getOffCarRate": [
              5,
              7,
              16,
              11,
              14,
              8,
              9,
              10,
              12,
              8
            ]
          }
        ]
      },
      {
        "startStationCode": "234",
        "startStationName": "신도림역",
        "endStationCode": "211-R",
        "endStationName": "성수역",
        "prevStationCode": "241",
        "prevStationName": "이대역",
        "updnLine": 1,
        "directAt": 0,
        "data": [
          {
            "dow": "MON",
            "hh": "08",
            "mm": "00",
            "getOffCarRate": [
              6,
              5,
              11,
              12,
              14,
              9,
              10,
              11,
              13,
              9
            ]
          },
          {
            "dow": "MON",
            "hh": "08",
            "mm": "10",
            "getOffCarRate": [
              6,
              5,
              14,
              11,
              13,
              9,
              9,
              11,
              13,
              8
            ]
          },
          {
            "dow": "MON",
            "hh": "08",
            "mm": "20",
            "getOffCarRate": [
              6,
              5,
              15,
              12,
              13,
              8,
              10,
              11,
              13,
              8
            ]
          },
          {
            "dow": "MON",
            "hh": "08",
            "mm": "30",
            "getOffCarRate": [
              5,
              5,
              16,
              12,
              13,
              8,
              9,
              11,
              13,
              8
            ]
          },
          {
            "dow": "MON",
            "hh": "08",
            "mm": "40",
            "getOffCarRate": [
              5,
              5,
              15,
              12,
              13,
              8,
              10,
              11,
              13,
              8
            ]
          },
          {
            "dow": "MON",
            "hh": "08",
            "mm": "50",
            "getOffCarRate": [
              5,
              7,
              16,
              11,
              14,
              8,
              9,
              10,
              12,
              8
            ]
          }
        ]
      },
      {
        "startStationCode": "239",
        "startStationName": "홍대입구역",
        "endStationCode": "211",
        "endStationName": "성수역",
        "prevStationCode": "241",
        "prevStationName": "이대역",
        "updnLine": 1,
        "directAt": 0,
        "data": [
          {
            "dow": "MON",
            "hh": "08",
            "mm": "00",
            "getOffCarRate": [
              8,
              6,
              12,
              11,
              13,
              9,
              11,
              10,
              12,
              9
            ]
          },
          {
            "dow": "MON",
            "hh": "08",
            "mm": "10",
            "getOffCarRate": [
              7,
              5,
              14,
              11,
              13,
              9,
              9,
              10,
              13,
              8
            ]
          },
          {
            "dow": "MON",
            "hh": "08",
            "mm": "20",
            "getOffCarRate": [
              6,
              5,
              15,
              12,
              13,
              8,
              10,
              11,
              13,
              8
            ]
          },
          {
            "dow": "MON",
            "hh": "08",
            "mm": "30",
            "getOffCarRate": [
              5,
              5,
              16,
              12,
              13,
              8,
              9,
              11,
              13,
              8
            ]
          },
          {
            "dow": "MON",
            "hh": "08",
            "mm": "40",
            "getOffCarRate": [
              5,
              5,
              15,
              12,
              13,
              8,
              10,
              11,
              13,
              8
            ]
          },
          {
            "dow": "MON",
            "hh": "08",
            "mm": "50",
            "getOffCarRate": [
              5,
              7,
              16,
              11,
              14,
              8,
              9,
              10,
              12,
              8
            ]
          }
        ]
      },
      {
        "startStationCode": "239",
        "startStationName": "홍대입구역",
        "endStationCode": "211-R",
        "endStationName": "성수역",
        "prevStationCode": "241",
        "prevStationName": "이대역",
        "updnLine": 1,
        "directAt": 0,
        "data": [
          {
            "dow": "MON",
            "hh": "08",
            "mm": "00",
            "getOffCarRate": [
              8,
              6,
              12,
              11,
              13,
              9,
              11,
              10,
              12,
              9
            ]
          },
          {
            "dow": "MON",
            "hh": "08",
            "mm": "10",
            "getOffCarRate": [
              7,
              5,
              14,
              11,
              13,
              9,
              9,
              10,
              13,
              8
            ]
          },
          {
            "dow": "MON",
            "hh": "08",
            "mm": "20",
            "getOffCarRate": [
              6,
              5,
              15,
              12,
              13,
              8,
              10,
              11,
              13,
              8
            ]
          },
          {
            "dow": "MON",
            "hh": "08",
            "mm": "30",
            "getOffCarRate": [
              5,
              5,
              16,
              12,
              13,
              8,
              9,
              11,
              13,
              8
            ]
          },
          {
            "dow": "MON",
            "hh": "08",
            "mm": "40",
            "getOffCarRate": [
              5,
              5,
              15,
              12,
              13,
              8,
              10,
              11,
              13,
              8
            ]
          },
          {
            "dow": "MON",
            "hh": "08",
            "mm": "50",
            "getOffCarRate": [
              5,
              7,
              16,
              11,
              14,
              8,
              9,
              10,
              12,
              8
            ]
          }
        ]
      }
    ],
    "statStartDate": "20230924",
    "statEndDate": "20231223"
  }
}