{
  "status": {
    "code": "00",
    "message": "success",
    "totalCount": 1
  },
  "contents": {
    "subwayLine": "2호선",
    "stationName": "상왕십리역",
    "stationCode": "207",
    "stat": [
      {
        "startStationCode": "202",
        "startStationName": "을지로입구역",
        "endStationCode": "211",
        "endStationName": "성수역",
        "prevStationCode": "206",
        "prevStationName": "신당역",
        "updnLine": 1,
        "directAt": 0,
        "data": [
          {
            "dow": "MON",
            "hh": "13",
            "mm": "00",
            "getOffCarRate": [
              9,
              12,
              13,
              17,
              11,
              9,
              10,
              8,
              8,
              4
            ]
          },
          {
            "dow": "MON",
            "hh": "13",
            "mm": "10",
            "getOffCarRate": [
              8,
              11,
              12,
              17,
              11,
              10,
              10,
              9,
              9,
              4
            ]
          },
          {
            "dow": "MON",
            "hh": "13",
            "mm": "20",
            "getOffCarRate": [
              8,
              11,
              14,
              17,
              11,
              9,
              10,
              8,
              8,
              4
            ]
          },
          {
            "dow": "MON",
            "hh": "13",
            "mm": "30",
            "getOffCarRate": [
              8,
              10,
              15,
              16,
              10,
              9,
              9,
              9,
              9,
              4
            ]
          },
          {
            "dow": "MON",
            "hh": "13",
            "mm": "40",
            "getOffCarRate": [
              8,
              12,
              14,
              16,
              10,
              10,
              10,
              8,
              9,
              3
            ]
          },
          {
            "dow": "MON",
            "hh": "13",
            "mm": "50",
            "getOffCarRate": [
              7,
              12,
              15,
              16,
              9,
              10,
              11,
              8,
              8,
              5
            ]
          }
        ]
      },
      {
        "startStationCode": "202",
        "startStationName": "을지로입구역",
        "endStationCode": "211-R",
        "endStationName": "성수역",
        "prevStationCode": "206",
        "prevStationName": "신당역",
        "updnLine": 1,
        "directAt": 0,
        "data": [
          {
            "dow": "MON",
            "hh": "13",
            "mm": "00",
            "getOffCarRate": [
              9,
              12,
              13,
              17,
              11,
              9,
              10,
              8,
              8,
              4
            ]
          },
          {
            "dow": "MON",
            "hh": "13",
            "mm": "10",
            "getOffCarRate": [
              8,
              11,
              12,
              17,
              11,
              10,
              10,
              9,
              9,
              4
            ]
          },
          {
            "dow": "MON",
            "hh": "13",
            "mm": "20",
            "getOffCarRate": [
              8,
              11,
              14,
              17,
              11,
              9,
              10,
              8,
              8,
              4
            ]
          },
          {
            "dow": "MON",
            "hh": "13",
            "mm": "30",
            "getOffCarRate": [
              8,
              10,
              15,
              16,
              10,
              9,
              9,
              9,
              9,
              4
            ]
          },
          {
            "dow": "MON",
            "hh": "13",
            "mm": "40",
            "getOffCarRate": [
              8,
              12,
              14,
              16,
              10,
              10,
              10,
              8,
              9,
              3
            ]
          },
          {
            "dow": "MON",
            "hh": "13",
            "mm": "50",
            "getOffCarRate": [
              7,
              12,
              15,
              16,
              9,
              10,
              11,
              8,
              8,
              5
            ]
          }
        ]
      },
      {
        "startStationCode": "211",
        "startStationName": "성수역",
        "endStationCode": "202",
        "endStationName": "을지로입구역",
        "prevStationCode": "208",
        "prevStationName": "왕십리역",
        "updnLine": 0,
        "directAt": 0,
        "data": [
          {
            "dow": "MON",
            "hh": "13",
            "mm": "00",
            "getOffCarRate": [
              5,
              9,
              8,
              14,
              12,
              11,
              12,
              13,
              9,
              6
            ]
          },
          {
            "dow": "MON",
            "hh": "13",
            "mm": "10",
            "getOffCarRate": [
              5,
              8,
              7,
              13,
              14,
              11,
              13,
              14,
              9,
              6
            ]
          },
          {
            "dow": "MON",
            "hh": "13",
            "mm": "20",
            "getOffCarRate": [
              4,
              8,
              7,
              13,
              15,
              12,
              12,
              14,
              9,
              6
            ]
          },
          {
            "dow": "MON",
            "hh": "13",
            "mm": "30",
            "getOffCarRate": [
              4,
              8,
              8,
              12,
              15,
              12,
              13,
              15,
              8,
              6
            ]
          },
          {
            "dow": "MON",
            "hh": "13",
            "mm": "40",
            "getOffCarRate": [
              5,
              7,
              7,
              12,
              15,
              12,
              14,
              14,
              8,
              6
            ]
          },
          {
            "dow": "MON",
            "hh": "13",
            "mm": "50",
            "getOffCarRate": [
              7,
              7,
              7,
              12,
              15,
              12,
              14,
              12,
              8,
              6
            ]
          }
        ]
      },
      {
        "startStationCode": "211",
        "startStationName": "성수역",
        "endStationCode": "211",
        "endStationName": "성수역",
        "prevStationCode": "208",
        "prevStationName": "왕십리역",
        "updnLine": 0,
        "directAt": 0,
        "data": [
          {
            "dow": "MON",
            "hh": "13",
            "mm": "00",
            "getOffCarRate": [
              5,
              9,
              8,
              14,
              12,
              11,
              12,
              13,
              9,
              6
            ]
          },
          {
            "dow": "MON",
            "hh": "13",
            "mm": "10",
            "getOffCarRate": [
              5,
              8,
              7,
              13,
              14,
              11,
              13,
              14,
              9,
              6
            ]
          },
          {
            "dow": "MON",
            "hh": "13",
            "mm": "20",
            "getOffCarRate": [
              4,
              8,
              7,
              13,
              15,
              12,
              12,
              14,
              9,
              6
            ]
          },
          {
            "dow": "MON",
            "hh": "13",
            "mm": "30",
            "getOffCarRate": [
              4,
              8,
              8,
              12,
              15,
              12,
              13,
              15,
              8,
              6
            ]
          },
          {
            "dow": "MON",
            "hh": "13",
            "mm": "40",
            "getOffCarRate": [
              5,
              7,
              7,
              12,
              15,
              12,
              14,
              14,
              8,
              6
            ]
          },
          {
            "dow": "MON",
            "hh": "13",
            "mm": "50",
            "getOffCarRate": [
              7,
              7,
              7,
              12,
              15,
              12,
              14,
              12,
              8,
              6
            ]
          }
        ]
      },
      {
        "startStationCode": "211",
        "startStationName": "성수역",
        "endStationCode": "211",
        "endStationName": "성수역",
        "prevStationCode": "206",
        "prevStationName": "신당역",
        "updnLine": 1,
        "directAt": 0,
        "data": [
          {
            "dow": "MON",
            "hh": "13",
            "mm": "00",
            "getOffCarRate": [
              9,
              12,
              13,
              17,
              11,
              9,
              10,
              8,
              8,
              4
            ]
          },
          {
            "dow": "MON",
            "hh": "13",
            "mm": "10",
            "getOffCarRate": [
              8,
              11,
              12,
              17,
              11,
              10,
              10,
              9,
              9,
              4
            ]
          },
          {
            "dow": "MON",
            "hh": "13",
            "mm": "20",
            "getOffCarRate": [
              8,
              11,
              14,
              17,
              11,
              9,
              10,
              8,
              8,
              4
            ]
          },
          {
            "dow": "MON",
            "hh": "13",
            "mm": "30",
            "getOffCarRate": [
              8,
              10,
              15,
              16,
              10,
              9,
              9,
              9,
              9,
              4
            ]
          },
          {
            "dow": "MON",
            "hh": "13",
            "mm": "40",
            "getOffCarRate": [
              8,
              12,
              14,
              16,
              10,
              10,
              10,
              8,
              9,
              3
            ]
          },
          {
            "dow": "MON",
            "hh": "13",
            "mm": "50",
            "getOffCarRate": [
              7,
              12,
              15,
              16,
              9,
              10,
              11,
              8,
              8,
              5
            ]
          }
        ]
      },
      {
        "startStationCode": "211",
        "startStationName": "성수역",
        "endStationCode": "211-R",
        "endStationName": "성수역",
        "prevStationCode": "208",
        "prevStationName": "왕십리역",
        "updnLine": 0,
        "directAt": 0,
        "data": [
          {
            "dow": "MON",
            "hh": "13",
            "mm": "00",
            "getOffCarRate": [
              5,
              9,
              8,
              13,
              12,
              11,
              12,
              13,
              9,
              6
            ]
          },
          {
            "dow": "MON",
            "hh": "13",
            "mm": "10",
            "getOffCarRate": [
              5,
              8,
              7,
              13,
              14,
              11,
              13,
              14,
              9,
              6
            ]
          },
          {
            "dow": "MON",
            "hh": "13",
            "mm": "20",
            "getOffCarRate": [
              4,
              8,
              7,
              12,
              15,
              12,
              13,
              14,
              9,
              6
            ]
          },
          {
            "dow": "MON",
            "hh": "13",
            "mm": "30",
            "getOffCarRate": [
              4,
              8,
              8,
              12,
              15,
              12,
              13,
              15,
              8,
              6
            ]
          },
          {
            "dow": "MON",
            "hh": "13",
            "mm": "40",
            "getOffCarRate": [
              5,
              7,
              7,
              12,
              15,
              12,
              14,
              14,
              8,
              6
            ]
          },
          {
            "dow": "MON",
            "hh": "13",
            "mm": "50",
            "getOffCarRate": [
              7,
              7,
              7,
              12,
              15,
              12,
              14,
              12,
              8,
              6
            ]
          }
        ]
      },
      {
        "startStationCode": "211",
        "startStationName": "성수역",
        "endStationCode": "211-R",
        "endStationName": "성수역",
        "prevStationCode": "206",
        "prevStationName": "신당역",
        "updnLine": 1,
        "directAt": 0,
        "data": [
          {
            "dow": "MON",
            "hh": "13",
            "mm": "00",
            "getOffCarRate": [
              9,
              12,
              14,
              17,
              10,
              9,
              10,
              8,
              8,
              4
            ]
          },
          {
            "dow": "MON",
            "hh": "13",
            "mm": "10",
            "getOffCarRate": [
              9,
              10,
              13,
              17,
              11,
              10,
              10,
              9,
              9,
              4
            ]
          },
          {
            "dow": "MON",
            "hh": "13",
            "mm": "20",
            "getOffCarRate": [
              8,
              11,
              14,
              17,
              11,
              9,
              10,
              8,
              7,
              4
            ]
          },
          {
            "dow": "MON",
            "hh": "13",
            "mm": "30",
            "getOffCarRate": [
              8,
              10,
              15,
              16,
              10,
              9,
              9,
              9,
              9,
              4
            ]
          },
          {
            "dow": "MON",
            "hh": "13",
            "mm": "40",
            "getOffCarRate": [
              8,
              12,
              14,
              16,
              10,
              10,
              9,
              8,
              9,
              3
            ]
          },
          {
            "dow": "MON",
            "hh": "13",
            "mm": "50",
            "getOffCarRate": [
              7,
              11,
              15,
              16,
              9,
              10,
              11,
              8,
              8,
              5
            ]
          }
        ]
      },
      {
        "startStationCode": "211",
        "startStationName": "성수역",
        "endStationCode": "219",
        "endStationName": "삼성역",
        "prevStationCode": "208",
        "prevStationName": "왕십리역",
        "updnLine": 0,
        "directAt": 0,
        "data": [
          {
            "dow": "MON",
            "hh": "13",
            "mm": "00",
            "getOffCarRate": [
              5,
              9,
              8,
              14,
              12,
              11,
              12,
              13,
              9,
              6
            ]
          },
          {
            "dow": "MON",
            "hh": "13",
            "mm": "10",
            "getOffCarRate": [
              5,
              8,
              7,
              13,
              14,
              11,
              13,
              14,
              9,
              6
            ]
          },
          {
            "dow": "MON",
            "hh": "13",
            "mm": "20",
            "getOffCarRate": [
              4,
              8,
              7,
              13,
              15,
              12,
              12,
              14,
              9,
              6
            ]
          },
          {
            "dow": "MON",
            "hh": "13",
            "mm": "30",
            "getOffCarRate": [
              4,
              8,
              8,
              12,
              15,
              12,
              13,
              15,
              8,
              6
            ]
          },
          {
            "dow": "MON",
            "hh": "13",
            "mm": "40",
            "getOffCarRate": [
              5,
              7,
              7,
              12,
              15,
              12,
              14,
              14,
              8,
              6
            ]
          },
          {
            "dow": "MON",
            "hh": "13",
            "mm": "50",
            "getOffCarRate": [
              7,
              7,
              7,
              12,
              15,
              12,
              14,
              12,
              8,
              6
            ]
          }
        ]
      },
      {
        "startStationCode": "211",
        "startStationName": "성수역",
        "endStationCode": "228",
        "endStationName": "서울대입구역",
        "prevStationCode": "208",
        "prevStationName": "왕십리역",
        "updnLine": 0,
        "directAt": 0,
        "data": [
          {
            "dow": "MON",
            "hh": "13",
            "mm": "00",
            "getOffCarRate": [
              5,
              9,
              8,
              14,
              12,
              11,
              12,
              13,
              9,
              6
            ]
          },
          {
            "dow": "MON",
            "hh": "13",
            "mm": "10",
            "getOffCarRate": [
              5,
              8,
              7,
              13,
              14,
              11,
              13,
              14,
              9,
              6
            ]
          },
          {
            "dow": "MON",
            "hh": "13",
            "mm": "20",
            "getOffCarRate": [
              4,
              8,
              7,
              13,
              15,
              12,
              12,
              14,
              9,
              6
            ]
          },
          {
            "dow": "MON",
            "hh": "13",
            "mm": "30",
            "getOffCarRate": [
              4,
              8,
              8,
              12,
              15,
              12,
              13,
              15,
              8,
              6
            ]
          },
          {
            "dow": "MON",
            "hh": "13",
            "mm": "40",
            "getOffCarRate": [
              5,
              7,
              7,
              12,
              15,
              12,
              14,
              14,
              8,
              6
            ]
          },
          {
            "dow": "MON",
            "hh": "13",
            "mm": "50",
            "getOffCarRate": [
              7,
              7,
              7,
              12,
              15,
              12,
              14,
              12,
              8,
              6
            ]
          }
        ]
      },
      {
        "startStationCode": "211",
        "startStationName": "성수역",
        "endStationCode": "234",
        "endStationName": "신도림역",
        "prevStationCode": "208",
        "prevStationName": "왕십리역",
        "updnLine": 0,
        "directAt": 0,
        "data": [
          {
            "dow": "MON",
            "hh": "13",
            "mm": "00",
            "getOffCarRate": [
              5,
              9,
              8,
              14,
              12,
              11,
              12,
              13,
              9,
              6
            ]
          },
          {
            "dow": "MON",
            "hh": "13",
            "mm": "10",
            "getOffCarRate": [
              5,
              8,
              7,
              13,
              14,
              11,
              13,
              14,
              9,
              6
            ]
          },
          {
            "dow": "MON",
            "hh": "13",
            "mm": "20",
            "getOffCarRate": [
              4,
              8,
              7,
              13,
              15,
              12,
              12,
              14,
              9,
              6
            ]
          },
          {
            "dow": "MON",
            "hh": "13",
            "mm": "30",
            "getOffCarRate": [
              4,
              8,
              8,
              12,
              15,
              12,
              13,
              15,
              8,
              6
            ]
          },
          {
            "dow": "MON",
            "hh": "13",
            "mm": "40",
            "getOffCarRate": [
              5,
              7,
              7,
              12,
              15,
              12,
              14,
              14,
              8,
              6
            ]
          },
          {
            "dow": "MON",
            "hh": "13",
            "mm": "50",
            "getOffCarRate": [
              7,
              7,
              7,
              12,
              15,
              12,
              14,
              12,
              8,
              6
            ]
          }
        ]
      },
      {
        "startStationCode": "211",
        "startStationName": "성수역",
        "endStationCode": "239",
        "endStationName": "홍대입구역",
        "prevStationCode": "208",
        "prevStationName": "왕십리역",
        "updnLine": 0,
        "directAt": 0,
        "data": [
          {
            "dow": "MON",
            "hh": "13",
            "mm": "00",
            "getOffCarRate": [
              5,
              9,
              8,
              14,
              12,
              11,
              12,
              13,
              9,
              6
            ]
          },
          {
            "dow": "MON",
            "hh": "13",
            "mm": "10",
            "getOffCarRate": [
              5,
              8,
              7,
              13,
              14,
              11,
              13,
              14,
              9,
              6
            ]
          },
          {
            "dow": "MON",
            "hh": "13",
            "mm": "20",
            "getOffCarRate": [
              4,
              8,
              7,
              13,
              15,
              12,
              12,
              14,
              9,
              6
            ]
          },
          {
            "dow": "MON",
            "hh": "13",
            "mm": "30",
            "getOffCarRate": [
              4,
              8,
              8,
              12,
              15,
              12,
              13,
              15,
              8,
              6
            ]
          },
          {
            "dow": "MON",
            "hh": "13",
            "mm": "40",
            "getOffCarRate": [
              5,
              7,
              7,
              12,
              15,
              12,
              14,
              14,
              8,
              6
            ]
          },
          {
            "dow": "MON",
            "hh": "13",
            "mm": "50",
            "getOffCarRate": [
              7,
              7,
              7,
              12,
              15,
              12,
              14,
              12,
              8,
              6
            ]
          }
        ]
      },
      {
        "startStationCode": "219",
        "startStationName": "삼성역",
        "endStationCode": "211-R",
        "endStationName": "성수역",
        "prevStationCode": "206",
        "prevStationName": "신당역",
        "updnLine": 1,
        "directAt": 0,
        "data": [
          {
            "dow": "MON",
            "hh": "13",
            "mm": "00",
            "getOffCarRate": [
              9,
              12,
              13,
              17,
              11,
              9,
              10,
              8,
              8,
              4
            ]
          },
          {
            "dow": "MON",
            "hh": "13",
            "mm": "10",
            "getOffCarRate": [
              8,
              11,
              12,
              17,
              11,
              10,
              10,
              9,
              9,
              4
            ]
          },
          {
            "dow": "MON",
            "hh": "13",
            "mm": "20",
            "getOffCarRate": [
              8,
              11,
              14,
              17,
              11,
              9,
              10,
              8,
              8,
              4
            ]
          },
          {
            "dow": "MON",
            "hh": "13",
            "mm": "30",
            "getOffCarRate": [
              8,
              10,
              15,
              16,
              10,
              9,
              9,
              9,
              9,
              4
            ]
          },
          {
            "dow": "MON",
            "hh": "13",
            "mm": "40",
            "getOffCarRate": [
              8,
              12,
              14,
              16,
              10,
              10,
              10,
              8,
              9,
              3
            ]
          },
          {
            "dow": "MON",
            "hh": "13",
            "mm": "50",
            "getOffCarRate": [
              7,
              12,
              15,
              16,
              9,
              10,
              11,
              8,
              8,
              5
            ]
          }
        ]
      },
      {
        "startStationCode": "228",
        "startStationName": "서울대입구역",
        "endStationCode": "211",
        "endStationName": "성수역",
        "prevStationCode": "206",
        "prevStationName": "신당역",
        "updnLine": 1,
        "directAt": 0,
        "data": [
          {
            "dow": "MON",
            "hh": "13",
            "mm": "00",
            "getOffCarRate": [
              9,
              12,
              13,
              17,
              11,
              9,
              10,
              8,
              8,
              4
            ]
          },
          {
            "dow": "MON",
            "hh": "13",
            "mm": "10",
            "getOffCarRate": [
              8,
              11,
              12,
              17,
              11,
              10,
              10,
              9,
              9,
              4
            ]
          },
          {
            "dow": "MON",
            "hh": "13",
            "mm": "20",
            "getOffCarRate": [
              8,
              11,
              14,
              17,
              11,
              9,
              10,
              8,
              8,
              4
            ]
          },
          {
            "dow": "MON",
            "hh": "13",
            "mm": "30",
            "getOffCarRate": [
              8,
              10,
              15,
              16,
              10,
              9,
              9,
              9,
              9,
              4
            ]
          },
          {
            "dow": "MON",
            "hh": "13",
            "mm": "40",
            "getOffCarRate": [
              8,
              12,
              14,
              16,
              10,
              10,
              10,
              8,
              9,
              3
            ]
          },
          {
            "dow": "MON",
            "hh": "13",
            "mm": "50",
            "getOffCarRate": [
              7,
              12,
              15,
              16,
              9,
              10,
              11,
              8,
              8,
              5
            ]
          }
        ]
      },
      {
        "startStationCode": "228",
        "startStationName": "서울대입구역",
        "endStationCode": "211-R",
        "endStationName": "성수역",
        "prevStationCode": "206",
        "prevStationName": "신당역",
        "updnLine": 1,
        "directAt": 0,
        "data": [
          {
            "dow": "MON",
            "hh": "13",
            "mm": "00",
            "getOffCarRate": [
              9,
              12,
              13,
              17,
              11,
              9,
              10,
              8,
              8,
              4
            ]
          },
          {
            "dow": "MON",
            "hh": "13",
            "mm": "10",
            "getOffCarRate": [
              8,
              11,
              12,
              17,
              11,
              10,
              10,
              9,
              9,
              4
            ]
          },
          {
            "dow": "MON",
            "hh": "13",
            "mm": "20",
            "getOffCarRate": [
              8,
              11,
              14,
              17,
              11,
              9,
              10,
              8,
              8,
              4
            ]
          },
          {
            "dow": "MON",
            "hh": "13",
            "mm": "30",
            "getOffCarRate": [
              8,
              10,
              15,
              16,
              10,
              9,
              9,
              9,
              9,
              4
            ]
          },
          {
            "dow": "MON",
            "hh": "13",
            "mm": "40",
            "getOffCarRate": [
              8,
              12,
              14,
              16,
              10,
              10,
              10,
              8,
              9,
              3
            ]
          },
          {
            "dow": "MON",
            "hh": "13",
            "mm": "50",
            "getOffCarRate": [
              7,
              12,
              15,
              16,
              9,
              10,
              11,
              8,
              8,
              5
            ]
          }
        ]
      },
      {
        "startStationCode": "234",
        "startStationName": "신도림역",
        "endStationCode": "211",
        "endStationName": "성수역",
        "prevStationCode": "206",
        "prevStationName": "신당역",
        "updnLine": 1,
        "directAt": 0,
        "data": [
          {
            "dow": "MON",
            "hh": "13",
            "mm": "00",
            "getOffCarRate": [
              9,
              12,
              13,
              17,
              11,
              9,
              10,
              8,
              8,
              4
            ]
          },
          {
            "dow": "MON",
            "hh": "13",
            "mm": "10",
            "getOffCarRate": [
              8,
              11,
              12,
              17,
              11,
              10,
              10,
              9,
              9,
              4
            ]
          },
          {
            "dow": "MON",
            "hh": "13",
            "mm": "20",
            "getOffCarRate": [
              8,
              11,
              14,
              17,
              11,
              9,
              10,
              8,
              8,
              4
            ]
          },
          {
            "dow": "MON",
            "hh": "13",
            "mm": "30",
            "getOffCarRate": [
              8,
              10,
              15,
              16,
              10,
              9,
              9,
              9,
              9,
              4
            ]
          },
          {
            "dow": "MON",
            "hh": "13",
            "mm": "40",
            "getOffCarRate": [
              8,
              12,
              14,
              16,
              10,
              10,
              10,
              8,
              9,
              3
            ]
          },
          {
            "dow": "MON",
            "hh": "13",
            "mm": "50",
            "getOffCarRate": [
              7,
              12,
              15,
              16,
              9,
              10,
              11,
              8,
              8,
              5
            ]
          }
        ]
      },
      {
        "startStationCode": "234",
        "startStationName": "신도림역",
        "endStationCode": "211-R",
        "endStationName": "성수역",
        "prevStationCode": "206",
        "prevStationName": "신당역",
        "updnLine": 1,
        "directAt": 0,
        "data": [
          {
            "dow": "MON",
            "hh": "13",
            "mm": "00",
            "getOffCarRate": [
              9,
              12,
              13,
              17,
              11,
              9,
              10,
              8,
              8,
              4
            ]
          },
          {
            "dow": "MON",
            "hh": "13",
            "mm": "10",
            "getOffCarRate": [
              8,
              11,
              12,
              17,
              11,
              10,
              10,
              9,
              9,
              4
            ]
          },
          {
            "dow": "MON",
            "hh": "13",
            "mm": "20",
            "getOffCarRate": [
              8,
              11,
              14,
              17,
              11,
              9,
              10,
              8,
              8,
              4
            ]
          },
          {
            "dow": "MON",
            "hh": "13",
            "mm": "30",
            "getOffCarRate": [
              8,
              10,
              15,
              16,
              10,
              9,
              9,
              9,
              9,
              4
            ]
          },
          {
            "dow": "MON",
            "hh": "13",
            "mm": "40",
            "getOffCarRate": [
              8,
              12,
              14,
              16,
              10,
              10,
              10,
              8,
              9,
              3
            ]
          },
          {
            "dow": "MON",
            "hh": "13",
            "mm": "50",
            "getOffCarRate": [
              7,
              12,
              15,
              16,
              9,
              10,
              11,
              8,
              8,
              5
            ]
          }
        ]
      },
      {
        "startStationCode": "239",
        "startStationName": "홍대입구역",
        "endStationCode": "211",
        "endStationName": "성수역",
        "prevStationCode": "206",
        "prevStationName": "신당역",
        "updnLine": 1,
        "directAt": 0,
        "data": [
          {
            "dow": "MON",
            "hh": "13",
            "mm": "00",
            "getOffCarRate": [
              9,
              12,
              13,
              17,
              11,
              9,
              10,
              8,
              8,
              4
            ]
          },
          {
            "dow": "MON",
            "hh": "13",
            "mm": "10",
            "getOffCarRate": [
              8,
              11,
              12,
              17,
              11,
              10,
              10,
              9,
              9,
              4
            ]
          },
          {
            "dow": "MON",
            "hh": "13",
            "mm": "20",
            "getOffCarRate": [
              8,
              11,
              14,
              17,
              11,
              9,
              10,
              8,
              8,
              4
            ]
          },
          {
            "dow": "MON",
            "hh": "13",
            "mm": "30",
            "getOffCarRate": [
              8,
              10,
              15,
              16,
              10,
              9,
              9,
              9,
              9,
              4
            ]
          },
          {
            "dow": "MON",
            "hh": "13",
            "mm": "40",
            "getOffCarRate": [
              8,
              12,
              14,
              16,
              10,
              10,
              10,
              8,
              9,
              3
            ]
          },
          {
            "dow": "MON",
            "hh": "13",
            "mm": "50",
            "getOffCarRate": [
              7,
              12,
              15,
              16,
              9,
              10,
              11,
              8,
              8,
              5
            ]
          }
        ]
      },
      {
        "startStationCode": "239",
        "startStationName": "홍대입구역",
        "endStationCode": "211-R",
        "endStationName": "성수역",
        "prevStationCode": "206",
        "prevStationName": "신당역",
        "updnLine": 1,
        "directAt": 0,
        "data": [
          {
            "dow": "MON",
            "hh": "13",
            "mm": "00",
            "getOffCarRate": [
              9,
              12,
              13,
              17,
              11,
              9,
              10,
              8,
              8,
              4
            ]
          },
          {
            "dow": "MON",
            "hh": "13",
            "mm": "10",
            "getOffCarRate": [
              8,
              11,
              12,
              17,
              11,
              10,
              10,
              9,
              9,
              4
            ]
          },
          {
            "dow": "MON",
            "hh": "13",
            "mm": "20",
            "getOffCarRate": [
              8,
              11,
              14,
              17,
              11,
              9,
              10,
              8,
              8,
              4
            ]
          },
          {
            "dow": "MON",
            "hh": "13",
            "mm": "30",
            "getOffCarRate": [
              8,
              10,
              15,
              16,
              10,
              9,
              9,
              9,
              9,
              4
            ]
          },
          {
            "dow": "MON",
            "hh": "13",
            "mm": "40",
            "getOffCarRate": [
              8,
              12,
              14,
              16,
              10,
              10,
              10,
              8,
              9,
              3
            ]
          },
          {
            "dow": "MON",
            "hh": "13",
            "mm": "50",
            "getOffCarRate": [
              7,
              12,
              15,
              16,
              9,
              10,
              11,
              8,
              8,
              5
            ]
          }
        ]
      }
    ],
    "statStartDate": "20230924",
    "statEndDate": "20231223"
  }
}