{
  "status": {
    "code": "00",
    "message": "success",
    "totalCount": 1
  },
  "contents": {
    "subwayLine": "2호선",
    "stationName": "신림역",
    "stationCode": "230",
    "stat": [
      {
        "startStationCode": "202",
        "startStationName": "을지로입구역",
        "endStationCode": "211",
        "endStationName": "성수역",
        "prevStationCode": "231",
        "prevStationName": "신대방역",
        "updnLine": 0,
        "directAt": 0,
        "data": [
          {
            "dow": "MON",
            "hh": "08",
            "mm": "00",
            "getOffCarRate": [
              8,
              8,
              19,
              10,
              18,
              13,
              6,
              4,
              8,
              7
            ]
          },
          {
            "dow": "MON",
            "hh": "08",
            "mm": "10",
            "getOffCarRate": [
              7,
              8,
              18,
              11,
              17,
              12,
              7,
              5,
              9,
              7
            ]
          },
          {
            "dow": "MON",
            "hh": "08",
            "mm": "20",
            "getOffCarRate": [
              7,
              8,
              16,
              12,
              17,
              13,
              8,
              4,
              9,
              7
            ]
          },
          {
            "dow": "MON",
            "hh": "08",
            "mm": "30",
            "getOffCarRate": [
              7,
              7,
              14,
              13,
              18,
              12,
              8,
              5,
              9,
              7
            ]
          },
          {
            "dow": "MON",
            "hh": "08",
            "mm": "40",
            "getOffCarRate": [
              6,
              9,
              15,
              13,
              16,
              10,
              9,
              5,
              9,
              7
            ]
          },
          {
            "dow": "MON",
            "hh": "08",
            "mm": "50",
            "getOffCarRate": [
              6,
              10,
              15,
              13,
              16,
              11,
              9,
              5,
              9,
              6
            ]
          }
        ]
      },
      {
        "startStationCode": "202",
        "startStationName": "을지로입구역",
        "endStationCode": "211-R",
        "endStationName": "성수역",
        "prevStationCode": "231",
        "prevStationName": "신대방역",
        "updnLine": 0,
        "directAt": 0,
        "data": [
          {
            "dow": "MON",
            "hh": "08",
            "mm": "00",
            "getOffCarRate": [
              8,
              8,
              19,
              10,
              18,
              13,
              6,
              4,
              8,
              7
            ]
          },
          {
            "dow": "MON",
            "hh": "08",
            "mm": "10",
            "getOffCarRate": [
              7,
              8,
              18,
              11,
              17,
              12,
              7,
              5,
              9,
              7
            ]
          },
          {
            "dow": "MON",
            "hh": "08",
            "mm": "20",
            "getOffCarRate": [
              7,
              8,
              16,
              12,
              17,
              13,
              8,
              4,
              9,
              7
            ]
          },
          {
            "dow": "MON",
            "hh": "08",
            "mm": "30",
            "getOffCarRate": [
              7,
              7,
              14,
              13,
              18,
              12,
              8,
              5,
              9,
              7
            ]
          },
          {
            "dow": "MON",
            "hh": "08",
            "mm": "40",
            "getOffCarRate": [
              6,
              9,
              15,
              13,
              16,
              10,
              9,
              5,
              9,
              7
            ]
          },
          {
            "dow": "MON",
            "hh": "08",
            "mm": "50",
            "getOffCarRate": [
              6,
              10,
              15,
              13,
              16,
              11,
              9,
              5,
              9,
              6
            ]
          }
        ]
      },
      {
        "startStationCode": "211",
        "startStationName": "성수역",
        "endStationCode": "202",
        "endStationName": "을지로입구역",
        "prevStationCode": "229",
        "prevStationName": "봉천역",
        "updnLine": 1,
        "directAt": 0,
        "data": [
          {
            "dow": "MON",
            "hh": "08",
            "mm": "00",
            "getOffCarRate": [
              9,
              9,
              7,
              9,
              12,
              16,
              12,
              17,
              6,
              3
            ]
          },
          {
            "dow": "MON",
            "hh": "08",
            "mm": "10",
            "getOffCarRate": [
              9,
              10,
              7,
              9,
              11,
              16,
              13,
              16,
              6,
              3
            ]
          },
          {
            "dow": "MON",
            "hh": "08",
            "mm": "20",
            "getOffCarRate": [
              9,
              9,
              7,
              8,
              11,
              16,
              13,
              16,
              6,
              4
            ]
          },
          {
            "dow": "MON",
            "hh": "08",
            "mm": "30",
            "getOffCarRate": [
              9,
              10,
              7,
              8,
              10,
              16,
              13,
              17,
              6,
              4
            ]
          },
          {
            "dow": "MON",
            "hh": "08",
            "mm": "40",
            "getOffCarRate": [
              9,
              9,
              8,
              9,
              10,
              15,
              13,
              17,
              6,
              4
            ]
          },
          {
            "dow": "MON",
            "hh": "08",
            "mm": "50",
            "getOffCarRate": [
              8,
              9,
              8,
              8,
              10,
              16,
              13,
              16,
              6,
              5
            ]
          }
        ]
      },
      {
        "startStationCode": "211",
        "startStationName": "성수역",
        "endStationCode": "211",
        "endStationName": "성수역",
        "prevStationCode": "231",
        "prevStationName": "신대방역",
        "updnLine": 0,
        "directAt": 0,
        "data": [
          {
            "dow": "MON",
            "hh": "08",
            "mm": "00",
            "getOffCarRate": [
              8,
              8,
              19,
              9,
              18,
              12,
              6,
              4,
              8,
              7
            ]
          },
          {
            "dow": "MON",
            "hh": "08",
            "mm": "10",
            "getOffCarRate": [
              8,
              9,
              20,
              9,
              18,
              13,
              6,
              3,
              9,
              7
            ]
          },
          {
            "dow": "MON",
            "hh": "08",
            "mm": "20",
            "getOffCarRate": [
              8,
              8,
              17,
              11,
              17,
              13,
              7,
              4,
              9,
              7
            ]
          },
          {
            "dow": "MON",
            "hh": "08",
            "mm": "30",
            "getOffCarRate": [
              8,
              7,
              15,
              11,
              18,
              13,
              8,
              4,
              9,
              7
            ]
          },
          {
            "dow": "MON",
            "hh": "08",
            "mm": "40",
            "getOffCarRate": [
              7,
              9,
              16,
              13,
              15,
              10,
              8,
              4,
              10,
              8
            ]
          },
          {
            "dow": "MON",
            "hh": "08",
            "mm": "50",
            "getOffCarRate": [
              7,
              10,
              15,
              14,
              16,
              11,
              8,
              4,
              8,
              6
            ]
          }
        ]
      },
      {
        "startStationCode": "211",
        "startStationName": "성수역",
        "endStationCode": "211",
        "endStationName": "성수역",
        "prevStationCode": "229",
        "prevStationName": "봉천역",
        "updnLine": 1,
        "directAt": 0,
        "data": [
          {
            "dow": "MON",
            "hh": "08",
            "mm": "00",
            "getOffCarRate": [
              9,
              9,
              7,
              9,
              12,
              16,
              12,
              17,
              6,
              3
            ]
          },
          {
            "dow": "MON",
            "hh": "08",
            "mm": "10",
            "getOffCarRate": [
              9,
              10,
              7,
              9,
              11,
              16,
              13,
              16,
              6,
              3
            ]
          },
          {
            "dow": "MON",
            "hh": "08",
            "mm": "20",
            "getOffCarRate": [
              9,
              10,
              7,
              8,
              11,
              17,
              13,
              16,
              6,
              3
            ]
          },
          {
            "dow": "MON",
            "hh": "08",
            "mm": "30",
            "getOffCarRate": [
              9,
              10,
              7,
              8,
              11,
              16,
              13,
              16,
              6,
              4
            ]
          },
          {
            "dow": "MON",
            "hh": "08",
            "mm": "40",
            "getOffCarRate": [
              10,
              10,
              7,
              9,
              9,
              14,
              13,
              17,
              7,
              4
            ]
          },
          {
            "dow": "MON",
            "hh": "08",
            "mm": "50",
            "getOffCarRate": [
              8,
              9,
              8,
              9,
              10,
              15,
              14,
              16,
              7,
              5
            ]
          }
        ]
      },
      {
        "startStationCode": "211",
        "startStationName": "성수역",
        "endStationCode": "211-R",
        "endStationName": "성수역",
        "prevStationCode": "231",
        "prevStationName": "신대방역",
        "updnLine": 0,
        "directAt": 0,
        "data": [
          {
            "dow": "MON",
            "hh": "08",
            "mm": "00",
            "getOffCarRate": [
              8,
              8,
              21,
              9,
              19,
              12,
              5,
              3,
              7,
              7
            ]
          },
          {
            "dow": "MON",
            "hh": "08",
            "mm": "10",
            "getOffCarRate": [
              7,
              8,
              20,
              10,
              19,
              12,
              7,
              4,
              8,
              6
            ]
          },
          {
            "dow": "MON",
            "hh": "08",
            "mm": "20",
            "getOffCarRate": [
              7,
              8,
              17,
              12,
              18,
              12,
              8,
              4,
              8,
              6
            ]
          },
          {
            "dow": "MON",
            "hh": "08",
            "mm": "30",
            "getOffCarRate": [
              7,
              7,
              14,
              13,
              19,
              12,
              9,
              5,
              9,
              7
            ]
          },
          {
            "dow": "MON",
            "hh": "08",
            "mm": "40",
            "getOffCarRate": [
              6,
              9,
              14,
              13,
              18,
              10,
              9,
              6,
              9,
              6
            ]
          },
          {
            "dow": "MON",
            "hh": "08",
            "mm": "50",
            "getOffCarRate": [
              6,
              9,
              15,
              13,
              16,
              10,
              10,
              6,
              9,
              6
            ]
          }
        ]
      },
      {
        "startStationCode": "211",
        "startStationName": "성수역",
        "endStationCode": "211-R",
        "endStationName": "성수역",
        "prevStationCode": "229",
        "prevStationName": "봉천역",
        "updnLine": 1,
        "directAt": 0,
        "data": [
          {
            "dow": "MON",
            "hh": "08",
            "mm": "00",
            "getOffCarRate": [
              9,
              9,
              7,
              9,
              12,
              16,
              12,
              17,
              6,
              3
            ]
          },
          {
            "dow": "MON",
            "hh": "08",
            "mm": "10",
            "getOffCarRate": [
              9,
              10,
              7,
              9,
              11,
              16,
              13,
              16,
              6,
              3
            ]
          },
          {
            "dow": "MON",
            "hh": "08",
            "mm": "20",
            "getOffCarRate": [
              9,
              9,
              7,
              8,
              11,
              17,
              13,
              16,
              6,
              3
            ]
          },
          {
            "dow": "MON",
            "hh": "08",
            "mm": "30",
            "getOffCarRate": [
              9,
              10,
              7,
              8,
              10,
              16,
              13,
              16,
              6,
              4
            ]
          },
          {
            "dow": "MON",
            "hh": "08",
            "mm": "40",
            "getOffCarRate": [
              10,
              10,
              8,
              8,
              9,
              15,
              13,
              17,
              6,
              4
            ]
          },
          {
            "dow": "MON",
            "hh": "08",
            "mm": "50",
            "getOffCarRate": [
              8,
              9,
              8,
              8,
              10,
              16,
              13,
              16,
              6,
              5
            ]
          }
        ]
      },
      {
        "startStationCode": "211",
        "startStationName": "성수역",
        "endStationCode": "219",
        "endStationName": "삼성역",
        "prevStationCode": "231",
        "prevStationName": "신대방역",
        "updnLine": 0,
        "directAt": 0,
        "data": [
          {
            "dow": "MON",
            "hh": "08",
            "mm": "00",
            "getOffCarRate": [
              8,
              8,
              19,
              10,
              18,
              13,
              6,
              4,
              8,
              7
            ]
          },
          {
            "dow": "MON",
            "hh": "08",
            "mm": "10",
            "getOffCarRate": [
              7,
              8,
              18,
              11,
              17,
              12,
              7,
              5,
              9,
              7
            ]
          },
          {
            "dow": "MON",
            "hh": "08",
            "mm": "20",
            "getOffCarRate": [
              7,
              8,
              16,
              12,
              17,
              13,
              8,
              4,
              9,
              7
            ]
          },
          {
            "dow": "MON",
            "hh": "08",
            "mm": "30",
            "getOffCarRate": [
              7,
              7,
              14,
              13,
              18,
              12,
              8,
              5,
              9,
              7
            ]
          },
          {
            "dow": "MON",
            "hh": "08",
            "mm": "40",
            "getOffCarRate": [
              6,
              9,
              15,
              13,
              16,
              10,
              9,
              5,
              9,
              7
            ]
          },
          {
            "dow": "MON",
            "hh": "08",
            "mm": "50",
            "getOffCarRate": [
              6,
              10,
              15,
              13,
              16,
              11,
              9,
              5,
              9,
              6
            ]
          }
        ]
      },
      {
        "startStationCode": "211",
        "startStationName": "성수역",
        "endStationCode": "228",
        "endStationName": "서울대입구역",
        "prevStationCode": "231",
        "prevStationName": "신대방역",
        "updnLine": 0,
        "directAt": 0,
        "data": [
          {
            "dow": "MON",
            "hh": "08",
            "mm": "00",
            "getOffCarRate": [
              8,
              8,
              19,
              10,
              18,
              13,
              6,
              4,
              8,
              7
            ]
          },
          {
            "dow": "MON",
            "hh": "08",
            "mm": "10",
            "getOffCarRate": [
              7,
              8,
              18,
              11,
              17,
              12,
              7,
              5,
              9,
              7
            ]
          },
          {
            "dow": "MON",
            "hh": "08",
            "mm": "20",
            "getOffCarRate": [
              7,
              8,
              16,
              12,
              17,
              13,
              8,
              4,
              9,
              7
            ]
          },
          {
            "dow": "MON",
            "hh": "08",
            "mm": "30",
            "getOffCarRate": [
              7,
              7,
              14,
              13,
              18,
              12,
              8,
              5,
              9,
              7
            ]
          },
          {
            "dow": "MON",
            "hh": "08",
            "mm": "40",
            "getOffCarRate": [
              6,
              9,
              15,
              13,
              16,
              10,
              9,
              5,
              9,
              7
            ]
          },
          {
            "dow": "MON",
            "hh": "08",
            "mm": "50",
            "getOffCarRate": [
              6,
              10,
              15,
              13,
              16,
              11,
              9,
              5,
              9,
              6
            ]
          }
        ]
      },
      {
        "startStationCode": "211",
        "startStationName": "성수역",
        "endStationCode": "234",
        "endStationName": "신도림역",
        "prevStationCode": "229",
        "prevStationName": "봉천역",
        "updnLine": 1,
        "directAt": 0,
        "data": [
          {
            "dow": "MON",
            "hh": "08",
            "mm": "00",
            "getOffCarRate": [
              9,
              9,
              7,
              9,
              12,
              16,
              12,
              17,
              6,
              3
            ]
          },
          {
            "dow": "MON",
            "hh": "08",
            "mm": "10",
            "getOffCarRate": [
              9,
              10,
              7,
              9,
              11,
              16,
              13,
              16,
              6,
              3
            ]
          },
          {
            "dow": "MON",
            "hh": "08",
            "mm": "20",
            "getOffCarRate": [
              9,
              9,
              7,
              8,
              11,
              16,
              13,
              16,
              6,
              4
            ]
          },
          {
            "dow": "MON",
            "hh": "08",
            "mm": "30",
            "getOffCarRate": [
              9,
              10,
              7,
              8,
              10,
              16,
              13,
              17,
              6,
              4
            ]
          },
          {
            "dow": "MON",
            "hh": "08",
            "mm": "40",
            "getOffCarRate": [
              9,
              9,
              8,
              9,
              10,
              15,
              13,
              17,
              6,
              4
            ]
          },
          {
            "dow": "MON",
            "hh": "08",
            "mm": "50",
            "getOffCarRate": [
              8,
              9,
              8,
              8,
              10,
              16,
              13,
              16,
              6,
              5
            ]
          }
        ]
      },
      {
        "startStationCode": "211",
        "startStationName": "성수역",
        "endStationCode": "239",
        "endStationName": "홍대입구역",
        "prevStationCode": "229",
        "prevStationName": "봉천역",
        "updnLine": 1,
        "directAt": 0,
        "data": [
          {
            "dow": "MON",
            "hh": "08",
            "mm": "00",
            "getOffCarRate": [
              9,
              9,
              7,
              9,
              12,
              16,
              12,
              17,
              6,
              3
            ]
          },
          {
            "dow": "MON",
            "hh": "08",
            "mm": "10",
            "getOffCarRate": [
              9,
              10,
              7,
              9,
              11,
              16,
              13,
              16,
              6,
              3
            ]
          },
          {
            "dow": "MON",
            "hh": "08",
            "mm": "20",
            "getOffCarRate": [
              9,
              9,
              7,
              8,
              11,
              16,
              13,
              16,
              6,
              4
            ]
          },
          {
            "dow": "MON",
            "hh": "08",
            "mm": "30",
            "getOffCarRate": [
              9,
              10,
              7,
              8,
              10,
              16,
              13,
              17,
              6,
              4
            ]
          },
          {
            "dow": "MON",
            "hh": "08",
            "mm": "40",
            "getOffCarRate": [
              9,
              9,
              8,
              9,
              10,
              15,
              13,
              17,
              6,
              4
            ]
          },
          {
            "dow": "MON",
            "hh": "08",
            "mm": "50",
            "getOffCarRate": [
              8,
              9,
              8,
              8,
              10,
              16,
              13,
              16,
              6,
              5
            ]
          }
        ]
      },
      {
        "startStationCode": "219",
        "startStationName": "삼성역",
        "endStationCode": "211-R",
        "endStationName": "성수역",
        "prevStationCode": "229",
        "prevStationName": "봉천역",
        "updnLine": 1,
        "directAt": 0,
        "data": [
          {
            "dow": "MON",
            "hh": "08",
            "mm": "00",
            "getOffCarRate": [
              9,
              9,
              7,
              9,
              12,
              16,
              12,
              17,
              6,
              3
            ]
          },
          {
            "dow": "MON",
            "hh": "08",
            "mm": "10",
            "getOffCarRate": [
              9,
              10,
              7,
              9,
              11,
              16,
              13,
              16,
              6,
              3
            ]
          },
          {
            "dow": "MON",
            "hh": "08",
            "mm": "20",
            "getOffCarRate": [
              9,
              9,
              7,
              8,
              11,
              16,
              13,
              16,
              6,
              4
            ]
          },
          {
            "dow": "MON",
            "hh": "08",
            "mm": "30",
            "getOffCarRate": [
              9,
              10,
              7,
              8,
              10,
              16,
              13,
              17,
              6,
              4
            ]
          },
          {
            "dow": "MON",
            "hh": "08",
            "mm": "40",
            "getOffCarRate": [
              9,
              9,
              8,
              9,
              10,
              15,
              13,
              17,
              6,
              4
            ]
          },
          {
            "dow": "MON",
            "hh": "08",
            "mm": "50",
            "getOffCarRate": [
              8,
              9,
              8,
              8,
              10,
              16,
              13,
              16,
              6,
              5
            ]
          }
        ]
      },
      {
        "startStationCode": "228",
        "startStationName": "서울대입구역",
        "endStationCode": "211",
        "endStationName": "성수역",
        "prevStationCode": "229",
        "prevStationName": "봉천역",
        "updnLine": 1,
        "directAt": 0,
        "data": [
          {
            "dow": "MON",
            "hh": "08",
            "mm": "00",
            "getOffCarRate": [
              9,
              9,
              7,
              9,
              12,
              16,
              12,
              17,
              6,
              3
            ]
          },
          {
            "dow": "MON",
            "hh": "08",
            "mm": "10",
            "getOffCarRate": [
              9,
              10,
              7,
              9,
              11,
              16,
              13,
              16,
              6,
              3
            ]
          },
          {
            "dow": "MON",
            "hh": "08",
            "mm": "20",
            "getOffCarRate": [
              9,
              9,
              7,
              8,
              11,
              16,
              13,
              16,
              6,
              4
            ]
          },
          {
            "dow": "MON",
            "hh": "08",
            "mm": "30",
            "getOffCarRate": [
              9,
              10,
              7,
              8,
              10,
              16,
              13,
              17,
              6,
              4
            ]
          },
          {
            "dow": "MON",
            "hh": "08",
            "mm": "40",
            "getOffCarRate": [
              9,
              9,
              8,
              9,
              10,
              15,
              13,
              17,
              6,
              4
            ]
          },
          {
            "dow": "MON",
            "hh": "08",
            "mm": "50",
            "getOffCarRate": [
              8,
              9,
              8,
              8,
              10,
              16,
              13,
              16,
              6,
              5
            ]
          }
        ]
      },
      {
        "startStationCode": "228",
        "startStationName": "서울대입구역",
        "endStationCode": "211-R",
        "endStationName": "성수역",
        "prevStationCode": "229",
        "prevStationName": "봉천역",
        "updnLine": 1,
        "directAt": 0,
        "data": [
          {
            "dow": "MON",
            "hh": "08",
            "mm": "00",
            "getOffCarRate": [
              9,
              9,
              7,
              9,
              12,
              16,
              12,
              17,
              6,
              3
            ]
          },
          {
            "dow": "MON",
            "hh": "08",
            "mm": "10",
            "getOffCarRate": [
              9,
              10,
              7,
              9,
              11,
              16,
              13,
              16,
              6,
              3
            ]
          },
          {
            "dow": "MON",
            "hh": "08",
            "mm": "20",
            "getOffCarRate": [
              9,
              9,
              7,
              8,
              11,
              16,
              13,
              16,
              6,
              4
            ]
          },
          {
            "dow": "MON",
            "hh": "08",
            "mm": "30",
            "getOffCarRate": [
              9,
              10,
              7,
              8,
              10,
              16,
              13,
              17,
              6,
              4
            ]
          },
          {
            "dow": "MON",
            "hh": "08",
            "mm": "40",
            "getOffCarRate": [
              9,
              9,
              8,
              9,
              10,
              15,
              13,
              17,
              6,
              4
            ]
          },
          {
            "dow": "MON",
            "hh": "08",
            "mm": "50",
            "getOffCarRate": [
              8,
              9,
              8,
              8,
              10,
              16,
              13,
              16,
              6,
              5
            ]
          }
        ]
      },
      {
        "startStationCode": "234",
        "startStationName": "신도림역",
        "endStationCode": "211",
        "endStationName": "성수역",
        "prevStationCode": "231",
        "prevStationName": "신대방역",
        "updnLine": 0,
        "directAt": 0,
        "data": [
          {
            "dow": "MON",
            "hh": "08",
            "mm": "00",
            "getOffCarRate": [
              8,
              8,
              19,
              10,
              18,
              13,
              6,
              4,
              8,
              7
            ]
          },
          {
            "dow": "MON",
            "hh": "08",
            "mm": "10",
            "getOffCarRate": [
              7,
              8,
              18,
              11,
              17,
              12,
              7,
              5,
              9,
              7
            ]
          },
          {
            "dow": "MON",
            "hh": "08",
            "mm": "20",
            "getOffCarRate": [
              7,
              8,
              16,
              12,
              17,
              13,
              8,
              4,
              9,
              7
            ]
          },
          {
            "dow": "MON",
            "hh": "08",
            "mm": "30",
            "getOffCarRate": [
              7,
              7,
              14,
              13,
              18,
              12,
              8,
              5,
              9,
              7
            ]
          },
          {
            "dow": "MON",
            "hh": "08",
            "mm": "40",
            "getOffCarRate": [
              6,
              9,
              15,
              13,
              16,
              10,
              9,
              5,
              9,
              7
            ]
          },
          {
            "dow": "MON",
            "hh": "08",
            "mm": "50",
            "getOffCarRate": [
              6,
              10,
              15,
              13,
              16,
              11,
              9,
              5,
              9,
              6
            ]
          }
        ]
      },
      {
        "startStationCode": "234",
        "startStationName": "신도림역",
        "endStationCode": "211-R",
        "endStationName": "성수역",
        "prevStationCode": "231",
        "prevStationName": "신대방역",
        "updnLine": 0,
        "directAt": 0,
        "data": [
          {
            "dow": "MON",
            "hh": "08",
            "mm": "00",
            "getOffCarRate": [
              8,
              8,
              10,
              12,
              18,
              16,
              8,
              6,
              8,
              7
            ]
          },
          {
            "dow": "MON",
            "hh": "08",
            "mm": "10",
            "getOffCarRate": [
              8,
              9,
              10,
              12,
              16,
              15,
              8,
              6,
              9,
              7
            ]
          },
          {
            "dow": "MON",
            "hh": "08",
            "mm": "20",
            "getOffCarRate": [
              8,
              8,
              12,
              14,
              17,
              13,
              9,
              5,
              8,
              6
            ]
          },
          {
            "dow": "MON",
            "hh": "08",
            "mm": "30",
            "getOffCarRate": [
              7,
              8,
              12,
              14,
              17,
              11,
              9,
              5,
              8,
              7
            ]
          },
          {
            "dow": "MON",
            "hh": "08",
            "mm": "40",
            "getOffCarRate": [
              7,
              10,
              14,
              13,
              17,
              11,
              9,
              5,
              8,
              7
            ]
          },
          {
            "dow": "MON",
            "hh": "08",
            "mm": "50",
            "getOffCarRate": [
              7,
              10,
              15,
              13,
              15,
              11,
              9,
              5,
              8,
              7
            ]
          }
        ]
      },
      {
        "startStationCode": "239",
        "startStationName": "홍대입구역",
        "endStationCode": "211",
        "endStationName": "성수역",
        "prevStationCode": "231",
        "prevStationName": "신대방역",
        "updnLine": 0,
        "directAt": 0,
        "data": [
          {
            "dow": "MON",
            "hh": "08",
            "mm": "00",
            "getOffCarRate": [
              8,
              8,
              19,
              10,
              18,
              13,
              6,
              4,
              8,
              7
            ]
          },
          {
            "dow": "MON",
            "hh": "08",
            "mm": "10",
            "getOffCarRate": [
              7,
              8,
              18,
              11,
              17,
              12,
              7,
              5,
              9,
              7
            ]
          },
          {
            "dow": "MON",
            "hh": "08",
            "mm": "20",
            "getOffCarRate": [
              7,
              8,
              16,
              12,
              17,
              13,
              8,
              4,
              9,
              7
            ]
          },
          {
            "dow": "MON",
            "hh": "08",
            "mm": "30",
            "getOffCarRate": [
              7,
              7,
              14,
              13,
              18,
              12,
              8,
              5,
              9,
              7
            ]
          },
          {
            "dow": "MON",
            "hh": "08",
            "mm": "40",
            "getOffCarRate": [
              6,
              9,
              15,
              13,
              16,
              10,
              9,
              5,
              9,
              7
            ]
          },
          {
            "dow": "MON",
            "hh": "08",
            "mm": "50",
            "getOffCarRate": [
              6,
              10,
              15,
              13,
              16,
              11,
              9,
              5,
              9,
              6
            ]
          }
        ]
      },
      {
        "startStationCode": "239",
        "startStationName": "홍대입구역",
        "endStationCode": "211-R",
        "endStationName": "성수역",
        "prevStationCode": "231",
        "prevStationName": "신대방역",
        "updnLine": 0,
        "directAt": 0,
        "data": [
          {
            "dow": "MON",
            "hh": "08",
            "mm": "00",
            "getOffCarRate": [
              8,
              8,
              19,
              10,
              18,
              13,
              6,
              4,
              8,
              7
            ]
          },
          {
            "dow": "MON",
            "hh": "08",
            "mm": "10",
            "getOffCarRate": [
              7,
              8,
              18,
              11,
              17,
              12,
              7,
              5,
              9,
              7
            ]
          },
          {
            "dow": "MON",
            "hh": "08",
            "mm": "20",
            "getOffCarRate": [
              7,
              8,
              16,
              12,
              17,
              13,
              8,
              4,
              9,
              7
            ]
          },
          {
            "dow": "MON",
            "hh": "08",
            "mm": "30",
            "getOffCarRate": [
              7,
              7,
              14,
              13,
              18,
              12,
              8,
              5,
              9,
              7
            ]
          },
          {
            "dow": "MON",
            "hh": "08",
            "mm": "40",
            "getOffCarRate": [
              6,
              9,
              15,
              13,
              16,
              10,
              9,
              5,
              9,
              7
            ]
          },
          {
            "dow": "MON",
            "hh": "08",
            "mm": "50",
            "getOffCarRate": [
              6,
              10,
              15,
              13,
              16,
              11,
              9,
              5,
              9,
              6
            ]
          }
        ]
      }
    ],
    "statStartDate": "20230924",
    "statEndDate": "20231223"
  }
}