{
  "status": {
    "code": "00",
    "message": "success",
    "totalCount": 1
  },
  "contents": {
    "subwayLine": "2호선",
    "stationName": "잠실새내역",
    "stationCode": "217",
    "stat": [
      {
        "startStationCode": "202",
        "startStationName": "을지로입구역",
        "endStationCode": "211",
        "endStationName": "성수역",
        "prevStationCode": "218",
        "prevStationName": "종합운동장역",
        "updnLine": 0,
        "directAt": 0,
        "data": [
          {
            "dow": "MON",
            "hh": "08",
            "mm": "00",
            "getOffCarRate": [
              7,
              6,
              12,
              6,
              12,
              19,
              15,
              15,
              6,
              3
            ]
          },
          {
            "dow": "MON",
            "hh": "08",
            "mm": "10",
            "getOffCarRate": [
              7,
              6,
              13,
              6,
              11,
              21,
              13,
              16,
              6,
              2
            ]
          },
          {
            "dow": "MON",
            "hh": "08",
            "mm": "20",
            "getOffCarRate": [
              4,
              6,
              14,
              6,
              11,
              19,
              14,
              17,
              7,
              2
            ]
          },
          {
            "dow": "MON",
            "hh": "08",
            "mm": "30",
            "getOffCarRate": [
              3,
              5,
              12,
              5,
              12,
              17,
              17,
              19,
              7,
              3
            ]
          },
          {
            "dow": "MON",
            "hh": "08",
            "mm": "40",
            "getOffCarRate": [
              3,
              5,
              13,
              6,
              11,
              16,
              17,
              20,
              7,
              4
            ]
          },
          {
            "dow": "MON",
            "hh": "08",
            "mm": "50",
            "getOffCarRate": [
              3,
              5,
              12,
              7,
              12,
              17,
              16,
              18,
              7,
              4
            ]
          }
        ]
      },
      {
        "startStationCode": "202",
        "startStationName": "을지로입구역",
        "endStationCode": "211-R",
        "endStationName": "성수역",
        "prevStationCode": "218",
        "prevStationName": "종합운동장역",
        "updnLine": 0,
        "directAt": 0,
        "data": [
          {
            "dow": "MON",
            "hh": "08",
            "mm": "00",
            "getOffCarRate": [
              7,
              6,
              12,
              6,
              12,
              19,
              15,
              15,
              6,
              3
            ]
          },
          {
            "dow": "MON",
            "hh": "08",
            "mm": "10",
            "getOffCarRate": [
              7,
              6,
              13,
              6,
              11,
              21,
              13,
              16,
              6,
              2
            ]
          },
          {
            "dow": "MON",
            "hh": "08",
            "mm": "20",
            "getOffCarRate": [
              4,
              6,
              14,
              6,
              11,
              19,
              14,
              17,
              7,
              2
            ]
          },
          {
            "dow": "MON",
            "hh": "08",
            "mm": "30",
            "getOffCarRate": [
              3,
              5,
              12,
              5,
              12,
              17,
              17,
              19,
              7,
              3
            ]
          },
          {
            "dow": "MON",
            "hh": "08",
            "mm": "40",
            "getOffCarRate": [
              3,
              5,
              13,
              6,
              11,
              16,
              17,
              20,
              7,
              4
            ]
          },
          {
            "dow": "MON",
            "hh": "08",
            "mm": "50",
            "getOffCarRate": [
              3,
              5,
              12,
              7,
              12,
              17,
              16,
              18,
              7,
              4
            ]
          }
        ]
      },
      {
        "startStationCode": "211",
        "startStationName": "성수역",
        "endStationCode": "202",
        "endStationName": "을지로입구역",
        "prevStationCode": "216",
        "prevStationName": "잠실역",
        "updnLine": 1,
        "directAt": 0,
        "data": [
          {
            "dow": "MON",
            "hh": "08",
            "mm": "00",
            "getOffCarRate": [
              5,
              10,
              18,
              12,
              17,
              11,
              8,
              12,
              4,
              3
            ]
          },
          {
            "dow": "MON",
            "hh": "08",
            "mm": "10",
            "getOffCarRate": [
              7,
              10,
              17,
              11,
              18,
              10,
              8,
              11,
              3,
              4
            ]
          },
          {
            "dow": "MON",
            "hh": "08",
            "mm": "20",
            "getOffCarRate": [
              8,
              11,
              17,
              10,
              18,
              9,
              9,
              10,
              3,
              4
            ]
          },
          {
            "dow": "MON",
            "hh": "08",
            "mm": "30",
            "getOffCarRate": [
              8,
              12,
              17,
              10,
              18,
              10,
              9,
              9,
              3,
              4
            ]
          },
          {
            "dow": "MON",
            "hh": "08",
            "mm": "40",
            "getOffCarRate": [
              7,
              12,
              18,
              10,
              18,
              9,
              9,
              9,
              3,
              4
            ]
          },
          {
            "dow": "MON",
            "hh": "08",
            "mm": "50",
            "getOffCarRate": [
              8,
              11,
              17,
              11,
              19,
              10,
              8,
              9,
              4,
              4
            ]
          }
        ]
      },
      {
        "startStationCode": "211",
        "startStationName": "성수역",
        "endStationCode": "211",
        "endStationName": "성수역",
        "prevStationCode": "218",
        "prevStationName": "종합운동장역",
        "updnLine": 0,
        "directAt": 0,
        "data": [
          {
            "dow": "MON",
            "hh": "08",
            "mm": "00",
            "getOffCarRate": [
              7,
              6,
              12,
              6,
              12,
              19,
              15,
              15,
              6,
              3
            ]
          },
          {
            "dow": "MON",
            "hh": "08",
            "mm": "10",
            "getOffCarRate": [
              7,
              6,
              13,
              6,
              11,
              21,
              13,
              16,
              6,
              2
            ]
          },
          {
            "dow": "MON",
            "hh": "08",
            "mm": "20",
            "getOffCarRate": [
              4,
              6,
              14,
              6,
              11,
              19,
              14,
              17,
              7,
              2
            ]
          },
          {
            "dow": "MON",
            "hh": "08",
            "mm": "30",
            "getOffCarRate": [
              3,
              5,
              12,
              5,
              12,
              17,
              17,
              19,
              7,
              3
            ]
          },
          {
            "dow": "MON",
            "hh": "08",
            "mm": "40",
            "getOffCarRate": [
              3,
              5,
              13,
              6,
              11,
              16,
              17,
              20,
              7,
              4
            ]
          },
          {
            "dow": "MON",
            "hh": "08",
            "mm": "50",
            "getOffCarRate": [
              3,
              5,
              12,
              7,
              12,
              17,
              16,
              18,
              7,
              4
            ]
          }
        ]
      },
      {
        "startStationCode": "211",
        "startStationName": "성수역",
        "endStationCode": "211",
        "endStationName": "성수역",
        "prevStationCode": "216",
        "prevStationName": "잠실역",
        "updnLine": 1,
        "directAt": 0,
        "data": [
          {
            "dow": "MON",
            "hh": "08",
            "mm": "00",
            "getOffCarRate": [
              4,
              9,
              19,
              13,
              16,
              12,
              7,
              12,
              5,
              3
            ]
          },
          {
            "dow": "MON",
            "hh": "08",
            "mm": "10",
            "getOffCarRate": [
              5,
              9,
              17,
              13,
              18,
              10,
              8,
              12,
              5,
              4
            ]
          },
          {
            "dow": "MON",
            "hh": "08",
            "mm": "20",
            "getOffCarRate": [
              7,
              10,
              16,
              12,
              20,
              8,
              7,
              11,
              5,
              4
            ]
          },
          {
            "dow": "MON",
            "hh": "08",
            "mm": "30",
            "getOffCarRate": [
              7,
              11,
              17,
              11,
              20,
              10,
              8,
              8,
              5,
              4
            ]
          },
          {
            "dow": "MON",
            "hh": "08",
            "mm": "40",
            "getOffCarRate": [
              6,
              11,
              18,
              12,
              19,
              10,
              7,
              8,
              5,
              4
            ]
          },
          {
            "dow": "MON",
            "hh": "08",
            "mm": "50",
            "getOffCarRate": [
              7,
              10,
              17,
              11,
              21,
              9,
              7,
              10,
              5,
              4
            ]
          }
        ]
      },
      {
        "startStationCode": "211",
        "startStationName": "성수역",
        "endStationCode": "211-R",
        "endStationName": "성수역",
        "prevStationCode": "218",
        "prevStationName": "종합운동장역",
        "updnLine": 0,
        "directAt": 0,
        "data": [
          {
            "dow": "MON",
            "hh": "08",
            "mm": "00",
            "getOffCarRate": [
              6,
              5,
              11,
              6,
              12,
              20,
              16,
              16,
              5,
              3
            ]
          },
          {
            "dow": "MON",
            "hh": "08",
            "mm": "10",
            "getOffCarRate": [
              7,
              5,
              12,
              6,
              12,
              21,
              13,
              16,
              5,
              2
            ]
          },
          {
            "dow": "MON",
            "hh": "08",
            "mm": "20",
            "getOffCarRate": [
              4,
              5,
              13,
              6,
              11,
              20,
              14,
              17,
              6,
              2
            ]
          },
          {
            "dow": "MON",
            "hh": "08",
            "mm": "30",
            "getOffCarRate": [
              3,
              6,
              12,
              6,
              12,
              19,
              15,
              18,
              7,
              3
            ]
          },
          {
            "dow": "MON",
            "hh": "08",
            "mm": "40",
            "getOffCarRate": [
              3,
              5,
              13,
              6,
              10,
              18,
              15,
              19,
              7,
              3
            ]
          },
          {
            "dow": "MON",
            "hh": "08",
            "mm": "50",
            "getOffCarRate": [
              3,
              5,
              13,
              8,
              12,
              19,
              14,
              14,
              9,
              4
            ]
          }
        ]
      },
      {
        "startStationCode": "211",
        "startStationName": "성수역",
        "endStationCode": "211-R",
        "endStationName": "성수역",
        "prevStationCode": "216",
        "prevStationName": "잠실역",
        "updnLine": 1,
        "directAt": 0,
        "data": [
          {
            "dow": "MON",
            "hh": "08",
            "mm": "00",
            "getOffCarRate": [
              5,
              9,
              18,
              12,
              17,
              11,
              8,
              12,
              3,
              3
            ]
          },
          {
            "dow": "MON",
            "hh": "08",
            "mm": "10",
            "getOffCarRate": [
              7,
              10,
              17,
              11,
              19,
              10,
              9,
              11,
              3,
              4
            ]
          },
          {
            "dow": "MON",
            "hh": "08",
            "mm": "20",
            "getOffCarRate": [
              8,
              11,
              17,
              10,
              19,
              9,
              9,
              11,
              2,
              4
            ]
          },
          {
            "dow": "MON",
            "hh": "08",
            "mm": "30",
            "getOffCarRate": [
              8,
              12,
              17,
              10,
              19,
              10,
              9,
              10,
              3,
              4
            ]
          },
          {
            "dow": "MON",
            "hh": "08",
            "mm": "40",
            "getOffCarRate": [
              7,
              12,
              18,
              10,
              17,
              10,
              9,
              9,
              3,
              4
            ]
          },
          {
            "dow": "MON",
            "hh": "08",
            "mm": "50",
            "getOffCarRate": [
              7,
              11,
              17,
              11,
              19,
              10,
              8,
              8,
              4,
              4
            ]
          }
        ]
      },
      {
        "startStationCode": "211",
        "startStationName": "성수역",
        "endStationCode": "219",
        "endStationName": "삼성역",
        "prevStationCode": "216",
        "prevStationName": "잠실역",
        "updnLine": 1,
        "directAt": 0,
        "data": [
          {
            "dow": "MON",
            "hh": "08",
            "mm": "00",
            "getOffCarRate": [
              5,
              10,
              18,
              12,
              17,
              11,
              8,
              12,
              4,
              3
            ]
          },
          {
            "dow": "MON",
            "hh": "08",
            "mm": "10",
            "getOffCarRate": [
              7,
              10,
              17,
              11,
              18,
              10,
              8,
              11,
              3,
              4
            ]
          },
          {
            "dow": "MON",
            "hh": "08",
            "mm": "20",
            "getOffCarRate": [
              8,
              11,
              17,
              10,
              18,
              9,
              9,
              10,
              3,
              4
            ]
          },
          {
            "dow": "MON",
            "hh": "08",
            "mm": "30",
            "getOffCarRate": [
              8,
              12,
              17,
              10,
              18,
              10,
              9,
              9,
              3,
              4
            ]
          },
          {
            "dow": "MON",
            "hh": "08",
            "mm": "40",
            "getOffCarRate": [
              7,
              12,
              18,
              10,
              18,
              9,
              9,
              9,
              3,
              4
            ]
          },
          {
            "dow": "MON",
            "hh": "08",
            "mm": "50",
            "getOffCarRate": [
              8,
              11,
              17,
              11,
              19,
              10,
              8,
              9,
              4,
              4
            ]
          }
        ]
      },
      {
        "startStationCode": "211",
        "startStationName": "성수역",
        "endStationCode": "228",
        "endStationName": "서울대입구역",
        "prevStationCode": "216",
        "prevStationName": "잠실역",
        "updnLine": 1,
        "directAt": 0,
        "data": [
          {
            "dow": "MON",
            "hh": "08",
            "mm": "00",
            "getOffCarRate": [
              5,
              10,
              18,
              12,
              17,
              11,
              8,
              12,
              4,
              3
            ]
          },
          {
            "dow": "MON",
            "hh": "08",
            "mm": "10",
            "getOffCarRate": [
              7,
              10,
              17,
              11,
              18,
              10,
              8,
              11,
              3,
              4
            ]
          },
          {
            "dow": "MON",
            "hh": "08",
            "mm": "20",
            "getOffCarRate": [
              8,
              11,
              17,
              10,
              18,
              9,
              9,
              10,
              3,
              4
            ]
          },
          {
            "dow": "MON",
            "hh": "08",
            "mm": "30",
            "getOffCarRate": [
              8,
              12,
              17,
              10,
              18,
              10,
              9,
              9,
              3,
              4
            ]
          },
          {
            "dow": "MON",
            "hh": "08",
            "mm": "40",
            "getOffCarRate": [
              7,
              12,
              18,
              10,
              18,
              9,
              9,
              9,
              3,
              4
            ]
          },
          {
            "dow": "MON",
            "hh": "08",
            "mm": "50",
            "getOffCarRate": [
              8,
              11,
              17,
              11,
              19,
              10,
              8,
              9,
              4,
              4
            ]
          }
        ]
      },
      {
        "startStationCode": "211",
        "startStationName": "성수역",
        "endStationCode": "234",
        "endStationName": "신도림역",
        "prevStationCode": "216",
        "prevStationName": "잠실역",
        "updnLine": 1,
        "directAt": 0,
        "data": [
          {
            "dow": "MON",
            "hh": "08",
            "mm": "00",
            "getOffCarRate": [
              5,
              10,
              18,
              12,
              17,
              11,
              8,
              12,
              4,
              3
            ]
          },
          {
            "dow": "MON",
            "hh": "08",
            "mm": "10",
            "getOffCarRate": [
              7,
              10,
              17,
              11,
              18,
              10,
              8,
              11,
              3,
              4
            ]
          },
          {
            "dow": "MON",
            "hh": "08",
            "mm": "20",
            "getOffCarRate": [
              8,
              11,
              17,
              10,
              18,
              9,
              9,
              10,
              3,
              4
            ]
          },
          {
            "dow": "MON",
            "hh": "08",
            "mm": "30",
            "getOffCarRate": [
              8,
              12,
              17,
              10,
              18,
              10,
              9,
              9,
              3,
              4
            ]
          },
          {
            "dow": "MON",
            "hh": "08",
            "mm": "40",
            "getOffCarRate": [
              7,
              12,
              18,
              10,
              18,
              9,
              9,
              9,
              3,
              4
            ]
          },
          {
            "dow": "MON",
            "hh": "08",
            "mm": "50",
            "getOffCarRate": [
              8,
              11,
              17,
              11,
              19,
              10,
              8,
              9,
              4,
              4
            ]
          }
        ]
      },
      {
        "startStationCode": "211",
        "startStationName": "성수역",
        "endStationCode": "239",
        "endStationName": "홍대입구역",
        "prevStationCode": "216",
        "prevStationName": "잠실역",
        "updnLine": 1,
        "directAt": 0,
        "data": [
          {
            "dow": "MON",
            "hh": "08",
            "mm": "00",
            "getOffCarRate": [
              5,
              10,
              18,
              12,
              17,
              11,
              8,
              12,
              4,
              3
            ]
          },
          {
            "dow": "MON",
            "hh": "08",
            "mm": "10",
            "getOffCarRate": [
              7,
              10,
              17,
              11,
              18,
              10,
              8,
              11,
              3,
              4
            ]
          },
          {
            "dow": "MON",
            "hh": "08",
            "mm": "20",
            "getOffCarRate": [
              8,
              11,
              17,
              10,
              18,
              9,
              9,
              10,
              3,
              4
            ]
          },
          {
            "dow": "MON",
            "hh": "08",
            "mm": "30",
            "getOffCarRate": [
              8,
              12,
              17,
              10,
              18,
              10,
              9,
              9,
              3,
              4
            ]
          },
          {
            "dow": "MON",
            "hh": "08",
            "mm": "40",
            "getOffCarRate": [
              7,
              12,
              18,
              10,
              18,
              9,
              9,
              9,
              3,
              4
            ]
          },
          {
            "dow": "MON",
            "hh": "08",
            "mm": "50",
            "getOffCarRate": [
              8,
              11,
              17,
              11,
              19,
              10,
              8,
              9,
              4,
              4
            ]
          }
        ]
      },
      {
        "startStationCode": "219",
        "startStationName": "삼성역",
        "endStationCode": "211-R",
        "endStationName": "성수역",
        "prevStationCode": "218",
        "prevStationName": "종합운동장역",
        "updnLine": 0,
        "directAt": 0,
        "data": [
          {
            "dow": "MON",
            "hh": "08",
            "mm": "00",
            "getOffCarRate": [
              7,
              6,
              12,
              6,
              12,
              19,
              15,
              15,
              6,
              3
            ]
          },
          {
            "dow": "MON",
            "hh": "08",
            "mm": "10",
            "getOffCarRate": [
              7,
              6,
              13,
              6,
              11,
              21,
              13,
              16,
              6,
              2
            ]
          },
          {
            "dow": "MON",
            "hh": "08",
            "mm": "20",
            "getOffCarRate": [
              4,
              6,
              14,
              6,
              11,
              19,
              14,
              17,
              7,
              2
            ]
          },
          {
            "dow": "MON",
            "hh": "08",
            "mm": "30",
            "getOffCarRate": [
              3,
              5,
              12,
              5,
              12,
              17,
              17,
              19,
              7,
              3
            ]
          },
          {
            "dow": "MON",
            "hh": "08",
            "mm": "40",
            "getOffCarRate": [
              3,
              5,
              13,
              6,
              11,
              16,
              17,
              20,
              7,
              4
            ]
          },
          {
            "dow": "MON",
            "hh": "08",
            "mm": "50",
            "getOffCarRate": [
              3,
              5,
              12,
              7,
              12,
              17,
              16,
              18,
              7,
              4
            ]
          }
        ]
      },
      {
        "startStationCode": "228",
        "startStationName": "서울대입구역",
        "endStationCode": "211",
        "endStationName": "성수역",
        "prevStationCode": "218",
        "prevStationName": "종합운동장역",
        "updnLine": 0,
        "directAt": 0,
        "data": [
          {
            "dow": "MON",
            "hh": "08",
            "mm": "00",
            "getOffCarRate": [
              7,
              6,
              12,
              6,
              12,
              19,
              15,
              15,
              6,
              3
            ]
          },
          {
            "dow": "MON",
            "hh": "08",
            "mm": "10",
            "getOffCarRate": [
              7,
              6,
              13,
              6,
              11,
              21,
              13,
              16,
              6,
              2
            ]
          },
          {
            "dow": "MON",
            "hh": "08",
            "mm": "20",
            "getOffCarRate": [
              4,
              6,
              14,
              6,
              11,
              19,
              14,
              17,
              7,
              2
            ]
          },
          {
            "dow": "MON",
            "hh": "08",
            "mm": "30",
            "getOffCarRate": [
              3,
              5,
              12,
              5,
              12,
              17,
              17,
              19,
              7,
              3
            ]
          },
          {
            "dow": "MON",
            "hh": "08",
            "mm": "40",
            "getOffCarRate": [
              3,
              5,
              13,
              6,
              11,
              16,
              17,
              20,
              7,
              4
            ]
          },
          {
            "dow": "MON",
            "hh": "08",
            "mm": "50",
            "getOffCarRate": [
              3,
              5,
              12,
              7,
              12,
              17,
              16,
              18,
              7,
              4
            ]
          }
        ]
      },
      {
        "startStationCode": "228",
        "startStationName": "서울대입구역",
        "endStationCode": "211-R",
        "endStationName": "성수역",
        "prevStationCode": "218",
        "prevStationName": "종합운동장역",
        "updnLine": 0,
        "directAt": 0,
        "data": [
          {
            "dow": "MON",
            "hh": "08",
            "mm": "00",
            "getOffCarRate": [
              7,
              6,
              12,
              6,
              12,
              19,
              15,
              15,
              6,
              3
            ]
          },
          {
            "dow": "MON",
            "hh": "08",
            "mm": "10",
            "getOffCarRate": [
              7,
              6,
              13,
              6,
              11,
              21,
              13,
              16,
              6,
              2
            ]
          },
          {
            "dow": "MON",
            "hh": "08",
            "mm": "20",
            "getOffCarRate": [
              4,
              6,
              14,
              6,
              11,
              19,
              14,
              17,
              7,
              2
            ]
          },
          {
            "dow": "MON",
            "hh": "08",
            "mm": "30",
            "getOffCarRate": [
              3,
              5,
              12,
              5,
              12,
              17,
              17,
              19,
              7,
              3
            ]
          },
          {
            "dow": "MON",
            "hh": "08",
            "mm": "40",
            "getOffCarRate": [
              3,
              5,
              13,
              6,
              11,
              16,
              17,
              20,
              7,
              4
            ]
          },
          {
            "dow": "MON",
            "hh": "08",
            "mm": "50",
            "getOffCarRate": [
              3,
              5,
              12,
              7,
              12,
              17,
              16,
              18,
              7,
              4
            ]
          }
        ]
      },
      {
        "startStationCode": "234",
        "startStationName": "신도림역",
        "endStationCode": "211",
        "endStationName": "성수역",
        "prevStationCode": "218",
        "prevStationName": "종합운동장역",
        "updnLine": 0,
        "directAt": 0,
        "data": [
          {
            "dow": "MON",
            "hh": "08",
            "mm": "00",
            "getOffCarRate": [
              7,
              6,
              12,
              6,
              12,
              19,
              15,
              15,
              6,
              3
            ]
          },
          {
            "dow": "MON",
            "hh": "08",
            "mm": "10",
            "getOffCarRate": [
              7,
              6,
              13,
              6,
              11,
              21,
              13,
              16,
              6,
              2
            ]
          },
          {
            "dow": "MON",
            "hh": "08",
            "mm": "20",
            "getOffCarRate": [
              4,
              6,
              14,
              6,
              11,
              19,
              14,
              17,
              7,
              2
            ]
          },
          {
            "dow": "MON",
            "hh": "08",
            "mm": "30",
            "getOffCarRate": [
              3,
              5,
              12,
              5,
              12,
              17,
              17,
              19,
              7,
              3
            ]
          },
          {
            "dow": "MON",
            "hh": "08",
            "mm": "40",
            "getOffCarRate": [
              3,
              5,
              13,
              6,
              11,
              16,
              17,
              20,
              7,
              4
            ]
          },
          {
            "dow": "MON",
            "hh": "08",
            "mm": "50",
            "getOffCarRate": [
              3,
              5,
              12,
              7,
              12,
              17,
              16,
              18,
              7,
              4
            ]
          }
        ]
      },
      {
        "startStationCode": "234",
        "startStationName": "신도림역",
        "endStationCode": "211-R",
        "endStationName": "성수역",
        "prevStationCode": "218",
        "prevStationName": "종합운동장역",
        "updnLine": 0,
        "directAt": 0,
        "data": [
          {
            "dow": "MON",
            "hh": "08",
            "mm": "00",
            "getOffCarRate": [
              8,
              5,
              14,
              6,
              11,
              21,
              13,
              14,
              6,
              3
            ]
          },
          {
            "dow": "MON",
            "hh": "08",
            "mm": "10",
            "getOffCarRate": [
              8,
              5,
              14,
              7,
              10,
              21,
              13,
              14,
              6,
              3
            ]
          },
          {
            "dow": "MON",
            "hh": "08",
            "mm": "20",
            "getOffCarRate": [
              5,
              5,
              15,
              6,
              10,
              20,
              12,
              16,
              7,
              3
            ]
          },
          {
            "dow": "MON",
            "hh": "08",
            "mm": "30",
            "getOffCarRate": [
              4,
              4,
              12,
              5,
              10,
              17,
              17,
              20,
              7,
              3
            ]
          },
          {
            "dow": "MON",
            "hh": "08",
            "mm": "40",
            "getOffCarRate": [
              4,
              4,
              11,
              6,
              11,
              16,
              17,
              22,
              6,
              4
            ]
          },
          {
            "dow": "MON",
            "hh": "08",
            "mm": "50",
            "getOffCarRate": [
              4,
              4,
              11,
              7,
              12,
              17,
              15,
              19,
              7,
              4
            ]
          }
        ]
      },
      {
        "startStationCode": "239",
        "startStationName": "홍대입구역",
        "endStationCode": "211",
        "endStationName": "성수역",
        "prevStationCode": "218",
        "prevStationName": "종합운동장역",
        "updnLine": 0,
        "directAt": 0,
        "data": [
          {
            "dow": "MON",
            "hh": "08",
            "mm": "00",
            "getOffCarRate": [
              7,
              6,
              12,
              6,
              12,
              19,
              15,
              15,
              6,
              3
            ]
          },
          {
            "dow": "MON",
            "hh": "08",
            "mm": "10",
            "getOffCarRate": [
              7,
              6,
              13,
              6,
              11,
              21,
              13,
              16,
              6,
              2
            ]
          },
          {
            "dow": "MON",
            "hh": "08",
            "mm": "20",
            "getOffCarRate": [
              4,
              6,
              14,
              6,
              11,
              19,
              14,
              17,
              7,
              2
            ]
          },
          {
            "dow": "MON",
            "hh": "08",
            "mm": "30",
            "getOffCarRate": [
              3,
              5,
              12,
              5,
              12,
              17,
              17,
              19,
              7,
              3
            ]
          },
          {
            "dow": "MON",
            "hh": "08",
            "mm": "40",
            "getOffCarRate": [
              3,
              5,
              13,
              6,
              11,
              16,
              17,
              20,
              7,
              4
            ]
          },
          {
            "dow": "MON",
            "hh": "08",
            "mm": "50",
            "getOffCarRate": [
              3,
              5,
              12,
              7,
              12,
              17,
              16,
              18,
              7,
              4
            ]
          }
        ]
      },
      {
        "startStationCode": "239",
        "startStationName": "홍대입구역",
        "endStationCode": "211-R",
        "endStationName": "성수역",
        "prevStationCode": "218",
        "prevStationName": "종합운동장역",
        "updnLine": 0,
        "directAt": 0,
        "data": [
          {
            "dow": "MON",
            "hh": "08",
            "mm": "00",
            "getOffCarRate": [
              7,
              6,
              12,
              6,
              12,
              19,
              15,
              15,
              6,
              3
            ]
          },
          {
            "dow": "MON",
            "hh": "08",
            "mm": "10",
            "getOffCarRate": [
              7,
              6,
              13,
              6,
              11,
              21,
              13,
              16,
              6,
              2
            ]
          },
          {
            "dow": "MON",
            "hh": "08",
            "mm": "20",
            "getOffCarRate": [
              4,
              6,
              14,
              6,
              11,
              19,
              14,
              17,
              7,
              2
            ]
          },
          {
            "dow": "MON",
            "hh": "08",
            "mm": "30",
            "getOffCarRate": [
              3,
              5,
              12,
              5,
              12,
              17,
              17,
              19,
              7,
              3
            ]
          },
          {
            "dow": "MON",
            "hh": "08",
            "mm": "40",
            "getOffCarRate": [
              3,
              5,
              13,
              6,
              11,
              16,
              17,
              20,
              7,
              4
            ]
          },
          {
            "dow": "MON",
            "hh": "08",
            "mm": "50",
            "getOffCarRate": [
              3,
              5,
              12,
              7,
              12,
              17,
              16,
              18,
              7,
              4
            ]
          }
        ]
      }
    ],
    "statStartDate": "20230924",
    "statEndDate": "20231223"
  }
}