{
  "status": {
    "code": "00",
    "message": "success",
    "totalCount": 1
  },
  "contents": {
    "subwayLine": "2호선",
    "stationName": "문래역",
    "stationCode": "235",
    "stat": [
      {
        "startStationCode": "202",
        "startStationName": "을지로입구역",
        "endStationCode": "211",
        "endStationName": "성수역",
        "prevStationCode": "236",
        "prevStationName": "영등포구청역",
        "updnLine": 0,
        "directAt": 0,
        "data": [
          {
            "dow": "FRI",
            "hh": "13",
            "mm": "00",
            "getOffCarRate": [
              7,
              10,
              10,
              11,
              8,
              10,
              13,
              12,
              10,
              8
            ]
          },
          {
            "dow": "FRI",
            "hh": "13",
            "mm": "10",
            "getOffCarRate": [
              7,
              10,
              10,
              12,
              7,
              11,
              13,
              11,
              10,
              8
            ]
          },
          {
            "dow": "FRI",
            "hh": "13",
            "mm": "20",
            "getOffCarRate": [
              6,
              10,
              12,
              12,
              9,
              12,
              11,
              11,
              10,
              7
            ]
          },
          {
            "dow": "FRI",
            "hh": "13",
            "mm": "30",
            "getOffCarRate": [
              9,
              9,
              11,
              11,
              10,
              12,
              12,
              11,
              8,
              6
            ]
          },
          {
            "dow": "FRI",
            "hh": "13",
            "mm": "40",
            "getOffCarRate": [
              9,
              11,
              12,
              11,
              10,
              11,
              12,
              10,
              8,
              6
            ]
          },
          {
            "dow": "FRI",
            "hh": "13",
            "mm": "50",
            "getOffCarRate": [
              9,
              11,
              10,
              10,
              12,
              10,
              14,
              10,
              8,
              5
            ]
          }
        ]
      },
      {
        "startStationCode": "202",
        "startStationName": "을지로입구역",
        "endStationCode": "211-R",
        "endStationName": "성수역",
        "prevStationCode": "236",
        "prevStationName": "영등포구청역",
        "updnLine": 0,
        "directAt": 0,
        "data": [
          {
            "dow": "FRI",
            "hh": "13",
            "mm": "00",
            "getOffCarRate": [
              7,
              10,
              10,
              11,
              8,
              10,
              13,
              12,
              10,
              8
            ]
          },
          {
            "dow": "FRI",
            "hh": "13",
            "mm": "10",
            "getOffCarRate": [
              7,
              10,
              10,
              12,
              7,
              11,
              13,
              11,
              10,
              8
            ]
          },
          {
            "dow": "FRI",
            "hh": "13",
            "mm": "20",
            "getOffCarRate": [
              6,
              10,
              12,
              12,
              9,
              12,
              11,
              11,
              10,
              7
            ]
          },
          {
            "dow": "FRI",
            "hh": "13",
            "mm": "30",
            "getOffCarRate": [
              9,
              9,
              11,
              11,
              10,
              12,
              12,
              11,
              8,
              6
            ]
          },
          {
            "dow": "FRI",
            "hh": "13",
            "mm": "40",
            "getOffCarRate": [
              9,
              11,
              12,
              11,
              10,
              11,
              12,
              10,
              8,
              6
            ]
          },
          {
            "dow": "FRI",
            "hh": "13",
            "mm": "50",
            "getOffCarRate": [
              9,
              11,
              10,
              10,
              12,
              10,
              14,
              10,
              8,
              5
            ]
          }
        ]
      },
      {
        "startStationCode": "211",
        "startStationName": "성수역",
        "endStationCode": "202",
        "endStationName": "을지로입구역",
        "prevStationCode": "234",
        "prevStationName": "신도림역",
        "updnLine": 1,
        "directAt": 0,
        "data": [
          {
            "dow": "FRI",
            "hh": "13",
            "mm": "00",
            "getOffCarRate": [
              6,
              13,
              12,
              15,
              14,
              8,
              10,
              8,
              6,
              8
            ]
          },
          {
            "dow": "FRI",
            "hh": "13",
            "mm": "10",
            "getOffCarRate": [
              5,
              14,
              11,
              14,
              14,
              9,
              10,
              7,
              7,
              9
            ]
          },
          {
            "dow": "FRI",
            "hh": "13",
            "mm": "20",
            "getOffCarRate": [
              5,
              13,
              11,
              14,
              12,
              10,
              10,
              8,
              7,
              10
            ]
          },
          {
            "dow": "FRI",
            "hh": "13",
            "mm": "30",
            "getOffCarRate": [
              5,
              13,
              11,
              15,
              11,
              11,
              10,
              8,
              8,
              8
            ]
          },
          {
            "dow": "FRI",
            "hh": "13",
            "mm": "40",
            "getOffCarRate": [
              5,
              13,
              10,
              14,
              12,
              11,
              10,
              8,
              8,
              8
            ]
          },
          {
            "dow": "FRI",
            "hh": "13",
            "mm": "50",
            "getOffCarRate": [
              6,
              12,
              11,
              14,
              11,
              11,
              11,
              8,
              8,
              8
            ]
          }
        ]
      },
      {
        "startStationCode": "211",
        "startStationName": "성수역",
        "endStationCode": "211",
        "endStationName": "성수역",
        "prevStationCode": "236",
        "prevStationName": "영등포구청역",
        "updnLine": 0,
        "directAt": 0,
        "data": [
          {
            "dow": "FRI",
            "hh": "13",
            "mm": "00",
            "getOffCarRate": [
              7,
              10,
              10,
              11,
              8,
              10,
              13,
              12,
              10,
              8
            ]
          },
          {
            "dow": "FRI",
            "hh": "13",
            "mm": "10",
            "getOffCarRate": [
              7,
              10,
              10,
              12,
              7,
              11,
              13,
              11,
              10,
              8
            ]
          },
          {
            "dow": "FRI",
            "hh": "13",
            "mm": "20",
            "getOffCarRate": [
              6,
              10,
              12,
              12,
              9,
              12,
              11,
              11,
              10,
              7
            ]
          },
          {
            "dow": "FRI",
            "hh": "13",
            "mm": "30",
            "getOffCarRate": [
              9,
              9,
              11,
              11,
              10,
              12,
              12,
              11,
              8,
              6
            ]
          },
          {
            "dow": "FRI",
            "hh": "13",
            "mm": "40",
            "getOffCarRate": [
              9,
              11,
              12,
              11,
              10,
              11,
              12,
              10,
              8,
              6
            ]
          },
          {
            "dow": "FRI",
            "hh": "13",
            "mm": "50",
            "getOffCarRate": [
              9,
              11,
              10,
              10,
              12,
              10,
              14,
              10,
              8,
              5
            ]
          }
        ]
      },
      {
        "startStationCode": "211",
        "startStationName": "성수역",
        "endStationCode": "211",
        "endStationName": "성수역",
        "prevStationCode": "234",
        "prevStationName": "신도림역",
        "updnLine": 1,
        "directAt": 0,
        "data": [
          {
            "dow": "FRI",
            "hh": "13",
            "mm": "00",
            "getOffCarRate": [
              6,
              13,
              12,
              15,
              14,
              8,
              10,
              8,
              6,
              8
            ]
          },
          {
            "dow": "FRI",
            "hh": "13",
            "mm": "10",
            "getOffCarRate": [
              5,
              14,
              11,
              14,
              14,
              9,
              10,
              7,
              7,
              9
            ]
          },
          {
            "dow": "FRI",
            "hh": "13",
            "mm": "20",
            "getOffCarRate": [
              5,
              13,
              11,
              14,
              12,
              10,
              10,
              8,
              7,
              10
            ]
          },
          {
            "dow": "FRI",
            "hh": "13",
            "mm": "30",
            "getOffCarRate": [
              5,
              13,
              11,
              15,
              11,
              11,
              10,
              8,
              8,
              8
            ]
          },
          {
            "dow": "FRI",
            "hh": "13",
            "mm": "40",
            "getOffCarRate": [
              5,
              13,
              10,
              14,
              12,
              11,
              10,
              8,
              8,
              8
            ]
          },
          {
            "dow": "FRI",
            "hh": "13",
            "mm": "50",
            "getOffCarRate": [
              6,
              12,
              11,
              14,
              11,
              11,
              11,
              8,
              8,
              8
            ]
          }
        ]
      },
      {
        "startStationCode": "211",
        "startStationName": "성수역",
        "endStationCode": "211-R",
        "endStationName": "성수역",
        "prevStationCode": "236",
        "prevStationName": "영등포구청역",
        "updnLine": 0,
        "directAt": 0,
        "data": [
          {
            "dow": "FRI",
            "hh": "13",
            "mm": "00",
            "getOffCarRate": [
              7,
              11,
              10,
              11,
              8,
              10,
              13,
              12,
              10,
              8
            ]
          },
          {
            "dow": "FRI",
            "hh": "13",
            "mm": "10",
            "getOffCarRate": [
              7,
              11,
              10,
              12,
              8,
              11,
              13,
              11,
              10,
              8
            ]
          },
          {
            "dow": "FRI",
            "hh": "13",
            "mm": "20",
            "getOffCarRate": [
              6,
              10,
              12,
              12,
              9,
              12,
              11,
              11,
              10,
              7
            ]
          },
          {
            "dow": "FRI",
            "hh": "13",
            "mm": "30",
            "getOffCarRate": [
              9,
              10,
              12,
              11,
              10,
              12,
              12,
              11,
              8,
              6
            ]
          },
          {
            "dow": "FRI",
            "hh": "13",
            "mm": "40",
            "getOffCarRate": [
              9,
              11,
              12,
              11,
              10,
              11,
              11,
              11,
              8,
              6
            ]
          },
          {
            "dow": "FRI",
            "hh": "13",
            "mm": "50",
            "getOffCarRate": [
              9,
              11,
              10,
              10,
              12,
              10,
              14,
              11,
              8,
              5
            ]
          }
        ]
      },
      {
        "startStationCode": "211",
        "startStationName": "성수역",
        "endStationCode": "211-R",
        "endStationName": "성수역",
        "prevStationCode": "234",
        "prevStationName": "신도림역",
        "updnLine": 1,
        "directAt": 0,
        "data": [
          {
            "dow": "FRI",
            "hh": "13",
            "mm": "00",
            "getOffCarRate": [
              6,
              13,
              12,
              15,
              14,
              8,
              10,
              8,
              6,
              8
            ]
          },
          {
            "dow": "FRI",
            "hh": "13",
            "mm": "10",
            "getOffCarRate": [
              5,
              14,
              11,
              14,
              14,
              9,
              10,
              7,
              7,
              9
            ]
          },
          {
            "dow": "FRI",
            "hh": "13",
            "mm": "20",
            "getOffCarRate": [
              5,
              13,
              11,
              14,
              12,
              10,
              10,
              8,
              7,
              10
            ]
          },
          {
            "dow": "FRI",
            "hh": "13",
            "mm": "30",
            "getOffCarRate": [
              5,
              13,
              11,
              15,
              11,
              11,
              10,
              8,
              8,
              8
            ]
          },
          {
            "dow": "FRI",
            "hh": "13",
            "mm": "40",
            "getOffCarRate": [
              5,
              13,
              11,
              14,
              12,
              11,
              11,
              8,
              8,
              8
            ]
          },
          {
            "dow": "FRI",
            "hh": "13",
            "mm": "50",
            "getOffCarRate": [
              6,
              12,
              11,
              14,
              11,
              11,
              11,
              8,
              8,
              8
            ]
          }
        ]
      },
      {
        "startStationCode": "211",
        "startStationName": "성수역",
        "endStationCode": "219",
        "endStationName": "삼성역",
        "prevStationCode": "236",
        "prevStationName": "영등포구청역",
        "updnLine": 0,
        "directAt": 0,
        "data": [
          {
            "dow": "FRI",
            "hh": "13",
            "mm": "00",
            "getOffCarRate": [
              7,
              10,
              10,
              11,
              8,
              10,
              13,
              12,
              10,
              8
            ]
          },
          {
            "dow": "FRI",
            "hh": "13",
            "mm": "10",
            "getOffCarRate": [
              7,
              10,
              10,
              12,
              7,
              11,
              13,
              11,
              10,
              8
            ]
          },
          {
            "dow": "FRI",
            "hh": "13",
            "mm": "20",
            "getOffCarRate": [
              6,
              10,
              12,
              12,
              9,
              12,
              11,
              11,
              10,
              7
            ]
          },
          {
            "dow": "FRI",
            "hh": "13",
            "mm": "30",
            "getOffCarRate": [
              9,
              9,
              11,
              11,
              10,
              12,
              12,
              11,
              8,
              6
            ]
          },
          {
            "dow": "FRI",
            "hh": "13",
            "mm": "40",
            "getOffCarRate": [
              9,
              11,
              12,
              11,
              10,
              11,
              12,
              10,
              8,
              6
            ]
          },
          {
            "dow": "FRI",
            "hh": "13",
            "mm": "50",
            "getOffCarRate": [
              9,
              11,
              10,
              10,
              12,
              10,
              14,
              10,
              8,
              5
            ]
          }
        ]
      },
      {
        "startStationCode": "211",
        "startStationName": "성수역",
        "endStationCode": "228",
        "endStationName": "서울대입구역",
        "prevStationCode": "236",
        "prevStationName": "영등포구청역",
        "updnLine": 0,
        "directAt": 0,
        "data": [
          {
            "dow": "FRI",
            "hh": "13",
            "mm": "00",
            "getOffCarRate": [
              7,
              10,
              10,
              11,
              8,
              10,
              13,
              12,
              10,
              8
            ]
          },
          {
            "dow": "FRI",
            "hh": "13",
            "mm": "10",
            "getOffCarRate": [
              7,
              10,
              10,
              12,
              7,
              11,
              13,
              11,
              10,
              8
            ]
          },
          {
            "dow": "FRI",
            "hh": "13",
            "mm": "20",
            "getOffCarRate": [
              6,
              10,
              12,
              12,
              9,
              12,
              11,
              11,
              10,
              7
            ]
          },
          {
            "dow": "FRI",
            "hh": "13",
            "mm": "30",
            "getOffCarRate": [
              9,
              9,
              11,
              11,
              10,
              12,
              12,
              11,
              8,
              6
            ]
          },
          {
            "dow": "FRI",
            "hh": "13",
            "mm": "40",
            "getOffCarRate": [
              9,
              11,
              12,
              11,
              10,
              11,
              12,
              10,
              8,
              6
            ]
          },
          {
            "dow": "FRI",
            "hh": "13",
            "mm": "50",
            "getOffCarRate": [
              9,
              11,
              10,
              10,
              12,
              10,
              14,
              10,
              8,
              5
            ]
          }
        ]
      },
      {
        "startStationCode": "211",
        "startStationName": "성수역",
        "endStationCode": "234",
        "endStationName": "신도림역",
        "prevStationCode": "236",
        "prevStationName": "영등포구청역",
        "updnLine": 0,
        "directAt": 0,
        "data": [
          {
            "dow": "FRI",
            "hh": "13",
            "mm": "00",
            "getOffCarRate": [
              7,
              10,
              10,
              11,
              8,
              10,
              13,
              12,
              10,
              8
            ]
          },
          {
            "dow": "FRI",
            "hh": "13",
            "mm": "10",
            "getOffCarRate": [
              7,
              10,
              10,
              12,
              7,
              11,
              13,
              11,
              10,
              8
            ]
          },
          {
            "dow": "FRI",
            "hh": "13",
            "mm": "20",
            "getOffCarRate": [
              6,
              10,
              12,
              12,
              9,
              12,
              11,
              11,
              10,
              7
            ]
          },
          {
            "dow": "FRI",
            "hh": "13",
            "mm": "30",
            "getOffCarRate": [
              9,
              9,
              11,
              11,
              10,
              12,
              12,
              11,
              8,
              6
            ]
          },
          {
            "dow": "FRI",
            "hh": "13",
            "mm": "40",
            "getOffCarRate": [
              9,
              11,
              12,
              11,
              10,
              11,
              12,
              10,
              8,
              6
            ]
          },
          {
            "dow": "FRI",
            "hh": "13",
            "mm": "50",
            "getOffCarRate": [
              9,
              11,
              10,
              10,
              12,
              10,
              14,
              10,
              8,
              5
            ]
          }
        ]
      },
      {
        "startStationCode": "211",
        "startStationName": "성수역",
        "endStationCode": "239",
        "endStationName": "홍대입구역",
        "prevStationCode": "234",
        "prevStationName": "신도림역",
        "updnLine": 1,
        "directAt": 0,
        "data": [
          {
            "dow": "FRI",
            "hh": "13",
            "mm": "00",
            "getOffCarRate": [
              6,
              13,
              12,
              15,
              14,
              8,
              10,
              8,
              6,
              8
            ]
          },
          {
            "dow": "FRI",
            "hh": "13",
            "mm": "10",
            "getOffCarRate": [
              5,
              14,
              11,
              14,
              14,
              9,
              10,
              7,
              7,
              9
            ]
          },
          {
            "dow": "FRI",
            "hh": "13",
            "mm": "20",
            "getOffCarRate": [
              5,
              13,
              11,
              14,
              12,
              10,
              10,
              8,
              7,
              10
            ]
          },
          {
            "dow": "FRI",
            "hh": "13",
            "mm": "30",
            "getOffCarRate": [
              5,
              13,
              11,
              15,
              11,
              11,
              10,
              8,
              8,
              8
            ]
          },
          {
            "dow": "FRI",
            "hh": "13",
            "mm": "40",
            "getOffCarRate": [
              5,
              13,
              10,
              14,
              12,
              11,
              10,
              8,
              8,
              8
            ]
          },
          {
            "dow": "FRI",
            "hh": "13",
            "mm": "50",
            "getOffCarRate": [
              6,
              12,
              11,
              14,
              11,
              11,
              11,
              8,
              8,
              8
            ]
          }
        ]
      },
      {
        "startStationCode": "219",
        "startStationName": "삼성역",
        "endStationCode": "211-R",
        "endStationName": "성수역",
        "prevStationCode": "234",
        "prevStationName": "신도림역",
        "updnLine": 1,
        "directAt": 0,
        "data": [
          {
            "dow": "FRI",
            "hh": "13",
            "mm": "00",
            "getOffCarRate": [
              6,
              13,
              12,
              15,
              14,
              8,
              10,
              8,
              6,
              8
            ]
          },
          {
            "dow": "FRI",
            "hh": "13",
            "mm": "10",
            "getOffCarRate": [
              5,
              14,
              11,
              14,
              14,
              9,
              10,
              7,
              7,
              9
            ]
          },
          {
            "dow": "FRI",
            "hh": "13",
            "mm": "20",
            "getOffCarRate": [
              5,
              13,
              11,
              14,
              12,
              10,
              10,
              8,
              7,
              10
            ]
          },
          {
            "dow": "FRI",
            "hh": "13",
            "mm": "30",
            "getOffCarRate": [
              5,
              13,
              11,
              15,
              11,
              11,
              10,
              8,
              8,
              8
            ]
          },
          {
            "dow": "FRI",
            "hh": "13",
            "mm": "40",
            "getOffCarRate": [
              5,
              13,
              10,
              14,
              12,
              11,
              10,
              8,
              8,
              8
            ]
          },
          {
            "dow": "FRI",
            "hh": "13",
            "mm": "50",
            "getOffCarRate": [
              6,
              12,
              11,
              14,
              11,
              11,
              11,
              8,
              8,
              8
            ]
          }
        ]
      },
      {
        "startStationCode": "228",
        "startStationName": "서울대입구역",
        "endStationCode": "211",
        "endStationName": "성수역",
        "prevStationCode": "234",
        "prevStationName": "신도림역",
        "updnLine": 1,
        "directAt": 0,
        "data": [
          {
            "dow": "FRI",
            "hh": "13",
            "mm": "00",
            "getOffCarRate": [
              6,
              13,
              12,
              15,
              14,
              8,
              10,
              8,
              6,
              8
            ]
          },
          {
            "dow": "FRI",
            "hh": "13",
            "mm": "10",
            "getOffCarRate": [
              5,
              14,
              11,
              14,
              14,
              9,
              10,
              7,
              7,
              9
            ]
          },
          {
            "dow": "FRI",
            "hh": "13",
            "mm": "20",
            "getOffCarRate": [
              5,
              13,
              11,
              14,
              12,
              10,
              10,
              8,
              7,
              10
            ]
          },
          {
            "dow": "FRI",
            "hh": "13",
            "mm": "30",
            "getOffCarRate": [
              5,
              13,
              11,
              15,
              11,
              11,
              10,
              8,
              8,
              8
            ]
          },
          {
            "dow": "FRI",
            "hh": "13",
            "mm": "40",
            "getOffCarRate": [
              5,
              13,
              10,
              14,
              12,
              11,
              10,
              8,
              8,
              8
            ]
          },
          {
            "dow": "FRI",
            "hh": "13",
            "mm": "50",
            "getOffCarRate": [
              6,
              12,
              11,
              14,
              11,
              11,
              11,
              8,
              8,
              8
            ]
          }
        ]
      },
      {
        "startStationCode": "228",
        "startStationName": "서울대입구역",
        "endStationCode": "211-R",
        "endStationName": "성수역",
        "prevStationCode": "234",
        "prevStationName": "신도림역",
        "updnLine": 1,
        "directAt": 0,
        "data": [
          {
            "dow": "FRI",
            "hh": "13",
            "mm": "00",
            "getOffCarRate": [
              6,
              13,
              12,
              15,
              14,
              8,
              10,
              8,
              6,
              8
            ]
          },
          {
            "dow": "FRI",
            "hh": "13",
            "mm": "10",
            "getOffCarRate": [
              5,
              14,
              11,
              14,
              14,
              9,
              10,
              7,
              7,
              9
            ]
          },
          {
            "dow": "FRI",
            "hh": "13",
            "mm": "20",
            "getOffCarRate": [
              5,
              13,
              11,
              14,
              12,
              10,
              10,
              8,
              7,
              10
            ]
          },
          {
            "dow": "FRI",
            "hh": "13",
            "mm": "30",
            "getOffCarRate": [
              5,
              13,
              11,
              15,
              11,
              11,
              10,
              8,
              8,
              8
            ]
          },
          {
            "dow": "FRI",
            "hh": "13",
            "mm": "40",
            "getOffCarRate": [
              5,
              13,
              10,
              14,
              12,
              11,
              10,
              8,
              8,
              8
            ]
          },
          {
            "dow": "FRI",
            "hh": "13",
            "mm": "50",
            "getOffCarRate": [
              6,
              12,
              11,
              14,
              11,
              11,
              11,
              8,
              8,
              8
            ]
          }
        ]
      },
      {
        "startStationCode": "234",
        "startStationName": "신도림역",
        "endStationCode": "211",
        "endStationName": "성수역",
        "prevStationCode": "234",
        "prevStationName": "신도림역",
        "updnLine": 1,
        "directAt": 0,
        "data": [
          {
            "dow": "FRI",
            "hh": "13",
            "mm": "00",
            "getOffCarRate": [
              6,
              13,
              12,
              15,
              14,
              8,
              10,
              8,
              6,
              8
            ]
          },
          {
            "dow": "FRI",
            "hh": "13",
            "mm": "10",
            "getOffCarRate": [
              5,
              14,
              11,
              14,
              14,
              9,
              10,
              7,
              7,
              9
            ]
          },
          {
            "dow": "FRI",
            "hh": "13",
            "mm": "20",
            "getOffCarRate": [
              5,
              13,
              11,
              14,
              12,
              10,
              10,
              8,
              7,
              10
            ]
          },
          {
            "dow": "FRI",
            "hh": "13",
            "mm": "30",
            "getOffCarRate": [
              5,
              13,
              11,
              15,
              11,
              11,
              10,
              8,
              8,
              8
            ]
          },
          {
            "dow": "FRI",
            "hh": "13",
            "mm": "40",
            "getOffCarRate": [
              5,
              13,
              10,
              14,
              12,
              11,
              10,
              8,
              8,
              8
            ]
          },
          {
            "dow": "FRI",
            "hh": "13",
            "mm": "50",
            "getOffCarRate": [
              6,
              12,
              11,
              14,
              11,
              11,
              11,
              8,
              8,
              8
            ]
          }
        ]
      },
      {
        "startStationCode": "234",
        "startStationName": "신도림역",
        "endStationCode": "211-R",
        "endStationName": "성수역",
        "prevStationCode": "234",
        "prevStationName": "신도림역",
        "updnLine": 1,
        "directAt": 0,
        "data": [
          {
            "dow": "FRI",
            "hh": "13",
            "mm": "00",
            "getOffCarRate": [
              6,
              13,
              12,
              15,
              14,
              8,
              10,
              8,
              6,
              8
            ]
          },
          {
            "dow": "FRI",
            "hh": "13",
            "mm": "10",
            "getOffCarRate": [
              5,
              14,
              11,
              14,
              14,
              9,
              10,
              7,
              7,
              9
            ]
          },
          {
            "dow": "FRI",
            "hh": "13",
            "mm": "20",
            "getOffCarRate": [
              5,
              13,
              11,
              14,
              12,
              10,
              10,
              8,
              7,
              10
            ]
          },
          {
            "dow": "FRI",
            "hh": "13",
            "mm": "30",
            "getOffCarRate": [
              5,
              13,
              11,
              15,
              11,
              11,
              10,
              8,
              8,
              8
            ]
          },
          {
            "dow": "FRI",
            "hh": "13",
            "mm": "40",
            "getOffCarRate": [
              5,
              13,
              10,
              14,
              12,
              11,
              10,
              8,
              8,
              8
            ]
          },
          {
            "dow": "FRI",
            "hh": "13",
            "mm": "50",
            "getOffCarRate": [
              6,
              12,
              11,
              14,
              11,
              11,
              11,
              8,
              8,
              8
            ]
          }
        ]
      },
      {
        "startStationCode": "239",
        "startStationName": "홍대입구역",
        "endStationCode": "211",
        "endStationName": "성수역",
        "prevStationCode": "236",
        "prevStationName": "영등포구청역",
        "updnLine": 0,
        "directAt": 0,
        "data": [
          {
            "dow": "FRI",
            "hh": "13",
            "mm": "00",
            "getOffCarRate": [
              7,
              10,
              10,
              11,
              8,
              10,
              13,
              12,
              10,
              8
            ]
          },
          {
            "dow": "FRI",
            "hh": "13",
            "mm": "10",
            "getOffCarRate": [
              7,
              10,
              10,
              12,
              7,
              11,
              13,
              11,
              10,
              8
            ]
          },
          {
            "dow": "FRI",
            "hh": "13",
            "mm": "20",
            "getOffCarRate": [
              6,
              10,
              12,
              12,
              9,
              12,
              11,
              11,
              10,
              7
            ]
          },
          {
            "dow": "FRI",
            "hh": "13",
            "mm": "30",
            "getOffCarRate": [
              9,
              9,
              11,
              11,
              10,
              12,
              12,
              11,
              8,
              6
            ]
          },
          {
            "dow": "FRI",
            "hh": "13",
            "mm": "40",
            "getOffCarRate": [
              9,
              11,
              12,
              11,
              10,
              11,
              12,
              10,
              8,
              6
            ]
          },
          {
            "dow": "FRI",
            "hh": "13",
            "mm": "50",
            "getOffCarRate": [
              9,
              11,
              10,
              10,
              12,
              10,
              14,
              10,
              8,
              5
            ]
          }
        ]
      },
      {
        "startStationCode": "239",
        "startStationName": "홍대입구역",
        "endStationCode": "211-R",
        "endStationName": "성수역",
        "prevStationCode": "236",
        "prevStationName": "영등포구청역",
        "updnLine": 0,
        "directAt": 0,
        "data": [
          {
            "dow": "FRI",
            "hh": "13",
            "mm": "00",
            "getOffCarRate": [
              7,
              10,
              10,
              11,
              8,
              10,
              13,
              12,
              10,
              8
            ]
          },
          {
            "dow": "FRI",
            "hh": "13",
            "mm": "10",
            "getOffCarRate": [
              7,
              10,
              10,
              12,
              7,
              11,
              13,
              11,
              10,
              8
            ]
          },
          {
            "dow": "FRI",
            "hh": "13",
            "mm": "20",
            "getOffCarRate": [
              6,
              10,
              12,
              12,
              9,
              12,
              11,
              11,
              10,
              7
            ]
          },
          {
            "dow": "FRI",
            "hh": "13",
            "mm": "30",
            "getOffCarRate": [
              9,
              9,
              11,
              11,
              10,
              12,
              12,
              11,
              8,
              6
            ]
          },
          {
            "dow": "FRI",
            "hh": "13",
            "mm": "40",
            "getOffCarRate": [
              9,
              11,
              12,
              11,
              10,
              11,
              12,
              10,
              8,
              6
            ]
          },
          {
            "dow": "FRI",
            "hh": "13",
            "mm": "50",
            "getOffCarRate": [
              9,
              11,
              10,
              10,
              12,
              10,
              14,
              10,
              8,
              5
            ]
          }
        ]
      }
    ],
    "statStartDate": "20230924",
    "statEndDate": "20231223"
  }
}