{
  "status": {
    "code": "00",
    "message": "success",
    "totalCount": 1
  },
  "contents": {
    "subwayLine": "2호선",
    "stationName": "신당역",
    "stationCode": "206",
    "stat": [
      {
        "startStationCode": "202",
        "startStationName": "을지로입구역",
        "endStationCode": "211",
        "endStationName": "성수역",
        "prevStationCode": "205",
        "prevStationName": "동대문역사문화공원역",
        "updnLine": 1,
        "directAt": 0,
        "data": [
          {
            "dow": "FRI",
            "hh": "08",
            "mm": "00",
            "getOffCarRate": [
              7,
              11,
              7,
              12,
              7,
              10,
              9,
              11,
              8,
              18
            ]
          },
          {
            "dow": "FRI",
            "hh": "08",
            "mm": "10",
            "getOffCarRate": [
              6,
              12,
              7,
              11,
              7,
              11,
              9,
              12,
              8,
              18
            ]
          },
          {
            "dow": "FRI",
            "hh": "08",
            "mm": "20",
            "getOffCarRate": [
              7,
              10,
              7,
              12,
              8,
              12,
              9,
              13,
              7,
              14
            ]
          },
          {
            "dow": "FRI",
            "hh": "08",
            "mm": "30",
            "getOffCarRate": [
              7,
              10,
              8,
              13,
              10,
              13,
              9,
              13,
              7,
              12
            ]
          },
          {
            "dow": "FRI",
            "hh": "08",
            "mm": "40",
            "getOffCarRate": [
              5,
              10,
              8,
              13,
              11,
              12,
              9,
              12,
              7,
              11
            ]
          },
          {
            "dow": "FRI",
            "hh": "08",
            "mm": "50",
            "getOffCarRate": [
              4,
              9,
              8,
              13,
              11,
              13,
              9,
              12,
              9,
              12
            ]
          }
        ]
      },
      {
        "startStationCode": "202",
        "startStationName": "을지로입구역",
        "endStationCode": "211-R",
        "endStationName": "성수역",
        "prevStationCode": "205",
        "prevStationName": "동대문역사문화공원역",
        "updnLine": 1,
        "directAt": 0,
        "data": [
          {
            "dow": "FRI",
            "hh": "08",
            "mm": "00",
            "getOffCarRate": [
              7,
              11,
              7,
              12,
              7,
              10,
              9,
              11,
              8,
              18
            ]
          },
          {
            "dow": "FRI",
            "hh": "08",
            "mm": "10",
            "getOffCarRate": [
              6,
              12,
              7,
              11,
              7,
              11,
              9,
              12,
              8,
              18
            ]
          },
          {
            "dow": "FRI",
            "hh": "08",
            "mm": "20",
            "getOffCarRate": [
              7,
              10,
              7,
              12,
              8,
              12,
              9,
              13,
              7,
              14
            ]
          },
          {
            "dow": "FRI",
            "hh": "08",
            "mm": "30",
            "getOffCarRate": [
              7,
              10,
              8,
              13,
              10,
              13,
              9,
              13,
              7,
              12
            ]
          },
          {
            "dow": "FRI",
            "hh": "08",
            "mm": "40",
            "getOffCarRate": [
              5,
              10,
              8,
              13,
              11,
              12,
              9,
              12,
              7,
              11
            ]
          },
          {
            "dow": "FRI",
            "hh": "08",
            "mm": "50",
            "getOffCarRate": [
              4,
              9,
              8,
              13,
              11,
              13,
              9,
              12,
              9,
              12
            ]
          }
        ]
      },
      {
        "startStationCode": "211",
        "startStationName": "성수역",
        "endStationCode": "202",
        "endStationName": "을지로입구역",
        "prevStationCode": "207",
        "prevStationName": "상왕십리역",
        "updnLine": 0,
        "directAt": 0,
        "data": [
          {
            "dow": "FRI",
            "hh": "08",
            "mm": "00",
            "getOffCarRate": [
              30,
              13,
              9,
              9,
              8,
              7,
              10,
              5,
              5,
              3
            ]
          },
          {
            "dow": "FRI",
            "hh": "08",
            "mm": "10",
            "getOffCarRate": [
              31,
              13,
              10,
              10,
              8,
              7,
              9,
              5,
              5,
              3
            ]
          },
          {
            "dow": "FRI",
            "hh": "08",
            "mm": "20",
            "getOffCarRate": [
              30,
              12,
              11,
              10,
              8,
              7,
              8,
              5,
              6,
              3
            ]
          },
          {
            "dow": "FRI",
            "hh": "08",
            "mm": "30",
            "getOffCarRate": [
              29,
              13,
              11,
              10,
              9,
              7,
              8,
              5,
              6,
              3
            ]
          },
          {
            "dow": "FRI",
            "hh": "08",
            "mm": "40",
            "getOffCarRate": [
              26,
              12,
              11,
              11,
              10,
              8,
              8,
              5,
              6,
              2
            ]
          },
          {
            "dow": "FRI",
            "hh": "08",
            "mm": "50",
            "getOffCarRate": [
              24,
              12,
              12,
              10,
              10,
              9,
              9,
              6,
              6,
              2
            ]
          }
        ]
      },
      {
        "startStationCode": "211",
        "startStationName": "성수역",
        "endStationCode": "211",
        "endStationName": "성수역",
        "prevStationCode": "207",
        "prevStationName": "상왕십리역",
        "updnLine": 0,
        "directAt": 0,
        "data": [
          {
            "dow": "FRI",
            "hh": "08",
            "mm": "00",
            "getOffCarRate": [
              29,
              13,
              8,
              9,
              8,
              8,
              11,
              5,
              5,
              4
            ]
          },
          {
            "dow": "FRI",
            "hh": "08",
            "mm": "10",
            "getOffCarRate": [
              29,
              12,
              9,
              10,
              8,
              8,
              10,
              5,
              6,
              4
            ]
          },
          {
            "dow": "FRI",
            "hh": "08",
            "mm": "20",
            "getOffCarRate": [
              28,
              12,
              10,
              11,
              8,
              8,
              8,
              6,
              6,
              4
            ]
          },
          {
            "dow": "FRI",
            "hh": "08",
            "mm": "30",
            "getOffCarRate": [
              27,
              12,
              12,
              12,
              8,
              8,
              7,
              6,
              6,
              2
            ]
          },
          {
            "dow": "FRI",
            "hh": "08",
            "mm": "40",
            "getOffCarRate": [
              25,
              12,
              11,
              13,
              9,
              9,
              8,
              6,
              5,
              2
            ]
          },
          {
            "dow": "FRI",
            "hh": "08",
            "mm": "50",
            "getOffCarRate": [
              23,
              12,
              11,
              12,
              10,
              9,
              9,
              7,
              5,
              2
            ]
          }
        ]
      },
      {
        "startStationCode": "211",
        "startStationName": "성수역",
        "endStationCode": "211",
        "endStationName": "성수역",
        "prevStationCode": "205",
        "prevStationName": "동대문역사문화공원역",
        "updnLine": 1,
        "directAt": 0,
        "data": [
          {
            "dow": "FRI",
            "hh": "08",
            "mm": "00",
            "getOffCarRate": [
              7,
              11,
              7,
              12,
              7,
              10,
              9,
              11,
              8,
              18
            ]
          },
          {
            "dow": "FRI",
            "hh": "08",
            "mm": "10",
            "getOffCarRate": [
              6,
              12,
              7,
              11,
              7,
              11,
              9,
              12,
              8,
              18
            ]
          },
          {
            "dow": "FRI",
            "hh": "08",
            "mm": "20",
            "getOffCarRate": [
              7,
              10,
              7,
              12,
              8,
              12,
              9,
              13,
              7,
              14
            ]
          },
          {
            "dow": "FRI",
            "hh": "08",
            "mm": "30",
            "getOffCarRate": [
              7,
              10,
              8,
              13,
              10,
              13,
              9,
              13,
              7,
              12
            ]
          },
          {
            "dow": "FRI",
            "hh": "08",
            "mm": "40",
            "getOffCarRate": [
              5,
              10,
              8,
              13,
              11,
              12,
              9,
              12,
              7,
              11
            ]
          },
          {
            "dow": "FRI",
            "hh": "08",
            "mm": "50",
            "getOffCarRate": [
              4,
              9,
              8,
              13,
              11,
              13,
              9,
              12,
              9,
              12
            ]
          }
        ]
      },
      {
        "startStationCode": "211",
        "startStationName": "성수역",
        "endStationCode": "211-R",
        "endStationName": "성수역",
        "prevStationCode": "207",
        "prevStationName": "상왕십리역",
        "updnLine": 0,
        "directAt": 0,
        "data": [
          {
            "dow": "FRI",
            "hh": "08",
            "mm": "00",
            "getOffCarRate": [
              30,
              12,
              8,
              9,
              9,
              7,
              11,
              5,
              5,
              3
            ]
          },
          {
            "dow": "FRI",
            "hh": "08",
            "mm": "10",
            "getOffCarRate": [
              31,
              12,
              9,
              9,
              9,
              7,
              10,
              5,
              5,
              3
            ]
          },
          {
            "dow": "FRI",
            "hh": "08",
            "mm": "20",
            "getOffCarRate": [
              30,
              12,
              10,
              10,
              9,
              7,
              9,
              5,
              6,
              3
            ]
          },
          {
            "dow": "FRI",
            "hh": "08",
            "mm": "30",
            "getOffCarRate": [
              28,
              12,
              11,
              10,
              10,
              7,
              9,
              5,
              6,
              2
            ]
          },
          {
            "dow": "FRI",
            "hh": "08",
            "mm": "40",
            "getOffCarRate": [
              24,
              11,
              11,
              10,
              12,
              9,
              9,
              6,
              6,
              2
            ]
          },
          {
            "dow": "FRI",
            "hh": "08",
            "mm": "50",
            "getOffCarRate": [
              21,
              11,
              12,
              10,
              13,
              9,
              10,
              7,
              6,
              2
            ]
          }
        ]
      },
      {
        "startStationCode": "211",
        "startStationName": "성수역",
        "endStationCode": "211-R",
        "endStationName": "성수역",
        "prevStationCode": "205",
        "prevStationName": "동대문역사문화공원역",
        "updnLine": 1,
        "directAt": 0,
        "data": [
          {
            "dow": "FRI",
            "hh": "08",
            "mm": "00",
            "getOffCarRate": [
              7,
              11,
              7,
              12,
              7,
              11,
              9,
              11,
              9,
              16
            ]
          },
          {
            "dow": "FRI",
            "hh": "08",
            "mm": "10",
            "getOffCarRate": [
              7,
              12,
              6,
              11,
              7,
              12,
              9,
              12,
              8,
              16
            ]
          },
          {
            "dow": "FRI",
            "hh": "08",
            "mm": "20",
            "getOffCarRate": [
              7,
              10,
              7,
              12,
              8,
              13,
              9,
              13,
              8,
              14
            ]
          },
          {
            "dow": "FRI",
            "hh": "08",
            "mm": "30",
            "getOffCarRate": [
              7,
              10,
              8,
              12,
              10,
              13,
              9,
              13,
              7,
              12
            ]
          },
          {
            "dow": "FRI",
            "hh": "08",
            "mm": "40",
            "getOffCarRate": [
              5,
              10,
              8,
              13,
              11,
              12,
              9,
              12,
              7,
              11
            ]
          },
          {
            "dow": "FRI",
            "hh": "08",
            "mm": "50",
            "getOffCarRate": [
              4,
              9,
              8,
              13,
              11,
              13,
              9,
              12,
              9,
              12
            ]
          }
        ]
      },
      {
        "startStationCode": "211",
        "startStationName": "성수역",
        "endStationCode": "219",
        "endStationName": "삼성역",
        "prevStationCode": "207",
        "prevStationName": "상왕십리역",
        "updnLine": 0,
        "directAt": 0,
        "data": [
          {
            "dow": "FRI",
            "hh": "08",
            "mm": "00",
            "getOffCarRate": [
              30,
              13,
              9,
              9,
              8,
              7,
              10,
              5,
              5,
              3
            ]
          },
          {
            "dow": "FRI",
            "hh": "08",
            "mm": "10",
            "getOffCarRate": [
              31,
              13,
              10,
              10,
              8,
              7,
              9,
              5,
              5,
              3
            ]
          },
          {
            "dow": "FRI",
            "hh": "08",
            "mm": "20",
            "getOffCarRate": [
              30,
              12,
              11,
              10,
              8,
              7,
              8,
              5,
              6,
              3
            ]
          },
          {
            "dow": "FRI",
            "hh": "08",
            "mm": "30",
            "getOffCarRate": [
              29,
              13,
              11,
              10,
              9,
              7,
              8,
              5,
              6,
              3
            ]
          },
          {
            "dow": "FRI",
            "hh": "08",
            "mm": "40",
            "getOffCarRate": [
              26,
              12,
              11,
              11,
              10,
              8,
              8,
              5,
              6,
              2
            ]
          },
          {
            "dow": "FRI",
            "hh": "08",
            "mm": "50",
            "getOffCarRate": [
              24,
              12,
              12,
              10,
              10,
              9,
              9,
              6,
              6,
              2
            ]
          }
        ]
      },
      {
        "startStationCode": "211",
        "startStationName": "성수역",
        "endStationCode": "228",
        "endStationName": "서울대입구역",
        "prevStationCode": "207",
        "prevStationName": "상왕십리역",
        "updnLine": 0,
        "directAt": 0,
        "data": [
          {
            "dow": "FRI",
            "hh": "08",
            "mm": "00",
            "getOffCarRate": [
              30,
              13,
              9,
              9,
              8,
              7,
              10,
              5,
              5,
              3
            ]
          },
          {
            "dow": "FRI",
            "hh": "08",
            "mm": "10",
            "getOffCarRate": [
              31,
              13,
              10,
              10,
              8,
              7,
              9,
              5,
              5,
              3
            ]
          },
          {
            "dow": "FRI",
            "hh": "08",
            "mm": "20",
            "getOffCarRate": [
              30,
              12,
              11,
              10,
              8,
              7,
              8,
              5,
              6,
              3
            ]
          },
          {
            "dow": "FRI",
            "hh": "08",
            "mm": "30",
            "getOffCarRate": [
              29,
              13,
              11,
              10,
              9,
              7,
              8,
              5,
              6,
              3
            ]
          },
          {
            "dow": "FRI",
            "hh": "08",
            "mm": "40",
            "getOffCarRate": [
              26,
              12,
              11,
              11,
              10,
              8,
              8,
              5,
              6,
              2
            ]
          },
          {
            "dow": "FRI",
            "hh": "08",
            "mm": "50",
            "getOffCarRate": [
              24,
              12,
              12,
              10,
              10,
              9,
              9,
              6,
              6,
              2
            ]
          }
        ]
      },
      {
        "startStationCode": "211",
        "startStationName": "성수역",
        "endStationCode": "234",
        "endStationName": "신도림역",
        "prevStationCode": "207",
        "prevStationName": "상왕십리역",
        "updnLine": 0,
        "directAt": 0,
        "data": [
          {
            "dow": "FRI",
            "hh": "08",
            "mm": "00",
            "getOffCarRate": [
              30,
              13,
              9,
              9,
              8,
              7,
              10,
              5,
              5,
              3
            ]
          },
          {
            "dow": "FRI",
            "hh": "08",
            "mm": "10",
            "getOffCarRate": [
              30,
              13,
              10,
              10,
              8,
              7,
              9,
              5,
              6,
              4
            ]
          },
          {
            "dow": "FRI",
            "hh": "08",
            "mm": "20",
            "getOffCarRate": [
              30,
              12,
              10,
              11,
              7,
              6,
              8,
              5,
              6,
              4
            ]
          },
          {
            "dow": "FRI",
            "hh": "08",
            "mm": "30",
            "getOffCarRate": [
              28,
              13,
              11,
              11,
              8,
              6,
              8,
              5,
              7,
              3
            ]
          },
          {
            "dow": "FRI",
            "hh": "08",
            "mm": "40",
            "getOffCarRate": [
              24,
              12,
              11,
              11,
              10,
              8,
              9,
              6,
              7,
              3
            ]
          },
          {
            "dow": "FRI",
            "hh": "08",
            "mm": "50",
            "getOffCarRate": [
              21,
              12,
              12,
              11,
              10,
              9,
              9,
              6,
              7,
              3
            ]
          }
        ]
      },
      {
        "startStationCode": "211",
        "startStationName": "성수역",
        "endStationCode": "239",
        "endStationName": "홍대입구역",
        "prevStationCode": "207",
        "prevStationName": "상왕십리역",
        "updnLine": 0,
        "directAt": 0,
        "data": [
          {
            "dow": "FRI",
            "hh": "08",
            "mm": "00",
            "getOffCarRate": [
              30,
              13,
              9,
              9,
              8,
              7,
              10,
              5,
              5,
              3
            ]
          },
          {
            "dow": "FRI",
            "hh": "08",
            "mm": "10",
            "getOffCarRate": [
              31,
              13,
              10,
              10,
              8,
              7,
              9,
              5,
              5,
              3
            ]
          },
          {
            "dow": "FRI",
            "hh": "08",
            "mm": "20",
            "getOffCarRate": [
              30,
              12,
              11,
              10,
              8,
              7,
              8,
              5,
              6,
              3
            ]
          },
          {
            "dow": "FRI",
            "hh": "08",
            "mm": "30",
            "getOffCarRate": [
              29,
              13,
              11,
              10,
              9,
              7,
              8,
              5,
              6,
              3
            ]
          },
          {
            "dow": "FRI",
            "hh": "08",
            "mm": "40",
            "getOffCarRate": [
              26,
              12,
              11,
              11,
              10,
              8,
              8,
              5,
              6,
              2
            ]
          },
          {
            "dow": "FRI",
            "hh": "08",
            "mm": "50",
            "getOffCarRate": [
              24,
              12,
              12,
              10,
              10,
              9,
              9,
              6,
              6,
              2
            ]
          }
        ]
      },
      {
        "startStationCode": "219",
        "startStationName": "삼성역",
        "endStationCode": "211-R",
        "endStationName": "성수역",
        "prevStationCode": "205",
        "prevStationName": "동대문역사문화공원역",
        "updnLine": 1,
        "directAt": 0,
        "data": [
          {
            "dow": "FRI",
            "hh": "08",
            "mm": "00",
            "getOffCarRate": [
              7,
              11,
              7,
              12,
              7,
              10,
              9,
              11,
              8,
              18
            ]
          },
          {
            "dow": "FRI",
            "hh": "08",
            "mm": "10",
            "getOffCarRate": [
              6,
              12,
              7,
              11,
              7,
              11,
              9,
              12,
              8,
              18
            ]
          },
          {
            "dow": "FRI",
            "hh": "08",
            "mm": "20",
            "getOffCarRate": [
              7,
              10,
              7,
              12,
              8,
              12,
              9,
              13,
              7,
              14
            ]
          },
          {
            "dow": "FRI",
            "hh": "08",
            "mm": "30",
            "getOffCarRate": [
              7,
              10,
              8,
              13,
              10,
              13,
              9,
              13,
              7,
              12
            ]
          },
          {
            "dow": "FRI",
            "hh": "08",
            "mm": "40",
            "getOffCarRate": [
              5,
              10,
              8,
              13,
              11,
              12,
              9,
              12,
              7,
              11
            ]
          },
          {
            "dow": "FRI",
            "hh": "08",
            "mm": "50",
            "getOffCarRate": [
              4,
              9,
              8,
              13,
              11,
              13,
              9,
              12,
              9,
              12
            ]
          }
        ]
      },
      {
        "startStationCode": "228",
        "startStationName": "서울대입구역",
        "endStationCode": "211",
        "endStationName": "성수역",
        "prevStationCode": "205",
        "prevStationName": "동대문역사문화공원역",
        "updnLine": 1,
        "directAt": 0,
        "data": [
          {
            "dow": "FRI",
            "hh": "08",
            "mm": "00",
            "getOffCarRate": [
              7,
              11,
              7,
              12,
              7,
              10,
              9,
              11,
              8,
              18
            ]
          },
          {
            "dow": "FRI",
            "hh": "08",
            "mm": "10",
            "getOffCarRate": [
              6,
              12,
              7,
              11,
              7,
              11,
              9,
              12,
              8,
              18
            ]
          },
          {
            "dow": "FRI",
            "hh": "08",
            "mm": "20",
            "getOffCarRate": [
              7,
              10,
              7,
              12,
              8,
              12,
              9,
              13,
              7,
              14
            ]
          },
          {
            "dow": "FRI",
            "hh": "08",
            "mm": "30",
            "getOffCarRate": [
              7,
              10,
              8,
              13,
              10,
              13,
              9,
              13,
              7,
              12
            ]
          },
          {
            "dow": "FRI",
            "hh": "08",
            "mm": "40",
            "getOffCarRate": [
              5,
              10,
              8,
              13,
              11,
              12,
              9,
              12,
              7,
              11
            ]
          },
          {
            "dow": "FRI",
            "hh": "08",
            "mm": "50",
            "getOffCarRate": [
              4,
              9,
              8,
              13,
              11,
              13,
              9,
              12,
              9,
              12
            ]
          }
        ]
      },
      {
        "startStationCode": "228",
        "startStationName": "서울대입구역",
        "endStationCode": "211-R",
        "endStationName": "성수역",
        "prevStationCode": "205",
        "prevStationName": "동대문역사문화공원역",
        "updnLine": 1,
        "directAt": 0,
        "data": [
          {
            "dow": "FRI",
            "hh": "08",
            "mm": "00",
            "getOffCarRate": [
              7,
              11,
              7,
              12,
              7,
              10,
              9,
              11,
              8,
              18
            ]
          },
          {
            "dow": "FRI",
            "hh": "08",
            "mm": "10",
            "getOffCarRate": [
              6,
              12,
              7,
              11,
              7,
              11,
              9,
              12,
              8,
              18
            ]
          },
          {
            "dow": "FRI",
            "hh": "08",
            "mm": "20",
            "getOffCarRate": [
              7,
              10,
              7,
              12,
              8,
              12,
              9,
              13,
              7,
              14
            ]
          },
          {
            "dow": "FRI",
            "hh": "08",
            "mm": "30",
            "getOffCarRate": [
              7,
              10,
              8,
              13,
              10,
              13,
              9,
              13,
              7,
              12
            ]
          },
          {
            "dow": "FRI",
            "hh": "08",
            "mm": "40",
            "getOffCarRate": [
              5,
              10,
              8,
              13,
              11,
              12,
              9,
              12,
              7,
              11
            ]
          },
          {
            "dow": "FRI",
            "hh": "08",
            "mm": "50",
            "getOffCarRate": [
              4,
              9,
              8,
              13,
              11,
              13,
              9,
              12,
              9,
              12
            ]
          }
        ]
      },
      {
        "startStationCode": "234",
        "startStationName": "신도림역",
        "endStationCode": "211",
        "endStationName": "성수역",
        "prevStationCode": "205",
        "prevStationName": "동대문역사문화공원역",
        "updnLine": 1,
        "directAt": 0,
        "data": [
          {
            "dow": "FRI",
            "hh": "08",
            "mm": "00",
            "getOffCarRate": [
              7,
              11,
              7,
              12,
              7,
              10,
              9,
              11,
              8,
              18
            ]
          },
          {
            "dow": "FRI",
            "hh": "08",
            "mm": "10",
            "getOffCarRate": [
              6,
              12,
              7,
              11,
              7,
              11,
              9,
              12,
              8,
              18
            ]
          },
          {
            "dow": "FRI",
            "hh": "08",
            "mm": "20",
            "getOffCarRate": [
              7,
              10,
              7,
              12,
              8,
              12,
              9,
              13,
              7,
              14
            ]
          },
          {
            "dow": "FRI",
            "hh": "08",
            "mm": "30",
            "getOffCarRate": [
              7,
              10,
              8,
              13,
              10,
              13,
              9,
              13,
              7,
              12
            ]
          },
          {
            "dow": "FRI",
            "hh": "08",
            "mm": "40",
            "getOffCarRate": [
              5,
              10,
              8,
              13,
              11,
              12,
              9,
              12,
              7,
              11
            ]
          },
          {
            "dow": "FRI",
            "hh": "08",
            "mm": "50",
            "getOffCarRate": [
              4,
              9,
              8,
              13,
              11,
              13,
              9,
              12,
              9,
              12
            ]
          }
        ]
      },
      {
        "startStationCode": "234",
        "startStationName": "신도림역",
        "endStationCode": "211-R",
        "endStationName": "성수역",
        "prevStationCode": "205",
        "prevStationName": "동대문역사문화공원역",
        "updnLine": 1,
        "directAt": 0,
        "data": [
          {
            "dow": "FRI",
            "hh": "08",
            "mm": "00",
            "getOffCarRate": [
              8,
              12,
              8,
              12,
              8,
              10,
              9,
              11,
              7,
              16
            ]
          },
          {
            "dow": "FRI",
            "hh": "08",
            "mm": "10",
            "getOffCarRate": [
              7,
              12,
              7,
              12,
              8,
              12,
              9,
              12,
              6,
              16
            ]
          },
          {
            "dow": "FRI",
            "hh": "08",
            "mm": "20",
            "getOffCarRate": [
              7,
              11,
              8,
              12,
              9,
              12,
              9,
              13,
              6,
              13
            ]
          },
          {
            "dow": "FRI",
            "hh": "08",
            "mm": "30",
            "getOffCarRate": [
              7,
              10,
              8,
              13,
              10,
              13,
              9,
              13,
              7,
              12
            ]
          },
          {
            "dow": "FRI",
            "hh": "08",
            "mm": "40",
            "getOffCarRate": [
              5,
              10,
              8,
              13,
              11,
              12,
              9,
              12,
              7,
              11
            ]
          },
          {
            "dow": "FRI",
            "hh": "08",
            "mm": "50",
            "getOffCarRate": [
              4,
              9,
              8,
              13,
              11,
              13,
              9,
              12,
              9,
              12
            ]
          }
        ]
      },
      {
        "startStationCode": "239",
        "startStationName": "홍대입구역",
        "endStationCode": "211",
        "endStationName": "성수역",
        "prevStationCode": "205",
        "prevStationName": "동대문역사문화공원역",
        "updnLine": 1,
        "directAt": 0,
        "data": [
          {
            "dow": "FRI",
            "hh": "08",
            "mm": "00",
            "getOffCarRate": [
              7,
              11,
              7,
              12,
              7,
              10,
              9,
              11,
              8,
              18
            ]
          },
          {
            "dow": "FRI",
            "hh": "08",
            "mm": "10",
            "getOffCarRate": [
              6,
              12,
              7,
              11,
              7,
              11,
              9,
              12,
              8,
              18
            ]
          },
          {
            "dow": "FRI",
            "hh": "08",
            "mm": "20",
            "getOffCarRate": [
              7,
              10,
              7,
              12,
              8,
              12,
              9,
              13,
              7,
              14
            ]
          },
          {
            "dow": "FRI",
            "hh": "08",
            "mm": "30",
            "getOffCarRate": [
              7,
              10,
              8,
              13,
              10,
              13,
              9,
              13,
              7,
              12
            ]
          },
          {
            "dow": "FRI",
            "hh": "08",
            "mm": "40",
            "getOffCarRate": [
              5,
              10,
              8,
              13,
              11,
              12,
              9,
              12,
              7,
              11
            ]
          },
          {
            "dow": "FRI",
            "hh": "08",
            "mm": "50",
            "getOffCarRate": [
              4,
              9,
              8,
              13,
              11,
              13,
              9,
              12,
              9,
              12
            ]
          }
        ]
      },
      {
        "startStationCode": "239",
        "startStationName": "홍대입구역",
        "endStationCode": "211-R",
        "endStationName": "성수역",
        "prevStationCode": "205",
        "prevStationName": "동대문역사문화공원역",
        "updnLine": 1,
        "directAt": 0,
        "data": [
          {
            "dow": "FRI",
            "hh": "08",
            "mm": "00",
            "getOffCarRate": [
              7,
              11,
              7,
              12,
              7,
              10,
              9,
              11,
              8,
              18
            ]
          },
          {
            "dow": "FRI",
            "hh": "08",
            "mm": "10",
            "getOffCarRate": [
              6,
              12,
              7,
              11,
              7,
              11,
              9,
              12,
              8,
              18
            ]
          },
          {
            "dow": "FRI",
            "hh": "08",
            "mm": "20",
            "getOffCarRate": [
              7,
              10,
              7,
              12,
              8,
              12,
              9,
              13,
              7,
              14
            ]
          },
          {
            "dow": "FRI",
            "hh": "08",
            "mm": "30",
            "getOffCarRate": [
              7,
              10,
              8,
              13,
              10,
              13,
              9,
              13,
              7,
              12
            ]
          },
          {
            "dow": "FRI",
            "hh": "08",
            "mm": "40",
            "getOffCarRate": [
              5,
              10,
              8,
              13,
              11,
              12,
              9,
              12,
              7,
              11
            ]
          },
          {
            "dow": "FRI",
            "hh": "08",
            "mm": "50",
            "getOffCarRate": [
              4,
              9,
              8,
              13,
              11,
              13,
              9,
              12,
              9,
              12
            ]
          }
        ]
      }
    ],
    "statStartDate": "20230924",
    "statEndDate": "20231223"
  }
}