{
  "status": {
    "code": "00",
    "message": "success",
    "totalCount": 1
  },
  "contents": {
    "subwayLine": "2호선",
    "stationName": "삼성역",
    "stationCode": "219",
    "stat": [
      {
        "startStationCode": "202",
        "startStationName": "을지로입구역",
        "endStationCode": "211",
        "endStationName": "성수역",
        "prevStationCode": "220",
        "prevStationName": "선릉역",
        "updnLine": 0,
        "directAt": 0,
        "data": [
          {
            "dow": "WED",
            "hh": "13",
            "mm": "00",
            "getOffCarRate": [
              6,
              7,
              6,
              11,
              11,
              10,
              12,
              14,
              10,
              13
            ]
          },
          {
            "dow": "WED",
            "hh": "13",
            "mm": "10",
            "getOffCarRate": [
              6,
              7,
              7,
              11,
              11,
              11,
              12,
              13,
              10,
              12
            ]
          },
          {
            "dow": "WED",
            "hh": "13",
            "mm": "20",
            "getOffCarRate": [
              5,
              7,
              7,
              11,
              11,
              10,
              12,
              14,
              10,
              12
            ]
          },
          {
            "dow": "WED",
            "hh": "13",
            "mm": "30",
            "getOffCarRate": [
              5,
              7,
              8,
              12,
              11,
              11,
              12,
              13,
              10,
              12
            ]
          },
          {
            "dow": "WED",
            "hh": "13",
            "mm": "40",
            "getOffCarRate": [
              5,
              7,
              8,
              12,
              12,
              11,
              12,
              13,
              10,
              11
            ]
          },
          {
            "dow": "WED",
            "hh": "13",
            "mm": "50",
            "getOffCarRate": [
              5,
              8,
              8,
              12,
              11,
              11,
              13,
              13,
              10,
              11
            ]
          }
        ]
      },
      {
        "startStationCode": "202",
        "startStationName": "을지로입구역",
        "endStationCode": "211-R",
        "endStationName": "성수역",
        "prevStationCode": "220",
        "prevStationName": "선릉역",
        "updnLine": 0,
        "directAt": 0,
        "data": [
          {
            "dow": "WED",
            "hh": "13",
            "mm": "00",
            "getOffCarRate": [
              6,
              7,
              6,
              11,
              11,
              10,
              12,
              14,
              10,
              13
            ]
          },
          {
            "dow": "WED",
            "hh": "13",
            "mm": "10",
            "getOffCarRate": [
              6,
              7,
              7,
              11,
              11,
              11,
              12,
              13,
              10,
              12
            ]
          },
          {
            "dow": "WED",
            "hh": "13",
            "mm": "20",
            "getOffCarRate": [
              5,
              7,
              7,
              11,
              11,
              10,
              12,
              14,
              10,
              12
            ]
          },
          {
            "dow": "WED",
            "hh": "13",
            "mm": "30",
            "getOffCarRate": [
              5,
              7,
              8,
              12,
              11,
              11,
              12,
              13,
              10,
              12
            ]
          },
          {
            "dow": "WED",
            "hh": "13",
            "mm": "40",
            "getOffCarRate": [
              5,
              7,
              8,
              12,
              12,
              11,
              12,
              13,
              10,
              11
            ]
          },
          {
            "dow": "WED",
            "hh": "13",
            "mm": "50",
            "getOffCarRate": [
              5,
              8,
              8,
              12,
              11,
              11,
              13,
              13,
              10,
              11
            ]
          }
        ]
      },
      {
        "startStationCode": "211",
        "startStationName": "성수역",
        "endStationCode": "202",
        "endStationName": "을지로입구역",
        "prevStationCode": "218",
        "prevStationName": "종합운동장역",
        "updnLine": 1,
        "directAt": 0,
        "data": [
          {
            "dow": "WED",
            "hh": "13",
            "mm": "00",
            "getOffCarRate": [
              11,
              9,
              17,
              12,
              10,
              9,
              8,
              9,
              9,
              6
            ]
          },
          {
            "dow": "WED",
            "hh": "13",
            "mm": "10",
            "getOffCarRate": [
              11,
              8,
              17,
              12,
              9,
              9,
              9,
              9,
              9,
              6
            ]
          },
          {
            "dow": "WED",
            "hh": "13",
            "mm": "20",
            "getOffCarRate": [
              11,
              8,
              16,
              12,
              9,
              9,
              10,
              9,
              9,
              7
            ]
          },
          {
            "dow": "WED",
            "hh": "13",
            "mm": "30",
            "getOffCarRate": [
              10,
              8,
              16,
              12,
              10,
              10,
              9,
              9,
              9,
              7
            ]
          },
          {
            "dow": "WED",
            "hh": "13",
            "mm": "40",
            "getOffCarRate": [
              9,
              8,
              15,
              12,
              11,
              10,
              10,
              9,
              9,
              7
            ]
          },
          {
            "dow": "WED",
            "hh": "13",
            "mm": "50",
            "getOffCarRate": [
              9,
              8,
              15,
              11,
              11,
              10,
              10,
              9,
              9,
              7
            ]
          }
        ]
      },
      {
        "startStationCode": "211",
        "startStationName": "성수역",
        "endStationCode": "211",
        "endStationName": "성수역",
        "prevStationCode": "220",
        "prevStationName": "선릉역",
        "updnLine": 0,
        "directAt": 0,
        "data": [
          {
            "dow": "WED",
            "hh": "13",
            "mm": "00",
            "getOffCarRate": [
              6,
              7,
              6,
              11,
              11,
              10,
              12,
              14,
              10,
              13
            ]
          },
          {
            "dow": "WED",
            "hh": "13",
            "mm": "10",
            "getOffCarRate": [
              6,
              7,
              7,
              11,
              11,
              11,
              12,
              13,
              10,
              12
            ]
          },
          {
            "dow": "WED",
            "hh": "13",
            "mm": "20",
            "getOffCarRate": [
              5,
              7,
              7,
              11,
              11,
              10,
              12,
              14,
              10,
              12
            ]
          },
          {
            "dow": "WED",
            "hh": "13",
            "mm": "30",
            "getOffCarRate": [
              5,
              7,
              8,
              12,
              11,
              11,
              12,
              13,
              10,
              12
            ]
          },
          {
            "dow": "WED",
            "hh": "13",
            "mm": "40",
            "getOffCarRate": [
              5,
              7,
              8,
              12,
              12,
              11,
              12,
              13,
              10,
              11
            ]
          },
          {
            "dow": "WED",
            "hh": "13",
            "mm": "50",
            "getOffCarRate": [
              5,
              8,
              8,
              12,
              11,
              11,
              13,
              13,
              10,
              11
            ]
          }
        ]
      },
      {
        "startStationCode": "211",
        "startStationName": "성수역",
        "endStationCode": "211",
        "endStationName": "성수역",
        "prevStationCode": "218",
        "prevStationName": "종합운동장역",
        "updnLine": 1,
        "directAt": 0,
        "data": [
          {
            "dow": "WED",
            "hh": "13",
            "mm": "00",
            "getOffCarRate": [
              11,
              9,
              17,
              12,
              10,
              9,
              8,
              9,
              9,
              6
            ]
          },
          {
            "dow": "WED",
            "hh": "13",
            "mm": "10",
            "getOffCarRate": [
              11,
              8,
              17,
              12,
              9,
              9,
              9,
              9,
              9,
              6
            ]
          },
          {
            "dow": "WED",
            "hh": "13",
            "mm": "20",
            "getOffCarRate": [
              11,
              8,
              16,
              12,
              9,
              9,
              10,
              9,
              9,
              7
            ]
          },
          {
            "dow": "WED",
            "hh": "13",
            "mm": "30",
            "getOffCarRate": [
              10,
              8,
              16,
              12,
              10,
              10,
              9,
              9,
              9,
              7
            ]
          },
          {
            "dow": "WED",
            "hh": "13",
            "mm": "40",
            "getOffCarRate": [
              9,
              8,
              15,
              12,
              11,
              10,
              10,
              9,
              9,
              7
            ]
          },
          {
            "dow": "WED",
            "hh": "13",
            "mm": "50",
            "getOffCarRate": [
              9,
              8,
              15,
              11,
              11,
              10,
              10,
              9,
              9,
              7
            ]
          }
        ]
      },
      {
        "startStationCode": "211",
        "startStationName": "성수역",
        "endStationCode": "211-R",
        "endStationName": "성수역",
        "prevStationCode": "220",
        "prevStationName": "선릉역",
        "updnLine": 0,
        "directAt": 0,
        "data": [
          {
            "dow": "WED",
            "hh": "13",
            "mm": "00",
            "getOffCarRate": [
              6,
              7,
              6,
              11,
              12,
              10,
              12,
              14,
              10,
              13
            ]
          },
          {
            "dow": "WED",
            "hh": "13",
            "mm": "10",
            "getOffCarRate": [
              6,
              7,
              7,
              11,
              11,
              11,
              12,
              13,
              10,
              12
            ]
          },
          {
            "dow": "WED",
            "hh": "13",
            "mm": "20",
            "getOffCarRate": [
              5,
              7,
              7,
              11,
              11,
              10,
              12,
              14,
              10,
              12
            ]
          },
          {
            "dow": "WED",
            "hh": "13",
            "mm": "30",
            "getOffCarRate": [
              5,
              7,
              7,
              12,
              11,
              10,
              12,
              13,
              10,
              12
            ]
          },
          {
            "dow": "WED",
            "hh": "13",
            "mm": "40",
            "getOffCarRate": [
              5,
              7,
              8,
              12,
              12,
              11,
              12,
              13,
              10,
              11
            ]
          },
          {
            "dow": "WED",
            "hh": "13",
            "mm": "50",
            "getOffCarRate": [
              5,
              8,
              8,
              12,
              11,
              11,
              13,
              13,
              10,
              11
            ]
          }
        ]
      },
      {
        "startStationCode": "211",
        "startStationName": "성수역",
        "endStationCode": "211-R",
        "endStationName": "성수역",
        "prevStationCode": "218",
        "prevStationName": "종합운동장역",
        "updnLine": 1,
        "directAt": 0,
        "data": [
          {
            "dow": "WED",
            "hh": "13",
            "mm": "00",
            "getOffCarRate": [
              11,
              9,
              17,
              12,
              10,
              9,
              8,
              9,
              9,
              6
            ]
          },
          {
            "dow": "WED",
            "hh": "13",
            "mm": "10",
            "getOffCarRate": [
              11,
              8,
              17,
              12,
              9,
              9,
              9,
              9,
              9,
              6
            ]
          },
          {
            "dow": "WED",
            "hh": "13",
            "mm": "20",
            "getOffCarRate": [
              11,
              8,
              16,
              12,
              9,
              9,
              10,
              9,
              9,
              7
            ]
          },
          {
            "dow": "WED",
            "hh": "13",
            "mm": "30",
            "getOffCarRate": [
              10,
              8,
              16,
              12,
              10,
              10,
              9,
              9,
              9,
              7
            ]
          },
          {
            "dow": "WED",
            "hh": "13",
            "mm": "40",
            "getOffCarRate": [
              9,
              8,
              15,
              12,
              11,
              10,
              10,
              9,
              9,
              7
            ]
          },
          {
            "dow": "WED",
            "hh": "13",
            "mm": "50",
            "getOffCarRate": [
              9,
              8,
              15,
              11,
              11,
              10,
              10,
              9,
              9,
              7
            ]
          }
        ]
      },
      {
        "startStationCode": "211",
        "startStationName": "성수역",
        "endStationCode": "219",
        "endStationName": "삼성역",
        "prevStationCode": "220",
        "prevStationName": "선릉역",
        "updnLine": 0,
        "directAt": 0,
        "data": [
          {
            "dow": "WED",
            "hh": "13",
            "mm": "00",
            "getOffCarRate": [
              6,
              7,
              6,
              11,
              11,
              10,
              12,
              14,
              10,
              13
            ]
          },
          {
            "dow": "WED",
            "hh": "13",
            "mm": "10",
            "getOffCarRate": [
              6,
              7,
              7,
              11,
              11,
              11,
              12,
              13,
              10,
              12
            ]
          },
          {
            "dow": "WED",
            "hh": "13",
            "mm": "20",
            "getOffCarRate": [
              5,
              7,
              7,
              11,
              11,
              10,
              12,
              14,
              10,
              12
            ]
          },
          {
            "dow": "WED",
            "hh": "13",
            "mm": "30",
            "getOffCarRate": [
              5,
              7,
              8,
              12,
              11,
              11,
              12,
              13,
              10,
              12
            ]
          },
          {
            "dow": "WED",
            "hh": "13",
            "mm": "40",
            "getOffCarRate": [
              5,
              7,
              8,
              12,
              12,
              11,
              12,
              13,
              10,
              11
            ]
          },
          {
            "dow": "WED",
            "hh": "13",
            "mm": "50",
            "getOffCarRate": [
              5,
              8,
              8,
              12,
              11,
              11,
              13,
              13,
              10,
              11
            ]
          }
        ]
      },
      {
        "startStationCode": "211",
        "startStationName": "성수역",
        "endStationCode": "219",
        "endStationName": "삼성역",
        "prevStationCode": "218",
        "prevStationName": "종합운동장역",
        "updnLine": 1,
        "directAt": 0,
        "data": [
          {
            "dow": "WED",
            "hh": "13",
            "mm": "00",
            "getOffCarRate": [
              11,
              9,
              17,
              12,
              10,
              9,
              8,
              9,
              9,
              6
            ]
          },
          {
            "dow": "WED",
            "hh": "13",
            "mm": "10",
            "getOffCarRate": [
              11,
              8,
              17,
              12,
              9,
              9,
              9,
              9,
              9,
              6
            ]
          },
          {
            "dow": "WED",
            "hh": "13",
            "mm": "20",
            "getOffCarRate": [
              11,
              8,
              16,
              12,
              9,
              9,
              10,
              9,
              9,
              7
            ]
          },
          {
            "dow": "WED",
            "hh": "13",
            "mm": "30",
            "getOffCarRate": [
              10,
              8,
              16,
              12,
              10,
              10,
              9,
              9,
              9,
              7
            ]
          },
          {
            "dow": "WED",
            "hh": "13",
            "mm": "40",
            "getOffCarRate": [
              9,
              8,
              15,
              12,
              11,
              10,
              10,
              9,
              9,
              7
            ]
          },
          {
            "dow": "WED",
            "hh": "13",
            "mm": "50",
            "getOffCarRate": [
              9,
              8,
              15,
              11,
              11,
              10,
              10,
              9,
              9,
              7
            ]
          }
        ]
      },
      {
        "startStationCode": "211",
        "startStationName": "성수역",
        "endStationCode": "228",
        "endStationName": "서울대입구역",
        "prevStationCode": "218",
        "prevStationName": "종합운동장역",
        "updnLine": 1,
        "directAt": 0,
        "data": [
          {
            "dow": "WED",
            "hh": "13",
            "mm": "00",
            "getOffCarRate": [
              11,
              9,
              17,
              12,
              10,
              9,
              8,
              9,
              9,
              6
            ]
          },
          {
            "dow": "WED",
            "hh": "13",
            "mm": "10",
            "getOffCarRate": [
              11,
              8,
              17,
              12,
              9,
              9,
              9,
              9,
              9,
              6
            ]
          },
          {
            "dow": "WED",
            "hh": "13",
            "mm": "20",
            "getOffCarRate": [
              11,
              8,
              16,
              12,
              9,
              9,
              10,
              9,
              9,
              7
            ]
          },
          {
            "dow": "WED",
            "hh": "13",
            "mm": "30",
            "getOffCarRate": [
              10,
              8,
              16,
              12,
              10,
              10,
              9,
              9,
              9,
              7
            ]
          },
          {
            "dow": "WED",
            "hh": "13",
            "mm": "40",
            "getOffCarRate": [
              9,
              8,
              15,
              12,
              11,
              10,
              10,
              9,
              9,
              7
            ]
          },
          {
            "dow": "WED",
            "hh": "13",
            "mm": "50",
            "getOffCarRate": [
              9,
              8,
              15,
              11,
              11,
              10,
              10,
              9,
              9,
              7
            ]
          }
        ]
      },
      {
        "startStationCode": "211",
        "startStationName": "성수역",
        "endStationCode": "234",
        "endStationName": "신도림역",
        "prevStationCode": "218",
        "prevStationName": "종합운동장역",
        "updnLine": 1,
        "directAt": 0,
        "data": [
          {
            "dow": "WED",
            "hh": "13",
            "mm": "00",
            "getOffCarRate": [
              11,
              9,
              17,
              12,
              10,
              9,
              8,
              9,
              9,
              6
            ]
          },
          {
            "dow": "WED",
            "hh": "13",
            "mm": "10",
            "getOffCarRate": [
              11,
              8,
              17,
              12,
              9,
              9,
              9,
              9,
              9,
              6
            ]
          },
          {
            "dow": "WED",
            "hh": "13",
            "mm": "20",
            "getOffCarRate": [
              11,
              8,
              16,
              12,
              9,
              9,
              10,
              9,
              9,
              7
            ]
          },
          {
            "dow": "WED",
            "hh": "13",
            "mm": "30",
            "getOffCarRate": [
              10,
              8,
              16,
              12,
              10,
              10,
              9,
              9,
              9,
              7
            ]
          },
          {
            "dow": "WED",
            "hh": "13",
            "mm": "40",
            "getOffCarRate": [
              9,
              8,
              15,
              12,
              11,
              10,
              10,
              9,
              9,
              7
            ]
          },
          {
            "dow": "WED",
            "hh": "13",
            "mm": "50",
            "getOffCarRate": [
              9,
              8,
              15,
              11,
              11,
              10,
              10,
              9,
              9,
              7
            ]
          }
        ]
      },
      {
        "startStationCode": "211",
        "startStationName": "성수역",
        "endStationCode": "239",
        "endStationName": "홍대입구역",
        "prevStationCode": "218",
        "prevStationName": "종합운동장역",
        "updnLine": 1,
        "directAt": 0,
        "data": [
          {
            "dow": "WED",
            "hh": "13",
            "mm": "00",
            "getOffCarRate": [
              11,
              9,
              17,
              12,
              10,
              9,
              8,
              9,
              9,
              6
            ]
          },
          {
            "dow": "WED",
            "hh": "13",
            "mm": "10",
            "getOffCarRate": [
              11,
              8,
              17,
              12,
              9,
              9,
              9,
              9,
              9,
              6
            ]
          },
          {
            "dow": "WED",
            "hh": "13",
            "mm": "20",
            "getOffCarRate": [
              11,
              8,
              16,
              12,
              9,
              9,
              10,
              9,
              9,
              7
            ]
          },
          {
            "dow": "WED",
            "hh": "13",
            "mm": "30",
            "getOffCarRate": [
              10,
              8,
              16,
              12,
              10,
              10,
              9,
              9,
              9,
              7
            ]
          },
          {
            "dow": "WED",
            "hh": "13",
            "mm": "40",
            "getOffCarRate": [
              9,
              8,
              15,
              12,
              11,
              10,
              10,
              9,
              9,
              7
            ]
          },
          {
            "dow": "WED",
            "hh": "13",
            "mm": "50",
            "getOffCarRate": [
              9,
              8,
              15,
              11,
              11,
              10,
              10,
              9,
              9,
              7
            ]
          }
        ]
      },
      {
        "startStationCode": "228",
        "startStationName": "서울대입구역",
        "endStationCode": "211",
        "endStationName": "성수역",
        "prevStationCode": "220",
        "prevStationName": "선릉역",
        "updnLine": 0,
        "directAt": 0,
        "data": [
          {
            "dow": "WED",
            "hh": "13",
            "mm": "00",
            "getOffCarRate": [
              6,
              7,
              6,
              11,
              11,
              10,
              12,
              14,
              10,
              13
            ]
          },
          {
            "dow": "WED",
            "hh": "13",
            "mm": "10",
            "getOffCarRate": [
              6,
              7,
              7,
              11,
              11,
              11,
              12,
              13,
              10,
              12
            ]
          },
          {
            "dow": "WED",
            "hh": "13",
            "mm": "20",
            "getOffCarRate": [
              5,
              7,
              7,
              11,
              11,
              10,
              12,
              14,
              10,
              12
            ]
          },
          {
            "dow": "WED",
            "hh": "13",
            "mm": "30",
            "getOffCarRate": [
              5,
              7,
              8,
              12,
              11,
              11,
              12,
              13,
              10,
              12
            ]
          },
          {
            "dow": "WED",
            "hh": "13",
            "mm": "40",
            "getOffCarRate": [
              5,
              7,
              8,
              12,
              12,
              11,
              12,
              13,
              10,
              11
            ]
          },
          {
            "dow": "WED",
            "hh": "13",
            "mm": "50",
            "getOffCarRate": [
              5,
              8,
              8,
              12,
              11,
              11,
              13,
              13,
              10,
              11
            ]
          }
        ]
      },
      {
        "startStationCode": "228",
        "startStationName": "서울대입구역",
        "endStationCode": "211-R",
        "endStationName": "성수역",
        "prevStationCode": "220",
        "prevStationName": "선릉역",
        "updnLine": 0,
        "directAt": 0,
        "data": [
          {
            "dow": "WED",
            "hh": "13",
            "mm": "00",
            "getOffCarRate": [
              6,
              7,
              6,
              11,
              11,
              10,
              12,
              14,
              10,
              13
            ]
          },
          {
            "dow": "WED",
            "hh": "13",
            "mm": "10",
            "getOffCarRate": [
              6,
              7,
              7,
              11,
              11,
              11,
              12,
              13,
              10,
              12
            ]
          },
          {
            "dow": "WED",
            "hh": "13",
            "mm": "20",
            "getOffCarRate": [
              5,
              7,
              7,
              11,
              11,
              10,
              12,
              14,
              10,
              12
            ]
          },
          {
            "dow": "WED",
            "hh": "13",
            "mm": "30",
            "getOffCarRate": [
              5,
              7,
              8,
              12,
              11,
              11,
              12,
              13,
              10,
              12
            ]
          },
          {
            "dow": "WED",
            "hh": "13",
            "mm": "40",
            "getOffCarRate": [
              5,
              7,
              8,
              12,
              12,
              11,
              12,
              13,
              10,
              11
            ]
          },
          {
            "dow": "WED",
            "hh": "13",
            "mm": "50",
            "getOffCarRate": [
              5,
              8,
              8,
              12,
              11,
              11,
              13,
              13,
              10,
              11
            ]
          }
        ]
      },
      {
        "startStationCode": "234",
        "startStationName": "신도림역",
        "endStationCode": "211",
        "endStationName": "성수역",
        "prevStationCode": "220",
        "prevStationName": "선릉역",
        "updnLine": 0,
        "directAt": 0,
        "data": [
          {
            "dow": "WED",
            "hh": "13",
            "mm": "00",
            "getOffCarRate": [
              6,
              7,
              6,
              11,
              11,
              10,
              12,
              14,
              10,
              13
            ]
          },
          {
            "dow": "WED",
            "hh": "13",
            "mm": "10",
            "getOffCarRate": [
              6,
              7,
              7,
              11,
              11,
              11,
              12,
              13,
              10,
              12
            ]
          },
          {
            "dow": "WED",
            "hh": "13",
            "mm": "20",
            "getOffCarRate": [
              5,
              7,
              7,
              11,
              11,
              10,
              12,
              14,
              10,
              12
            ]
          },
          {
            "dow": "WED",
            "hh": "13",
            "mm": "30",
            "getOffCarRate": [
              5,
              7,
              8,
              12,
              11,
              11,
              12,
              13,
              10,
              12
            ]
          },
          {
            "dow": "WED",
            "hh": "13",
            "mm": "40",
            "getOffCarRate": [
              5,
              7,
              8,
              12,
              12,
              11,
              12,
              13,
              10,
              11
            ]
          },
          {
            "dow": "WED",
            "hh": "13",
            "mm": "50",
            "getOffCarRate": [
              5,
              8,
              8,
              12,
              11,
              11,
              13,
              13,
              10,
              11
            ]
          }
        ]
      },
      {
        "startStationCode": "234",
        "startStationName": "신도림역",
        "endStationCode": "211-R",
        "endStationName": "성수역",
        "prevStationCode": "220",
        "prevStationName": "선릉역",
        "updnLine": 0,
        "directAt": 0,
        "data": [
          {
            "dow": "WED",
            "hh": "13",
            "mm": "00",
            "getOffCarRate": [
              6,
              7,
              6,
              11,
              11,
              10,
              12,
              14,
              10,
              13
            ]
          },
          {
            "dow": "WED",
            "hh": "13",
            "mm": "10",
            "getOffCarRate": [
              6,
              7,
              7,
              11,
              11,
              11,
              12,
              13,
              10,
              12
            ]
          },
          {
            "dow": "WED",
            "hh": "13",
            "mm": "20",
            "getOffCarRate": [
              5,
              8,
              7,
              11,
              12,
              11,
              12,
              12,
              10,
              11
            ]
          },
          {
            "dow": "WED",
            "hh": "13",
            "mm": "30",
            "getOffCarRate": [
              5,
              8,
              7,
              12,
              12,
              11,
              12,
              12,
              11,
              11
            ]
          },
          {
            "dow": "WED",
            "hh": "13",
            "mm": "40",
            "getOffCarRate": [
              5,
              8,
              7,
              12,
              12,
              11,
              12,
              12,
              10,
              11
            ]
          },
          {
            "dow": "WED",
            "hh": "13",
            "mm": "50",
            "getOffCarRate": [
              5,
              8,
              7,
              12,
              12,
              11,
              13,
              12,
              10,
              11
            ]
          }
        ]
      },
      {
        "startStationCode": "239",
        "startStationName": "홍대입구역",
        "endStationCode": "211",
        "endStationName": "성수역",
        "prevStationCode": "220",
        "prevStationName": "선릉역",
        "updnLine": 0,
        "directAt": 0,
        "data": [
          {
            "dow": "WED",
            "hh": "13",
            "mm": "00",
            "getOffCarRate": [
              6,
              7,
              6,
              11,
              11,
              10,
              12,
              14,
              10,
              13
            ]
          },
          {
            "dow": "WED",
            "hh": "13",
            "mm": "10",
            "getOffCarRate": [
              6,
              7,
              7,
              11,
              11,
              11,
              12,
              13,
              10,
              12
            ]
          },
          {
            "dow": "WED",
            "hh": "13",
            "mm": "20",
            "getOffCarRate": [
              5,
              7,
              7,
              11,
              11,
              10,
              12,
              14,
              10,
              12
            ]
          },
          {
            "dow": "WED",
            "hh": "13",
            "mm": "30",
            "getOffCarRate": [
              5,
              7,
              8,
              12,
              11,
              11,
              12,
              13,
              10,
              12
            ]
          },
          {
            "dow": "WED",
            "hh": "13",
            "mm": "40",
            "getOffCarRate": [
              5,
              7,
              8,
              12,
              12,
              11,
              12,
              13,
              10,
              11
            ]
          },
          {
            "dow": "WED",
            "hh": "13",
            "mm": "50",
            "getOffCarRate": [
              5,
              8,
              8,
              12,
              11,
              11,
              13,
              13,
              10,
              11
            ]
          }
        ]
      },
      {
        "startStationCode": "239",
        "startStationName": "홍대입구역",
        "endStationCode": "211-R",
        "endStationName": "성수역",
        "prevStationCode": "220",
        "prevStationName": "선릉역",
        "updnLine": 0,
        "directAt": 0,
        "data": [
          {
            "dow": "WED",
            "hh": "13",
            "mm": "00",
            "getOffCarRate": [
              6,
              7,
              6,
              11,
              11,
              10,
              12,
              14,
              10,
              13
            ]
          },
          {
            "dow": "WED",
            "hh": "13",
            "mm": "10",
            "getOffCarRate": [
              6,
              7,
              7,
              11,
              11,
              11,
              12,
              13,
              10,
              12
            ]
          },
          {
            "dow": "WED",
            "hh": "13",
            "mm": "20",
            "getOffCarRate": [
              5,
              7,
              7,
              11,
              11,
              10,
              12,
              14,
              10,
              12
            ]
          },
          {
            "dow": "WED",
            "hh": "13",
            "mm": "30",
            "getOffCarRate": [
              5,
              7,
              8,
              12,
              11,
              11,
              12,
              13,
              10,
              12
            ]
          },
          {
            "dow": "WED",
            "hh": "13",
            "mm": "40",
            "getOffCarRate": [
              5,
              7,
              8,
              12,
              12,
              11,
              12,
              13,
              10,
              11
            ]
          },
          {
            "dow": "WED",
            "hh": "13",
            "mm": "50",
            "getOffCarRate": [
              5,
              8,
              8,
              12,
              11,
              11,
              13,
              13,
              10,
              11
            ]
          }
        ]
      }
    ],
    "statStartDate": "20230924",
    "statEndDate": "20231223"
  }
}