{
  "status": {
    "code": "00",
    "message": "success",
    "totalCount": 1
  },
  "contents": {
    "subwayLine": "2호선",
    "stationName": "잠실새내역",
    "stationCode": "217",
    "stat": [
      {
        "startStationCode": "202",
        "startStationName": "을지로입구역",
        "endStationCode": "211",
        "endStationName": "성수역",
        "prevStationCode": "218",
        "prevStationName": "종합운동장역",
        "updnLine": 0,
        "directAt": 0,
        "data": [
          {
            "dow": "FRI",
            "hh": "13",
            "mm": "00",
            "getOffCarRate": [
              3,
              4,
              7,
              9,
              12,
              18,
              14,
              17,
              10,
              7
            ]
          },
          {
            "dow": "FRI",
            "hh": "13",
            "mm": "10",
            "getOffCarRate": [
              2,
              4,
              8,
              9,
              12,
              18,
              14,
              17,
              9,
              7
            ]
          },
          {
            "dow": "FRI",
            "hh": "13",
            "mm": "20",
            "getOffCarRate": [
              2,
              4,
              8,
              8,
              12,
              16,
              14,
              18,
              9,
              8
            ]
          },
          {
            "dow": "FRI",
            "hh": "13",
            "mm": "30",
            "getOffCarRate": [
              2,
              4,
              8,
              8,
              12,
              17,
              14,
              17,
              9,
              8
            ]
          },
          {
            "dow": "FRI",
            "hh": "13",
            "mm": "40",
            "getOffCarRate": [
              3,
              4,
              8,
              7,
              12,
              17,
              15,
              17,
              10,
              8
            ]
          },
          {
            "dow": "FRI",
            "hh": "13",
            "mm": "50",
            "getOffCarRate": [
              3,
              4,
              8,
              7,
              12,
              16,
              15,
              17,
              9,
              8
            ]
          }
        ]
      },
      {
        "startStationCode": "202",
        "startStationName": "을지로입구역",
        "endStationCode": "211-R",
        "endStationName": "성수역",
        "prevStationCode": "218",
        "prevStationName": "종합운동장역",
        "updnLine": 0,
        "directAt": 0,
        "data": [
          {
            "dow": "FRI",
            "hh": "13",
            "mm": "00",
            "getOffCarRate": [
              3,
              4,
              7,
              9,
              12,
              18,
              14,
              17,
              10,
              7
            ]
          },
          {
            "dow": "FRI",
            "hh": "13",
            "mm": "10",
            "getOffCarRate": [
              2,
              4,
              8,
              9,
              12,
              18,
              14,
              17,
              9,
              7
            ]
          },
          {
            "dow": "FRI",
            "hh": "13",
            "mm": "20",
            "getOffCarRate": [
              2,
              4,
              8,
              8,
              12,
              16,
              14,
              18,
              9,
              8
            ]
          },
          {
            "dow": "FRI",
            "hh": "13",
            "mm": "30",
            "getOffCarRate": [
              2,
              4,
              8,
              8,
              12,
              17,
              14,
              17,
              9,
              8
            ]
          },
          {
            "dow": "FRI",
            "hh": "13",
            "mm": "40",
            "getOffCarRate": [
              3,
              4,
              8,
              7,
              12,
              17,
              15,
              17,
              10,
              8
            ]
          },
          {
            "dow": "FRI",
            "hh": "13",
            "mm": "50",
            "getOffCarRate": [
              3,
              4,
              8,
              7,
              12,
              16,
              15,
              17,
              9,
              8
            ]
          }
        ]
      },
      {
        "startStationCode": "211",
        "startStationName": "성수역",
        "endStationCode": "202",
        "endStationName": "을지로입구역",
        "prevStationCode": "216",
        "prevStationName": "잠실역",
        "updnLine": 1,
        "directAt": 0,
        "data": [
          {
            "dow": "FRI",
            "hh": "13",
            "mm": "00",
            "getOffCarRate": [
              8,
              10,
              18,
              16,
              15,
              9,
              8,
              8,
              4,
              5
            ]
          },
          {
            "dow": "FRI",
            "hh": "13",
            "mm": "10",
            "getOffCarRate": [
              7,
              10,
              18,
              16,
              15,
              10,
              8,
              7,
              4,
              5
            ]
          },
          {
            "dow": "FRI",
            "hh": "13",
            "mm": "20",
            "getOffCarRate": [
              7,
              10,
              17,
              15,
              15,
              10,
              7,
              8,
              5,
              5
            ]
          },
          {
            "dow": "FRI",
            "hh": "13",
            "mm": "30",
            "getOffCarRate": [
              7,
              11,
              18,
              16,
              14,
              10,
              7,
              8,
              4,
              5
            ]
          },
          {
            "dow": "FRI",
            "hh": "13",
            "mm": "40",
            "getOffCarRate": [
              6,
              11,
              19,
              16,
              14,
              9,
              7,
              8,
              6,
              5
            ]
          },
          {
            "dow": "FRI",
            "hh": "13",
            "mm": "50",
            "getOffCarRate": [
              6,
              11,
              18,
              16,
              15,
              9,
              6,
              9,
              7,
              4
            ]
          }
        ]
      },
      {
        "startStationCode": "211",
        "startStationName": "성수역",
        "endStationCode": "211",
        "endStationName": "성수역",
        "prevStationCode": "218",
        "prevStationName": "종합운동장역",
        "updnLine": 0,
        "directAt": 0,
        "data": [
          {
            "dow": "FRI",
            "hh": "13",
            "mm": "00",
            "getOffCarRate": [
              3,
              4,
              7,
              9,
              12,
              18,
              14,
              17,
              10,
              7
            ]
          },
          {
            "dow": "FRI",
            "hh": "13",
            "mm": "10",
            "getOffCarRate": [
              2,
              4,
              8,
              9,
              12,
              18,
              14,
              17,
              9,
              7
            ]
          },
          {
            "dow": "FRI",
            "hh": "13",
            "mm": "20",
            "getOffCarRate": [
              2,
              4,
              8,
              8,
              12,
              16,
              14,
              18,
              9,
              8
            ]
          },
          {
            "dow": "FRI",
            "hh": "13",
            "mm": "30",
            "getOffCarRate": [
              2,
              4,
              8,
              8,
              12,
              17,
              14,
              17,
              9,
              8
            ]
          },
          {
            "dow": "FRI",
            "hh": "13",
            "mm": "40",
            "getOffCarRate": [
              3,
              4,
              8,
              7,
              12,
              17,
              15,
              17,
              10,
              8
            ]
          },
          {
            "dow": "FRI",
            "hh": "13",
            "mm": "50",
            "getOffCarRate": [
              3,
              4,
              8,
              7,
              12,
              16,
              15,
              17,
              9,
              8
            ]
          }
        ]
      },
      {
        "startStationCode": "211",
        "startStationName": "성수역",
        "endStationCode": "211",
        "endStationName": "성수역",
        "prevStationCode": "216",
        "prevStationName": "잠실역",
        "updnLine": 1,
        "directAt": 0,
        "data": [
          {
            "dow": "FRI",
            "hh": "13",
            "mm": "00",
            "getOffCarRate": [
              8,
              10,
              18,
              16,
              15,
              9,
              8,
              8,
              4,
              5
            ]
          },
          {
            "dow": "FRI",
            "hh": "13",
            "mm": "10",
            "getOffCarRate": [
              7,
              10,
              18,
              16,
              15,
              10,
              8,
              7,
              4,
              5
            ]
          },
          {
            "dow": "FRI",
            "hh": "13",
            "mm": "20",
            "getOffCarRate": [
              7,
              10,
              17,
              15,
              15,
              10,
              7,
              8,
              5,
              5
            ]
          },
          {
            "dow": "FRI",
            "hh": "13",
            "mm": "30",
            "getOffCarRate": [
              7,
              11,
              18,
              16,
              14,
              10,
              7,
              8,
              4,
              5
            ]
          },
          {
            "dow": "FRI",
            "hh": "13",
            "mm": "40",
            "getOffCarRate": [
              6,
              11,
              19,
              16,
              14,
              9,
              7,
              8,
              6,
              5
            ]
          },
          {
            "dow": "FRI",
            "hh": "13",
            "mm": "50",
            "getOffCarRate": [
              6,
              11,
              18,
              16,
              15,
              9,
              6,
              9,
              7,
              4
            ]
          }
        ]
      },
      {
        "startStationCode": "211",
        "startStationName": "성수역",
        "endStationCode": "211-R",
        "endStationName": "성수역",
        "prevStationCode": "218",
        "prevStationName": "종합운동장역",
        "updnLine": 0,
        "directAt": 0,
        "data": [
          {
            "dow": "FRI",
            "hh": "13",
            "mm": "00",
            "getOffCarRate": [
              3,
              4,
              7,
              9,
              12,
              18,
              14,
              17,
              10,
              7
            ]
          },
          {
            "dow": "FRI",
            "hh": "13",
            "mm": "10",
            "getOffCarRate": [
              2,
              4,
              8,
              9,
              12,
              18,
              14,
              17,
              9,
              7
            ]
          },
          {
            "dow": "FRI",
            "hh": "13",
            "mm": "20",
            "getOffCarRate": [
              2,
              4,
              8,
              8,
              12,
              16,
              14,
              18,
              9,
              8
            ]
          },
          {
            "dow": "FRI",
            "hh": "13",
            "mm": "30",
            "getOffCarRate": [
              2,
              4,
              8,
              8,
              12,
              17,
              14,
              17,
              9,
              8
            ]
          },
          {
            "dow": "FRI",
            "hh": "13",
            "mm": "40",
            "getOffCarRate": [
              3,
              4,
              8,
              7,
              12,
              17,
              14,
              17,
              10,
              8
            ]
          },
          {
            "dow": "FRI",
            "hh": "13",
            "mm": "50",
            "getOffCarRate": [
              4,
              5,
              8,
              7,
              12,
              16,
              15,
              17,
              9,
              8
            ]
          }
        ]
      },
      {
        "startStationCode": "211",
        "startStationName": "성수역",
        "endStationCode": "211-R",
        "endStationName": "성수역",
        "prevStationCode": "216",
        "prevStationName": "잠실역",
        "updnLine": 1,
        "directAt": 0,
        "data": [
          {
            "dow": "FRI",
            "hh": "13",
            "mm": "00",
            "getOffCarRate": [
              8,
              10,
              18,
              16,
              15,
              9,
              8,
              8,
              4,
              5
            ]
          },
          {
            "dow": "FRI",
            "hh": "13",
            "mm": "10",
            "getOffCarRate": [
              8,
              10,
              18,
              16,
              15,
              10,
              8,
              7,
              4,
              5
            ]
          },
          {
            "dow": "FRI",
            "hh": "13",
            "mm": "20",
            "getOffCarRate": [
              7,
              10,
              17,
              15,
              15,
              10,
              7,
              8,
              5,
              5
            ]
          },
          {
            "dow": "FRI",
            "hh": "13",
            "mm": "30",
            "getOffCarRate": [
              7,
              11,
              18,
              16,
              14,
              10,
              7,
              8,
              4,
              5
            ]
          },
          {
            "dow": "FRI",
            "hh": "13",
            "mm": "40",
            "getOffCarRate": [
              6,
              11,
              19,
              16,
              14,
              10,
              7,
              8,
              6,
              5
            ]
          },
          {
            "dow": "FRI",
            "hh": "13",
            "mm": "50",
            "getOffCarRate": [
              6,
              11,
              18,
              16,
              15,
              9,
              6,
              9,
              7,
              4
            ]
          }
        ]
      },
      {
        "startStationCode": "211",
        "startStationName": "성수역",
        "endStationCode": "219",
        "endStationName": "삼성역",
        "prevStationCode": "216",
        "prevStationName": "잠실역",
        "updnLine": 1,
        "directAt": 0,
        "data": [
          {
            "dow": "FRI",
            "hh": "13",
            "mm": "00",
            "getOffCarRate": [
              8,
              10,
              18,
              16,
              15,
              9,
              8,
              8,
              4,
              5
            ]
          },
          {
            "dow": "FRI",
            "hh": "13",
            "mm": "10",
            "getOffCarRate": [
              7,
              10,
              18,
              16,
              15,
              10,
              8,
              7,
              4,
              5
            ]
          },
          {
            "dow": "FRI",
            "hh": "13",
            "mm": "20",
            "getOffCarRate": [
              7,
              10,
              17,
              15,
              15,
              10,
              7,
              8,
              5,
              5
            ]
          },
          {
            "dow": "FRI",
            "hh": "13",
            "mm": "30",
            "getOffCarRate": [
              7,
              11,
              18,
              16,
              14,
              10,
              7,
              8,
              4,
              5
            ]
          },
          {
            "dow": "FRI",
            "hh": "13",
            "mm": "40",
            "getOffCarRate": [
              6,
              11,
              19,
              16,
              14,
              9,
              7,
              8,
              6,
              5
            ]
          },
          {
            "dow": "FRI",
            "hh": "13",
            "mm": "50",
            "getOffCarRate": [
              6,
              11,
              18,
              16,
              15,
              9,
              6,
              9,
              7,
              4
            ]
          }
        ]
      },
      {
        "startStationCode": "211",
        "startStationName": "성수역",
        "endStationCode": "228",
        "endStationName": "서울대입구역",
        "prevStationCode": "216",
        "prevStationName": "잠실역",
        "updnLine": 1,
        "directAt": 0,
        "data": [
          {
            "dow": "FRI",
            "hh": "13",
            "mm": "00",
            "getOffCarRate": [
              8,
              10,
              18,
              16,
              15,
              9,
              8,
              8,
              4,
              5
            ]
          },
          {
            "dow": "FRI",
            "hh": "13",
            "mm": "10",
            "getOffCarRate": [
              7,
              10,
              18,
              16,
              15,
              10,
              8,
              7,
              4,
              5
            ]
          },
          {
            "dow": "FRI",
            "hh": "13",
            "mm": "20",
            "getOffCarRate": [
              7,
              10,
              17,
              15,
              15,
              10,
              7,
              8,
              5,
              5
            ]
          },
          {
            "dow": "FRI",
            "hh": "13",
            "mm": "30",
            "getOffCarRate": [
              7,
              11,
              18,
              16,
              14,
              10,
              7,
              8,
              4,
              5
            ]
          },
          {
            "dow": "FRI",
            "hh": "13",
            "mm": "40",
            "getOffCarRate": [
              6,
              11,
              19,
              16,
              14,
              9,
              7,
              8,
              6,
              5
            ]
          },
          {
            "dow": "FRI",
            "hh": "13",
            "mm": "50",
            "getOffCarRate": [
              6,
              11,
              18,
              16,
              15,
              9,
              6,
              9,
              7,
              4
            ]
          }
        ]
      },
      {
        "startStationCode": "211",
        "startStationName": "성수역",
        "endStationCode": "234",
        "endStationName": "신도림역",
        "prevStationCode": "216",
        "prevStationName": "잠실역",
        "updnLine": 1,
        "directAt": 0,
        "data": [
          {
            "dow": "FRI",
            "hh": "13",
            "mm": "00",
            "getOffCarRate": [
              8,
              10,
              18,
              16,
              15,
              9,
              8,
              8,
              4,
              5
            ]
          },
          {
            "dow": "FRI",
            "hh": "13",
            "mm": "10",
            "getOffCarRate": [
              7,
              10,
              18,
              16,
              15,
              10,
              8,
              7,
              4,
              5
            ]
          },
          {
            "dow": "FRI",
            "hh": "13",
            "mm": "20",
            "getOffCarRate": [
              7,
              10,
              17,
              15,
              15,
              10,
              7,
              8,
              5,
              5
            ]
          },
          {
            "dow": "FRI",
            "hh": "13",
            "mm": "30",
            "getOffCarRate": [
              7,
              11,
              18,
              16,
              14,
              10,
              7,
              8,
              4,
              5
            ]
          },
          {
            "dow": "FRI",
            "hh": "13",
            "mm": "40",
            "getOffCarRate": [
              6,
              11,
              19,
              16,
              14,
              9,
              7,
              8,
              6,
              5
            ]
          },
          {
            "dow": "FRI",
            "hh": "13",
            "mm": "50",
            "getOffCarRate": [
              6,
              11,
              18,
              16,
              15,
              9,
              6,
              9,
              7,
              4
            ]
          }
        ]
      },
      {
        "startStationCode": "211",
        "startStationName": "성수역",
        "endStationCode": "239",
        "endStationName": "홍대입구역",
        "prevStationCode": "216",
        "prevStationName": "잠실역",
        "updnLine": 1,
        "directAt": 0,
        "data": [
          {
            "dow": "FRI",
            "hh": "13",
            "mm": "00",
            "getOffCarRate": [
              8,
              10,
              18,
              16,
              15,
              9,
              8,
              8,
              4,
              5
            ]
          },
          {
            "dow": "FRI",
            "hh": "13",
            "mm": "10",
            "getOffCarRate": [
              7,
              10,
              18,
              16,
              15,
              10,
              8,
              7,
              4,
              5
            ]
          },
          {
            "dow": "FRI",
            "hh": "13",
            "mm": "20",
            "getOffCarRate": [
              7,
              10,
              17,
              15,
              15,
              10,
              7,
              8,
              5,
              5
            ]
          },
          {
            "dow": "FRI",
            "hh": "13",
            "mm": "30",
            "getOffCarRate": [
              7,
              11,
              18,
              16,
              14,
              10,
              7,
              8,
              4,
              5
            ]
          },
          {
            "dow": "FRI",
            "hh": "13",
            "mm": "40",
            "getOffCarRate": [
              6,
              11,
              19,
              16,
              14,
              9,
              7,
              8,
              6,
              5
            ]
          },
          {
            "dow": "FRI",
            "hh": "13",
            "mm": "50",
            "getOffCarRate": [
              6,
              11,
              18,
              16,
              15,
              9,
              6,
              9,
              7,
              4
            ]
          }
        ]
      },
      {
        "startStationCode": "219",
        "startStationName": "삼성역",
        "endStationCode": "211-R",
        "endStationName": "성수역",
        "prevStationCode": "218",
        "prevStationName": "종합운동장역",
        "updnLine": 0,
        "directAt": 0,
        "data": [
          {
            "dow": "FRI",
            "hh": "13",
            "mm": "00",
            "getOffCarRate": [
              3,
              4,
              7,
              9,
              12,
              18,
              14,
              17,
              10,
              7
            ]
          },
          {
            "dow": "FRI",
            "hh": "13",
            "mm": "10",
            "getOffCarRate": [
              2,
              4,
              8,
              9,
              12,
              18,
              14,
              17,
              9,
              7
            ]
          },
          {
            "dow": "FRI",
            "hh": "13",
            "mm": "20",
            "getOffCarRate": [
              2,
              4,
              8,
              8,
              12,
              16,
              14,
              18,
              9,
              8
            ]
          },
          {
            "dow": "FRI",
            "hh": "13",
            "mm": "30",
            "getOffCarRate": [
              2,
              4,
              8,
              8,
              12,
              17,
              14,
              17,
              9,
              8
            ]
          },
          {
            "dow": "FRI",
            "hh": "13",
            "mm": "40",
            "getOffCarRate": [
              3,
              4,
              8,
              7,
              12,
              17,
              15,
              17,
              10,
              8
            ]
          },
          {
            "dow": "FRI",
            "hh": "13",
            "mm": "50",
            "getOffCarRate": [
              3,
              4,
              8,
              7,
              12,
              16,
              15,
              17,
              9,
              8
            ]
          }
        ]
      },
      {
        "startStationCode": "228",
        "startStationName": "서울대입구역",
        "endStationCode": "211",
        "endStationName": "성수역",
        "prevStationCode": "218",
        "prevStationName": "종합운동장역",
        "updnLine": 0,
        "directAt": 0,
        "data": [
          {
            "dow": "FRI",
            "hh": "13",
            "mm": "00",
            "getOffCarRate": [
              3,
              4,
              7,
              9,
              12,
              18,
              14,
              17,
              10,
              7
            ]
          },
          {
            "dow": "FRI",
            "hh": "13",
            "mm": "10",
            "getOffCarRate": [
              2,
              4,
              8,
              9,
              12,
              18,
              14,
              17,
              9,
              7
            ]
          },
          {
            "dow": "FRI",
            "hh": "13",
            "mm": "20",
            "getOffCarRate": [
              2,
              4,
              8,
              8,
              12,
              16,
              14,
              18,
              9,
              8
            ]
          },
          {
            "dow": "FRI",
            "hh": "13",
            "mm": "30",
            "getOffCarRate": [
              2,
              4,
              8,
              8,
              12,
              17,
              14,
              17,
              9,
              8
            ]
          },
          {
            "dow": "FRI",
            "hh": "13",
            "mm": "40",
            "getOffCarRate": [
              3,
              4,
              8,
              7,
              12,
              17,
              15,
              17,
              10,
              8
            ]
          },
          {
            "dow": "FRI",
            "hh": "13",
            "mm": "50",
            "getOffCarRate": [
              3,
              4,
              8,
              7,
              12,
              16,
              15,
              17,
              9,
              8
            ]
          }
        ]
      },
      {
        "startStationCode": "228",
        "startStationName": "서울대입구역",
        "endStationCode": "211-R",
        "endStationName": "성수역",
        "prevStationCode": "218",
        "prevStationName": "종합운동장역",
        "updnLine": 0,
        "directAt": 0,
        "data": [
          {
            "dow": "FRI",
            "hh": "13",
            "mm": "00",
            "getOffCarRate": [
              3,
              4,
              7,
              9,
              12,
              18,
              14,
              17,
              10,
              7
            ]
          },
          {
            "dow": "FRI",
            "hh": "13",
            "mm": "10",
            "getOffCarRate": [
              2,
              4,
              8,
              9,
              12,
              18,
              14,
              17,
              9,
              7
            ]
          },
          {
            "dow": "FRI",
            "hh": "13",
            "mm": "20",
            "getOffCarRate": [
              2,
              4,
              8,
              8,
              12,
              16,
              14,
              18,
              9,
              8
            ]
          },
          {
            "dow": "FRI",
            "hh": "13",
            "mm": "30",
            "getOffCarRate": [
              2,
              4,
              8,
              8,
              12,
              17,
              14,
              17,
              9,
              8
            ]
          },
          {
            "dow": "FRI",
            "hh": "13",
            "mm": "40",
            "getOffCarRate": [
              3,
              4,
              8,
              7,
              12,
              17,
              15,
              17,
              10,
              8
            ]
          },
          {
            "dow": "FRI",
            "hh": "13",
            "mm": "50",
            "getOffCarRate": [
              3,
              4,
              8,
              7,
              12,
              16,
              15,
              17,
              9,
              8
            ]
          }
        ]
      },
      {
        "startStationCode": "234",
        "startStationName": "신도림역",
        "endStationCode": "211",
        "endStationName": "성수역",
        "prevStationCode": "218",
        "prevStationName": "종합운동장역",
        "updnLine": 0,
        "directAt": 0,
        "data": [
          {
            "dow": "FRI",
            "hh": "13",
            "mm": "00",
            "getOffCarRate": [
              3,
              4,
              7,
              9,
              12,
              18,
              14,
              17,
              10,
              7
            ]
          },
          {
            "dow": "FRI",
            "hh": "13",
            "mm": "10",
            "getOffCarRate": [
              2,
              4,
              8,
              9,
              12,
              18,
              14,
              17,
              9,
              7
            ]
          },
          {
            "dow": "FRI",
            "hh": "13",
            "mm": "20",
            "getOffCarRate": [
              2,
              4,
              8,
              8,
              12,
              16,
              14,
              18,
              9,
              8
            ]
          },
          {
            "dow": "FRI",
            "hh": "13",
            "mm": "30",
            "getOffCarRate": [
              2,
              4,
              8,
              8,
              12,
              17,
              14,
              17,
              9,
              8
            ]
          },
          {
            "dow": "FRI",
            "hh": "13",
            "mm": "40",
            "getOffCarRate": [
              3,
              4,
              8,
              7,
              12,
              17,
              15,
              17,
              10,
              8
            ]
          },
          {
            "dow": "FRI",
            "hh": "13",
            "mm": "50",
            "getOffCarRate": [
              3,
              4,
              8,
              7,
              12,
              16,
              15,
              17,
              9,
              8
            ]
          }
        ]
      },
      {
        "startStationCode": "234",
        "startStationName": "신도림역",
        "endStationCode": "211-R",
        "endStationName": "성수역",
        "prevStationCode": "218",
        "prevStationName": "종합운동장역",
        "updnLine": 0,
        "directAt": 0,
        "data": [
          {
            "dow": "FRI",
            "hh": "13",
            "mm": "00",
            "getOffCarRate": [
              3,
              4,
              7,
              9,
              12,
              18,
              14,
              17,
              10,
              7
            ]
          },
          {
            "dow": "FRI",
            "hh": "13",
            "mm": "10",
            "getOffCarRate": [
              2,
              4,
              8,
              9,
              12,
              18,
              14,
              17,
              9,
              7
            ]
          },
          {
            "dow": "FRI",
            "hh": "13",
            "mm": "20",
            "getOffCarRate": [
              2,
              4,
              8,
              8,
              12,
              16,
              14,
              18,
              9,
              8
            ]
          },
          {
            "dow": "FRI",
            "hh": "13",
            "mm": "30",
            "getOffCarRate": [
              2,
              4,
              8,
              8,
              12,
              17,
              14,
              17,
              9,
              8
            ]
          },
          {
            "dow": "FRI",
            "hh": "13",
            "mm": "40",
            "getOffCarRate": [
              3,
              4,
              8,
              7,
              12,
              17,
              15,
              17,
              10,
              8
            ]
          },
          {
            "dow": "FRI",
            "hh": "13",
            "mm": "50",
            "getOffCarRate": [
              3,
              4,
              8,
              7,
              12,
              16,
              15,
              17,
              9,
              8
            ]
          }
        ]
      },
      {
        "startStationCode": "239",
        "startStationName": "홍대입구역",
        "endStationCode": "211",
        "endStationName": "성수역",
        "prevStationCode": "218",
        "prevStationName": "종합운동장역",
        "updnLine": 0,
        "directAt": 0,
        "data": [
          {
            "dow": "FRI",
            "hh": "13",
            "mm": "00",
            "getOffCarRate": [
              3,
              4,
              7,
              9,
              12,
              18,
              14,
              17,
              10,
              7
            ]
          },
          {
            "dow": "FRI",
            "hh": "13",
            "mm": "10",
            "getOffCarRate": [
              2,
              4,
              8,
              9,
              12,
              18,
              14,
              17,
              9,
              7
            ]
          },
          {
            "dow": "FRI",
            "hh": "13",
            "mm": "20",
            "getOffCarRate": [
              2,
              4,
              8,
              8,
              12,
              16,
              14,
              18,
              9,
              8
            ]
          },
          {
            "dow": "FRI",
            "hh": "13",
            "mm": "30",
            "getOffCarRate": [
              2,
              4,
              8,
              8,
              12,
              17,
              14,
              17,
              9,
              8
            ]
          },
          {
            "dow": "FRI",
            "hh": "13",
            "mm": "40",
            "getOffCarRate": [
              3,
              4,
              8,
              7,
              12,
              17,
              15,
              17,
              10,
              8
            ]
          },
          {
            "dow": "FRI",
            "hh": "13",
            "mm": "50",
            "getOffCarRate": [
              3,
              4,
              8,
              7,
              12,
              16,
              15,
              17,
              9,
              8
            ]
          }
        ]
      },
      {
        "startStationCode": "239",
        "startStationName": "홍대입구역",
        "endStationCode": "211-R",
        "endStationName": "성수역",
        "prevStationCode": "218",
        "prevStationName": "종합운동장역",
        "updnLine": 0,
        "directAt": 0,
        "data": [
          {
            "dow": "FRI",
            "hh": "13",
            "mm": "00",
            "getOffCarRate": [
              3,
              4,
              7,
              9,
              12,
              18,
              14,
              17,
              10,
              7
            ]
          },
          {
            "dow": "FRI",
            "hh": "13",
            "mm": "10",
            "getOffCarRate": [
              2,
              4,
              8,
              9,
              12,
              18,
              14,
              17,
              9,
              7
            ]
          },
          {
            "dow": "FRI",
            "hh": "13",
            "mm": "20",
            "getOffCarRate": [
              2,
              4,
              8,
              8,
              12,
              16,
              14,
              18,
              9,
              8
            ]
          },
          {
            "dow": "FRI",
            "hh": "13",
            "mm": "30",
            "getOffCarRate": [
              2,
              4,
              8,
              8,
              12,
              17,
              14,
              17,
              9,
              8
            ]
          },
          {
            "dow": "FRI",
            "hh": "13",
            "mm": "40",
            "getOffCarRate": [
              3,
              4,
              8,
              7,
              12,
              17,
              15,
              17,
              10,
              8
            ]
          },
          {
            "dow": "FRI",
            "hh": "13",
            "mm": "50",
            "getOffCarRate": [
              3,
              4,
              8,
              7,
              12,
              16,
              15,
              17,
              9,
              8
            ]
          }
        ]
      }
    ],
    "statStartDate": "20230924",
    "statEndDate": "20231223"
  }
}