{
  "status": {
    "code": "00",
    "message": "success",
    "totalCount": 1
  },
  "contents": {
    "subwayLine": "2호선",
    "stationName": "상왕십리역",
    "stationCode": "207",
    "stat": [
      {
        "startStationCode": "202",
        "startStationName": "을지로입구역",
        "endStationCode": "211",
        "endStationName": "성수역",
        "prevStationCode": "206",
        "prevStationName": "신당역",
        "updnLine": 1,
        "directAt": 0,
        "data": [
          {
            "dow": "MON",
            "hh": "08",
            "mm": "00",
            "getOffCarRate": [
              8,
              12,
              13,
              17,
              11,
              10,
              8,
              8,
              7,
              5
            ]
          },
          {
            "dow": "MON",
            "hh": "08",
            "mm": "10",
            "getOffCarRate": [
              8,
              11,
              14,
              18,
              10,
              9,
              8,
              10,
              7,
              5
            ]
          },
          {
            "dow": "MON",
            "hh": "08",
            "mm": "20",
            "getOffCarRate": [
              7,
              11,
              15,
              18,
              11,
              8,
              7,
              10,
              7,
              6
            ]
          },
          {
            "dow": "MON",
            "hh": "08",
            "mm": "30",
            "getOffCarRate": [
              6,
              9,
              15,
              19,
              11,
              8,
              8,
              10,
              8,
              6
            ]
          },
          {
            "dow": "MON",
            "hh": "08",
            "mm": "40",
            "getOffCarRate": [
              5,
              7,
              15,
              19,
              11,
              9,
              8,
              11,
              8,
              7
            ]
          },
          {
            "dow": "MON",
            "hh": "08",
            "mm": "50",
            "getOffCarRate": [
              4,
              7,
              15,
              15,
              11,
              9,
              10,
              12,
              10,
              6
            ]
          }
        ]
      },
      {
        "startStationCode": "202",
        "startStationName": "을지로입구역",
        "endStationCode": "211-R",
        "endStationName": "성수역",
        "prevStationCode": "206",
        "prevStationName": "신당역",
        "updnLine": 1,
        "directAt": 0,
        "data": [
          {
            "dow": "MON",
            "hh": "08",
            "mm": "00",
            "getOffCarRate": [
              8,
              12,
              13,
              17,
              11,
              10,
              8,
              8,
              7,
              5
            ]
          },
          {
            "dow": "MON",
            "hh": "08",
            "mm": "10",
            "getOffCarRate": [
              8,
              11,
              14,
              18,
              10,
              9,
              8,
              10,
              7,
              5
            ]
          },
          {
            "dow": "MON",
            "hh": "08",
            "mm": "20",
            "getOffCarRate": [
              7,
              11,
              15,
              18,
              11,
              8,
              7,
              10,
              7,
              6
            ]
          },
          {
            "dow": "MON",
            "hh": "08",
            "mm": "30",
            "getOffCarRate": [
              6,
              9,
              15,
              19,
              11,
              8,
              8,
              10,
              8,
              6
            ]
          },
          {
            "dow": "MON",
            "hh": "08",
            "mm": "40",
            "getOffCarRate": [
              5,
              7,
              15,
              19,
              11,
              9,
              8,
              11,
              8,
              7
            ]
          },
          {
            "dow": "MON",
            "hh": "08",
            "mm": "50",
            "getOffCarRate": [
              4,
              7,
              15,
              15,
              11,
              9,
              10,
              12,
              10,
              6
            ]
          }
        ]
      },
      {
        "startStationCode": "211",
        "startStationName": "성수역",
        "endStationCode": "202",
        "endStationName": "을지로입구역",
        "prevStationCode": "208",
        "prevStationName": "왕십리역",
        "updnLine": 0,
        "directAt": 0,
        "data": [
          {
            "dow": "MON",
            "hh": "08",
            "mm": "00",
            "getOffCarRate": [
              6,
              6,
              6,
              11,
              13,
              13,
              21,
              9,
              8,
              5
            ]
          },
          {
            "dow": "MON",
            "hh": "08",
            "mm": "10",
            "getOffCarRate": [
              5,
              5,
              7,
              12,
              14,
              12,
              21,
              11,
              9,
              5
            ]
          },
          {
            "dow": "MON",
            "hh": "08",
            "mm": "20",
            "getOffCarRate": [
              5,
              4,
              6,
              13,
              15,
              12,
              21,
              11,
              9,
              4
            ]
          },
          {
            "dow": "MON",
            "hh": "08",
            "mm": "30",
            "getOffCarRate": [
              5,
              5,
              7,
              14,
              15,
              11,
              19,
              11,
              9,
              4
            ]
          },
          {
            "dow": "MON",
            "hh": "08",
            "mm": "40",
            "getOffCarRate": [
              6,
              5,
              7,
              14,
              16,
              11,
              18,
              11,
              8,
              4
            ]
          },
          {
            "dow": "MON",
            "hh": "08",
            "mm": "50",
            "getOffCarRate": [
              6,
              5,
              8,
              15,
              16,
              10,
              18,
              12,
              7,
              4
            ]
          }
        ]
      },
      {
        "startStationCode": "211",
        "startStationName": "성수역",
        "endStationCode": "211",
        "endStationName": "성수역",
        "prevStationCode": "208",
        "prevStationName": "왕십리역",
        "updnLine": 0,
        "directAt": 0,
        "data": [
          {
            "dow": "MON",
            "hh": "08",
            "mm": "00",
            "getOffCarRate": [
              6,
              6,
              7,
              12,
              12,
              13,
              22,
              9,
              7,
              6
            ]
          },
          {
            "dow": "MON",
            "hh": "08",
            "mm": "10",
            "getOffCarRate": [
              5,
              4,
              7,
              13,
              13,
              13,
              22,
              9,
              9,
              6
            ]
          },
          {
            "dow": "MON",
            "hh": "08",
            "mm": "20",
            "getOffCarRate": [
              5,
              4,
              7,
              12,
              13,
              12,
              23,
              9,
              9,
              6
            ]
          },
          {
            "dow": "MON",
            "hh": "08",
            "mm": "30",
            "getOffCarRate": [
              6,
              4,
              7,
              13,
              14,
              11,
              21,
              9,
              10,
              5
            ]
          },
          {
            "dow": "MON",
            "hh": "08",
            "mm": "40",
            "getOffCarRate": [
              7,
              5,
              7,
              14,
              15,
              9,
              18,
              9,
              10,
              5
            ]
          },
          {
            "dow": "MON",
            "hh": "08",
            "mm": "50",
            "getOffCarRate": [
              7,
              6,
              8,
              14,
              14,
              9,
              19,
              9,
              9,
              5
            ]
          }
        ]
      },
      {
        "startStationCode": "211",
        "startStationName": "성수역",
        "endStationCode": "211",
        "endStationName": "성수역",
        "prevStationCode": "206",
        "prevStationName": "신당역",
        "updnLine": 1,
        "directAt": 0,
        "data": [
          {
            "dow": "MON",
            "hh": "08",
            "mm": "00",
            "getOffCarRate": [
              8,
              12,
              13,
              17,
              11,
              10,
              8,
              8,
              7,
              5
            ]
          },
          {
            "dow": "MON",
            "hh": "08",
            "mm": "10",
            "getOffCarRate": [
              8,
              11,
              14,
              18,
              10,
              9,
              8,
              10,
              7,
              5
            ]
          },
          {
            "dow": "MON",
            "hh": "08",
            "mm": "20",
            "getOffCarRate": [
              7,
              11,
              15,
              18,
              11,
              8,
              7,
              10,
              7,
              6
            ]
          },
          {
            "dow": "MON",
            "hh": "08",
            "mm": "30",
            "getOffCarRate": [
              6,
              9,
              15,
              19,
              11,
              8,
              8,
              10,
              8,
              6
            ]
          },
          {
            "dow": "MON",
            "hh": "08",
            "mm": "40",
            "getOffCarRate": [
              5,
              7,
              15,
              19,
              11,
              9,
              8,
              11,
              8,
              7
            ]
          },
          {
            "dow": "MON",
            "hh": "08",
            "mm": "50",
            "getOffCarRate": [
              4,
              7,
              15,
              15,
              11,
              9,
              10,
              12,
              10,
              6
            ]
          }
        ]
      },
      {
        "startStationCode": "211",
        "startStationName": "성수역",
        "endStationCode": "211-R",
        "endStationName": "성수역",
        "prevStationCode": "208",
        "prevStationName": "왕십리역",
        "updnLine": 0,
        "directAt": 0,
        "data": [
          {
            "dow": "MON",
            "hh": "08",
            "mm": "00",
            "getOffCarRate": [
              7,
              7,
              6,
              12,
              12,
              13,
              20,
              9,
              8,
              5
            ]
          },
          {
            "dow": "MON",
            "hh": "08",
            "mm": "10",
            "getOffCarRate": [
              6,
              6,
              6,
              12,
              13,
              13,
              21,
              10,
              8,
              5
            ]
          },
          {
            "dow": "MON",
            "hh": "08",
            "mm": "20",
            "getOffCarRate": [
              6,
              5,
              6,
              11,
              15,
              13,
              22,
              10,
              8,
              4
            ]
          },
          {
            "dow": "MON",
            "hh": "08",
            "mm": "30",
            "getOffCarRate": [
              6,
              6,
              6,
              12,
              16,
              12,
              19,
              11,
              8,
              3
            ]
          },
          {
            "dow": "MON",
            "hh": "08",
            "mm": "40",
            "getOffCarRate": [
              6,
              5,
              7,
              13,
              17,
              11,
              19,
              12,
              7,
              4
            ]
          },
          {
            "dow": "MON",
            "hh": "08",
            "mm": "50",
            "getOffCarRate": [
              6,
              4,
              7,
              13,
              18,
              10,
              18,
              13,
              6,
              4
            ]
          }
        ]
      },
      {
        "startStationCode": "211",
        "startStationName": "성수역",
        "endStationCode": "211-R",
        "endStationName": "성수역",
        "prevStationCode": "206",
        "prevStationName": "신당역",
        "updnLine": 1,
        "directAt": 0,
        "data": [
          {
            "dow": "MON",
            "hh": "08",
            "mm": "00",
            "getOffCarRate": [
              8,
              13,
              14,
              19,
              11,
              8,
              6,
              9,
              7,
              5
            ]
          },
          {
            "dow": "MON",
            "hh": "08",
            "mm": "10",
            "getOffCarRate": [
              8,
              11,
              15,
              19,
              10,
              7,
              6,
              10,
              7,
              6
            ]
          },
          {
            "dow": "MON",
            "hh": "08",
            "mm": "20",
            "getOffCarRate": [
              7,
              11,
              15,
              19,
              11,
              8,
              7,
              10,
              7,
              6
            ]
          },
          {
            "dow": "MON",
            "hh": "08",
            "mm": "30",
            "getOffCarRate": [
              6,
              9,
              15,
              19,
              11,
              8,
              8,
              10,
              8,
              7
            ]
          },
          {
            "dow": "MON",
            "hh": "08",
            "mm": "40",
            "getOffCarRate": [
              5,
              7,
              15,
              19,
              11,
              9,
              8,
              11,
              8,
              7
            ]
          },
          {
            "dow": "MON",
            "hh": "08",
            "mm": "50",
            "getOffCarRate": [
              4,
              7,
              15,
              15,
              11,
              9,
              10,
              12,
              10,
              6
            ]
          }
        ]
      },
      {
        "startStationCode": "211",
        "startStationName": "성수역",
        "endStationCode": "219",
        "endStationName": "삼성역",
        "prevStationCode": "208",
        "prevStationName": "왕십리역",
        "updnLine": 0,
        "directAt": 0,
        "data": [
          {
            "dow": "MON",
            "hh": "08",
            "mm": "00",
            "getOffCarRate": [
              6,
              6,
              6,
              11,
              13,
              13,
              21,
              9,
              8,
              5
            ]
          },
          {
            "dow": "MON",
            "hh": "08",
            "mm": "10",
            "getOffCarRate": [
              5,
              5,
              7,
              12,
              14,
              12,
              21,
              11,
              9,
              5
            ]
          },
          {
            "dow": "MON",
            "hh": "08",
            "mm": "20",
            "getOffCarRate": [
              5,
              4,
              6,
              13,
              15,
              12,
              21,
              11,
              9,
              4
            ]
          },
          {
            "dow": "MON",
            "hh": "08",
            "mm": "30",
            "getOffCarRate": [
              5,
              5,
              7,
              14,
              15,
              11,
              19,
              11,
              9,
              4
            ]
          },
          {
            "dow": "MON",
            "hh": "08",
            "mm": "40",
            "getOffCarRate": [
              6,
              5,
              7,
              14,
              16,
              11,
              18,
              11,
              8,
              4
            ]
          },
          {
            "dow": "MON",
            "hh": "08",
            "mm": "50",
            "getOffCarRate": [
              6,
              5,
              8,
              15,
              16,
              10,
              18,
              12,
              7,
              4
            ]
          }
        ]
      },
      {
        "startStationCode": "211",
        "startStationName": "성수역",
        "endStationCode": "228",
        "endStationName": "서울대입구역",
        "prevStationCode": "208",
        "prevStationName": "왕십리역",
        "updnLine": 0,
        "directAt": 0,
        "data": [
          {
            "dow": "MON",
            "hh": "08",
            "mm": "00",
            "getOffCarRate": [
              6,
              6,
              6,
              11,
              13,
              13,
              21,
              9,
              8,
              5
            ]
          },
          {
            "dow": "MON",
            "hh": "08",
            "mm": "10",
            "getOffCarRate": [
              5,
              5,
              7,
              12,
              14,
              12,
              21,
              11,
              9,
              5
            ]
          },
          {
            "dow": "MON",
            "hh": "08",
            "mm": "20",
            "getOffCarRate": [
              5,
              4,
              6,
              13,
              15,
              12,
              21,
              11,
              9,
              4
            ]
          },
          {
            "dow": "MON",
            "hh": "08",
            "mm": "30",
            "getOffCarRate": [
              5,
              5,
              7,
              14,
              15,
              11,
              19,
              11,
              9,
              4
            ]
          },
          {
            "dow": "MON",
            "hh": "08",
            "mm": "40",
            "getOffCarRate": [
              6,
              5,
              7,
              14,
              16,
              11,
              18,
              11,
              8,
              4
            ]
          },
          {
            "dow": "MON",
            "hh": "08",
            "mm": "50",
            "getOffCarRate": [
              6,
              5,
              8,
              15,
              16,
              10,
              18,
              12,
              7,
              4
            ]
          }
        ]
      },
      {
        "startStationCode": "211",
        "startStationName": "성수역",
        "endStationCode": "234",
        "endStationName": "신도림역",
        "prevStationCode": "208",
        "prevStationName": "왕십리역",
        "updnLine": 0,
        "directAt": 0,
        "data": [
          {
            "dow": "MON",
            "hh": "08",
            "mm": "00",
            "getOffCarRate": [
              6,
              6,
              6,
              11,
              13,
              13,
              21,
              9,
              8,
              5
            ]
          },
          {
            "dow": "MON",
            "hh": "08",
            "mm": "10",
            "getOffCarRate": [
              6,
              5,
              6,
              11,
              13,
              14,
              22,
              10,
              9,
              5
            ]
          },
          {
            "dow": "MON",
            "hh": "08",
            "mm": "20",
            "getOffCarRate": [
              5,
              5,
              6,
              12,
              13,
              13,
              22,
              11,
              9,
              4
            ]
          },
          {
            "dow": "MON",
            "hh": "08",
            "mm": "30",
            "getOffCarRate": [
              6,
              5,
              6,
              13,
              14,
              13,
              20,
              11,
              9,
              4
            ]
          },
          {
            "dow": "MON",
            "hh": "08",
            "mm": "40",
            "getOffCarRate": [
              6,
              5,
              7,
              13,
              15,
              11,
              18,
              12,
              9,
              4
            ]
          },
          {
            "dow": "MON",
            "hh": "08",
            "mm": "50",
            "getOffCarRate": [
              7,
              5,
              8,
              14,
              15,
              11,
              17,
              13,
              7,
              4
            ]
          }
        ]
      },
      {
        "startStationCode": "211",
        "startStationName": "성수역",
        "endStationCode": "239",
        "endStationName": "홍대입구역",
        "prevStationCode": "208",
        "prevStationName": "왕십리역",
        "updnLine": 0,
        "directAt": 0,
        "data": [
          {
            "dow": "MON",
            "hh": "08",
            "mm": "00",
            "getOffCarRate": [
              6,
              6,
              6,
              11,
              13,
              13,
              21,
              9,
              8,
              5
            ]
          },
          {
            "dow": "MON",
            "hh": "08",
            "mm": "10",
            "getOffCarRate": [
              5,
              5,
              7,
              12,
              14,
              12,
              21,
              11,
              9,
              5
            ]
          },
          {
            "dow": "MON",
            "hh": "08",
            "mm": "20",
            "getOffCarRate": [
              5,
              4,
              6,
              13,
              15,
              12,
              21,
              11,
              9,
              4
            ]
          },
          {
            "dow": "MON",
            "hh": "08",
            "mm": "30",
            "getOffCarRate": [
              5,
              5,
              7,
              14,
              15,
              11,
              19,
              11,
              9,
              4
            ]
          },
          {
            "dow": "MON",
            "hh": "08",
            "mm": "40",
            "getOffCarRate": [
              6,
              5,
              7,
              14,
              16,
              11,
              18,
              11,
              8,
              4
            ]
          },
          {
            "dow": "MON",
            "hh": "08",
            "mm": "50",
            "getOffCarRate": [
              6,
              5,
              8,
              15,
              16,
              10,
              18,
              12,
              7,
              4
            ]
          }
        ]
      },
      {
        "startStationCode": "219",
        "startStationName": "삼성역",
        "endStationCode": "211-R",
        "endStationName": "성수역",
        "prevStationCode": "206",
        "prevStationName": "신당역",
        "updnLine": 1,
        "directAt": 0,
        "data": [
          {
            "dow": "MON",
            "hh": "08",
            "mm": "00",
            "getOffCarRate": [
              8,
              12,
              13,
              17,
              11,
              10,
              8,
              8,
              7,
              5
            ]
          },
          {
            "dow": "MON",
            "hh": "08",
            "mm": "10",
            "getOffCarRate": [
              8,
              11,
              14,
              18,
              10,
              9,
              8,
              10,
              7,
              5
            ]
          },
          {
            "dow": "MON",
            "hh": "08",
            "mm": "20",
            "getOffCarRate": [
              7,
              11,
              15,
              18,
              11,
              8,
              7,
              10,
              7,
              6
            ]
          },
          {
            "dow": "MON",
            "hh": "08",
            "mm": "30",
            "getOffCarRate": [
              6,
              9,
              15,
              19,
              11,
              8,
              8,
              10,
              8,
              6
            ]
          },
          {
            "dow": "MON",
            "hh": "08",
            "mm": "40",
            "getOffCarRate": [
              5,
              7,
              15,
              19,
              11,
              9,
              8,
              11,
              8,
              7
            ]
          },
          {
            "dow": "MON",
            "hh": "08",
            "mm": "50",
            "getOffCarRate": [
              4,
              7,
              15,
              15,
              11,
              9,
              10,
              12,
              10,
              6
            ]
          }
        ]
      },
      {
        "startStationCode": "228",
        "startStationName": "서울대입구역",
        "endStationCode": "211",
        "endStationName": "성수역",
        "prevStationCode": "206",
        "prevStationName": "신당역",
        "updnLine": 1,
        "directAt": 0,
        "data": [
          {
            "dow": "MON",
            "hh": "08",
            "mm": "00",
            "getOffCarRate": [
              8,
              12,
              13,
              17,
              11,
              10,
              8,
              8,
              7,
              5
            ]
          },
          {
            "dow": "MON",
            "hh": "08",
            "mm": "10",
            "getOffCarRate": [
              8,
              11,
              14,
              18,
              10,
              9,
              8,
              10,
              7,
              5
            ]
          },
          {
            "dow": "MON",
            "hh": "08",
            "mm": "20",
            "getOffCarRate": [
              7,
              11,
              15,
              18,
              11,
              8,
              7,
              10,
              7,
              6
            ]
          },
          {
            "dow": "MON",
            "hh": "08",
            "mm": "30",
            "getOffCarRate": [
              6,
              9,
              15,
              19,
              11,
              8,
              8,
              10,
              8,
              6
            ]
          },
          {
            "dow": "MON",
            "hh": "08",
            "mm": "40",
            "getOffCarRate": [
              5,
              7,
              15,
              19,
              11,
              9,
              8,
              11,
              8,
              7
            ]
          },
          {
            "dow": "MON",
            "hh": "08",
            "mm": "50",
            "getOffCarRate": [
              4,
              7,
              15,
              15,
              11,
              9,
              10,
              12,
              10,
              6
            ]
          }
        ]
      },
      {
        "startStationCode": "228",
        "startStationName": "서울대입구역",
        "endStationCode": "211-R",
        "endStationName": "성수역",
        "prevStationCode": "206",
        "prevStationName": "신당역",
        "updnLine": 1,
        "directAt": 0,
        "data": [
          {
            "dow": "MON",
            "hh": "08",
            "mm": "00",
            "getOffCarRate": [
              8,
              12,
              13,
              17,
              11,
              10,
              8,
              8,
              7,
              5
            ]
          },
          {
            "dow": "MON",
            "hh": "08",
            "mm": "10",
            "getOffCarRate": [
              8,
              11,
              14,
              18,
              10,
              9,
              8,
              10,
              7,
              5
            ]
          },
          {
            "dow": "MON",
            "hh": "08",
            "mm": "20",
            "getOffCarRate": [
              7,
              11,
              15,
              18,
              11,
              8,
              7,
              10,
              7,
              6
            ]
          },
          {
            "dow": "MON",
            "hh": "08",
            "mm": "30",
            "getOffCarRate": [
              6,
              9,
              15,
              19,
              11,
              8,
              8,
              10,
              8,
              6
            ]
          },
          {
            "dow": "MON",
            "hh": "08",
            "mm": "40",
            "getOffCarRate": [
              5,
              7,
              15,
              19,
              11,
              9,
              8,
              11,
              8,
              7
            ]
          },
          {
            "dow": "MON",
            "hh": "08",
            "mm": "50",
            "getOffCarRate": [
              4,
              7,
              15,
              15,
              11,
              9,
              10,
              12,
              10,
              6
            ]
          }
        ]
      },
      {
        "startStationCode": "234",
        "startStationName": "신도림역",
        "endStationCode": "211",
        "endStationName": "성수역",
        "prevStationCode": "206",
        "prevStationName": "신당역",
        "updnLine": 1,
        "directAt": 0,
        "data": [
          {
            "dow": "MON",
            "hh": "08",
            "mm": "00",
            "getOffCarRate": [
              8,
              12,
              13,
              17,
              11,
              10,
              8,
              8,
              7,
              5
            ]
          },
          {
            "dow": "MON",
            "hh": "08",
            "mm": "10",
            "getOffCarRate": [
              8,
              11,
              14,
              18,
              10,
              9,
              8,
              10,
              7,
              5
            ]
          },
          {
            "dow": "MON",
            "hh": "08",
            "mm": "20",
            "getOffCarRate": [
              7,
              11,
              15,
              18,
              11,
              8,
              7,
              10,
              7,
              6
            ]
          },
          {
            "dow": "MON",
            "hh": "08",
            "mm": "30",
            "getOffCarRate": [
              6,
              9,
              15,
              19,
              11,
              8,
              8,
              10,
              8,
              6
            ]
          },
          {
            "dow": "MON",
            "hh": "08",
            "mm": "40",
            "getOffCarRate": [
              5,
              7,
              15,
              19,
              11,
              9,
              8,
              11,
              8,
              7
            ]
          },
          {
            "dow": "MON",
            "hh": "08",
            "mm": "50",
            "getOffCarRate": [
              4,
              7,
              15,
              15,
              11,
              9,
              10,
              12,
              10,
              6
            ]
          }
        ]
      },
      {
        "startStationCode": "234",
        "startStationName": "신도림역",
        "endStationCode": "211-R",
        "endStationName": "성수역",
        "prevStationCode": "206",
        "prevStationName": "신당역",
        "updnLine": 1,
        "directAt": 0,
        "data": [
          {
            "dow": "MON",
            "hh": "08",
            "mm": "00",
            "getOffCarRate": [
              7,
              10,
              12,
              19,
              13,
              9,
              8,
              8,
              7,
              6
            ]
          },
          {
            "dow": "MON",
            "hh": "08",
            "mm": "10",
            "getOffCarRate": [
              7,
              9,
              14,
              20,
              11,
              9,
              7,
              10,
              7,
              6
            ]
          },
          {
            "dow": "MON",
            "hh": "08",
            "mm": "20",
            "getOffCarRate": [
              6,
              9,
              14,
              20,
              12,
              8,
              7,
              10,
              7,
              6
            ]
          },
          {
            "dow": "MON",
            "hh": "08",
            "mm": "30",
            "getOffCarRate": [
              6,
              9,
              15,
              19,
              11,
              8,
              8,
              10,
              8,
              6
            ]
          },
          {
            "dow": "MON",
            "hh": "08",
            "mm": "40",
            "getOffCarRate": [
              5,
              7,
              15,
              19,
              11,
              9,
              8,
              11,
              8,
              7
            ]
          },
          {
            "dow": "MON",
            "hh": "08",
            "mm": "50",
            "getOffCarRate": [
              4,
              7,
              15,
              15,
              11,
              9,
              10,
              12,
              10,
              6
            ]
          }
        ]
      },
      {
        "startStationCode": "239",
        "startStationName": "홍대입구역",
        "endStationCode": "211",
        "endStationName": "성수역",
        "prevStationCode": "206",
        "prevStationName": "신당역",
        "updnLine": 1,
        "directAt": 0,
        "data": [
          {
            "dow": "MON",
            "hh": "08",
            "mm": "00",
            "getOffCarRate": [
              8,
              12,
              13,
              17,
              11,
              10,
              8,
              8,
              7,
              5
            ]
          },
          {
            "dow": "MON",
            "hh": "08",
            "mm": "10",
            "getOffCarRate": [
              8,
              11,
              14,
              18,
              10,
              9,
              8,
              10,
              7,
              5
            ]
          },
          {
            "dow": "MON",
            "hh": "08",
            "mm": "20",
            "getOffCarRate": [
              7,
              11,
              15,
              18,
              11,
              8,
              7,
              10,
              7,
              6
            ]
          },
          {
            "dow": "MON",
            "hh": "08",
            "mm": "30",
            "getOffCarRate": [
              6,
              9,
              15,
              19,
              11,
              8,
              8,
              10,
              8,
              6
            ]
          },
          {
            "dow": "MON",
            "hh": "08",
            "mm": "40",
            "getOffCarRate": [
              5,
              7,
              15,
              19,
              11,
              9,
              8,
              11,
              8,
              7
            ]
          },
          {
            "dow": "MON",
            "hh": "08",
            "mm": "50",
            "getOffCarRate": [
              4,
              7,
              15,
              15,
              11,
              9,
              10,
              12,
              10,
              6
            ]
          }
        ]
      },
      {
        "startStationCode": "239",
        "startStationName": "홍대입구역",
        "endStationCode": "211-R",
        "endStationName": "성수역",
        "prevStationCode": "206",
        "prevStationName": "신당역",
        "updnLine": 1,
        "directAt": 0,
        "data": [
          {
            "dow": "MON",
            "hh": "08",
            "mm": "00",
            "getOffCarRate": [
              8,
              12,
              13,
              17,
              11,
              10,
              8,
              8,
              7,
              5
            ]
          },
          {
            "dow": "MON",
            "hh": "08",
            "mm": "10",
            "getOffCarRate": [
              8,
              11,
              14,
              18,
              10,
              9,
              8,
              10,
              7,
              5
            ]
          },
          {
            "dow": "MON",
            "hh": "08",
            "mm": "20",
            "getOffCarRate": [
              7,
              11,
              15,
              18,
              11,
              8,
              7,
              10,
              7,
              6
            ]
          },
          {
            "dow": "MON",
            "hh": "08",
            "mm": "30",
            "getOffCarRate": [
              6,
              9,
              15,
              19,
              11,
              8,
              8,
              10,
              8,
              6
            ]
          },
          {
            "dow": "MON",
            "hh": "08",
            "mm": "40",
            "getOffCarRate": [
              5,
              7,
              15,
              19,
              11,
              9,
              8,
              11,
              8,
              7
            ]
          },
          {
            "dow": "MON",
            "hh": "08",
            "mm": "50",
            "getOffCarRate": [
              4,
              7,
              15,
              15,
              11,
              9,
              10,
              12,
              10,
              6
            ]
          }
        ]
      }
    ],
    "statStartDate": "20230924",
    "statEndDate": "20231223"
  }
}