{
  "status": {
    "code": "00",
    "message": "success",
    "totalCount": 1
  },
  "contents": {
    "subwayLine": "2호선",
    "stationName": "이대역",
    "stationCode": "241",
    "stat": [
      {
        "startStationCode": "202",
        "startStationName": "을지로입구역",
        "endStationCode": "211",
        "endStationName": "성수역",
        "prevStationCode": "242",
        "prevStationName": "아현역",
        "updnLine": 0,
        "directAt": 0,
        "data": [
          {
            "dow": "WED",
            "hh": "08",
            "mm": "00",
            "getOffCarRate": [
              12,
              15,
              8,
              5,
              5,
              5,
              5,
              10,
              21,
              14
            ]
          },
          {
            "dow": "WED",
            "hh": "08",
            "mm": "10",
            "getOffCarRate": [
              12,
              15,
              8,
              5,
              5,
              5,
              5,
              10,
              21,
              14
            ]
          },
          {
            "dow": "WED",
            "hh": "08",
            "mm": "20",
            "getOffCarRate": [
              9,
              13,
              8,
              3,
              4,
              4,
              5,
              14,
              25,
              15
            ]
          },
          {
            "dow": "WED",
            "hh": "08",
            "mm": "30",
            "getOffCarRate": [
              11,
              13,
              7,
              3,
              4,
              4,
              5,
              13,
              26,
              15
            ]
          },
          {
            "dow": "WED",
            "hh": "08",
            "mm": "40",
            "getOffCarRate": [
              11,
              13,
              6,
              3,
              4,
              4,
              4,
              14,
              26,
              15
            ]
          },
          {
            "dow": "WED",
            "hh": "08",
            "mm": "50",
            "getOffCarRate": [
              11,
              14,
              6,
              3,
              3,
              4,
              4,
              14,
              27,
              15
            ]
          }
        ]
      },
      {
        "startStationCode": "202",
        "startStationName": "을지로입구역",
        "endStationCode": "211-R",
        "endStationName": "성수역",
        "prevStationCode": "242",
        "prevStationName": "아현역",
        "updnLine": 0,
        "directAt": 0,
        "data": [
          {
            "dow": "WED",
            "hh": "08",
            "mm": "00",
            "getOffCarRate": [
              12,
              15,
              8,
              5,
              5,
              5,
              5,
              10,
              21,
              14
            ]
          },
          {
            "dow": "WED",
            "hh": "08",
            "mm": "10",
            "getOffCarRate": [
              12,
              15,
              8,
              5,
              5,
              5,
              5,
              10,
              21,
              14
            ]
          },
          {
            "dow": "WED",
            "hh": "08",
            "mm": "20",
            "getOffCarRate": [
              9,
              13,
              8,
              3,
              4,
              4,
              5,
              14,
              25,
              15
            ]
          },
          {
            "dow": "WED",
            "hh": "08",
            "mm": "30",
            "getOffCarRate": [
              11,
              13,
              7,
              3,
              4,
              4,
              5,
              13,
              26,
              15
            ]
          },
          {
            "dow": "WED",
            "hh": "08",
            "mm": "40",
            "getOffCarRate": [
              11,
              13,
              6,
              3,
              4,
              4,
              4,
              14,
              26,
              15
            ]
          },
          {
            "dow": "WED",
            "hh": "08",
            "mm": "50",
            "getOffCarRate": [
              11,
              14,
              6,
              3,
              3,
              4,
              4,
              14,
              27,
              15
            ]
          }
        ]
      },
      {
        "startStationCode": "211",
        "startStationName": "성수역",
        "endStationCode": "202",
        "endStationName": "을지로입구역",
        "prevStationCode": "240",
        "prevStationName": "신촌역",
        "updnLine": 1,
        "directAt": 0,
        "data": [
          {
            "dow": "WED",
            "hh": "08",
            "mm": "00",
            "getOffCarRate": [
              12,
              20,
              7,
              5,
              4,
              3,
              5,
              10,
              20,
              14
            ]
          },
          {
            "dow": "WED",
            "hh": "08",
            "mm": "10",
            "getOffCarRate": [
              11,
              20,
              8,
              5,
              4,
              3,
              5,
              10,
              20,
              13
            ]
          },
          {
            "dow": "WED",
            "hh": "08",
            "mm": "20",
            "getOffCarRate": [
              10,
              20,
              8,
              4,
              4,
              3,
              5,
              12,
              20,
              12
            ]
          },
          {
            "dow": "WED",
            "hh": "08",
            "mm": "30",
            "getOffCarRate": [
              9,
              20,
              9,
              4,
              4,
              3,
              5,
              13,
              21,
              11
            ]
          },
          {
            "dow": "WED",
            "hh": "08",
            "mm": "40",
            "getOffCarRate": [
              9,
              20,
              9,
              4,
              4,
              3,
              5,
              14,
              21,
              11
            ]
          },
          {
            "dow": "WED",
            "hh": "08",
            "mm": "50",
            "getOffCarRate": [
              9,
              19,
              9,
              4,
              3,
              3,
              5,
              13,
              21,
              12
            ]
          }
        ]
      },
      {
        "startStationCode": "211",
        "startStationName": "성수역",
        "endStationCode": "211",
        "endStationName": "성수역",
        "prevStationCode": "242",
        "prevStationName": "아현역",
        "updnLine": 0,
        "directAt": 0,
        "data": [
          {
            "dow": "WED",
            "hh": "08",
            "mm": "00",
            "getOffCarRate": [
              12,
              15,
              8,
              5,
              5,
              5,
              5,
              10,
              21,
              14
            ]
          },
          {
            "dow": "WED",
            "hh": "08",
            "mm": "10",
            "getOffCarRate": [
              12,
              15,
              8,
              5,
              5,
              5,
              5,
              10,
              21,
              14
            ]
          },
          {
            "dow": "WED",
            "hh": "08",
            "mm": "20",
            "getOffCarRate": [
              8,
              15,
              7,
              2,
              4,
              5,
              5,
              15,
              24,
              15
            ]
          },
          {
            "dow": "WED",
            "hh": "08",
            "mm": "30",
            "getOffCarRate": [
              8,
              14,
              7,
              2,
              3,
              4,
              5,
              14,
              26,
              16
            ]
          },
          {
            "dow": "WED",
            "hh": "08",
            "mm": "40",
            "getOffCarRate": [
              10,
              14,
              6,
              3,
              3,
              4,
              3,
              16,
              26,
              16
            ]
          },
          {
            "dow": "WED",
            "hh": "08",
            "mm": "50",
            "getOffCarRate": [
              10,
              14,
              6,
              3,
              3,
              4,
              4,
              16,
              26,
              15
            ]
          }
        ]
      },
      {
        "startStationCode": "211",
        "startStationName": "성수역",
        "endStationCode": "211",
        "endStationName": "성수역",
        "prevStationCode": "240",
        "prevStationName": "신촌역",
        "updnLine": 1,
        "directAt": 0,
        "data": [
          {
            "dow": "WED",
            "hh": "08",
            "mm": "00",
            "getOffCarRate": [
              12,
              20,
              7,
              5,
              4,
              3,
              5,
              10,
              20,
              14
            ]
          },
          {
            "dow": "WED",
            "hh": "08",
            "mm": "10",
            "getOffCarRate": [
              11,
              20,
              8,
              5,
              4,
              3,
              5,
              10,
              20,
              13
            ]
          },
          {
            "dow": "WED",
            "hh": "08",
            "mm": "20",
            "getOffCarRate": [
              10,
              20,
              8,
              4,
              4,
              3,
              5,
              12,
              20,
              12
            ]
          },
          {
            "dow": "WED",
            "hh": "08",
            "mm": "30",
            "getOffCarRate": [
              9,
              20,
              9,
              4,
              4,
              3,
              5,
              13,
              21,
              11
            ]
          },
          {
            "dow": "WED",
            "hh": "08",
            "mm": "40",
            "getOffCarRate": [
              9,
              20,
              9,
              4,
              4,
              3,
              5,
              14,
              20,
              11
            ]
          },
          {
            "dow": "WED",
            "hh": "08",
            "mm": "50",
            "getOffCarRate": [
              9,
              19,
              9,
              4,
              4,
              3,
              5,
              13,
              21,
              12
            ]
          }
        ]
      },
      {
        "startStationCode": "211",
        "startStationName": "성수역",
        "endStationCode": "211-R",
        "endStationName": "성수역",
        "prevStationCode": "242",
        "prevStationName": "아현역",
        "updnLine": 0,
        "directAt": 0,
        "data": [
          {
            "dow": "WED",
            "hh": "08",
            "mm": "00",
            "getOffCarRate": [
              12,
              15,
              8,
              5,
              5,
              5,
              5,
              10,
              21,
              14
            ]
          },
          {
            "dow": "WED",
            "hh": "08",
            "mm": "10",
            "getOffCarRate": [
              12,
              15,
              8,
              5,
              5,
              5,
              5,
              10,
              21,
              14
            ]
          },
          {
            "dow": "WED",
            "hh": "08",
            "mm": "20",
            "getOffCarRate": [
              10,
              13,
              8,
              3,
              4,
              4,
              6,
              14,
              23,
              14
            ]
          },
          {
            "dow": "WED",
            "hh": "08",
            "mm": "30",
            "getOffCarRate": [
              11,
              14,
              8,
              3,
              4,
              4,
              5,
              13,
              24,
              15
            ]
          },
          {
            "dow": "WED",
            "hh": "08",
            "mm": "40",
            "getOffCarRate": [
              12,
              14,
              7,
              3,
              5,
              4,
              4,
              13,
              24,
              15
            ]
          },
          {
            "dow": "WED",
            "hh": "08",
            "mm": "50",
            "getOffCarRate": [
              12,
              15,
              6,
              2,
              4,
              4,
              4,
              13,
              26,
              15
            ]
          }
        ]
      },
      {
        "startStationCode": "211",
        "startStationName": "성수역",
        "endStationCode": "211-R",
        "endStationName": "성수역",
        "prevStationCode": "240",
        "prevStationName": "신촌역",
        "updnLine": 1,
        "directAt": 0,
        "data": [
          {
            "dow": "WED",
            "hh": "08",
            "mm": "00",
            "getOffCarRate": [
              12,
              19,
              7,
              5,
              4,
              3,
              5,
              11,
              20,
              14
            ]
          },
          {
            "dow": "WED",
            "hh": "08",
            "mm": "10",
            "getOffCarRate": [
              11,
              20,
              8,
              5,
              4,
              4,
              4,
              11,
              20,
              13
            ]
          },
          {
            "dow": "WED",
            "hh": "08",
            "mm": "20",
            "getOffCarRate": [
              10,
              20,
              8,
              4,
              4,
              3,
              5,
              12,
              20,
              12
            ]
          },
          {
            "dow": "WED",
            "hh": "08",
            "mm": "30",
            "getOffCarRate": [
              9,
              20,
              9,
              4,
              4,
              3,
              5,
              13,
              21,
              11
            ]
          },
          {
            "dow": "WED",
            "hh": "08",
            "mm": "40",
            "getOffCarRate": [
              9,
              20,
              9,
              4,
              4,
              3,
              5,
              14,
              21,
              11
            ]
          },
          {
            "dow": "WED",
            "hh": "08",
            "mm": "50",
            "getOffCarRate": [
              9,
              19,
              10,
              4,
              4,
              3,
              5,
              13,
              21,
              12
            ]
          }
        ]
      },
      {
        "startStationCode": "211",
        "startStationName": "성수역",
        "endStationCode": "219",
        "endStationName": "삼성역",
        "prevStationCode": "242",
        "prevStationName": "아현역",
        "updnLine": 0,
        "directAt": 0,
        "data": [
          {
            "dow": "WED",
            "hh": "08",
            "mm": "00",
            "getOffCarRate": [
              12,
              15,
              8,
              5,
              5,
              5,
              5,
              10,
              21,
              14
            ]
          },
          {
            "dow": "WED",
            "hh": "08",
            "mm": "10",
            "getOffCarRate": [
              12,
              15,
              8,
              5,
              5,
              5,
              5,
              10,
              21,
              14
            ]
          },
          {
            "dow": "WED",
            "hh": "08",
            "mm": "20",
            "getOffCarRate": [
              9,
              13,
              8,
              3,
              4,
              4,
              5,
              14,
              25,
              15
            ]
          },
          {
            "dow": "WED",
            "hh": "08",
            "mm": "30",
            "getOffCarRate": [
              11,
              13,
              7,
              3,
              4,
              4,
              5,
              13,
              26,
              15
            ]
          },
          {
            "dow": "WED",
            "hh": "08",
            "mm": "40",
            "getOffCarRate": [
              11,
              13,
              6,
              3,
              4,
              4,
              4,
              14,
              26,
              15
            ]
          },
          {
            "dow": "WED",
            "hh": "08",
            "mm": "50",
            "getOffCarRate": [
              11,
              14,
              6,
              3,
              3,
              4,
              4,
              14,
              27,
              15
            ]
          }
        ]
      },
      {
        "startStationCode": "211",
        "startStationName": "성수역",
        "endStationCode": "228",
        "endStationName": "서울대입구역",
        "prevStationCode": "242",
        "prevStationName": "아현역",
        "updnLine": 0,
        "directAt": 0,
        "data": [
          {
            "dow": "WED",
            "hh": "08",
            "mm": "00",
            "getOffCarRate": [
              12,
              15,
              8,
              5,
              5,
              5,
              5,
              10,
              21,
              14
            ]
          },
          {
            "dow": "WED",
            "hh": "08",
            "mm": "10",
            "getOffCarRate": [
              12,
              15,
              8,
              5,
              5,
              5,
              5,
              10,
              21,
              14
            ]
          },
          {
            "dow": "WED",
            "hh": "08",
            "mm": "20",
            "getOffCarRate": [
              9,
              13,
              8,
              3,
              4,
              4,
              5,
              14,
              25,
              15
            ]
          },
          {
            "dow": "WED",
            "hh": "08",
            "mm": "30",
            "getOffCarRate": [
              11,
              13,
              7,
              3,
              4,
              4,
              5,
              13,
              26,
              15
            ]
          },
          {
            "dow": "WED",
            "hh": "08",
            "mm": "40",
            "getOffCarRate": [
              11,
              13,
              6,
              3,
              4,
              4,
              4,
              14,
              26,
              15
            ]
          },
          {
            "dow": "WED",
            "hh": "08",
            "mm": "50",
            "getOffCarRate": [
              11,
              14,
              6,
              3,
              3,
              4,
              4,
              14,
              27,
              15
            ]
          }
        ]
      },
      {
        "startStationCode": "211",
        "startStationName": "성수역",
        "endStationCode": "234",
        "endStationName": "신도림역",
        "prevStationCode": "242",
        "prevStationName": "아현역",
        "updnLine": 0,
        "directAt": 0,
        "data": [
          {
            "dow": "WED",
            "hh": "08",
            "mm": "00",
            "getOffCarRate": [
              12,
              15,
              8,
              5,
              5,
              5,
              5,
              10,
              21,
              14
            ]
          },
          {
            "dow": "WED",
            "hh": "08",
            "mm": "10",
            "getOffCarRate": [
              12,
              15,
              8,
              5,
              5,
              5,
              5,
              10,
              21,
              14
            ]
          },
          {
            "dow": "WED",
            "hh": "08",
            "mm": "20",
            "getOffCarRate": [
              9,
              13,
              8,
              3,
              4,
              4,
              5,
              14,
              25,
              15
            ]
          },
          {
            "dow": "WED",
            "hh": "08",
            "mm": "30",
            "getOffCarRate": [
              11,
              13,
              7,
              3,
              4,
              4,
              5,
              13,
              26,
              15
            ]
          },
          {
            "dow": "WED",
            "hh": "08",
            "mm": "40",
            "getOffCarRate": [
              11,
              11,
              6,
              3,
              4,
              4,
              5,
              13,
              27,
              15
            ]
          },
          {
            "dow": "WED",
            "hh": "08",
            "mm": "50",
            "getOffCarRate": [
              11,
              13,
              6,
              3,
              3,
              4,
              4,
              13,
              28,
              15
            ]
          }
        ]
      },
      {
        "startStationCode": "211",
        "startStationName": "성수역",
        "endStationCode": "239",
        "endStationName": "홍대입구역",
        "prevStationCode": "242",
        "prevStationName": "아현역",
        "updnLine": 0,
        "directAt": 0,
        "data": [
          {
            "dow": "WED",
            "hh": "08",
            "mm": "00",
            "getOffCarRate": [
              12,
              15,
              8,
              5,
              5,
              5,
              5,
              10,
              21,
              14
            ]
          },
          {
            "dow": "WED",
            "hh": "08",
            "mm": "10",
            "getOffCarRate": [
              12,
              15,
              8,
              5,
              5,
              5,
              5,
              10,
              21,
              14
            ]
          },
          {
            "dow": "WED",
            "hh": "08",
            "mm": "20",
            "getOffCarRate": [
              9,
              13,
              8,
              3,
              4,
              4,
              5,
              14,
              25,
              15
            ]
          },
          {
            "dow": "WED",
            "hh": "08",
            "mm": "30",
            "getOffCarRate": [
              11,
              13,
              7,
              3,
              4,
              4,
              5,
              13,
              26,
              15
            ]
          },
          {
            "dow": "WED",
            "hh": "08",
            "mm": "40",
            "getOffCarRate": [
              11,
              13,
              6,
              3,
              4,
              4,
              4,
              14,
              26,
              15
            ]
          },
          {
            "dow": "WED",
            "hh": "08",
            "mm": "50",
            "getOffCarRate": [
              11,
              14,
              6,
              3,
              3,
              4,
              4,
              14,
              27,
              15
            ]
          }
        ]
      },
      {
        "startStationCode": "219",
        "startStationName": "삼성역",
        "endStationCode": "211-R",
        "endStationName": "성수역",
        "prevStationCode": "240",
        "prevStationName": "신촌역",
        "updnLine": 1,
        "directAt": 0,
        "data": [
          {
            "dow": "WED",
            "hh": "08",
            "mm": "00",
            "getOffCarRate": [
              12,
              20,
              7,
              5,
              4,
              3,
              5,
              10,
              20,
              14
            ]
          },
          {
            "dow": "WED",
            "hh": "08",
            "mm": "10",
            "getOffCarRate": [
              11,
              20,
              8,
              5,
              4,
              3,
              5,
              10,
              20,
              13
            ]
          },
          {
            "dow": "WED",
            "hh": "08",
            "mm": "20",
            "getOffCarRate": [
              10,
              20,
              8,
              4,
              4,
              3,
              5,
              12,
              20,
              12
            ]
          },
          {
            "dow": "WED",
            "hh": "08",
            "mm": "30",
            "getOffCarRate": [
              9,
              20,
              9,
              4,
              4,
              3,
              5,
              13,
              21,
              11
            ]
          },
          {
            "dow": "WED",
            "hh": "08",
            "mm": "40",
            "getOffCarRate": [
              9,
              20,
              9,
              4,
              4,
              3,
              5,
              14,
              21,
              11
            ]
          },
          {
            "dow": "WED",
            "hh": "08",
            "mm": "50",
            "getOffCarRate": [
              9,
              19,
              9,
              4,
              3,
              3,
              5,
              13,
              21,
              12
            ]
          }
        ]
      },
      {
        "startStationCode": "228",
        "startStationName": "서울대입구역",
        "endStationCode": "211",
        "endStationName": "성수역",
        "prevStationCode": "240",
        "prevStationName": "신촌역",
        "updnLine": 1,
        "directAt": 0,
        "data": [
          {
            "dow": "WED",
            "hh": "08",
            "mm": "00",
            "getOffCarRate": [
              12,
              20,
              7,
              5,
              4,
              3,
              5,
              10,
              20,
              14
            ]
          },
          {
            "dow": "WED",
            "hh": "08",
            "mm": "10",
            "getOffCarRate": [
              11,
              20,
              8,
              5,
              4,
              3,
              5,
              10,
              20,
              13
            ]
          },
          {
            "dow": "WED",
            "hh": "08",
            "mm": "20",
            "getOffCarRate": [
              10,
              20,
              8,
              4,
              4,
              3,
              5,
              12,
              20,
              12
            ]
          },
          {
            "dow": "WED",
            "hh": "08",
            "mm": "30",
            "getOffCarRate": [
              9,
              20,
              9,
              4,
              4,
              3,
              5,
              13,
              21,
              11
            ]
          },
          {
            "dow": "WED",
            "hh": "08",
            "mm": "40",
            "getOffCarRate": [
              9,
              20,
              9,
              4,
              4,
              3,
              5,
              14,
              21,
              11
            ]
          },
          {
            "dow": "WED",
            "hh": "08",
            "mm": "50",
            "getOffCarRate": [
              9,
              19,
              9,
              4,
              3,
              3,
              5,
              13,
              21,
              12
            ]
          }
        ]
      },
      {
        "startStationCode": "228",
        "startStationName": "서울대입구역",
        "endStationCode": "211-R",
        "endStationName": "성수역",
        "prevStationCode": "240",
        "prevStationName": "신촌역",
        "updnLine": 1,
        "directAt": 0,
        "data": [
          {
            "dow": "WED",
            "hh": "08",
            "mm": "00",
            "getOffCarRate": [
              12,
              20,
              7,
              5,
              4,
              3,
              5,
              10,
              20,
              14
            ]
          },
          {
            "dow": "WED",
            "hh": "08",
            "mm": "10",
            "getOffCarRate": [
              11,
              20,
              8,
              5,
              4,
              3,
              5,
              10,
              20,
              13
            ]
          },
          {
            "dow": "WED",
            "hh": "08",
            "mm": "20",
            "getOffCarRate": [
              10,
              20,
              8,
              4,
              4,
              3,
              5,
              12,
              20,
              12
            ]
          },
          {
            "dow": "WED",
            "hh": "08",
            "mm": "30",
            "getOffCarRate": [
              9,
              20,
              9,
              4,
              4,
              3,
              5,
              13,
              21,
              11
            ]
          },
          {
            "dow": "WED",
            "hh": "08",
            "mm": "40",
            "getOffCarRate": [
              9,
              20,
              9,
              4,
              4,
              3,
              5,
              14,
              21,
              11
            ]
          },
          {
            "dow": "WED",
            "hh": "08",
            "mm": "50",
            "getOffCarRate": [
              9,
              19,
              9,
              4,
              3,
              3,
              5,
              13,
              21,
              12
            ]
          }
        ]
      },
      {
        "startStationCode": "234",
        "startStationName": "신도림역",
        "endStationCode": "211",
        "endStationName": "성수역",
        "prevStationCode": "240",
        "prevStationName": "신촌역",
        "updnLine": 1,
        "directAt": 0,
        "data": [
          {
            "dow": "WED",
            "hh": "08",
            "mm": "00",
            "getOffCarRate": [
              12,
              20,
              7,
              5,
              4,
              3,
              5,
              10,
              20,
              14
            ]
          },
          {
            "dow": "WED",
            "hh": "08",
            "mm": "10",
            "getOffCarRate": [
              11,
              20,
              8,
              5,
              4,
              3,
              5,
              10,
              20,
              13
            ]
          },
          {
            "dow": "WED",
            "hh": "08",
            "mm": "20",
            "getOffCarRate": [
              10,
              20,
              8,
              4,
              4,
              3,
              5,
              12,
              20,
              12
            ]
          },
          {
            "dow": "WED",
            "hh": "08",
            "mm": "30",
            "getOffCarRate": [
              9,
              20,
              9,
              4,
              4,
              3,
              5,
              13,
              21,
              11
            ]
          },
          {
            "dow": "WED",
            "hh": "08",
            "mm": "40",
            "getOffCarRate": [
              9,
              20,
              9,
              4,
              4,
              3,
              5,
              14,
              21,
              11
            ]
          },
          {
            "dow": "WED",
            "hh": "08",
            "mm": "50",
            "getOffCarRate": [
              9,
              19,
              9,
              4,
              3,
              3,
              5,
              13,
              21,
              12
            ]
          }
        ]
      },
      {
        "startStationCode": "234",
        "startStationName": "신도림역",
        "endStationCode": "211-R",
        "endStationName": "성수역",
        "prevStationCode": "240",
        "prevStationName": "신촌역",
        "updnLine": 1,
        "directAt": 0,
        "data": [
          {
            "dow": "WED",
            "hh": "08",
            "mm": "00",
            "getOffCarRate": [
              12,
              20,
              7,
              5,
              4,
              3,
              5,
              10,
              20,
              14
            ]
          },
          {
            "dow": "WED",
            "hh": "08",
            "mm": "10",
            "getOffCarRate": [
              11,
              20,
              8,
              5,
              4,
              3,
              5,
              10,
              20,
              13
            ]
          },
          {
            "dow": "WED",
            "hh": "08",
            "mm": "20",
            "getOffCarRate": [
              10,
              20,
              8,
              4,
              4,
              3,
              5,
              12,
              20,
              12
            ]
          },
          {
            "dow": "WED",
            "hh": "08",
            "mm": "30",
            "getOffCarRate": [
              9,
              20,
              9,
              4,
              4,
              3,
              5,
              13,
              21,
              11
            ]
          },
          {
            "dow": "WED",
            "hh": "08",
            "mm": "40",
            "getOffCarRate": [
              9,
              20,
              9,
              4,
              4,
              3,
              5,
              14,
              21,
              11
            ]
          },
          {
            "dow": "WED",
            "hh": "08",
            "mm": "50",
            "getOffCarRate": [
              9,
              19,
              9,
              4,
              3,
              3,
              5,
              13,
              21,
              12
            ]
          }
        ]
      },
      {
        "startStationCode": "239",
        "startStationName": "홍대입구역",
        "endStationCode": "211",
        "endStationName": "성수역",
        "prevStationCode": "240",
        "prevStationName": "신촌역",
        "updnLine": 1,
        "directAt": 0,
        "data": [
          {
            "dow": "WED",
            "hh": "08",
            "mm": "00",
            "getOffCarRate": [
              12,
              20,
              7,
              5,
              4,
              3,
              5,
              10,
              20,
              14
            ]
          },
          {
            "dow": "WED",
            "hh": "08",
            "mm": "10",
            "getOffCarRate": [
              11,
              20,
              8,
              5,
              4,
              3,
              5,
              10,
              20,
              13
            ]
          },
          {
            "dow": "WED",
            "hh": "08",
            "mm": "20",
            "getOffCarRate": [
              10,
              20,
              8,
              4,
              4,
              3,
              5,
              12,
              20,
              12
            ]
          },
          {
            "dow": "WED",
            "hh": "08",
            "mm": "30",
            "getOffCarRate": [
              9,
              20,
              9,
              4,
              4,
              3,
              5,
              13,
              21,
              11
            ]
          },
          {
            "dow": "WED",
            "hh": "08",
            "mm": "40",
            "getOffCarRate": [
              9,
              20,
              9,
              4,
              4,
              3,
              5,
              14,
              21,
              11
            ]
          },
          {
            "dow": "WED",
            "hh": "08",
            "mm": "50",
            "getOffCarRate": [
              9,
              19,
              9,
              4,
              3,
              3,
              5,
              13,
              21,
              12
            ]
          }
        ]
      },
      {
        "startStationCode": "239",
        "startStationName": "홍대입구역",
        "endStationCode": "211-R",
        "endStationName": "성수역",
        "prevStationCode": "240",
        "prevStationName": "신촌역",
        "updnLine": 1,
        "directAt": 0,
        "data": [
          {
            "dow": "WED",
            "hh": "08",
            "mm": "00",
            "getOffCarRate": [
              12,
              20,
              7,
              5,
              4,
              3,
              5,
              10,
              20,
              14
            ]
          },
          {
            "dow": "WED",
            "hh": "08",
            "mm": "10",
            "getOffCarRate": [
              11,
              20,
              8,
              5,
              4,
              3,
              5,
              10,
              20,
              13
            ]
          },
          {
            "dow": "WED",
            "hh": "08",
            "mm": "20",
            "getOffCarRate": [
              10,
              20,
              8,
              4,
              4,
              3,
              5,
              12,
              20,
              12
            ]
          },
          {
            "dow": "WED",
            "hh": "08",
            "mm": "30",
            "getOffCarRate": [
              9,
              20,
              9,
              4,
              4,
              3,
              5,
              13,
              21,
              11
            ]
          },
          {
            "dow": "WED",
            "hh": "08",
            "mm": "40",
            "getOffCarRate": [
              9,
              20,
              9,
              4,
              4,
              3,
              5,
              14,
              21,
              11
            ]
          },
          {
            "dow": "WED",
            "hh": "08",
            "mm": "50",
            "getOffCarRate": [
              9,
              19,
              9,
              4,
              3,
              3,
              5,
              13,
              21,
              12
            ]
          }
        ]
      }
    ],
    "statStartDate": "20230924",
    "statEndDate": "20231223"
  }
}