{
  "status": {
    "code": "00",
    "message": "success",
    "totalCount": 1
  },
  "contents": {
    "subwayLine": "2호선",
    "stationName": "서울대입구역",
    "stationCode": "228",
    "stat": [
      {
        "startStationCode": "202",
        "startStationName": "을지로입구역",
        "endStationCode": "211",
        "endStationName": "성수역",
        "prevStationCode": "229",
        "prevStationName": "봉천역",
        "updnLine": 0,
        "directAt": 0,
        "data": [
          {
            "dow": "MON",
            "hh": "08",
            "mm": "00",
            "getOffCarRate": [
              12,
              9,
              12,
              8,
              18,
              8,
              9,
              8,
              12,
              4
            ]
          },
          {
            "dow": "MON",
            "hh": "08",
            "mm": "10",
            "getOffCarRate": [
              13,
              9,
              12,
              8,
              18,
              8,
              8,
              9,
              11,
              4
            ]
          },
          {
            "dow": "MON",
            "hh": "08",
            "mm": "20",
            "getOffCarRate": [
              11,
              8,
              12,
              9,
              20,
              8,
              7,
              9,
              11,
              6
            ]
          },
          {
            "dow": "MON",
            "hh": "08",
            "mm": "30",
            "getOffCarRate": [
              10,
              8,
              12,
              10,
              21,
              8,
              8,
              8,
              10,
              6
            ]
          },
          {
            "dow": "MON",
            "hh": "08",
            "mm": "40",
            "getOffCarRate": [
              7,
              8,
              12,
              10,
              22,
              8,
              7,
              8,
              9,
              8
            ]
          },
          {
            "dow": "MON",
            "hh": "08",
            "mm": "50",
            "getOffCarRate": [
              6,
              8,
              12,
              10,
              21,
              9,
              8,
              8,
              10,
              8
            ]
          }
        ]
      },
      {
        "startStationCode": "202",
        "startStationName": "을지로입구역",
        "endStationCode": "211-R",
        "endStationName": "성수역",
        "prevStationCode": "229",
        "prevStationName": "봉천역",
        "updnLine": 0,
        "directAt": 0,
        "data": [
          {
            "dow": "MON",
            "hh": "08",
            "mm": "00",
            "getOffCarRate": [
              12,
              9,
              12,
              8,
              18,
              8,
              9,
              8,
              12,
              4
            ]
          },
          {
            "dow": "MON",
            "hh": "08",
            "mm": "10",
            "getOffCarRate": [
              13,
              9,
              12,
              8,
              18,
              8,
              8,
              9,
              11,
              4
            ]
          },
          {
            "dow": "MON",
            "hh": "08",
            "mm": "20",
            "getOffCarRate": [
              11,
              8,
              12,
              9,
              20,
              8,
              7,
              9,
              11,
              6
            ]
          },
          {
            "dow": "MON",
            "hh": "08",
            "mm": "30",
            "getOffCarRate": [
              10,
              8,
              12,
              10,
              21,
              8,
              8,
              8,
              10,
              6
            ]
          },
          {
            "dow": "MON",
            "hh": "08",
            "mm": "40",
            "getOffCarRate": [
              7,
              8,
              12,
              10,
              22,
              8,
              7,
              8,
              9,
              8
            ]
          },
          {
            "dow": "MON",
            "hh": "08",
            "mm": "50",
            "getOffCarRate": [
              6,
              8,
              12,
              10,
              21,
              9,
              8,
              8,
              10,
              8
            ]
          }
        ]
      },
      {
        "startStationCode": "211",
        "startStationName": "성수역",
        "endStationCode": "202",
        "endStationName": "을지로입구역",
        "prevStationCode": "227",
        "prevStationName": "낙성대역",
        "updnLine": 1,
        "directAt": 0,
        "data": [
          {
            "dow": "MON",
            "hh": "08",
            "mm": "00",
            "getOffCarRate": [
              8,
              13,
              11,
              8,
              13,
              16,
              8,
              9,
              8,
              6
            ]
          },
          {
            "dow": "MON",
            "hh": "08",
            "mm": "10",
            "getOffCarRate": [
              9,
              14,
              11,
              8,
              13,
              17,
              9,
              9,
              7,
              4
            ]
          },
          {
            "dow": "MON",
            "hh": "08",
            "mm": "20",
            "getOffCarRate": [
              9,
              13,
              12,
              8,
              12,
              15,
              9,
              8,
              7,
              4
            ]
          },
          {
            "dow": "MON",
            "hh": "08",
            "mm": "30",
            "getOffCarRate": [
              10,
              13,
              13,
              8,
              12,
              14,
              9,
              8,
              7,
              5
            ]
          },
          {
            "dow": "MON",
            "hh": "08",
            "mm": "40",
            "getOffCarRate": [
              11,
              13,
              13,
              8,
              12,
              14,
              9,
              8,
              7,
              5
            ]
          },
          {
            "dow": "MON",
            "hh": "08",
            "mm": "50",
            "getOffCarRate": [
              11,
              14,
              12,
              7,
              12,
              14,
              9,
              8,
              8,
              5
            ]
          }
        ]
      },
      {
        "startStationCode": "211",
        "startStationName": "성수역",
        "endStationCode": "211",
        "endStationName": "성수역",
        "prevStationCode": "229",
        "prevStationName": "봉천역",
        "updnLine": 0,
        "directAt": 0,
        "data": [
          {
            "dow": "MON",
            "hh": "08",
            "mm": "00",
            "getOffCarRate": [
              12,
              9,
              12,
              8,
              18,
              8,
              9,
              8,
              12,
              4
            ]
          },
          {
            "dow": "MON",
            "hh": "08",
            "mm": "10",
            "getOffCarRate": [
              13,
              9,
              12,
              7,
              18,
              8,
              9,
              9,
              12,
              4
            ]
          },
          {
            "dow": "MON",
            "hh": "08",
            "mm": "20",
            "getOffCarRate": [
              10,
              8,
              12,
              9,
              20,
              8,
              8,
              9,
              12,
              6
            ]
          },
          {
            "dow": "MON",
            "hh": "08",
            "mm": "30",
            "getOffCarRate": [
              9,
              8,
              12,
              9,
              21,
              7,
              8,
              8,
              11,
              7
            ]
          },
          {
            "dow": "MON",
            "hh": "08",
            "mm": "40",
            "getOffCarRate": [
              6,
              8,
              13,
              9,
              22,
              8,
              8,
              8,
              11,
              8
            ]
          },
          {
            "dow": "MON",
            "hh": "08",
            "mm": "50",
            "getOffCarRate": [
              5,
              8,
              12,
              10,
              22,
              7,
              7,
              8,
              11,
              10
            ]
          }
        ]
      },
      {
        "startStationCode": "211",
        "startStationName": "성수역",
        "endStationCode": "211",
        "endStationName": "성수역",
        "prevStationCode": "227",
        "prevStationName": "낙성대역",
        "updnLine": 1,
        "directAt": 0,
        "data": [
          {
            "dow": "MON",
            "hh": "08",
            "mm": "00",
            "getOffCarRate": [
              8,
              13,
              11,
              8,
              13,
              16,
              8,
              9,
              8,
              6
            ]
          },
          {
            "dow": "MON",
            "hh": "08",
            "mm": "10",
            "getOffCarRate": [
              8,
              13,
              11,
              8,
              13,
              17,
              9,
              9,
              8,
              4
            ]
          },
          {
            "dow": "MON",
            "hh": "08",
            "mm": "20",
            "getOffCarRate": [
              9,
              13,
              12,
              8,
              13,
              15,
              9,
              8,
              8,
              5
            ]
          },
          {
            "dow": "MON",
            "hh": "08",
            "mm": "30",
            "getOffCarRate": [
              10,
              13,
              13,
              8,
              12,
              14,
              9,
              9,
              7,
              5
            ]
          },
          {
            "dow": "MON",
            "hh": "08",
            "mm": "40",
            "getOffCarRate": [
              11,
              13,
              14,
              9,
              12,
              13,
              9,
              8,
              7,
              5
            ]
          },
          {
            "dow": "MON",
            "hh": "08",
            "mm": "50",
            "getOffCarRate": [
              11,
              14,
              14,
              8,
              11,
              13,
              9,
              8,
              6,
              6
            ]
          }
        ]
      },
      {
        "startStationCode": "211",
        "startStationName": "성수역",
        "endStationCode": "211-R",
        "endStationName": "성수역",
        "prevStationCode": "229",
        "prevStationName": "봉천역",
        "updnLine": 0,
        "directAt": 0,
        "data": [
          {
            "dow": "MON",
            "hh": "08",
            "mm": "00",
            "getOffCarRate": [
              15,
              7,
              11,
              8,
              15,
              7,
              11,
              8,
              13,
              5
            ]
          },
          {
            "dow": "MON",
            "hh": "08",
            "mm": "10",
            "getOffCarRate": [
              17,
              8,
              10,
              7,
              15,
              7,
              9,
              8,
              12,
              5
            ]
          },
          {
            "dow": "MON",
            "hh": "08",
            "mm": "20",
            "getOffCarRate": [
              13,
              7,
              10,
              9,
              18,
              7,
              8,
              8,
              12,
              7
            ]
          },
          {
            "dow": "MON",
            "hh": "08",
            "mm": "30",
            "getOffCarRate": [
              11,
              7,
              11,
              9,
              20,
              8,
              8,
              8,
              11,
              7
            ]
          },
          {
            "dow": "MON",
            "hh": "08",
            "mm": "40",
            "getOffCarRate": [
              8,
              8,
              11,
              9,
              21,
              8,
              8,
              8,
              10,
              9
            ]
          },
          {
            "dow": "MON",
            "hh": "08",
            "mm": "50",
            "getOffCarRate": [
              7,
              8,
              11,
              9,
              21,
              9,
              8,
              8,
              10,
              8
            ]
          }
        ]
      },
      {
        "startStationCode": "211",
        "startStationName": "성수역",
        "endStationCode": "211-R",
        "endStationName": "성수역",
        "prevStationCode": "227",
        "prevStationName": "낙성대역",
        "updnLine": 1,
        "directAt": 0,
        "data": [
          {
            "dow": "MON",
            "hh": "08",
            "mm": "00",
            "getOffCarRate": [
              8,
              13,
              11,
              8,
              13,
              16,
              8,
              9,
              8,
              6
            ]
          },
          {
            "dow": "MON",
            "hh": "08",
            "mm": "10",
            "getOffCarRate": [
              9,
              14,
              11,
              8,
              13,
              16,
              9,
              9,
              7,
              4
            ]
          },
          {
            "dow": "MON",
            "hh": "08",
            "mm": "20",
            "getOffCarRate": [
              9,
              13,
              12,
              8,
              13,
              15,
              9,
              8,
              7,
              4
            ]
          },
          {
            "dow": "MON",
            "hh": "08",
            "mm": "30",
            "getOffCarRate": [
              10,
              13,
              13,
              8,
              12,
              14,
              9,
              8,
              8,
              4
            ]
          },
          {
            "dow": "MON",
            "hh": "08",
            "mm": "40",
            "getOffCarRate": [
              11,
              13,
              13,
              8,
              12,
              14,
              9,
              8,
              7,
              4
            ]
          },
          {
            "dow": "MON",
            "hh": "08",
            "mm": "50",
            "getOffCarRate": [
              11,
              14,
              12,
              7,
              12,
              14,
              9,
              8,
              8,
              5
            ]
          }
        ]
      },
      {
        "startStationCode": "211",
        "startStationName": "성수역",
        "endStationCode": "219",
        "endStationName": "삼성역",
        "prevStationCode": "229",
        "prevStationName": "봉천역",
        "updnLine": 0,
        "directAt": 0,
        "data": [
          {
            "dow": "MON",
            "hh": "08",
            "mm": "00",
            "getOffCarRate": [
              12,
              9,
              12,
              8,
              18,
              8,
              9,
              8,
              12,
              4
            ]
          },
          {
            "dow": "MON",
            "hh": "08",
            "mm": "10",
            "getOffCarRate": [
              13,
              9,
              12,
              8,
              18,
              8,
              8,
              9,
              11,
              4
            ]
          },
          {
            "dow": "MON",
            "hh": "08",
            "mm": "20",
            "getOffCarRate": [
              11,
              8,
              12,
              9,
              20,
              8,
              7,
              9,
              11,
              6
            ]
          },
          {
            "dow": "MON",
            "hh": "08",
            "mm": "30",
            "getOffCarRate": [
              10,
              8,
              12,
              10,
              21,
              8,
              8,
              8,
              10,
              6
            ]
          },
          {
            "dow": "MON",
            "hh": "08",
            "mm": "40",
            "getOffCarRate": [
              7,
              8,
              12,
              10,
              22,
              8,
              7,
              8,
              9,
              8
            ]
          },
          {
            "dow": "MON",
            "hh": "08",
            "mm": "50",
            "getOffCarRate": [
              6,
              8,
              12,
              10,
              21,
              9,
              8,
              8,
              10,
              8
            ]
          }
        ]
      },
      {
        "startStationCode": "211",
        "startStationName": "성수역",
        "endStationCode": "228",
        "endStationName": "서울대입구역",
        "prevStationCode": "229",
        "prevStationName": "봉천역",
        "updnLine": 0,
        "directAt": 0,
        "data": [
          {
            "dow": "MON",
            "hh": "08",
            "mm": "00",
            "getOffCarRate": [
              12,
              9,
              12,
              8,
              18,
              8,
              9,
              8,
              12,
              4
            ]
          },
          {
            "dow": "MON",
            "hh": "08",
            "mm": "10",
            "getOffCarRate": [
              13,
              9,
              12,
              8,
              18,
              8,
              8,
              9,
              11,
              4
            ]
          },
          {
            "dow": "MON",
            "hh": "08",
            "mm": "20",
            "getOffCarRate": [
              11,
              8,
              12,
              9,
              20,
              8,
              7,
              9,
              11,
              6
            ]
          },
          {
            "dow": "MON",
            "hh": "08",
            "mm": "30",
            "getOffCarRate": [
              10,
              8,
              12,
              10,
              21,
              8,
              8,
              8,
              10,
              6
            ]
          },
          {
            "dow": "MON",
            "hh": "08",
            "mm": "40",
            "getOffCarRate": [
              7,
              8,
              12,
              10,
              22,
              8,
              7,
              8,
              9,
              8
            ]
          },
          {
            "dow": "MON",
            "hh": "08",
            "mm": "50",
            "getOffCarRate": [
              6,
              8,
              12,
              10,
              21,
              9,
              8,
              8,
              10,
              8
            ]
          }
        ]
      },
      {
        "startStationCode": "211",
        "startStationName": "성수역",
        "endStationCode": "228",
        "endStationName": "서울대입구역",
        "prevStationCode": "227",
        "prevStationName": "낙성대역",
        "updnLine": 1,
        "directAt": 0,
        "data": [
          {
            "dow": "MON",
            "hh": "08",
            "mm": "00",
            "getOffCarRate": [
              8,
              13,
              11,
              8,
              13,
              16,
              8,
              9,
              8,
              6
            ]
          },
          {
            "dow": "MON",
            "hh": "08",
            "mm": "10",
            "getOffCarRate": [
              9,
              14,
              11,
              8,
              13,
              17,
              9,
              9,
              7,
              4
            ]
          },
          {
            "dow": "MON",
            "hh": "08",
            "mm": "20",
            "getOffCarRate": [
              9,
              13,
              12,
              8,
              12,
              15,
              9,
              8,
              7,
              4
            ]
          },
          {
            "dow": "MON",
            "hh": "08",
            "mm": "30",
            "getOffCarRate": [
              10,
              13,
              13,
              8,
              12,
              14,
              9,
              8,
              7,
              5
            ]
          },
          {
            "dow": "MON",
            "hh": "08",
            "mm": "40",
            "getOffCarRate": [
              11,
              13,
              13,
              8,
              12,
              14,
              9,
              8,
              7,
              5
            ]
          },
          {
            "dow": "MON",
            "hh": "08",
            "mm": "50",
            "getOffCarRate": [
              11,
              14,
              12,
              7,
              12,
              14,
              9,
              8,
              8,
              5
            ]
          }
        ]
      },
      {
        "startStationCode": "211",
        "startStationName": "성수역",
        "endStationCode": "234",
        "endStationName": "신도림역",
        "prevStationCode": "227",
        "prevStationName": "낙성대역",
        "updnLine": 1,
        "directAt": 0,
        "data": [
          {
            "dow": "MON",
            "hh": "08",
            "mm": "00",
            "getOffCarRate": [
              8,
              13,
              11,
              8,
              13,
              16,
              8,
              9,
              8,
              6
            ]
          },
          {
            "dow": "MON",
            "hh": "08",
            "mm": "10",
            "getOffCarRate": [
              9,
              14,
              11,
              8,
              13,
              17,
              9,
              9,
              7,
              4
            ]
          },
          {
            "dow": "MON",
            "hh": "08",
            "mm": "20",
            "getOffCarRate": [
              9,
              13,
              12,
              8,
              12,
              15,
              9,
              8,
              7,
              4
            ]
          },
          {
            "dow": "MON",
            "hh": "08",
            "mm": "30",
            "getOffCarRate": [
              10,
              13,
              13,
              8,
              12,
              14,
              9,
              8,
              7,
              5
            ]
          },
          {
            "dow": "MON",
            "hh": "08",
            "mm": "40",
            "getOffCarRate": [
              11,
              13,
              13,
              8,
              12,
              14,
              9,
              8,
              7,
              5
            ]
          },
          {
            "dow": "MON",
            "hh": "08",
            "mm": "50",
            "getOffCarRate": [
              11,
              14,
              12,
              7,
              12,
              14,
              9,
              8,
              8,
              5
            ]
          }
        ]
      },
      {
        "startStationCode": "211",
        "startStationName": "성수역",
        "endStationCode": "239",
        "endStationName": "홍대입구역",
        "prevStationCode": "227",
        "prevStationName": "낙성대역",
        "updnLine": 1,
        "directAt": 0,
        "data": [
          {
            "dow": "MON",
            "hh": "08",
            "mm": "00",
            "getOffCarRate": [
              8,
              13,
              11,
              8,
              13,
              16,
              8,
              9,
              8,
              6
            ]
          },
          {
            "dow": "MON",
            "hh": "08",
            "mm": "10",
            "getOffCarRate": [
              9,
              14,
              11,
              8,
              13,
              17,
              9,
              9,
              7,
              4
            ]
          },
          {
            "dow": "MON",
            "hh": "08",
            "mm": "20",
            "getOffCarRate": [
              9,
              13,
              12,
              8,
              12,
              15,
              9,
              8,
              7,
              4
            ]
          },
          {
            "dow": "MON",
            "hh": "08",
            "mm": "30",
            "getOffCarRate": [
              10,
              13,
              13,
              8,
              12,
              14,
              9,
              8,
              7,
              5
            ]
          },
          {
            "dow": "MON",
            "hh": "08",
            "mm": "40",
            "getOffCarRate": [
              11,
              13,
              13,
              8,
              12,
              14,
              9,
              8,
              7,
              5
            ]
          },
          {
            "dow": "MON",
            "hh": "08",
            "mm": "50",
            "getOffCarRate": [
              11,
              14,
              12,
              7,
              12,
              14,
              9,
              8,
              8,
              5
            ]
          }
        ]
      },
      {
        "startStationCode": "219",
        "startStationName": "삼성역",
        "endStationCode": "211-R",
        "endStationName": "성수역",
        "prevStationCode": "227",
        "prevStationName": "낙성대역",
        "updnLine": 1,
        "directAt": 0,
        "data": [
          {
            "dow": "MON",
            "hh": "08",
            "mm": "00",
            "getOffCarRate": [
              8,
              13,
              11,
              8,
              13,
              16,
              8,
              9,
              8,
              6
            ]
          },
          {
            "dow": "MON",
            "hh": "08",
            "mm": "10",
            "getOffCarRate": [
              9,
              14,
              11,
              8,
              13,
              17,
              9,
              9,
              7,
              4
            ]
          },
          {
            "dow": "MON",
            "hh": "08",
            "mm": "20",
            "getOffCarRate": [
              9,
              13,
              12,
              8,
              12,
              15,
              9,
              8,
              7,
              4
            ]
          },
          {
            "dow": "MON",
            "hh": "08",
            "mm": "30",
            "getOffCarRate": [
              10,
              13,
              13,
              8,
              12,
              14,
              9,
              8,
              7,
              5
            ]
          },
          {
            "dow": "MON",
            "hh": "08",
            "mm": "40",
            "getOffCarRate": [
              11,
              13,
              13,
              8,
              12,
              14,
              9,
              8,
              7,
              5
            ]
          },
          {
            "dow": "MON",
            "hh": "08",
            "mm": "50",
            "getOffCarRate": [
              11,
              14,
              12,
              7,
              12,
              14,
              9,
              8,
              8,
              5
            ]
          }
        ]
      },
      {
        "startStationCode": "234",
        "startStationName": "신도림역",
        "endStationCode": "211",
        "endStationName": "성수역",
        "prevStationCode": "229",
        "prevStationName": "봉천역",
        "updnLine": 0,
        "directAt": 0,
        "data": [
          {
            "dow": "MON",
            "hh": "08",
            "mm": "00",
            "getOffCarRate": [
              12,
              9,
              12,
              8,
              18,
              8,
              9,
              8,
              12,
              4
            ]
          },
          {
            "dow": "MON",
            "hh": "08",
            "mm": "10",
            "getOffCarRate": [
              13,
              9,
              12,
              8,
              18,
              8,
              8,
              9,
              11,
              4
            ]
          },
          {
            "dow": "MON",
            "hh": "08",
            "mm": "20",
            "getOffCarRate": [
              11,
              8,
              12,
              9,
              20,
              8,
              7,
              9,
              11,
              6
            ]
          },
          {
            "dow": "MON",
            "hh": "08",
            "mm": "30",
            "getOffCarRate": [
              10,
              8,
              12,
              10,
              21,
              8,
              8,
              8,
              10,
              6
            ]
          },
          {
            "dow": "MON",
            "hh": "08",
            "mm": "40",
            "getOffCarRate": [
              7,
              8,
              12,
              10,
              22,
              8,
              7,
              8,
              9,
              8
            ]
          },
          {
            "dow": "MON",
            "hh": "08",
            "mm": "50",
            "getOffCarRate": [
              6,
              8,
              12,
              10,
              21,
              9,
              8,
              8,
              10,
              8
            ]
          }
        ]
      },
      {
        "startStationCode": "234",
        "startStationName": "신도림역",
        "endStationCode": "211-R",
        "endStationName": "성수역",
        "prevStationCode": "229",
        "prevStationName": "봉천역",
        "updnLine": 0,
        "directAt": 0,
        "data": [
          {
            "dow": "MON",
            "hh": "08",
            "mm": "00",
            "getOffCarRate": [
              8,
              11,
              15,
              8,
              24,
              11,
              5,
              8,
              9,
              2
            ]
          },
          {
            "dow": "MON",
            "hh": "08",
            "mm": "10",
            "getOffCarRate": [
              8,
              10,
              15,
              10,
              22,
              10,
              6,
              10,
              8,
              2
            ]
          },
          {
            "dow": "MON",
            "hh": "08",
            "mm": "20",
            "getOffCarRate": [
              5,
              7,
              13,
              11,
              22,
              9,
              6,
              10,
              11,
              6
            ]
          },
          {
            "dow": "MON",
            "hh": "08",
            "mm": "30",
            "getOffCarRate": [
              5,
              7,
              13,
              11,
              23,
              8,
              7,
              8,
              10,
              8
            ]
          },
          {
            "dow": "MON",
            "hh": "08",
            "mm": "40",
            "getOffCarRate": [
              4,
              8,
              12,
              11,
              23,
              9,
              7,
              8,
              10,
              8
            ]
          },
          {
            "dow": "MON",
            "hh": "08",
            "mm": "50",
            "getOffCarRate": [
              5,
              7,
              12,
              10,
              22,
              10,
              8,
              8,
              10,
              8
            ]
          }
        ]
      },
      {
        "startStationCode": "239",
        "startStationName": "홍대입구역",
        "endStationCode": "211",
        "endStationName": "성수역",
        "prevStationCode": "229",
        "prevStationName": "봉천역",
        "updnLine": 0,
        "directAt": 0,
        "data": [
          {
            "dow": "MON",
            "hh": "08",
            "mm": "00",
            "getOffCarRate": [
              12,
              9,
              12,
              8,
              18,
              8,
              9,
              8,
              12,
              4
            ]
          },
          {
            "dow": "MON",
            "hh": "08",
            "mm": "10",
            "getOffCarRate": [
              13,
              9,
              12,
              8,
              18,
              8,
              8,
              9,
              11,
              4
            ]
          },
          {
            "dow": "MON",
            "hh": "08",
            "mm": "20",
            "getOffCarRate": [
              11,
              8,
              12,
              9,
              20,
              8,
              7,
              9,
              11,
              6
            ]
          },
          {
            "dow": "MON",
            "hh": "08",
            "mm": "30",
            "getOffCarRate": [
              10,
              8,
              12,
              10,
              21,
              8,
              8,
              8,
              10,
              6
            ]
          },
          {
            "dow": "MON",
            "hh": "08",
            "mm": "40",
            "getOffCarRate": [
              7,
              8,
              12,
              10,
              22,
              8,
              7,
              8,
              9,
              8
            ]
          },
          {
            "dow": "MON",
            "hh": "08",
            "mm": "50",
            "getOffCarRate": [
              6,
              8,
              12,
              10,
              21,
              9,
              8,
              8,
              10,
              8
            ]
          }
        ]
      },
      {
        "startStationCode": "239",
        "startStationName": "홍대입구역",
        "endStationCode": "211-R",
        "endStationName": "성수역",
        "prevStationCode": "229",
        "prevStationName": "봉천역",
        "updnLine": 0,
        "directAt": 0,
        "data": [
          {
            "dow": "MON",
            "hh": "08",
            "mm": "00",
            "getOffCarRate": [
              12,
              9,
              12,
              8,
              18,
              8,
              9,
              8,
              12,
              4
            ]
          },
          {
            "dow": "MON",
            "hh": "08",
            "mm": "10",
            "getOffCarRate": [
              13,
              9,
              12,
              8,
              18,
              8,
              8,
              9,
              11,
              4
            ]
          },
          {
            "dow": "MON",
            "hh": "08",
            "mm": "20",
            "getOffCarRate": [
              11,
              8,
              12,
              9,
              20,
              8,
              7,
              9,
              11,
              6
            ]
          },
          {
            "dow": "MON",
            "hh": "08",
            "mm": "30",
            "getOffCarRate": [
              10,
              8,
              12,
              10,
              21,
              8,
              8,
              8,
              10,
              6
            ]
          },
          {
            "dow": "MON",
            "hh": "08",
            "mm": "40",
            "getOffCarRate": [
              7,
              8,
              12,
              10,
              22,
              8,
              7,
              8,
              9,
              8
            ]
          },
          {
            "dow": "MON",
            "hh": "08",
            "mm": "50",
            "getOffCarRate": [
              6,
              8,
              12,
              10,
              21,
              9,
              8,
              8,
              10,
              8
            ]
          }
        ]
      }
    ],
    "statStartDate": "20230924",
    "statEndDate": "20231223"
  }
}