{
  "status": {
    "code": "00",
    "message": "success",
    "totalCount": 1
  },
  "contents": {
    "subwayLine": "2호선",
    "stationName": "사당역",
    "stationCode": "226",
    "stat": [
      {
        "startStationCode": "202",
        "startStationName": "을지로입구역",
        "endStationCode": "211",
        "endStationName": "성수역",
        "prevStationCode": "227",
        "prevStationName": "낙성대역",
        "updnLine": 0,
        "directAt": 0,
        "data": [
          {
            "dow": "MON",
            "hh": "13",
            "mm": "00",
            "getOffCarRate": [
              4,
              6,
              11,
              13,
              26,
              16,
              8,
              10,
              4,
              2
            ]
          },
          {
            "dow": "MON",
            "hh": "13",
            "mm": "10",
            "getOffCarRate": [
              4,
              6,
              11,
              13,
              25,
              16,
              9,
              10,
              4,
              2
            ]
          },
          {
            "dow": "MON",
            "hh": "13",
            "mm": "20",
            "getOffCarRate": [
              4,
              6,
              11,
              14,
              25,
              15,
              9,
              10,
              4,
              3
            ]
          },
          {
            "dow": "MON",
            "hh": "13",
            "mm": "30",
            "getOffCarRate": [
              4,
              6,
              11,
              14,
              25,
              15,
              10,
              10,
              4,
              3
            ]
          },
          {
            "dow": "MON",
            "hh": "13",
            "mm": "40",
            "getOffCarRate": [
              3,
              6,
              10,
              14,
              25,
              15,
              10,
              9,
              4,
              3
            ]
          },
          {
            "dow": "MON",
            "hh": "13",
            "mm": "50",
            "getOffCarRate": [
              3,
              5,
              11,
              14,
              26,
              14,
              10,
              9,
              4,
              3
            ]
          }
        ]
      },
      {
        "startStationCode": "202",
        "startStationName": "을지로입구역",
        "endStationCode": "211-R",
        "endStationName": "성수역",
        "prevStationCode": "227",
        "prevStationName": "낙성대역",
        "updnLine": 0,
        "directAt": 0,
        "data": [
          {
            "dow": "MON",
            "hh": "13",
            "mm": "00",
            "getOffCarRate": [
              4,
              6,
              11,
              13,
              26,
              16,
              8,
              10,
              4,
              2
            ]
          },
          {
            "dow": "MON",
            "hh": "13",
            "mm": "10",
            "getOffCarRate": [
              4,
              6,
              11,
              13,
              25,
              16,
              9,
              10,
              4,
              2
            ]
          },
          {
            "dow": "MON",
            "hh": "13",
            "mm": "20",
            "getOffCarRate": [
              4,
              6,
              11,
              14,
              25,
              15,
              9,
              10,
              4,
              3
            ]
          },
          {
            "dow": "MON",
            "hh": "13",
            "mm": "30",
            "getOffCarRate": [
              4,
              6,
              11,
              14,
              25,
              15,
              10,
              10,
              4,
              3
            ]
          },
          {
            "dow": "MON",
            "hh": "13",
            "mm": "40",
            "getOffCarRate": [
              3,
              6,
              10,
              14,
              25,
              15,
              10,
              9,
              4,
              3
            ]
          },
          {
            "dow": "MON",
            "hh": "13",
            "mm": "50",
            "getOffCarRate": [
              3,
              5,
              11,
              14,
              26,
              14,
              10,
              9,
              4,
              3
            ]
          }
        ]
      },
      {
        "startStationCode": "211",
        "startStationName": "성수역",
        "endStationCode": "202",
        "endStationName": "을지로입구역",
        "prevStationCode": "225",
        "prevStationName": "방배역",
        "updnLine": 1,
        "directAt": 0,
        "data": [
          {
            "dow": "MON",
            "hh": "13",
            "mm": "00",
            "getOffCarRate": [
              6,
              7,
              12,
              11,
              17,
              19,
              10,
              9,
              5,
              4
            ]
          },
          {
            "dow": "MON",
            "hh": "13",
            "mm": "10",
            "getOffCarRate": [
              7,
              7,
              12,
              11,
              17,
              19,
              10,
              9,
              5,
              4
            ]
          },
          {
            "dow": "MON",
            "hh": "13",
            "mm": "20",
            "getOffCarRate": [
              7,
              7,
              12,
              11,
              16,
              19,
              11,
              9,
              5,
              4
            ]
          },
          {
            "dow": "MON",
            "hh": "13",
            "mm": "30",
            "getOffCarRate": [
              7,
              7,
              11,
              11,
              16,
              19,
              11,
              9,
              5,
              4
            ]
          },
          {
            "dow": "MON",
            "hh": "13",
            "mm": "40",
            "getOffCarRate": [
              7,
              7,
              11,
              11,
              17,
              18,
              11,
              8,
              5,
              4
            ]
          },
          {
            "dow": "MON",
            "hh": "13",
            "mm": "50",
            "getOffCarRate": [
              7,
              7,
              11,
              12,
              16,
              18,
              10,
              9,
              5,
              4
            ]
          }
        ]
      },
      {
        "startStationCode": "211",
        "startStationName": "성수역",
        "endStationCode": "211",
        "endStationName": "성수역",
        "prevStationCode": "227",
        "prevStationName": "낙성대역",
        "updnLine": 0,
        "directAt": 0,
        "data": [
          {
            "dow": "MON",
            "hh": "13",
            "mm": "00",
            "getOffCarRate": [
              4,
              6,
              11,
              13,
              26,
              16,
              8,
              10,
              4,
              2
            ]
          },
          {
            "dow": "MON",
            "hh": "13",
            "mm": "10",
            "getOffCarRate": [
              4,
              6,
              11,
              13,
              25,
              16,
              9,
              10,
              4,
              2
            ]
          },
          {
            "dow": "MON",
            "hh": "13",
            "mm": "20",
            "getOffCarRate": [
              4,
              6,
              11,
              14,
              25,
              15,
              9,
              10,
              4,
              3
            ]
          },
          {
            "dow": "MON",
            "hh": "13",
            "mm": "30",
            "getOffCarRate": [
              4,
              6,
              11,
              14,
              25,
              15,
              10,
              10,
              4,
              3
            ]
          },
          {
            "dow": "MON",
            "hh": "13",
            "mm": "40",
            "getOffCarRate": [
              3,
              6,
              10,
              14,
              25,
              15,
              10,
              9,
              4,
              3
            ]
          },
          {
            "dow": "MON",
            "hh": "13",
            "mm": "50",
            "getOffCarRate": [
              3,
              5,
              11,
              14,
              26,
              14,
              10,
              9,
              4,
              3
            ]
          }
        ]
      },
      {
        "startStationCode": "211",
        "startStationName": "성수역",
        "endStationCode": "211",
        "endStationName": "성수역",
        "prevStationCode": "225",
        "prevStationName": "방배역",
        "updnLine": 1,
        "directAt": 0,
        "data": [
          {
            "dow": "MON",
            "hh": "13",
            "mm": "00",
            "getOffCarRate": [
              6,
              7,
              12,
              11,
              17,
              19,
              10,
              9,
              5,
              4
            ]
          },
          {
            "dow": "MON",
            "hh": "13",
            "mm": "10",
            "getOffCarRate": [
              7,
              7,
              12,
              11,
              17,
              19,
              10,
              9,
              5,
              4
            ]
          },
          {
            "dow": "MON",
            "hh": "13",
            "mm": "20",
            "getOffCarRate": [
              7,
              7,
              12,
              11,
              16,
              19,
              11,
              9,
              5,
              4
            ]
          },
          {
            "dow": "MON",
            "hh": "13",
            "mm": "30",
            "getOffCarRate": [
              7,
              7,
              11,
              11,
              16,
              19,
              11,
              9,
              5,
              4
            ]
          },
          {
            "dow": "MON",
            "hh": "13",
            "mm": "40",
            "getOffCarRate": [
              7,
              7,
              11,
              11,
              17,
              18,
              11,
              8,
              5,
              4
            ]
          },
          {
            "dow": "MON",
            "hh": "13",
            "mm": "50",
            "getOffCarRate": [
              7,
              7,
              11,
              12,
              16,
              18,
              10,
              9,
              5,
              4
            ]
          }
        ]
      },
      {
        "startStationCode": "211",
        "startStationName": "성수역",
        "endStationCode": "211-R",
        "endStationName": "성수역",
        "prevStationCode": "227",
        "prevStationName": "낙성대역",
        "updnLine": 0,
        "directAt": 0,
        "data": [
          {
            "dow": "MON",
            "hh": "13",
            "mm": "00",
            "getOffCarRate": [
              4,
              6,
              11,
              12,
              26,
              16,
              8,
              10,
              4,
              2
            ]
          },
          {
            "dow": "MON",
            "hh": "13",
            "mm": "10",
            "getOffCarRate": [
              4,
              6,
              11,
              13,
              25,
              16,
              9,
              11,
              4,
              2
            ]
          },
          {
            "dow": "MON",
            "hh": "13",
            "mm": "20",
            "getOffCarRate": [
              4,
              6,
              11,
              14,
              25,
              15,
              9,
              10,
              4,
              3
            ]
          },
          {
            "dow": "MON",
            "hh": "13",
            "mm": "30",
            "getOffCarRate": [
              4,
              6,
              11,
              14,
              25,
              15,
              10,
              10,
              4,
              3
            ]
          },
          {
            "dow": "MON",
            "hh": "13",
            "mm": "40",
            "getOffCarRate": [
              3,
              6,
              11,
              14,
              25,
              15,
              10,
              9,
              4,
              3
            ]
          },
          {
            "dow": "MON",
            "hh": "13",
            "mm": "50",
            "getOffCarRate": [
              3,
              5,
              11,
              14,
              26,
              14,
              9,
              9,
              4,
              3
            ]
          }
        ]
      },
      {
        "startStationCode": "211",
        "startStationName": "성수역",
        "endStationCode": "211-R",
        "endStationName": "성수역",
        "prevStationCode": "225",
        "prevStationName": "방배역",
        "updnLine": 1,
        "directAt": 0,
        "data": [
          {
            "dow": "MON",
            "hh": "13",
            "mm": "00",
            "getOffCarRate": [
              6,
              7,
              12,
              11,
              17,
              19,
              10,
              9,
              5,
              4
            ]
          },
          {
            "dow": "MON",
            "hh": "13",
            "mm": "10",
            "getOffCarRate": [
              7,
              7,
              12,
              11,
              17,
              19,
              10,
              9,
              5,
              4
            ]
          },
          {
            "dow": "MON",
            "hh": "13",
            "mm": "20",
            "getOffCarRate": [
              7,
              7,
              12,
              11,
              16,
              19,
              11,
              9,
              5,
              4
            ]
          },
          {
            "dow": "MON",
            "hh": "13",
            "mm": "30",
            "getOffCarRate": [
              7,
              7,
              11,
              11,
              16,
              19,
              11,
              9,
              5,
              4
            ]
          },
          {
            "dow": "MON",
            "hh": "13",
            "mm": "40",
            "getOffCarRate": [
              7,
              7,
              11,
              11,
              17,
              18,
              11,
              8,
              5,
              4
            ]
          },
          {
            "dow": "MON",
            "hh": "13",
            "mm": "50",
            "getOffCarRate": [
              7,
              7,
              11,
              12,
              16,
              18,
              10,
              9,
              5,
              4
            ]
          }
        ]
      },
      {
        "startStationCode": "211",
        "startStationName": "성수역",
        "endStationCode": "219",
        "endStationName": "삼성역",
        "prevStationCode": "227",
        "prevStationName": "낙성대역",
        "updnLine": 0,
        "directAt": 0,
        "data": [
          {
            "dow": "MON",
            "hh": "13",
            "mm": "00",
            "getOffCarRate": [
              4,
              6,
              11,
              13,
              26,
              16,
              8,
              10,
              4,
              2
            ]
          },
          {
            "dow": "MON",
            "hh": "13",
            "mm": "10",
            "getOffCarRate": [
              4,
              6,
              11,
              13,
              25,
              16,
              9,
              10,
              4,
              2
            ]
          },
          {
            "dow": "MON",
            "hh": "13",
            "mm": "20",
            "getOffCarRate": [
              4,
              6,
              11,
              14,
              25,
              15,
              9,
              10,
              4,
              3
            ]
          },
          {
            "dow": "MON",
            "hh": "13",
            "mm": "30",
            "getOffCarRate": [
              4,
              6,
              11,
              14,
              25,
              15,
              10,
              10,
              4,
              3
            ]
          },
          {
            "dow": "MON",
            "hh": "13",
            "mm": "40",
            "getOffCarRate": [
              3,
              6,
              10,
              14,
              25,
              15,
              10,
              9,
              4,
              3
            ]
          },
          {
            "dow": "MON",
            "hh": "13",
            "mm": "50",
            "getOffCarRate": [
              3,
              5,
              11,
              14,
              26,
              14,
              10,
              9,
              4,
              3
            ]
          }
        ]
      },
      {
        "startStationCode": "211",
        "startStationName": "성수역",
        "endStationCode": "228",
        "endStationName": "서울대입구역",
        "prevStationCode": "225",
        "prevStationName": "방배역",
        "updnLine": 1,
        "directAt": 0,
        "data": [
          {
            "dow": "MON",
            "hh": "13",
            "mm": "00",
            "getOffCarRate": [
              6,
              7,
              12,
              11,
              17,
              19,
              10,
              9,
              5,
              4
            ]
          },
          {
            "dow": "MON",
            "hh": "13",
            "mm": "10",
            "getOffCarRate": [
              7,
              7,
              12,
              11,
              17,
              19,
              10,
              9,
              5,
              4
            ]
          },
          {
            "dow": "MON",
            "hh": "13",
            "mm": "20",
            "getOffCarRate": [
              7,
              7,
              12,
              11,
              16,
              19,
              11,
              9,
              5,
              4
            ]
          },
          {
            "dow": "MON",
            "hh": "13",
            "mm": "30",
            "getOffCarRate": [
              7,
              7,
              11,
              11,
              16,
              19,
              11,
              9,
              5,
              4
            ]
          },
          {
            "dow": "MON",
            "hh": "13",
            "mm": "40",
            "getOffCarRate": [
              7,
              7,
              11,
              11,
              17,
              18,
              11,
              8,
              5,
              4
            ]
          },
          {
            "dow": "MON",
            "hh": "13",
            "mm": "50",
            "getOffCarRate": [
              7,
              7,
              11,
              12,
              16,
              18,
              10,
              9,
              5,
              4
            ]
          }
        ]
      },
      {
        "startStationCode": "211",
        "startStationName": "성수역",
        "endStationCode": "234",
        "endStationName": "신도림역",
        "prevStationCode": "225",
        "prevStationName": "방배역",
        "updnLine": 1,
        "directAt": 0,
        "data": [
          {
            "dow": "MON",
            "hh": "13",
            "mm": "00",
            "getOffCarRate": [
              6,
              7,
              12,
              11,
              17,
              19,
              10,
              9,
              5,
              4
            ]
          },
          {
            "dow": "MON",
            "hh": "13",
            "mm": "10",
            "getOffCarRate": [
              7,
              7,
              12,
              11,
              17,
              19,
              10,
              9,
              5,
              4
            ]
          },
          {
            "dow": "MON",
            "hh": "13",
            "mm": "20",
            "getOffCarRate": [
              7,
              7,
              12,
              11,
              16,
              19,
              11,
              9,
              5,
              4
            ]
          },
          {
            "dow": "MON",
            "hh": "13",
            "mm": "30",
            "getOffCarRate": [
              7,
              7,
              11,
              11,
              16,
              19,
              11,
              9,
              5,
              4
            ]
          },
          {
            "dow": "MON",
            "hh": "13",
            "mm": "40",
            "getOffCarRate": [
              7,
              7,
              11,
              11,
              17,
              18,
              11,
              8,
              5,
              4
            ]
          },
          {
            "dow": "MON",
            "hh": "13",
            "mm": "50",
            "getOffCarRate": [
              7,
              7,
              11,
              12,
              16,
              18,
              10,
              9,
              5,
              4
            ]
          }
        ]
      },
      {
        "startStationCode": "211",
        "startStationName": "성수역",
        "endStationCode": "239",
        "endStationName": "홍대입구역",
        "prevStationCode": "225",
        "prevStationName": "방배역",
        "updnLine": 1,
        "directAt": 0,
        "data": [
          {
            "dow": "MON",
            "hh": "13",
            "mm": "00",
            "getOffCarRate": [
              6,
              7,
              12,
              11,
              17,
              19,
              10,
              9,
              5,
              4
            ]
          },
          {
            "dow": "MON",
            "hh": "13",
            "mm": "10",
            "getOffCarRate": [
              7,
              7,
              12,
              11,
              17,
              19,
              10,
              9,
              5,
              4
            ]
          },
          {
            "dow": "MON",
            "hh": "13",
            "mm": "20",
            "getOffCarRate": [
              7,
              7,
              12,
              11,
              16,
              19,
              11,
              9,
              5,
              4
            ]
          },
          {
            "dow": "MON",
            "hh": "13",
            "mm": "30",
            "getOffCarRate": [
              7,
              7,
              11,
              11,
              16,
              19,
              11,
              9,
              5,
              4
            ]
          },
          {
            "dow": "MON",
            "hh": "13",
            "mm": "40",
            "getOffCarRate": [
              7,
              7,
              11,
              11,
              17,
              18,
              11,
              8,
              5,
              4
            ]
          },
          {
            "dow": "MON",
            "hh": "13",
            "mm": "50",
            "getOffCarRate": [
              7,
              7,
              11,
              12,
              16,
              18,
              10,
              9,
              5,
              4
            ]
          }
        ]
      },
      {
        "startStationCode": "219",
        "startStationName": "삼성역",
        "endStationCode": "211-R",
        "endStationName": "성수역",
        "prevStationCode": "225",
        "prevStationName": "방배역",
        "updnLine": 1,
        "directAt": 0,
        "data": [
          {
            "dow": "MON",
            "hh": "13",
            "mm": "00",
            "getOffCarRate": [
              6,
              7,
              12,
              11,
              17,
              19,
              10,
              9,
              5,
              4
            ]
          },
          {
            "dow": "MON",
            "hh": "13",
            "mm": "10",
            "getOffCarRate": [
              7,
              7,
              12,
              11,
              17,
              19,
              10,
              9,
              5,
              4
            ]
          },
          {
            "dow": "MON",
            "hh": "13",
            "mm": "20",
            "getOffCarRate": [
              7,
              7,
              12,
              11,
              16,
              19,
              11,
              9,
              5,
              4
            ]
          },
          {
            "dow": "MON",
            "hh": "13",
            "mm": "30",
            "getOffCarRate": [
              7,
              7,
              11,
              11,
              16,
              19,
              11,
              9,
              5,
              4
            ]
          },
          {
            "dow": "MON",
            "hh": "13",
            "mm": "40",
            "getOffCarRate": [
              7,
              7,
              11,
              11,
              17,
              18,
              11,
              8,
              5,
              4
            ]
          },
          {
            "dow": "MON",
            "hh": "13",
            "mm": "50",
            "getOffCarRate": [
              7,
              7,
              11,
              12,
              16,
              18,
              10,
              9,
              5,
              4
            ]
          }
        ]
      },
      {
        "startStationCode": "228",
        "startStationName": "서울대입구역",
        "endStationCode": "211",
        "endStationName": "성수역",
        "prevStationCode": "227",
        "prevStationName": "낙성대역",
        "updnLine": 0,
        "directAt": 0,
        "data": [
          {
            "dow": "MON",
            "hh": "13",
            "mm": "00",
            "getOffCarRate": [
              4,
              6,
              11,
              13,
              26,
              16,
              8,
              10,
              4,
              2
            ]
          },
          {
            "dow": "MON",
            "hh": "13",
            "mm": "10",
            "getOffCarRate": [
              4,
              6,
              11,
              13,
              25,
              16,
              9,
              10,
              4,
              2
            ]
          },
          {
            "dow": "MON",
            "hh": "13",
            "mm": "20",
            "getOffCarRate": [
              4,
              6,
              11,
              14,
              25,
              15,
              9,
              10,
              4,
              3
            ]
          },
          {
            "dow": "MON",
            "hh": "13",
            "mm": "30",
            "getOffCarRate": [
              4,
              6,
              11,
              14,
              25,
              15,
              10,
              10,
              4,
              3
            ]
          },
          {
            "dow": "MON",
            "hh": "13",
            "mm": "40",
            "getOffCarRate": [
              3,
              6,
              10,
              14,
              25,
              15,
              10,
              9,
              4,
              3
            ]
          },
          {
            "dow": "MON",
            "hh": "13",
            "mm": "50",
            "getOffCarRate": [
              3,
              5,
              11,
              14,
              26,
              14,
              10,
              9,
              4,
              3
            ]
          }
        ]
      },
      {
        "startStationCode": "228",
        "startStationName": "서울대입구역",
        "endStationCode": "211-R",
        "endStationName": "성수역",
        "prevStationCode": "227",
        "prevStationName": "낙성대역",
        "updnLine": 0,
        "directAt": 0,
        "data": [
          {
            "dow": "MON",
            "hh": "13",
            "mm": "00",
            "getOffCarRate": [
              4,
              6,
              11,
              13,
              26,
              16,
              8,
              10,
              4,
              2
            ]
          },
          {
            "dow": "MON",
            "hh": "13",
            "mm": "10",
            "getOffCarRate": [
              4,
              6,
              11,
              13,
              25,
              16,
              9,
              10,
              4,
              2
            ]
          },
          {
            "dow": "MON",
            "hh": "13",
            "mm": "20",
            "getOffCarRate": [
              4,
              6,
              11,
              14,
              25,
              15,
              9,
              10,
              4,
              3
            ]
          },
          {
            "dow": "MON",
            "hh": "13",
            "mm": "30",
            "getOffCarRate": [
              4,
              6,
              11,
              14,
              25,
              15,
              10,
              10,
              4,
              3
            ]
          },
          {
            "dow": "MON",
            "hh": "13",
            "mm": "40",
            "getOffCarRate": [
              3,
              6,
              10,
              14,
              25,
              15,
              10,
              9,
              4,
              3
            ]
          },
          {
            "dow": "MON",
            "hh": "13",
            "mm": "50",
            "getOffCarRate": [
              3,
              5,
              11,
              14,
              26,
              14,
              10,
              9,
              4,
              3
            ]
          }
        ]
      },
      {
        "startStationCode": "234",
        "startStationName": "신도림역",
        "endStationCode": "211",
        "endStationName": "성수역",
        "prevStationCode": "227",
        "prevStationName": "낙성대역",
        "updnLine": 0,
        "directAt": 0,
        "data": [
          {
            "dow": "MON",
            "hh": "13",
            "mm": "00",
            "getOffCarRate": [
              4,
              6,
              11,
              13,
              26,
              16,
              8,
              10,
              4,
              2
            ]
          },
          {
            "dow": "MON",
            "hh": "13",
            "mm": "10",
            "getOffCarRate": [
              4,
              6,
              11,
              13,
              25,
              16,
              9,
              10,
              4,
              2
            ]
          },
          {
            "dow": "MON",
            "hh": "13",
            "mm": "20",
            "getOffCarRate": [
              4,
              6,
              11,
              14,
              25,
              15,
              9,
              10,
              4,
              3
            ]
          },
          {
            "dow": "MON",
            "hh": "13",
            "mm": "30",
            "getOffCarRate": [
              4,
              6,
              11,
              14,
              25,
              15,
              10,
              10,
              4,
              3
            ]
          },
          {
            "dow": "MON",
            "hh": "13",
            "mm": "40",
            "getOffCarRate": [
              3,
              6,
              10,
              14,
              25,
              15,
              10,
              9,
              4,
              3
            ]
          },
          {
            "dow": "MON",
            "hh": "13",
            "mm": "50",
            "getOffCarRate": [
              3,
              5,
              11,
              14,
              26,
              14,
              10,
              9,
              4,
              3
            ]
          }
        ]
      },
      {
        "startStationCode": "234",
        "startStationName": "신도림역",
        "endStationCode": "211-R",
        "endStationName": "성수역",
        "prevStationCode": "227",
        "prevStationName": "낙성대역",
        "updnLine": 0,
        "directAt": 0,
        "data": [
          {
            "dow": "MON",
            "hh": "13",
            "mm": "00",
            "getOffCarRate": [
              4,
              6,
              11,
              13,
              26,
              16,
              8,
              10,
              4,
              2
            ]
          },
          {
            "dow": "MON",
            "hh": "13",
            "mm": "10",
            "getOffCarRate": [
              4,
              6,
              11,
              13,
              25,
              16,
              9,
              10,
              4,
              2
            ]
          },
          {
            "dow": "MON",
            "hh": "13",
            "mm": "20",
            "getOffCarRate": [
              4,
              6,
              11,
              14,
              25,
              15,
              9,
              10,
              4,
              3
            ]
          },
          {
            "dow": "MON",
            "hh": "13",
            "mm": "30",
            "getOffCarRate": [
              4,
              6,
              11,
              14,
              25,
              15,
              10,
              10,
              4,
              3
            ]
          },
          {
            "dow": "MON",
            "hh": "13",
            "mm": "40",
            "getOffCarRate": [
              3,
              6,
              10,
              14,
              25,
              15,
              10,
              9,
              4,
              3
            ]
          },
          {
            "dow": "MON",
            "hh": "13",
            "mm": "50",
            "getOffCarRate": [
              3,
              5,
              11,
              14,
              26,
              14,
              10,
              9,
              4,
              3
            ]
          }
        ]
      },
      {
        "startStationCode": "239",
        "startStationName": "홍대입구역",
        "endStationCode": "211",
        "endStationName": "성수역",
        "prevStationCode": "227",
        "prevStationName": "낙성대역",
        "updnLine": 0,
        "directAt": 0,
        "data": [
          {
            "dow": "MON",
            "hh": "13",
            "mm": "00",
            "getOffCarRate": [
              4,
              6,
              11,
              13,
              26,
              16,
              8,
              10,
              4,
              2
            ]
          },
          {
            "dow": "MON",
            "hh": "13",
            "mm": "10",
            "getOffCarRate": [
              4,
              6,
              11,
              13,
              25,
              16,
              9,
              10,
              4,
              2
            ]
          },
          {
            "dow": "MON",
            "hh": "13",
            "mm": "20",
            "getOffCarRate": [
              4,
              6,
              11,
              14,
              25,
              15,
              9,
              10,
              4,
              3
            ]
          },
          {
            "dow": "MON",
            "hh": "13",
            "mm": "30",
            "getOffCarRate": [
              4,
              6,
              11,
              14,
              25,
              15,
              10,
              10,
              4,
              3
            ]
          },
          {
            "dow": "MON",
            "hh": "13",
            "mm": "40",
            "getOffCarRate": [
              3,
              6,
              10,
              14,
              25,
              15,
              10,
              9,
              4,
              3
            ]
          },
          {
            "dow": "MON",
            "hh": "13",
            "mm": "50",
            "getOffCarRate": [
              3,
              5,
              11,
              14,
              26,
              14,
              10,
              9,
              4,
              3
            ]
          }
        ]
      },
      {
        "startStationCode": "239",
        "startStationName": "홍대입구역",
        "endStationCode": "211-R",
        "endStationName": "성수역",
        "prevStationCode": "227",
        "prevStationName": "낙성대역",
        "updnLine": 0,
        "directAt": 0,
        "data": [
          {
            "dow": "MON",
            "hh": "13",
            "mm": "00",
            "getOffCarRate": [
              4,
              6,
              11,
              13,
              26,
              16,
              8,
              10,
              4,
              2
            ]
          },
          {
            "dow": "MON",
            "hh": "13",
            "mm": "10",
            "getOffCarRate": [
              4,
              6,
              11,
              13,
              25,
              16,
              9,
              10,
              4,
              2
            ]
          },
          {
            "dow": "MON",
            "hh": "13",
            "mm": "20",
            "getOffCarRate": [
              4,
              6,
              11,
              14,
              25,
              15,
              9,
              10,
              4,
              3
            ]
          },
          {
            "dow": "MON",
            "hh": "13",
            "mm": "30",
            "getOffCarRate": [
              4,
              6,
              11,
              14,
              25,
              15,
              10,
              10,
              4,
              3
            ]
          },
          {
            "dow": "MON",
            "hh": "13",
            "mm": "40",
            "getOffCarRate": [
              3,
              6,
              10,
              14,
              25,
              15,
              10,
              9,
              4,
              3
            ]
          },
          {
            "dow": "MON",
            "hh": "13",
            "mm": "50",
            "getOffCarRate": [
              3,
              5,
              11,
              14,
              26,
              14,
              10,
              9,
              4,
              3
            ]
          }
        ]
      }
    ],
    "statStartDate": "20230924",
    "statEndDate": "20231223"
  }
}