{
  "status": {
    "code": "00",
    "message": "success",
    "totalCount": 1
  },
  "contents": {
    "subwayLine": "2호선",
    "stationName": "구의역",
    "stationCode": "213",
    "stat": [
      {
        "startStationCode": "202",
        "startStationName": "을지로입구역",
        "endStationCode": "211",
        "endStationName": "성수역",
        "prevStationCode": "214",
        "prevStationName": "강변역",
        "updnLine": 0,
        "directAt": 0,
        "data": [
          {
            "dow": "WED",
            "hh": "08",
            "mm": "00",
            "getOffCarRate": [
              8,
              8,
              22,
              19,
              13,
              5,
              8,
              9,
              4,
              3
            ]
          },
          {
            "dow": "WED",
            "hh": "08",
            "mm": "10",
            "getOffCarRate": [
              8,
              7,
              19,
              19,
              12,
              6,
              9,
              11,
              4,
              4
            ]
          },
          {
            "dow": "WED",
            "hh": "08",
            "mm": "20",
            "getOffCarRate": [
              8,
              6,
              18,
              18,
              11,
              6,
              11,
              12,
              5,
              4
            ]
          },
          {
            "dow": "WED",
            "hh": "08",
            "mm": "30",
            "getOffCarRate": [
              7,
              5,
              20,
              17,
              10,
              6,
              12,
              13,
              5,
              3
            ]
          },
          {
            "dow": "WED",
            "hh": "08",
            "mm": "40",
            "getOffCarRate": [
              7,
              5,
              18,
              16,
              10,
              6,
              14,
              14,
              6,
              4
            ]
          },
          {
            "dow": "WED",
            "hh": "08",
            "mm": "50",
            "getOffCarRate": [
              7,
              6,
              16,
              16,
              9,
              7,
              15,
              15,
              6,
              4
            ]
          }
        ]
      },
      {
        "startStationCode": "202",
        "startStationName": "을지로입구역",
        "endStationCode": "211-R",
        "endStationName": "성수역",
        "prevStationCode": "214",
        "prevStationName": "강변역",
        "updnLine": 0,
        "directAt": 0,
        "data": [
          {
            "dow": "WED",
            "hh": "08",
            "mm": "00",
            "getOffCarRate": [
              8,
              8,
              22,
              19,
              13,
              5,
              8,
              9,
              4,
              3
            ]
          },
          {
            "dow": "WED",
            "hh": "08",
            "mm": "10",
            "getOffCarRate": [
              8,
              7,
              19,
              19,
              12,
              6,
              9,
              11,
              4,
              4
            ]
          },
          {
            "dow": "WED",
            "hh": "08",
            "mm": "20",
            "getOffCarRate": [
              8,
              6,
              18,
              18,
              11,
              6,
              11,
              12,
              5,
              4
            ]
          },
          {
            "dow": "WED",
            "hh": "08",
            "mm": "30",
            "getOffCarRate": [
              7,
              5,
              20,
              17,
              10,
              6,
              12,
              13,
              5,
              3
            ]
          },
          {
            "dow": "WED",
            "hh": "08",
            "mm": "40",
            "getOffCarRate": [
              7,
              5,
              18,
              16,
              10,
              6,
              14,
              14,
              6,
              4
            ]
          },
          {
            "dow": "WED",
            "hh": "08",
            "mm": "50",
            "getOffCarRate": [
              7,
              6,
              16,
              16,
              9,
              7,
              15,
              15,
              6,
              4
            ]
          }
        ]
      },
      {
        "startStationCode": "211",
        "startStationName": "성수역",
        "endStationCode": "202",
        "endStationName": "을지로입구역",
        "prevStationCode": "212",
        "prevStationName": "건대입구역",
        "updnLine": 1,
        "directAt": 0,
        "data": [
          {
            "dow": "WED",
            "hh": "08",
            "mm": "00",
            "getOffCarRate": [
              3,
              7,
              14,
              13,
              9,
              10,
              20,
              16,
              5,
              3
            ]
          },
          {
            "dow": "WED",
            "hh": "08",
            "mm": "10",
            "getOffCarRate": [
              3,
              7,
              14,
              12,
              11,
              11,
              18,
              15,
              5,
              3
            ]
          },
          {
            "dow": "WED",
            "hh": "08",
            "mm": "20",
            "getOffCarRate": [
              4,
              7,
              16,
              12,
              10,
              12,
              19,
              13,
              4,
              3
            ]
          },
          {
            "dow": "WED",
            "hh": "08",
            "mm": "30",
            "getOffCarRate": [
              4,
              6,
              16,
              12,
              10,
              12,
              19,
              13,
              5,
              3
            ]
          },
          {
            "dow": "WED",
            "hh": "08",
            "mm": "40",
            "getOffCarRate": [
              4,
              7,
              16,
              13,
              10,
              13,
              18,
              12,
              5,
              3
            ]
          },
          {
            "dow": "WED",
            "hh": "08",
            "mm": "50",
            "getOffCarRate": [
              3,
              6,
              16,
              12,
              10,
              13,
              18,
              13,
              6,
              3
            ]
          }
        ]
      },
      {
        "startStationCode": "211",
        "startStationName": "성수역",
        "endStationCode": "211",
        "endStationName": "성수역",
        "prevStationCode": "214",
        "prevStationName": "강변역",
        "updnLine": 0,
        "directAt": 0,
        "data": [
          {
            "dow": "WED",
            "hh": "08",
            "mm": "00",
            "getOffCarRate": [
              8,
              8,
              22,
              19,
              13,
              5,
              8,
              9,
              4,
              3
            ]
          },
          {
            "dow": "WED",
            "hh": "08",
            "mm": "10",
            "getOffCarRate": [
              8,
              7,
              19,
              19,
              12,
              6,
              9,
              11,
              4,
              4
            ]
          },
          {
            "dow": "WED",
            "hh": "08",
            "mm": "20",
            "getOffCarRate": [
              8,
              6,
              18,
              18,
              11,
              6,
              11,
              12,
              5,
              4
            ]
          },
          {
            "dow": "WED",
            "hh": "08",
            "mm": "30",
            "getOffCarRate": [
              7,
              5,
              20,
              17,
              10,
              6,
              12,
              13,
              5,
              3
            ]
          },
          {
            "dow": "WED",
            "hh": "08",
            "mm": "40",
            "getOffCarRate": [
              7,
              5,
              18,
              16,
              10,
              6,
              14,
              14,
              6,
              4
            ]
          },
          {
            "dow": "WED",
            "hh": "08",
            "mm": "50",
            "getOffCarRate": [
              7,
              6,
              16,
              16,
              9,
              7,
              15,
              15,
              6,
              4
            ]
          }
        ]
      },
      {
        "startStationCode": "211",
        "startStationName": "성수역",
        "endStationCode": "211",
        "endStationName": "성수역",
        "prevStationCode": "212",
        "prevStationName": "건대입구역",
        "updnLine": 1,
        "directAt": 0,
        "data": [
          {
            "dow": "WED",
            "hh": "08",
            "mm": "00",
            "getOffCarRate": [
              4,
              7,
              15,
              15,
              10,
              9,
              17,
              15,
              5,
              3
            ]
          },
          {
            "dow": "WED",
            "hh": "08",
            "mm": "10",
            "getOffCarRate": [
              4,
              7,
              16,
              13,
              12,
              10,
              16,
              14,
              5,
              3
            ]
          },
          {
            "dow": "WED",
            "hh": "08",
            "mm": "20",
            "getOffCarRate": [
              4,
              8,
              18,
              13,
              10,
              11,
              17,
              12,
              4,
              3
            ]
          },
          {
            "dow": "WED",
            "hh": "08",
            "mm": "30",
            "getOffCarRate": [
              4,
              7,
              18,
              13,
              10,
              11,
              17,
              12,
              5,
              3
            ]
          },
          {
            "dow": "WED",
            "hh": "08",
            "mm": "40",
            "getOffCarRate": [
              4,
              8,
              18,
              13,
              10,
              11,
              17,
              12,
              5,
              3
            ]
          },
          {
            "dow": "WED",
            "hh": "08",
            "mm": "50",
            "getOffCarRate": [
              4,
              7,
              18,
              12,
              9,
              11,
              19,
              12,
              6,
              3
            ]
          }
        ]
      },
      {
        "startStationCode": "211",
        "startStationName": "성수역",
        "endStationCode": "211-R",
        "endStationName": "성수역",
        "prevStationCode": "214",
        "prevStationName": "강변역",
        "updnLine": 0,
        "directAt": 0,
        "data": [
          {
            "dow": "WED",
            "hh": "08",
            "mm": "00",
            "getOffCarRate": [
              7,
              9,
              23,
              19,
              12,
              6,
              8,
              8,
              4,
              3
            ]
          },
          {
            "dow": "WED",
            "hh": "08",
            "mm": "10",
            "getOffCarRate": [
              8,
              8,
              22,
              20,
              11,
              5,
              9,
              9,
              3,
              4
            ]
          },
          {
            "dow": "WED",
            "hh": "08",
            "mm": "20",
            "getOffCarRate": [
              7,
              6,
              21,
              20,
              11,
              5,
              11,
              11,
              4,
              4
            ]
          },
          {
            "dow": "WED",
            "hh": "08",
            "mm": "30",
            "getOffCarRate": [
              7,
              6,
              22,
              20,
              10,
              6,
              12,
              11,
              3,
              3
            ]
          },
          {
            "dow": "WED",
            "hh": "08",
            "mm": "40",
            "getOffCarRate": [
              6,
              5,
              20,
              19,
              8,
              5,
              14,
              14,
              4,
              4
            ]
          },
          {
            "dow": "WED",
            "hh": "08",
            "mm": "50",
            "getOffCarRate": [
              6,
              6,
              18,
              19,
              8,
              5,
              16,
              15,
              5,
              3
            ]
          }
        ]
      },
      {
        "startStationCode": "211",
        "startStationName": "성수역",
        "endStationCode": "211-R",
        "endStationName": "성수역",
        "prevStationCode": "212",
        "prevStationName": "건대입구역",
        "updnLine": 1,
        "directAt": 0,
        "data": [
          {
            "dow": "WED",
            "hh": "08",
            "mm": "00",
            "getOffCarRate": [
              3,
              7,
              14,
              13,
              9,
              9,
              19,
              17,
              6,
              3
            ]
          },
          {
            "dow": "WED",
            "hh": "08",
            "mm": "10",
            "getOffCarRate": [
              3,
              7,
              13,
              12,
              11,
              12,
              18,
              16,
              5,
              3
            ]
          },
          {
            "dow": "WED",
            "hh": "08",
            "mm": "20",
            "getOffCarRate": [
              4,
              8,
              15,
              12,
              10,
              12,
              18,
              14,
              5,
              3
            ]
          },
          {
            "dow": "WED",
            "hh": "08",
            "mm": "30",
            "getOffCarRate": [
              4,
              6,
              16,
              12,
              10,
              12,
              19,
              13,
              5,
              3
            ]
          },
          {
            "dow": "WED",
            "hh": "08",
            "mm": "40",
            "getOffCarRate": [
              4,
              7,
              16,
              13,
              10,
              13,
              17,
              12,
              5,
              3
            ]
          },
          {
            "dow": "WED",
            "hh": "08",
            "mm": "50",
            "getOffCarRate": [
              3,
              7,
              16,
              12,
              8,
              13,
              18,
              13,
              6,
              4
            ]
          }
        ]
      },
      {
        "startStationCode": "211",
        "startStationName": "성수역",
        "endStationCode": "219",
        "endStationName": "삼성역",
        "prevStationCode": "212",
        "prevStationName": "건대입구역",
        "updnLine": 1,
        "directAt": 0,
        "data": [
          {
            "dow": "WED",
            "hh": "08",
            "mm": "00",
            "getOffCarRate": [
              3,
              7,
              14,
              13,
              9,
              10,
              20,
              16,
              5,
              3
            ]
          },
          {
            "dow": "WED",
            "hh": "08",
            "mm": "10",
            "getOffCarRate": [
              3,
              7,
              14,
              12,
              11,
              11,
              18,
              15,
              5,
              3
            ]
          },
          {
            "dow": "WED",
            "hh": "08",
            "mm": "20",
            "getOffCarRate": [
              4,
              7,
              16,
              12,
              10,
              12,
              19,
              13,
              4,
              3
            ]
          },
          {
            "dow": "WED",
            "hh": "08",
            "mm": "30",
            "getOffCarRate": [
              4,
              6,
              16,
              12,
              10,
              12,
              19,
              13,
              5,
              3
            ]
          },
          {
            "dow": "WED",
            "hh": "08",
            "mm": "40",
            "getOffCarRate": [
              4,
              7,
              16,
              13,
              10,
              13,
              18,
              12,
              5,
              3
            ]
          },
          {
            "dow": "WED",
            "hh": "08",
            "mm": "50",
            "getOffCarRate": [
              3,
              6,
              16,
              12,
              10,
              13,
              18,
              13,
              6,
              3
            ]
          }
        ]
      },
      {
        "startStationCode": "211",
        "startStationName": "성수역",
        "endStationCode": "228",
        "endStationName": "서울대입구역",
        "prevStationCode": "212",
        "prevStationName": "건대입구역",
        "updnLine": 1,
        "directAt": 0,
        "data": [
          {
            "dow": "WED",
            "hh": "08",
            "mm": "00",
            "getOffCarRate": [
              3,
              7,
              14,
              13,
              9,
              10,
              20,
              16,
              5,
              3
            ]
          },
          {
            "dow": "WED",
            "hh": "08",
            "mm": "10",
            "getOffCarRate": [
              3,
              7,
              14,
              12,
              11,
              11,
              18,
              15,
              5,
              3
            ]
          },
          {
            "dow": "WED",
            "hh": "08",
            "mm": "20",
            "getOffCarRate": [
              4,
              7,
              16,
              12,
              10,
              12,
              19,
              13,
              4,
              3
            ]
          },
          {
            "dow": "WED",
            "hh": "08",
            "mm": "30",
            "getOffCarRate": [
              4,
              6,
              16,
              12,
              10,
              12,
              19,
              13,
              5,
              3
            ]
          },
          {
            "dow": "WED",
            "hh": "08",
            "mm": "40",
            "getOffCarRate": [
              4,
              7,
              16,
              13,
              10,
              13,
              18,
              12,
              5,
              3
            ]
          },
          {
            "dow": "WED",
            "hh": "08",
            "mm": "50",
            "getOffCarRate": [
              3,
              6,
              16,
              12,
              10,
              13,
              18,
              13,
              6,
              3
            ]
          }
        ]
      },
      {
        "startStationCode": "211",
        "startStationName": "성수역",
        "endStationCode": "234",
        "endStationName": "신도림역",
        "prevStationCode": "212",
        "prevStationName": "건대입구역",
        "updnLine": 1,
        "directAt": 0,
        "data": [
          {
            "dow": "WED",
            "hh": "08",
            "mm": "00",
            "getOffCarRate": [
              3,
              7,
              14,
              13,
              9,
              10,
              20,
              16,
              5,
              3
            ]
          },
          {
            "dow": "WED",
            "hh": "08",
            "mm": "10",
            "getOffCarRate": [
              3,
              7,
              14,
              12,
              11,
              11,
              18,
              15,
              5,
              3
            ]
          },
          {
            "dow": "WED",
            "hh": "08",
            "mm": "20",
            "getOffCarRate": [
              4,
              7,
              16,
              12,
              10,
              12,
              19,
              13,
              4,
              3
            ]
          },
          {
            "dow": "WED",
            "hh": "08",
            "mm": "30",
            "getOffCarRate": [
              4,
              6,
              16,
              12,
              10,
              12,
              19,
              13,
              5,
              3
            ]
          },
          {
            "dow": "WED",
            "hh": "08",
            "mm": "40",
            "getOffCarRate": [
              4,
              7,
              16,
              13,
              10,
              13,
              18,
              12,
              5,
              3
            ]
          },
          {
            "dow": "WED",
            "hh": "08",
            "mm": "50",
            "getOffCarRate": [
              3,
              6,
              17,
              13,
              10,
              13,
              18,
              13,
              5,
              3
            ]
          }
        ]
      },
      {
        "startStationCode": "211",
        "startStationName": "성수역",
        "endStationCode": "239",
        "endStationName": "홍대입구역",
        "prevStationCode": "212",
        "prevStationName": "건대입구역",
        "updnLine": 1,
        "directAt": 0,
        "data": [
          {
            "dow": "WED",
            "hh": "08",
            "mm": "00",
            "getOffCarRate": [
              3,
              7,
              14,
              13,
              9,
              10,
              20,
              16,
              5,
              3
            ]
          },
          {
            "dow": "WED",
            "hh": "08",
            "mm": "10",
            "getOffCarRate": [
              3,
              7,
              14,
              12,
              11,
              11,
              18,
              15,
              5,
              3
            ]
          },
          {
            "dow": "WED",
            "hh": "08",
            "mm": "20",
            "getOffCarRate": [
              4,
              7,
              16,
              12,
              10,
              12,
              19,
              13,
              4,
              3
            ]
          },
          {
            "dow": "WED",
            "hh": "08",
            "mm": "30",
            "getOffCarRate": [
              4,
              6,
              16,
              12,
              10,
              12,
              19,
              13,
              5,
              3
            ]
          },
          {
            "dow": "WED",
            "hh": "08",
            "mm": "40",
            "getOffCarRate": [
              4,
              7,
              16,
              13,
              10,
              13,
              18,
              12,
              5,
              3
            ]
          },
          {
            "dow": "WED",
            "hh": "08",
            "mm": "50",
            "getOffCarRate": [
              3,
              6,
              16,
              12,
              10,
              13,
              18,
              13,
              6,
              3
            ]
          }
        ]
      },
      {
        "startStationCode": "219",
        "startStationName": "삼성역",
        "endStationCode": "211-R",
        "endStationName": "성수역",
        "prevStationCode": "214",
        "prevStationName": "강변역",
        "updnLine": 0,
        "directAt": 0,
        "data": [
          {
            "dow": "WED",
            "hh": "08",
            "mm": "00",
            "getOffCarRate": [
              8,
              8,
              22,
              19,
              13,
              5,
              8,
              9,
              4,
              3
            ]
          },
          {
            "dow": "WED",
            "hh": "08",
            "mm": "10",
            "getOffCarRate": [
              8,
              7,
              19,
              19,
              12,
              6,
              9,
              11,
              4,
              4
            ]
          },
          {
            "dow": "WED",
            "hh": "08",
            "mm": "20",
            "getOffCarRate": [
              8,
              6,
              18,
              18,
              11,
              6,
              11,
              12,
              5,
              4
            ]
          },
          {
            "dow": "WED",
            "hh": "08",
            "mm": "30",
            "getOffCarRate": [
              7,
              5,
              20,
              17,
              10,
              6,
              12,
              13,
              5,
              3
            ]
          },
          {
            "dow": "WED",
            "hh": "08",
            "mm": "40",
            "getOffCarRate": [
              7,
              5,
              18,
              16,
              10,
              6,
              14,
              14,
              6,
              4
            ]
          },
          {
            "dow": "WED",
            "hh": "08",
            "mm": "50",
            "getOffCarRate": [
              7,
              6,
              16,
              16,
              9,
              7,
              15,
              15,
              6,
              4
            ]
          }
        ]
      },
      {
        "startStationCode": "228",
        "startStationName": "서울대입구역",
        "endStationCode": "211",
        "endStationName": "성수역",
        "prevStationCode": "214",
        "prevStationName": "강변역",
        "updnLine": 0,
        "directAt": 0,
        "data": [
          {
            "dow": "WED",
            "hh": "08",
            "mm": "00",
            "getOffCarRate": [
              8,
              8,
              22,
              19,
              13,
              5,
              8,
              9,
              4,
              3
            ]
          },
          {
            "dow": "WED",
            "hh": "08",
            "mm": "10",
            "getOffCarRate": [
              8,
              7,
              19,
              19,
              12,
              6,
              9,
              11,
              4,
              4
            ]
          },
          {
            "dow": "WED",
            "hh": "08",
            "mm": "20",
            "getOffCarRate": [
              8,
              6,
              18,
              18,
              11,
              6,
              11,
              12,
              5,
              4
            ]
          },
          {
            "dow": "WED",
            "hh": "08",
            "mm": "30",
            "getOffCarRate": [
              7,
              5,
              20,
              17,
              10,
              6,
              12,
              13,
              5,
              3
            ]
          },
          {
            "dow": "WED",
            "hh": "08",
            "mm": "40",
            "getOffCarRate": [
              7,
              5,
              18,
              16,
              10,
              6,
              14,
              14,
              6,
              4
            ]
          },
          {
            "dow": "WED",
            "hh": "08",
            "mm": "50",
            "getOffCarRate": [
              7,
              6,
              16,
              16,
              9,
              7,
              15,
              15,
              6,
              4
            ]
          }
        ]
      },
      {
        "startStationCode": "228",
        "startStationName": "서울대입구역",
        "endStationCode": "211-R",
        "endStationName": "성수역",
        "prevStationCode": "214",
        "prevStationName": "강변역",
        "updnLine": 0,
        "directAt": 0,
        "data": [
          {
            "dow": "WED",
            "hh": "08",
            "mm": "00",
            "getOffCarRate": [
              8,
              8,
              22,
              19,
              13,
              5,
              8,
              9,
              4,
              3
            ]
          },
          {
            "dow": "WED",
            "hh": "08",
            "mm": "10",
            "getOffCarRate": [
              8,
              7,
              19,
              19,
              12,
              6,
              9,
              11,
              4,
              4
            ]
          },
          {
            "dow": "WED",
            "hh": "08",
            "mm": "20",
            "getOffCarRate": [
              8,
              6,
              18,
              18,
              11,
              6,
              11,
              12,
              5,
              4
            ]
          },
          {
            "dow": "WED",
            "hh": "08",
            "mm": "30",
            "getOffCarRate": [
              7,
              5,
              20,
              17,
              10,
              6,
              12,
              13,
              5,
              3
            ]
          },
          {
            "dow": "WED",
            "hh": "08",
            "mm": "40",
            "getOffCarRate": [
              7,
              5,
              18,
              16,
              10,
              6,
              14,
              14,
              6,
              4
            ]
          },
          {
            "dow": "WED",
            "hh": "08",
            "mm": "50",
            "getOffCarRate": [
              7,
              6,
              16,
              16,
              9,
              7,
              15,
              15,
              6,
              4
            ]
          }
        ]
      },
      {
        "startStationCode": "234",
        "startStationName": "신도림역",
        "endStationCode": "211",
        "endStationName": "성수역",
        "prevStationCode": "214",
        "prevStationName": "강변역",
        "updnLine": 0,
        "directAt": 0,
        "data": [
          {
            "dow": "WED",
            "hh": "08",
            "mm": "00",
            "getOffCarRate": [
              8,
              8,
              22,
              19,
              13,
              5,
              8,
              9,
              4,
              3
            ]
          },
          {
            "dow": "WED",
            "hh": "08",
            "mm": "10",
            "getOffCarRate": [
              8,
              7,
              19,
              19,
              12,
              6,
              9,
              11,
              4,
              4
            ]
          },
          {
            "dow": "WED",
            "hh": "08",
            "mm": "20",
            "getOffCarRate": [
              8,
              6,
              18,
              18,
              11,
              6,
              11,
              12,
              5,
              4
            ]
          },
          {
            "dow": "WED",
            "hh": "08",
            "mm": "30",
            "getOffCarRate": [
              7,
              5,
              20,
              17,
              10,
              6,
              12,
              13,
              5,
              3
            ]
          },
          {
            "dow": "WED",
            "hh": "08",
            "mm": "40",
            "getOffCarRate": [
              7,
              5,
              18,
              16,
              10,
              6,
              14,
              14,
              6,
              4
            ]
          },
          {
            "dow": "WED",
            "hh": "08",
            "mm": "50",
            "getOffCarRate": [
              7,
              6,
              16,
              16,
              9,
              7,
              15,
              15,
              6,
              4
            ]
          }
        ]
      },
      {
        "startStationCode": "234",
        "startStationName": "신도림역",
        "endStationCode": "211-R",
        "endStationName": "성수역",
        "prevStationCode": "214",
        "prevStationName": "강변역",
        "updnLine": 0,
        "directAt": 0,
        "data": [
          {
            "dow": "WED",
            "hh": "08",
            "mm": "00",
            "getOffCarRate": [
              7,
              8,
              22,
              21,
              14,
              5,
              7,
              8,
              5,
              3
            ]
          },
          {
            "dow": "WED",
            "hh": "08",
            "mm": "10",
            "getOffCarRate": [
              7,
              6,
              18,
              20,
              14,
              7,
              9,
              10,
              5,
              4
            ]
          },
          {
            "dow": "WED",
            "hh": "08",
            "mm": "20",
            "getOffCarRate": [
              8,
              6,
              18,
              18,
              13,
              7,
              10,
              12,
              5,
              4
            ]
          },
          {
            "dow": "WED",
            "hh": "08",
            "mm": "30",
            "getOffCarRate": [
              8,
              5,
              19,
              17,
              11,
              7,
              11,
              13,
              6,
              3
            ]
          },
          {
            "dow": "WED",
            "hh": "08",
            "mm": "40",
            "getOffCarRate": [
              8,
              5,
              17,
              15,
              11,
              7,
              13,
              15,
              7,
              3
            ]
          },
          {
            "dow": "WED",
            "hh": "08",
            "mm": "50",
            "getOffCarRate": [
              8,
              5,
              16,
              14,
              10,
              8,
              14,
              15,
              7,
              4
            ]
          }
        ]
      },
      {
        "startStationCode": "239",
        "startStationName": "홍대입구역",
        "endStationCode": "211",
        "endStationName": "성수역",
        "prevStationCode": "214",
        "prevStationName": "강변역",
        "updnLine": 0,
        "directAt": 0,
        "data": [
          {
            "dow": "WED",
            "hh": "08",
            "mm": "00",
            "getOffCarRate": [
              8,
              8,
              22,
              19,
              13,
              5,
              8,
              9,
              4,
              3
            ]
          },
          {
            "dow": "WED",
            "hh": "08",
            "mm": "10",
            "getOffCarRate": [
              8,
              7,
              19,
              19,
              12,
              6,
              9,
              11,
              4,
              4
            ]
          },
          {
            "dow": "WED",
            "hh": "08",
            "mm": "20",
            "getOffCarRate": [
              8,
              6,
              18,
              18,
              11,
              6,
              11,
              12,
              5,
              4
            ]
          },
          {
            "dow": "WED",
            "hh": "08",
            "mm": "30",
            "getOffCarRate": [
              7,
              5,
              20,
              17,
              10,
              6,
              12,
              13,
              5,
              3
            ]
          },
          {
            "dow": "WED",
            "hh": "08",
            "mm": "40",
            "getOffCarRate": [
              7,
              5,
              18,
              16,
              10,
              6,
              14,
              14,
              6,
              4
            ]
          },
          {
            "dow": "WED",
            "hh": "08",
            "mm": "50",
            "getOffCarRate": [
              7,
              6,
              16,
              16,
              9,
              7,
              15,
              15,
              6,
              4
            ]
          }
        ]
      },
      {
        "startStationCode": "239",
        "startStationName": "홍대입구역",
        "endStationCode": "211-R",
        "endStationName": "성수역",
        "prevStationCode": "214",
        "prevStationName": "강변역",
        "updnLine": 0,
        "directAt": 0,
        "data": [
          {
            "dow": "WED",
            "hh": "08",
            "mm": "00",
            "getOffCarRate": [
              8,
              8,
              22,
              19,
              13,
              5,
              8,
              9,
              4,
              3
            ]
          },
          {
            "dow": "WED",
            "hh": "08",
            "mm": "10",
            "getOffCarRate": [
              8,
              7,
              19,
              19,
              12,
              6,
              9,
              11,
              4,
              4
            ]
          },
          {
            "dow": "WED",
            "hh": "08",
            "mm": "20",
            "getOffCarRate": [
              8,
              6,
              18,
              18,
              11,
              6,
              11,
              12,
              5,
              4
            ]
          },
          {
            "dow": "WED",
            "hh": "08",
            "mm": "30",
            "getOffCarRate": [
              7,
              5,
              20,
              17,
              10,
              6,
              12,
              13,
              5,
              3
            ]
          },
          {
            "dow": "WED",
            "hh": "08",
            "mm": "40",
            "getOffCarRate": [
              7,
              5,
              18,
              16,
              10,
              6,
              14,
              14,
              6,
              4
            ]
          },
          {
            "dow": "WED",
            "hh": "08",
            "mm": "50",
            "getOffCarRate": [
              7,
              6,
              16,
              16,
              9,
              7,
              15,
              15,
              6,
              4
            ]
          }
        ]
      }
    ],
    "statStartDate": "20230924",
    "statEndDate": "20231223"
  }
}