{
  "status": {
    "code": "00",
    "message": "success",
    "totalCount": 1
  },
  "contents": {
    "subwayLine": "2호선",
    "stationName": "왕십리역",
    "stationCode": "208",
    "stat": [
      {
        "startStationCode": "202",
        "startStationName": "을지로입구역",
        "endStationCode": "211",
        "endStationName": "성수역",
        "prevStationCode": "207",
        "prevStationName": "상왕십리역",
        "updnLine": 1,
        "directAt": 0,
        "data": [
          {
            "dow": "MON",
            "hh": "13",
            "mm": "00",
            "getOffCarRate": [
              8,
              20,
              13,
              10,
              13,
              12,
              8,
              7,
              5,
              4
            ]
          },
          {
            "dow": "MON",
            "hh": "13",
            "mm": "10",
            "getOffCarRate": [
              7,
              20,
              13,
              10,
              12,
              13,
              8,
              7,
              5,
              4
            ]
          },
          {
            "dow": "MON",
            "hh": "13",
            "mm": "20",
            "getOffCarRate": [
              6,
              20,
              13,
              10,
              13,
              13,
              8,
              7,
              5,
              4
            ]
          },
          {
            "dow": "MON",
            "hh": "13",
            "mm": "30",
            "getOffCarRate": [
              6,
              20,
              13,
              10,
              13,
              14,
              8,
              7,
              5,
              4
            ]
          },
          {
            "dow": "MON",
            "hh": "13",
            "mm": "40",
            "getOffCarRate": [
              6,
              20,
              14,
              10,
              13,
              13,
              8,
              6,
              6,
              4
            ]
          },
          {
            "dow": "MON",
            "hh": "13",
            "mm": "50",
            "getOffCarRate": [
              6,
              19,
              14,
              9,
              14,
              14,
              8,
              6,
              6,
              4
            ]
          }
        ]
      },
      {
        "startStationCode": "202",
        "startStationName": "을지로입구역",
        "endStationCode": "211-R",
        "endStationName": "성수역",
        "prevStationCode": "207",
        "prevStationName": "상왕십리역",
        "updnLine": 1,
        "directAt": 0,
        "data": [
          {
            "dow": "MON",
            "hh": "13",
            "mm": "00",
            "getOffCarRate": [
              8,
              20,
              13,
              10,
              13,
              12,
              8,
              7,
              5,
              4
            ]
          },
          {
            "dow": "MON",
            "hh": "13",
            "mm": "10",
            "getOffCarRate": [
              7,
              20,
              13,
              10,
              12,
              13,
              8,
              7,
              5,
              4
            ]
          },
          {
            "dow": "MON",
            "hh": "13",
            "mm": "20",
            "getOffCarRate": [
              6,
              20,
              13,
              10,
              13,
              13,
              8,
              7,
              5,
              4
            ]
          },
          {
            "dow": "MON",
            "hh": "13",
            "mm": "30",
            "getOffCarRate": [
              6,
              20,
              13,
              10,
              13,
              14,
              8,
              7,
              5,
              4
            ]
          },
          {
            "dow": "MON",
            "hh": "13",
            "mm": "40",
            "getOffCarRate": [
              6,
              20,
              14,
              10,
              13,
              13,
              8,
              6,
              6,
              4
            ]
          },
          {
            "dow": "MON",
            "hh": "13",
            "mm": "50",
            "getOffCarRate": [
              6,
              19,
              14,
              9,
              14,
              14,
              8,
              6,
              6,
              4
            ]
          }
        ]
      },
      {
        "startStationCode": "211",
        "startStationName": "성수역",
        "endStationCode": "202",
        "endStationName": "을지로입구역",
        "prevStationCode": "209",
        "prevStationName": "한양대역",
        "updnLine": 0,
        "directAt": 0,
        "data": [
          {
            "dow": "MON",
            "hh": "13",
            "mm": "00",
            "getOffCarRate": [
              4,
              6,
              7,
              10,
              18,
              19,
              14,
              10,
              6,
              5
            ]
          },
          {
            "dow": "MON",
            "hh": "13",
            "mm": "10",
            "getOffCarRate": [
              5,
              5,
              6,
              10,
              17,
              20,
              14,
              10,
              7,
              6
            ]
          },
          {
            "dow": "MON",
            "hh": "13",
            "mm": "20",
            "getOffCarRate": [
              4,
              5,
              6,
              10,
              18,
              20,
              14,
              11,
              6,
              5
            ]
          },
          {
            "dow": "MON",
            "hh": "13",
            "mm": "30",
            "getOffCarRate": [
              4,
              5,
              6,
              10,
              18,
              20,
              14,
              11,
              7,
              5
            ]
          },
          {
            "dow": "MON",
            "hh": "13",
            "mm": "40",
            "getOffCarRate": [
              4,
              5,
              7,
              10,
              18,
              19,
              15,
              12,
              6,
              4
            ]
          },
          {
            "dow": "MON",
            "hh": "13",
            "mm": "50",
            "getOffCarRate": [
              3,
              4,
              7,
              10,
              19,
              19,
              16,
              12,
              6,
              4
            ]
          }
        ]
      },
      {
        "startStationCode": "211",
        "startStationName": "성수역",
        "endStationCode": "211",
        "endStationName": "성수역",
        "prevStationCode": "209",
        "prevStationName": "한양대역",
        "updnLine": 0,
        "directAt": 0,
        "data": [
          {
            "dow": "MON",
            "hh": "13",
            "mm": "00",
            "getOffCarRate": [
              4,
              6,
              7,
              10,
              18,
              19,
              14,
              10,
              6,
              5
            ]
          },
          {
            "dow": "MON",
            "hh": "13",
            "mm": "10",
            "getOffCarRate": [
              5,
              5,
              6,
              10,
              17,
              20,
              14,
              10,
              7,
              6
            ]
          },
          {
            "dow": "MON",
            "hh": "13",
            "mm": "20",
            "getOffCarRate": [
              4,
              5,
              6,
              10,
              18,
              20,
              14,
              11,
              6,
              5
            ]
          },
          {
            "dow": "MON",
            "hh": "13",
            "mm": "30",
            "getOffCarRate": [
              4,
              5,
              6,
              10,
              18,
              20,
              14,
              11,
              7,
              5
            ]
          },
          {
            "dow": "MON",
            "hh": "13",
            "mm": "40",
            "getOffCarRate": [
              4,
              5,
              7,
              10,
              18,
              19,
              15,
              12,
              6,
              4
            ]
          },
          {
            "dow": "MON",
            "hh": "13",
            "mm": "50",
            "getOffCarRate": [
              3,
              4,
              7,
              10,
              19,
              19,
              16,
              12,
              6,
              4
            ]
          }
        ]
      },
      {
        "startStationCode": "211",
        "startStationName": "성수역",
        "endStationCode": "211",
        "endStationName": "성수역",
        "prevStationCode": "207",
        "prevStationName": "상왕십리역",
        "updnLine": 1,
        "directAt": 0,
        "data": [
          {
            "dow": "MON",
            "hh": "13",
            "mm": "00",
            "getOffCarRate": [
              8,
              20,
              13,
              10,
              13,
              12,
              8,
              7,
              5,
              4
            ]
          },
          {
            "dow": "MON",
            "hh": "13",
            "mm": "10",
            "getOffCarRate": [
              7,
              20,
              13,
              10,
              12,
              13,
              8,
              7,
              5,
              4
            ]
          },
          {
            "dow": "MON",
            "hh": "13",
            "mm": "20",
            "getOffCarRate": [
              6,
              20,
              13,
              10,
              13,
              13,
              8,
              7,
              5,
              4
            ]
          },
          {
            "dow": "MON",
            "hh": "13",
            "mm": "30",
            "getOffCarRate": [
              6,
              20,
              13,
              10,
              13,
              14,
              8,
              7,
              5,
              4
            ]
          },
          {
            "dow": "MON",
            "hh": "13",
            "mm": "40",
            "getOffCarRate": [
              6,
              20,
              14,
              10,
              13,
              13,
              8,
              6,
              6,
              4
            ]
          },
          {
            "dow": "MON",
            "hh": "13",
            "mm": "50",
            "getOffCarRate": [
              6,
              19,
              14,
              9,
              14,
              14,
              8,
              6,
              6,
              4
            ]
          }
        ]
      },
      {
        "startStationCode": "211",
        "startStationName": "성수역",
        "endStationCode": "211-R",
        "endStationName": "성수역",
        "prevStationCode": "209",
        "prevStationName": "한양대역",
        "updnLine": 0,
        "directAt": 0,
        "data": [
          {
            "dow": "MON",
            "hh": "13",
            "mm": "00",
            "getOffCarRate": [
              4,
              6,
              7,
              10,
              18,
              19,
              14,
              10,
              6,
              5
            ]
          },
          {
            "dow": "MON",
            "hh": "13",
            "mm": "10",
            "getOffCarRate": [
              5,
              5,
              6,
              10,
              17,
              20,
              14,
              10,
              7,
              6
            ]
          },
          {
            "dow": "MON",
            "hh": "13",
            "mm": "20",
            "getOffCarRate": [
              4,
              5,
              6,
              10,
              18,
              20,
              14,
              11,
              6,
              5
            ]
          },
          {
            "dow": "MON",
            "hh": "13",
            "mm": "30",
            "getOffCarRate": [
              4,
              5,
              6,
              10,
              18,
              20,
              14,
              11,
              7,
              5
            ]
          },
          {
            "dow": "MON",
            "hh": "13",
            "mm": "40",
            "getOffCarRate": [
              4,
              5,
              7,
              10,
              18,
              19,
              15,
              12,
              6,
              4
            ]
          },
          {
            "dow": "MON",
            "hh": "13",
            "mm": "50",
            "getOffCarRate": [
              3,
              4,
              7,
              10,
              19,
              19,
              16,
              12,
              6,
              4
            ]
          }
        ]
      },
      {
        "startStationCode": "211",
        "startStationName": "성수역",
        "endStationCode": "211-R",
        "endStationName": "성수역",
        "prevStationCode": "207",
        "prevStationName": "상왕십리역",
        "updnLine": 1,
        "directAt": 0,
        "data": [
          {
            "dow": "MON",
            "hh": "13",
            "mm": "00",
            "getOffCarRate": [
              8,
              20,
              13,
              10,
              13,
              12,
              8,
              7,
              5,
              4
            ]
          },
          {
            "dow": "MON",
            "hh": "13",
            "mm": "10",
            "getOffCarRate": [
              7,
              20,
              13,
              10,
              12,
              13,
              8,
              7,
              5,
              4
            ]
          },
          {
            "dow": "MON",
            "hh": "13",
            "mm": "20",
            "getOffCarRate": [
              6,
              20,
              13,
              9,
              13,
              13,
              8,
              7,
              6,
              4
            ]
          },
          {
            "dow": "MON",
            "hh": "13",
            "mm": "30",
            "getOffCarRate": [
              6,
              20,
              13,
              10,
              13,
              14,
              8,
              7,
              5,
              4
            ]
          },
          {
            "dow": "MON",
            "hh": "13",
            "mm": "40",
            "getOffCarRate": [
              6,
              20,
              14,
              9,
              13,
              14,
              8,
              7,
              6,
              4
            ]
          },
          {
            "dow": "MON",
            "hh": "13",
            "mm": "50",
            "getOffCarRate": [
              7,
              19,
              14,
              9,
              14,
              14,
              8,
              6,
              6,
              4
            ]
          }
        ]
      },
      {
        "startStationCode": "211",
        "startStationName": "성수역",
        "endStationCode": "219",
        "endStationName": "삼성역",
        "prevStationCode": "209",
        "prevStationName": "한양대역",
        "updnLine": 0,
        "directAt": 0,
        "data": [
          {
            "dow": "MON",
            "hh": "13",
            "mm": "00",
            "getOffCarRate": [
              4,
              6,
              7,
              10,
              18,
              19,
              14,
              10,
              6,
              5
            ]
          },
          {
            "dow": "MON",
            "hh": "13",
            "mm": "10",
            "getOffCarRate": [
              5,
              5,
              6,
              10,
              17,
              20,
              14,
              10,
              7,
              6
            ]
          },
          {
            "dow": "MON",
            "hh": "13",
            "mm": "20",
            "getOffCarRate": [
              4,
              5,
              6,
              10,
              18,
              20,
              14,
              11,
              6,
              5
            ]
          },
          {
            "dow": "MON",
            "hh": "13",
            "mm": "30",
            "getOffCarRate": [
              4,
              5,
              6,
              10,
              18,
              20,
              14,
              11,
              7,
              5
            ]
          },
          {
            "dow": "MON",
            "hh": "13",
            "mm": "40",
            "getOffCarRate": [
              4,
              5,
              7,
              10,
              18,
              19,
              15,
              12,
              6,
              4
            ]
          },
          {
            "dow": "MON",
            "hh": "13",
            "mm": "50",
            "getOffCarRate": [
              3,
              4,
              7,
              10,
              19,
              19,
              16,
              12,
              6,
              4
            ]
          }
        ]
      },
      {
        "startStationCode": "211",
        "startStationName": "성수역",
        "endStationCode": "228",
        "endStationName": "서울대입구역",
        "prevStationCode": "209",
        "prevStationName": "한양대역",
        "updnLine": 0,
        "directAt": 0,
        "data": [
          {
            "dow": "MON",
            "hh": "13",
            "mm": "00",
            "getOffCarRate": [
              4,
              6,
              7,
              10,
              18,
              19,
              14,
              10,
              6,
              5
            ]
          },
          {
            "dow": "MON",
            "hh": "13",
            "mm": "10",
            "getOffCarRate": [
              5,
              5,
              6,
              10,
              17,
              20,
              14,
              10,
              7,
              6
            ]
          },
          {
            "dow": "MON",
            "hh": "13",
            "mm": "20",
            "getOffCarRate": [
              4,
              5,
              6,
              10,
              18,
              20,
              14,
              11,
              6,
              5
            ]
          },
          {
            "dow": "MON",
            "hh": "13",
            "mm": "30",
            "getOffCarRate": [
              4,
              5,
              6,
              10,
              18,
              20,
              14,
              11,
              7,
              5
            ]
          },
          {
            "dow": "MON",
            "hh": "13",
            "mm": "40",
            "getOffCarRate": [
              4,
              5,
              7,
              10,
              18,
              19,
              15,
              12,
              6,
              4
            ]
          },
          {
            "dow": "MON",
            "hh": "13",
            "mm": "50",
            "getOffCarRate": [
              3,
              4,
              7,
              10,
              19,
              19,
              16,
              12,
              6,
              4
            ]
          }
        ]
      },
      {
        "startStationCode": "211",
        "startStationName": "성수역",
        "endStationCode": "234",
        "endStationName": "신도림역",
        "prevStationCode": "209",
        "prevStationName": "한양대역",
        "updnLine": 0,
        "directAt": 0,
        "data": [
          {
            "dow": "MON",
            "hh": "13",
            "mm": "00",
            "getOffCarRate": [
              4,
              6,
              7,
              10,
              18,
              19,
              14,
              10,
              6,
              5
            ]
          },
          {
            "dow": "MON",
            "hh": "13",
            "mm": "10",
            "getOffCarRate": [
              5,
              5,
              6,
              10,
              17,
              20,
              14,
              10,
              7,
              6
            ]
          },
          {
            "dow": "MON",
            "hh": "13",
            "mm": "20",
            "getOffCarRate": [
              4,
              5,
              6,
              10,
              18,
              20,
              14,
              11,
              6,
              5
            ]
          },
          {
            "dow": "MON",
            "hh": "13",
            "mm": "30",
            "getOffCarRate": [
              4,
              5,
              6,
              10,
              18,
              20,
              14,
              11,
              7,
              5
            ]
          },
          {
            "dow": "MON",
            "hh": "13",
            "mm": "40",
            "getOffCarRate": [
              4,
              5,
              7,
              10,
              18,
              19,
              15,
              12,
              6,
              4
            ]
          },
          {
            "dow": "MON",
            "hh": "13",
            "mm": "50",
            "getOffCarRate": [
              3,
              4,
              7,
              10,
              19,
              19,
              16,
              12,
              6,
              4
            ]
          }
        ]
      },
      {
        "startStationCode": "211",
        "startStationName": "성수역",
        "endStationCode": "239",
        "endStationName": "홍대입구역",
        "prevStationCode": "209",
        "prevStationName": "한양대역",
        "updnLine": 0,
        "directAt": 0,
        "data": [
          {
            "dow": "MON",
            "hh": "13",
            "mm": "00",
            "getOffCarRate": [
              4,
              6,
              7,
              10,
              18,
              19,
              14,
              10,
              6,
              5
            ]
          },
          {
            "dow": "MON",
            "hh": "13",
            "mm": "10",
            "getOffCarRate": [
              5,
              5,
              6,
              10,
              17,
              20,
              14,
              10,
              7,
              6
            ]
          },
          {
            "dow": "MON",
            "hh": "13",
            "mm": "20",
            "getOffCarRate": [
              4,
              5,
              6,
              10,
              18,
              20,
              14,
              11,
              6,
              5
            ]
          },
          {
            "dow": "MON",
            "hh": "13",
            "mm": "30",
            "getOffCarRate": [
              4,
              5,
              6,
              10,
              18,
              20,
              14,
              11,
              7,
              5
            ]
          },
          {
            "dow": "MON",
            "hh": "13",
            "mm": "40",
            "getOffCarRate": [
              4,
              5,
              7,
              10,
              18,
              19,
              15,
              12,
              6,
              4
            ]
          },
          {
            "dow": "MON",
            "hh": "13",
            "mm": "50",
            "getOffCarRate": [
              3,
              4,
              7,
              10,
              19,
              19,
              16,
              12,
              6,
              4
            ]
          }
        ]
      },
      {
        "startStationCode": "219",
        "startStationName": "삼성역",
        "endStationCode": "211-R",
        "endStationName": "성수역",
        "prevStationCode": "207",
        "prevStationName": "상왕십리역",
        "updnLine": 1,
        "directAt": 0,
        "data": [
          {
            "dow": "MON",
            "hh": "13",
            "mm": "00",
            "getOffCarRate": [
              8,
              20,
              13,
              10,
              13,
              12,
              8,
              7,
              5,
              4
            ]
          },
          {
            "dow": "MON",
            "hh": "13",
            "mm": "10",
            "getOffCarRate": [
              7,
              20,
              13,
              10,
              12,
              13,
              8,
              7,
              5,
              4
            ]
          },
          {
            "dow": "MON",
            "hh": "13",
            "mm": "20",
            "getOffCarRate": [
              6,
              20,
              13,
              10,
              13,
              13,
              8,
              7,
              5,
              4
            ]
          },
          {
            "dow": "MON",
            "hh": "13",
            "mm": "30",
            "getOffCarRate": [
              6,
              20,
              13,
              10,
              13,
              14,
              8,
              7,
              5,
              4
            ]
          },
          {
            "dow": "MON",
            "hh": "13",
            "mm": "40",
            "getOffCarRate": [
              6,
              20,
              14,
              10,
              13,
              13,
              8,
              6,
              6,
              4
            ]
          },
          {
            "dow": "MON",
            "hh": "13",
            "mm": "50",
            "getOffCarRate": [
              6,
              19,
              14,
              9,
              14,
              14,
              8,
              6,
              6,
              4
            ]
          }
        ]
      },
      {
        "startStationCode": "228",
        "startStationName": "서울대입구역",
        "endStationCode": "211",
        "endStationName": "성수역",
        "prevStationCode": "207",
        "prevStationName": "상왕십리역",
        "updnLine": 1,
        "directAt": 0,
        "data": [
          {
            "dow": "MON",
            "hh": "13",
            "mm": "00",
            "getOffCarRate": [
              8,
              20,
              13,
              10,
              13,
              12,
              8,
              7,
              5,
              4
            ]
          },
          {
            "dow": "MON",
            "hh": "13",
            "mm": "10",
            "getOffCarRate": [
              7,
              20,
              13,
              10,
              12,
              13,
              8,
              7,
              5,
              4
            ]
          },
          {
            "dow": "MON",
            "hh": "13",
            "mm": "20",
            "getOffCarRate": [
              6,
              20,
              13,
              10,
              13,
              13,
              8,
              7,
              5,
              4
            ]
          },
          {
            "dow": "MON",
            "hh": "13",
            "mm": "30",
            "getOffCarRate": [
              6,
              20,
              13,
              10,
              13,
              14,
              8,
              7,
              5,
              4
            ]
          },
          {
            "dow": "MON",
            "hh": "13",
            "mm": "40",
            "getOffCarRate": [
              6,
              20,
              14,
              10,
              13,
              13,
              8,
              6,
              6,
              4
            ]
          },
          {
            "dow": "MON",
            "hh": "13",
            "mm": "50",
            "getOffCarRate": [
              6,
              19,
              14,
              9,
              14,
              14,
              8,
              6,
              6,
              4
            ]
          }
        ]
      },
      {
        "startStationCode": "228",
        "startStationName": "서울대입구역",
        "endStationCode": "211-R",
        "endStationName": "성수역",
        "prevStationCode": "207",
        "prevStationName": "상왕십리역",
        "updnLine": 1,
        "directAt": 0,
        "data": [
          {
            "dow": "MON",
            "hh": "13",
            "mm": "00",
            "getOffCarRate": [
              8,
              20,
              13,
              10,
              13,
              12,
              8,
              7,
              5,
              4
            ]
          },
          {
            "dow": "MON",
            "hh": "13",
            "mm": "10",
            "getOffCarRate": [
              7,
              20,
              13,
              10,
              12,
              13,
              8,
              7,
              5,
              4
            ]
          },
          {
            "dow": "MON",
            "hh": "13",
            "mm": "20",
            "getOffCarRate": [
              6,
              20,
              13,
              10,
              13,
              13,
              8,
              7,
              5,
              4
            ]
          },
          {
            "dow": "MON",
            "hh": "13",
            "mm": "30",
            "getOffCarRate": [
              6,
              20,
              13,
              10,
              13,
              14,
              8,
              7,
              5,
              4
            ]
          },
          {
            "dow": "MON",
            "hh": "13",
            "mm": "40",
            "getOffCarRate": [
              6,
              20,
              14,
              10,
              13,
              13,
              8,
              6,
              6,
              4
            ]
          },
          {
            "dow": "MON",
            "hh": "13",
            "mm": "50",
            "getOffCarRate": [
              6,
              19,
              14,
              9,
              14,
              14,
              8,
              6,
              6,
              4
            ]
          }
        ]
      },
      {
        "startStationCode": "234",
        "startStationName": "신도림역",
        "endStationCode": "211",
        "endStationName": "성수역",
        "prevStationCode": "207",
        "prevStationName": "상왕십리역",
        "updnLine": 1,
        "directAt": 0,
        "data": [
          {
            "dow": "MON",
            "hh": "13",
            "mm": "00",
            "getOffCarRate": [
              8,
              20,
              13,
              10,
              13,
              12,
              8,
              7,
              5,
              4
            ]
          },
          {
            "dow": "MON",
            "hh": "13",
            "mm": "10",
            "getOffCarRate": [
              7,
              20,
              13,
              10,
              12,
              13,
              8,
              7,
              5,
              4
            ]
          },
          {
            "dow": "MON",
            "hh": "13",
            "mm": "20",
            "getOffCarRate": [
              6,
              20,
              13,
              10,
              13,
              13,
              8,
              7,
              5,
              4
            ]
          },
          {
            "dow": "MON",
            "hh": "13",
            "mm": "30",
            "getOffCarRate": [
              6,
              20,
              13,
              10,
              13,
              14,
              8,
              7,
              5,
              4
            ]
          },
          {
            "dow": "MON",
            "hh": "13",
            "mm": "40",
            "getOffCarRate": [
              6,
              20,
              14,
              10,
              13,
              13,
              8,
              6,
              6,
              4
            ]
          },
          {
            "dow": "MON",
            "hh": "13",
            "mm": "50",
            "getOffCarRate": [
              6,
              19,
              14,
              9,
              14,
              14,
              8,
              6,
              6,
              4
            ]
          }
        ]
      },
      {
        "startStationCode": "234",
        "startStationName": "신도림역",
        "endStationCode": "211-R",
        "endStationName": "성수역",
        "prevStationCode": "207",
        "prevStationName": "상왕십리역",
        "updnLine": 1,
        "directAt": 0,
        "data": [
          {
            "dow": "MON",
            "hh": "13",
            "mm": "00",
            "getOffCarRate": [
              8,
              20,
              13,
              10,
              13,
              12,
              8,
              7,
              5,
              4
            ]
          },
          {
            "dow": "MON",
            "hh": "13",
            "mm": "10",
            "getOffCarRate": [
              7,
              20,
              13,
              10,
              12,
              13,
              8,
              7,
              5,
              4
            ]
          },
          {
            "dow": "MON",
            "hh": "13",
            "mm": "20",
            "getOffCarRate": [
              6,
              20,
              13,
              10,
              13,
              13,
              8,
              7,
              5,
              4
            ]
          },
          {
            "dow": "MON",
            "hh": "13",
            "mm": "30",
            "getOffCarRate": [
              6,
              20,
              13,
              10,
              13,
              14,
              8,
              7,
              5,
              4
            ]
          },
          {
            "dow": "MON",
            "hh": "13",
            "mm": "40",
            "getOffCarRate": [
              6,
              20,
              14,
              10,
              13,
              13,
              8,
              6,
              6,
              4
            ]
          },
          {
            "dow": "MON",
            "hh": "13",
            "mm": "50",
            "getOffCarRate": [
              6,
              19,
              14,
              9,
              14,
              14,
              8,
              6,
              6,
              4
            ]
          }
        ]
      },
      {
        "startStationCode": "239",
        "startStationName": "홍대입구역",
        "endStationCode": "211",
        "endStationName": "성수역",
        "prevStationCode": "207",
        "prevStationName": "상왕십리역",
        "updnLine": 1,
        "directAt": 0,
        "data": [
          {
            "dow": "MON",
            "hh": "13",
            "mm": "00",
            "getOffCarRate": [
              8,
              20,
              13,
              10,
              13,
              12,
              8,
              7,
              5,
              4
            ]
          },
          {
            "dow": "MON",
            "hh": "13",
            "mm": "10",
            "getOffCarRate": [
              7,
              20,
              13,
              10,
              12,
              13,
              8,
              7,
              5,
              4
            ]
          },
          {
            "dow": "MON",
            "hh": "13",
            "mm": "20",
            "getOffCarRate": [
              6,
              20,
              13,
              10,
              13,
              13,
              8,
              7,
              5,
              4
            ]
          },
          {
            "dow": "MON",
            "hh": "13",
            "mm": "30",
            "getOffCarRate": [
              6,
              20,
              13,
              10,
              13,
              14,
              8,
              7,
              5,
              4
            ]
          },
          {
            "dow": "MON",
            "hh": "13",
            "mm": "40",
            "getOffCarRate": [
              6,
              20,
              14,
              10,
              13,
              13,
              8,
              6,
              6,
              4
            ]
          },
          {
            "dow": "MON",
            "hh": "13",
            "mm": "50",
            "getOffCarRate": [
              6,
              19,
              14,
              9,
              14,
              14,
              8,
              6,
              6,
              4
            ]
          }
        ]
      },
      {
        "startStationCode": "239",
        "startStationName": "홍대입구역",
        "endStationCode": "211-R",
        "endStationName": "성수역",
        "prevStationCode": "207",
        "prevStationName": "상왕십리역",
        "updnLine": 1,
        "directAt": 0,
        "data": [
          {
            "dow": "MON",
            "hh": "13",
            "mm": "00",
            "getOffCarRate": [
              8,
              20,
              13,
              10,
              13,
              12,
              8,
              7,
              5,
              4
            ]
          },
          {
            "dow": "MON",
            "hh": "13",
            "mm": "10",
            "getOffCarRate": [
              7,
              20,
              13,
              10,
              12,
              13,
              8,
              7,
              5,
              4
            ]
          },
          {
            "dow": "MON",
            "hh": "13",
            "mm": "20",
            "getOffCarRate": [
              6,
              20,
              13,
              10,
              13,
              13,
              8,
              7,
              5,
              4
            ]
          },
          {
            "dow": "MON",
            "hh": "13",
            "mm": "30",
            "getOffCarRate": [
              6,
              20,
              13,
              10,
              13,
              14,
              8,
              7,
              5,
              4
            ]
          },
          {
            "dow": "MON",
            "hh": "13",
            "mm": "40",
            "getOffCarRate": [
              6,
              20,
              14,
              10,
              13,
              13,
              8,
              6,
              6,
              4
            ]
          },
          {
            "dow": "MON",
            "hh": "13",
            "mm": "50",
            "getOffCarRate": [
              6,
              19,
              14,
              9,
              14,
              14,
              8,
              6,
              6,
              4
            ]
          }
        ]
      }
    ],
    "statStartDate": "20230924",
    "statEndDate": "20231223"
  }
}