{
  "status": {
    "code": "00",
    "message": "success",
    "totalCount": 1
  },
  "contents": {
    "subwayLine": "2호선",
    "stationName": "이대역",
    "stationCode": "241",
    "stat": [
      {
        "startStationCode": "202",
        "startStationName": "을지로입구역",
        "endStationCode": "211",
        "endStationName": "성수역",
        "prevStationCode": "242",
        "prevStationName": "아현역",
        "updnLine": 0,
        "directAt": 0,
        "data": [
          {
            "dow": "FRI",
            "hh": "13",
            "mm": "00",
            "getOffCarRate": [
              12,
              19,
              9,
              7,
              6,
              5,
              5,
              7,
              18,
              11
            ]
          },
          {
            "dow": "FRI",
            "hh": "13",
            "mm": "10",
            "getOffCarRate": [
              13,
              17,
              9,
              7,
              5,
              6,
              5,
              8,
              19,
              11
            ]
          },
          {
            "dow": "FRI",
            "hh": "13",
            "mm": "20",
            "getOffCarRate": [
              13,
              18,
              10,
              7,
              6,
              5,
              5,
              8,
              18,
              12
            ]
          },
          {
            "dow": "FRI",
            "hh": "13",
            "mm": "30",
            "getOffCarRate": [
              13,
              17,
              10,
              7,
              6,
              5,
              4,
              8,
              18,
              12
            ]
          },
          {
            "dow": "FRI",
            "hh": "13",
            "mm": "40",
            "getOffCarRate": [
              14,
              16,
              10,
              7,
              6,
              6,
              4,
              8,
              17,
              12
            ]
          },
          {
            "dow": "FRI",
            "hh": "13",
            "mm": "50",
            "getOffCarRate": [
              14,
              16,
              10,
              7,
              7,
              5,
              4,
              7,
              17,
              13
            ]
          }
        ]
      },
      {
        "startStationCode": "202",
        "startStationName": "을지로입구역",
        "endStationCode": "211-R",
        "endStationName": "성수역",
        "prevStationCode": "242",
        "prevStationName": "아현역",
        "updnLine": 0,
        "directAt": 0,
        "data": [
          {
            "dow": "FRI",
            "hh": "13",
            "mm": "00",
            "getOffCarRate": [
              12,
              19,
              9,
              7,
              6,
              5,
              5,
              7,
              18,
              11
            ]
          },
          {
            "dow": "FRI",
            "hh": "13",
            "mm": "10",
            "getOffCarRate": [
              13,
              17,
              9,
              7,
              5,
              6,
              5,
              8,
              19,
              11
            ]
          },
          {
            "dow": "FRI",
            "hh": "13",
            "mm": "20",
            "getOffCarRate": [
              13,
              18,
              10,
              7,
              6,
              5,
              5,
              8,
              18,
              12
            ]
          },
          {
            "dow": "FRI",
            "hh": "13",
            "mm": "30",
            "getOffCarRate": [
              13,
              17,
              10,
              7,
              6,
              5,
              4,
              8,
              18,
              12
            ]
          },
          {
            "dow": "FRI",
            "hh": "13",
            "mm": "40",
            "getOffCarRate": [
              14,
              16,
              10,
              7,
              6,
              6,
              4,
              8,
              17,
              12
            ]
          },
          {
            "dow": "FRI",
            "hh": "13",
            "mm": "50",
            "getOffCarRate": [
              14,
              16,
              10,
              7,
              7,
              5,
              4,
              7,
              17,
              13
            ]
          }
        ]
      },
      {
        "startStationCode": "211",
        "startStationName": "성수역",
        "endStationCode": "202",
        "endStationName": "을지로입구역",
        "prevStationCode": "240",
        "prevStationName": "신촌역",
        "updnLine": 1,
        "directAt": 0,
        "data": [
          {
            "dow": "FRI",
            "hh": "13",
            "mm": "00",
            "getOffCarRate": [
              14,
              15,
              6,
              4,
              6,
              5,
              6,
              9,
              16,
              18
            ]
          },
          {
            "dow": "FRI",
            "hh": "13",
            "mm": "10",
            "getOffCarRate": [
              13,
              16,
              7,
              4,
              6,
              5,
              6,
              10,
              16,
              17
            ]
          },
          {
            "dow": "FRI",
            "hh": "13",
            "mm": "20",
            "getOffCarRate": [
              11,
              16,
              7,
              4,
              7,
              5,
              7,
              10,
              16,
              17
            ]
          },
          {
            "dow": "FRI",
            "hh": "13",
            "mm": "30",
            "getOffCarRate": [
              11,
              15,
              8,
              4,
              6,
              6,
              8,
              10,
              17,
              15
            ]
          },
          {
            "dow": "FRI",
            "hh": "13",
            "mm": "40",
            "getOffCarRate": [
              10,
              14,
              9,
              5,
              5,
              6,
              8,
              10,
              18,
              14
            ]
          },
          {
            "dow": "FRI",
            "hh": "13",
            "mm": "50",
            "getOffCarRate": [
              10,
              14,
              9,
              6,
              5,
              7,
              7,
              10,
              18,
              15
            ]
          }
        ]
      },
      {
        "startStationCode": "211",
        "startStationName": "성수역",
        "endStationCode": "211",
        "endStationName": "성수역",
        "prevStationCode": "242",
        "prevStationName": "아현역",
        "updnLine": 0,
        "directAt": 0,
        "data": [
          {
            "dow": "FRI",
            "hh": "13",
            "mm": "00",
            "getOffCarRate": [
              12,
              19,
              9,
              7,
              6,
              5,
              5,
              7,
              18,
              11
            ]
          },
          {
            "dow": "FRI",
            "hh": "13",
            "mm": "10",
            "getOffCarRate": [
              13,
              17,
              9,
              7,
              5,
              6,
              5,
              8,
              19,
              11
            ]
          },
          {
            "dow": "FRI",
            "hh": "13",
            "mm": "20",
            "getOffCarRate": [
              13,
              18,
              10,
              7,
              6,
              5,
              5,
              8,
              18,
              12
            ]
          },
          {
            "dow": "FRI",
            "hh": "13",
            "mm": "30",
            "getOffCarRate": [
              13,
              17,
              10,
              7,
              6,
              5,
              4,
              8,
              18,
              12
            ]
          },
          {
            "dow": "FRI",
            "hh": "13",
            "mm": "40",
            "getOffCarRate": [
              14,
              16,
              10,
              7,
              6,
              6,
              4,
              8,
              17,
              12
            ]
          },
          {
            "dow": "FRI",
            "hh": "13",
            "mm": "50",
            "getOffCarRate": [
              14,
              16,
              10,
              7,
              7,
              5,
              4,
              7,
              17,
              13
            ]
          }
        ]
      },
      {
        "startStationCode": "211",
        "startStationName": "성수역",
        "endStationCode": "211",
        "endStationName": "성수역",
        "prevStationCode": "240",
        "prevStationName": "신촌역",
        "updnLine": 1,
        "directAt": 0,
        "data": [
          {
            "dow": "FRI",
            "hh": "13",
            "mm": "00",
            "getOffCarRate": [
              14,
              15,
              6,
              4,
              6,
              5,
              6,
              9,
              16,
              18
            ]
          },
          {
            "dow": "FRI",
            "hh": "13",
            "mm": "10",
            "getOffCarRate": [
              13,
              16,
              7,
              4,
              6,
              5,
              6,
              10,
              16,
              17
            ]
          },
          {
            "dow": "FRI",
            "hh": "13",
            "mm": "20",
            "getOffCarRate": [
              11,
              16,
              7,
              4,
              7,
              5,
              7,
              10,
              16,
              17
            ]
          },
          {
            "dow": "FRI",
            "hh": "13",
            "mm": "30",
            "getOffCarRate": [
              11,
              15,
              8,
              4,
              6,
              6,
              8,
              10,
              17,
              15
            ]
          },
          {
            "dow": "FRI",
            "hh": "13",
            "mm": "40",
            "getOffCarRate": [
              10,
              14,
              9,
              5,
              5,
              6,
              8,
              10,
              18,
              14
            ]
          },
          {
            "dow": "FRI",
            "hh": "13",
            "mm": "50",
            "getOffCarRate": [
              10,
              14,
              9,
              6,
              5,
              7,
              7,
              10,
              18,
              15
            ]
          }
        ]
      },
      {
        "startStationCode": "211",
        "startStationName": "성수역",
        "endStationCode": "211-R",
        "endStationName": "성수역",
        "prevStationCode": "242",
        "prevStationName": "아현역",
        "updnLine": 0,
        "directAt": 0,
        "data": [
          {
            "dow": "FRI",
            "hh": "13",
            "mm": "00",
            "getOffCarRate": [
              12,
              18,
              9,
              7,
              6,
              5,
              5,
              7,
              19,
              11
            ]
          },
          {
            "dow": "FRI",
            "hh": "13",
            "mm": "10",
            "getOffCarRate": [
              13,
              17,
              9,
              7,
              5,
              6,
              5,
              8,
              19,
              11
            ]
          },
          {
            "dow": "FRI",
            "hh": "13",
            "mm": "20",
            "getOffCarRate": [
              13,
              18,
              10,
              7,
              6,
              5,
              5,
              8,
              18,
              12
            ]
          },
          {
            "dow": "FRI",
            "hh": "13",
            "mm": "30",
            "getOffCarRate": [
              13,
              17,
              10,
              7,
              6,
              5,
              4,
              8,
              18,
              12
            ]
          },
          {
            "dow": "FRI",
            "hh": "13",
            "mm": "40",
            "getOffCarRate": [
              14,
              16,
              10,
              7,
              6,
              6,
              4,
              8,
              17,
              12
            ]
          },
          {
            "dow": "FRI",
            "hh": "13",
            "mm": "50",
            "getOffCarRate": [
              14,
              16,
              10,
              7,
              7,
              5,
              4,
              7,
              17,
              13
            ]
          }
        ]
      },
      {
        "startStationCode": "211",
        "startStationName": "성수역",
        "endStationCode": "211-R",
        "endStationName": "성수역",
        "prevStationCode": "240",
        "prevStationName": "신촌역",
        "updnLine": 1,
        "directAt": 0,
        "data": [
          {
            "dow": "FRI",
            "hh": "13",
            "mm": "00",
            "getOffCarRate": [
              14,
              15,
              6,
              4,
              6,
              5,
              6,
              9,
              16,
              18
            ]
          },
          {
            "dow": "FRI",
            "hh": "13",
            "mm": "10",
            "getOffCarRate": [
              13,
              16,
              7,
              4,
              6,
              5,
              6,
              10,
              16,
              17
            ]
          },
          {
            "dow": "FRI",
            "hh": "13",
            "mm": "20",
            "getOffCarRate": [
              12,
              16,
              7,
              4,
              7,
              5,
              6,
              10,
              16,
              17
            ]
          },
          {
            "dow": "FRI",
            "hh": "13",
            "mm": "30",
            "getOffCarRate": [
              11,
              15,
              8,
              4,
              6,
              6,
              8,
              10,
              17,
              15
            ]
          },
          {
            "dow": "FRI",
            "hh": "13",
            "mm": "40",
            "getOffCarRate": [
              11,
              14,
              9,
              5,
              6,
              6,
              8,
              10,
              18,
              14
            ]
          },
          {
            "dow": "FRI",
            "hh": "13",
            "mm": "50",
            "getOffCarRate": [
              10,
              14,
              9,
              6,
              5,
              7,
              7,
              10,
              18,
              14
            ]
          }
        ]
      },
      {
        "startStationCode": "211",
        "startStationName": "성수역",
        "endStationCode": "219",
        "endStationName": "삼성역",
        "prevStationCode": "242",
        "prevStationName": "아현역",
        "updnLine": 0,
        "directAt": 0,
        "data": [
          {
            "dow": "FRI",
            "hh": "13",
            "mm": "00",
            "getOffCarRate": [
              12,
              19,
              9,
              7,
              6,
              5,
              5,
              7,
              18,
              11
            ]
          },
          {
            "dow": "FRI",
            "hh": "13",
            "mm": "10",
            "getOffCarRate": [
              13,
              17,
              9,
              7,
              5,
              6,
              5,
              8,
              19,
              11
            ]
          },
          {
            "dow": "FRI",
            "hh": "13",
            "mm": "20",
            "getOffCarRate": [
              13,
              18,
              10,
              7,
              6,
              5,
              5,
              8,
              18,
              12
            ]
          },
          {
            "dow": "FRI",
            "hh": "13",
            "mm": "30",
            "getOffCarRate": [
              13,
              17,
              10,
              7,
              6,
              5,
              4,
              8,
              18,
              12
            ]
          },
          {
            "dow": "FRI",
            "hh": "13",
            "mm": "40",
            "getOffCarRate": [
              14,
              16,
              10,
              7,
              6,
              6,
              4,
              8,
              17,
              12
            ]
          },
          {
            "dow": "FRI",
            "hh": "13",
            "mm": "50",
            "getOffCarRate": [
              14,
              16,
              10,
              7,
              7,
              5,
              4,
              7,
              17,
              13
            ]
          }
        ]
      },
      {
        "startStationCode": "211",
        "startStationName": "성수역",
        "endStationCode": "228",
        "endStationName": "서울대입구역",
        "prevStationCode": "242",
        "prevStationName": "아현역",
        "updnLine": 0,
        "directAt": 0,
        "data": [
          {
            "dow": "FRI",
            "hh": "13",
            "mm": "00",
            "getOffCarRate": [
              12,
              19,
              9,
              7,
              6,
              5,
              5,
              7,
              18,
              11
            ]
          },
          {
            "dow": "FRI",
            "hh": "13",
            "mm": "10",
            "getOffCarRate": [
              13,
              17,
              9,
              7,
              5,
              6,
              5,
              8,
              19,
              11
            ]
          },
          {
            "dow": "FRI",
            "hh": "13",
            "mm": "20",
            "getOffCarRate": [
              13,
              18,
              10,
              7,
              6,
              5,
              5,
              8,
              18,
              12
            ]
          },
          {
            "dow": "FRI",
            "hh": "13",
            "mm": "30",
            "getOffCarRate": [
              13,
              17,
              10,
              7,
              6,
              5,
              4,
              8,
              18,
              12
            ]
          },
          {
            "dow": "FRI",
            "hh": "13",
            "mm": "40",
            "getOffCarRate": [
              14,
              16,
              10,
              7,
              6,
              6,
              4,
              8,
              17,
              12
            ]
          },
          {
            "dow": "FRI",
            "hh": "13",
            "mm": "50",
            "getOffCarRate": [
              14,
              16,
              10,
              7,
              7,
              5,
              4,
              7,
              17,
              13
            ]
          }
        ]
      },
      {
        "startStationCode": "211",
        "startStationName": "성수역",
        "endStationCode": "234",
        "endStationName": "신도림역",
        "prevStationCode": "242",
        "prevStationName": "아현역",
        "updnLine": 0,
        "directAt": 0,
        "data": [
          {
            "dow": "FRI",
            "hh": "13",
            "mm": "00",
            "getOffCarRate": [
              12,
              19,
              9,
              7,
              6,
              5,
              5,
              7,
              18,
              11
            ]
          },
          {
            "dow": "FRI",
            "hh": "13",
            "mm": "10",
            "getOffCarRate": [
              13,
              17,
              9,
              7,
              5,
              6,
              5,
              8,
              19,
              11
            ]
          },
          {
            "dow": "FRI",
            "hh": "13",
            "mm": "20",
            "getOffCarRate": [
              13,
              18,
              10,
              7,
              6,
              5,
              5,
              8,
              18,
              12
            ]
          },
          {
            "dow": "FRI",
            "hh": "13",
            "mm": "30",
            "getOffCarRate": [
              13,
              17,
              10,
              7,
              6,
              5,
              4,
              8,
              18,
              12
            ]
          },
          {
            "dow": "FRI",
            "hh": "13",
            "mm": "40",
            "getOffCarRate": [
              14,
              16,
              10,
              7,
              6,
              6,
              4,
              8,
              17,
              12
            ]
          },
          {
            "dow": "FRI",
            "hh": "13",
            "mm": "50",
            "getOffCarRate": [
              14,
              16,
              10,
              7,
              7,
              5,
              4,
              7,
              17,
              13
            ]
          }
        ]
      },
      {
        "startStationCode": "211",
        "startStationName": "성수역",
        "endStationCode": "239",
        "endStationName": "홍대입구역",
        "prevStationCode": "242",
        "prevStationName": "아현역",
        "updnLine": 0,
        "directAt": 0,
        "data": [
          {
            "dow": "FRI",
            "hh": "13",
            "mm": "00",
            "getOffCarRate": [
              12,
              19,
              9,
              7,
              6,
              5,
              5,
              7,
              18,
              11
            ]
          },
          {
            "dow": "FRI",
            "hh": "13",
            "mm": "10",
            "getOffCarRate": [
              13,
              17,
              9,
              7,
              5,
              6,
              5,
              8,
              19,
              11
            ]
          },
          {
            "dow": "FRI",
            "hh": "13",
            "mm": "20",
            "getOffCarRate": [
              13,
              18,
              10,
              7,
              6,
              5,
              5,
              8,
              18,
              12
            ]
          },
          {
            "dow": "FRI",
            "hh": "13",
            "mm": "30",
            "getOffCarRate": [
              13,
              17,
              10,
              7,
              6,
              5,
              4,
              8,
              18,
              12
            ]
          },
          {
            "dow": "FRI",
            "hh": "13",
            "mm": "40",
            "getOffCarRate": [
              14,
              16,
              10,
              7,
              6,
              6,
              4,
              8,
              17,
              12
            ]
          },
          {
            "dow": "FRI",
            "hh": "13",
            "mm": "50",
            "getOffCarRate": [
              14,
              16,
              10,
              7,
              7,
              5,
              4,
              7,
              17,
              13
            ]
          }
        ]
      },
      {
        "startStationCode": "219",
        "startStationName": "삼성역",
        "endStationCode": "211-R",
        "endStationName": "성수역",
        "prevStationCode": "240",
        "prevStationName": "신촌역",
        "updnLine": 1,
        "directAt": 0,
        "data": [
          {
            "dow": "FRI",
            "hh": "13",
            "mm": "00",
            "getOffCarRate": [
              14,
              15,
              6,
              4,
              6,
              5,
              6,
              9,
              16,
              18
            ]
          },
          {
            "dow": "FRI",
            "hh": "13",
            "mm": "10",
            "getOffCarRate": [
              13,
              16,
              7,
              4,
              6,
              5,
              6,
              10,
              16,
              17
            ]
          },
          {
            "dow": "FRI",
            "hh": "13",
            "mm": "20",
            "getOffCarRate": [
              11,
              16,
              7,
              4,
              7,
              5,
              7,
              10,
              16,
              17
            ]
          },
          {
            "dow": "FRI",
            "hh": "13",
            "mm": "30",
            "getOffCarRate": [
              11,
              15,
              8,
              4,
              6,
              6,
              8,
              10,
              17,
              15
            ]
          },
          {
            "dow": "FRI",
            "hh": "13",
            "mm": "40",
            "getOffCarRate": [
              10,
              14,
              9,
              5,
              5,
              6,
              8,
              10,
              18,
              14
            ]
          },
          {
            "dow": "FRI",
            "hh": "13",
            "mm": "50",
            "getOffCarRate": [
              10,
              14,
              9,
              6,
              5,
              7,
              7,
              10,
              18,
              15
            ]
          }
        ]
      },
      {
        "startStationCode": "228",
        "startStationName": "서울대입구역",
        "endStationCode": "211",
        "endStationName": "성수역",
        "prevStationCode": "240",
        "prevStationName": "신촌역",
        "updnLine": 1,
        "directAt": 0,
        "data": [
          {
            "dow": "FRI",
            "hh": "13",
            "mm": "00",
            "getOffCarRate": [
              14,
              15,
              6,
              4,
              6,
              5,
              6,
              9,
              16,
              18
            ]
          },
          {
            "dow": "FRI",
            "hh": "13",
            "mm": "10",
            "getOffCarRate": [
              13,
              16,
              7,
              4,
              6,
              5,
              6,
              10,
              16,
              17
            ]
          },
          {
            "dow": "FRI",
            "hh": "13",
            "mm": "20",
            "getOffCarRate": [
              11,
              16,
              7,
              4,
              7,
              5,
              7,
              10,
              16,
              17
            ]
          },
          {
            "dow": "FRI",
            "hh": "13",
            "mm": "30",
            "getOffCarRate": [
              11,
              15,
              8,
              4,
              6,
              6,
              8,
              10,
              17,
              15
            ]
          },
          {
            "dow": "FRI",
            "hh": "13",
            "mm": "40",
            "getOffCarRate": [
              10,
              14,
              9,
              5,
              5,
              6,
              8,
              10,
              18,
              14
            ]
          },
          {
            "dow": "FRI",
            "hh": "13",
            "mm": "50",
            "getOffCarRate": [
              10,
              14,
              9,
              6,
              5,
              7,
              7,
              10,
              18,
              15
            ]
          }
        ]
      },
      {
        "startStationCode": "228",
        "startStationName": "서울대입구역",
        "endStationCode": "211-R",
        "endStationName": "성수역",
        "prevStationCode": "240",
        "prevStationName": "신촌역",
        "updnLine": 1,
        "directAt": 0,
        "data": [
          {
            "dow": "FRI",
            "hh": "13",
            "mm": "00",
            "getOffCarRate": [
              14,
              15,
              6,
              4,
              6,
              5,
              6,
              9,
              16,
              18
            ]
          },
          {
            "dow": "FRI",
            "hh": "13",
            "mm": "10",
            "getOffCarRate": [
              13,
              16,
              7,
              4,
              6,
              5,
              6,
              10,
              16,
              17
            ]
          },
          {
            "dow": "FRI",
            "hh": "13",
            "mm": "20",
            "getOffCarRate": [
              11,
              16,
              7,
              4,
              7,
              5,
              7,
              10,
              16,
              17
            ]
          },
          {
            "dow": "FRI",
            "hh": "13",
            "mm": "30",
            "getOffCarRate": [
              11,
              15,
              8,
              4,
              6,
              6,
              8,
              10,
              17,
              15
            ]
          },
          {
            "dow": "FRI",
            "hh": "13",
            "mm": "40",
            "getOffCarRate": [
              10,
              14,
              9,
              5,
              5,
              6,
              8,
              10,
              18,
              14
            ]
          },
          {
            "dow": "FRI",
            "hh": "13",
            "mm": "50",
            "getOffCarRate": [
              10,
              14,
              9,
              6,
              5,
              7,
              7,
              10,
              18,
              15
            ]
          }
        ]
      },
      {
        "startStationCode": "234",
        "startStationName": "신도림역",
        "endStationCode": "211",
        "endStationName": "성수역",
        "prevStationCode": "240",
        "prevStationName": "신촌역",
        "updnLine": 1,
        "directAt": 0,
        "data": [
          {
            "dow": "FRI",
            "hh": "13",
            "mm": "00",
            "getOffCarRate": [
              14,
              15,
              6,
              4,
              6,
              5,
              6,
              9,
              16,
              18
            ]
          },
          {
            "dow": "FRI",
            "hh": "13",
            "mm": "10",
            "getOffCarRate": [
              13,
              16,
              7,
              4,
              6,
              5,
              6,
              10,
              16,
              17
            ]
          },
          {
            "dow": "FRI",
            "hh": "13",
            "mm": "20",
            "getOffCarRate": [
              11,
              16,
              7,
              4,
              7,
              5,
              7,
              10,
              16,
              17
            ]
          },
          {
            "dow": "FRI",
            "hh": "13",
            "mm": "30",
            "getOffCarRate": [
              11,
              15,
              8,
              4,
              6,
              6,
              8,
              10,
              17,
              15
            ]
          },
          {
            "dow": "FRI",
            "hh": "13",
            "mm": "40",
            "getOffCarRate": [
              10,
              14,
              9,
              5,
              5,
              6,
              8,
              10,
              18,
              14
            ]
          },
          {
            "dow": "FRI",
            "hh": "13",
            "mm": "50",
            "getOffCarRate": [
              10,
              14,
              9,
              6,
              5,
              7,
              7,
              10,
              18,
              15
            ]
          }
        ]
      },
      {
        "startStationCode": "234",
        "startStationName": "신도림역",
        "endStationCode": "211-R",
        "endStationName": "성수역",
        "prevStationCode": "240",
        "prevStationName": "신촌역",
        "updnLine": 1,
        "directAt": 0,
        "data": [
          {
            "dow": "FRI",
            "hh": "13",
            "mm": "00",
            "getOffCarRate": [
              14,
              15,
              6,
              4,
              6,
              5,
              6,
              9,
              16,
              18
            ]
          },
          {
            "dow": "FRI",
            "hh": "13",
            "mm": "10",
            "getOffCarRate": [
              13,
              16,
              7,
              4,
              6,
              5,
              6,
              10,
              16,
              17
            ]
          },
          {
            "dow": "FRI",
            "hh": "13",
            "mm": "20",
            "getOffCarRate": [
              11,
              16,
              7,
              4,
              7,
              5,
              7,
              10,
              16,
              17
            ]
          },
          {
            "dow": "FRI",
            "hh": "13",
            "mm": "30",
            "getOffCarRate": [
              11,
              15,
              8,
              4,
              6,
              6,
              8,
              10,
              17,
              15
            ]
          },
          {
            "dow": "FRI",
            "hh": "13",
            "mm": "40",
            "getOffCarRate": [
              10,
              14,
              9,
              5,
              5,
              6,
              8,
              10,
              18,
              14
            ]
          },
          {
            "dow": "FRI",
            "hh": "13",
            "mm": "50",
            "getOffCarRate": [
              10,
              14,
              9,
              6,
              5,
              7,
              7,
              10,
              18,
              15
            ]
          }
        ]
      },
      {
        "startStationCode": "239",
        "startStationName": "홍대입구역",
        "endStationCode": "211",
        "endStationName": "성수역",
        "prevStationCode": "240",
        "prevStationName": "신촌역",
        "updnLine": 1,
        "directAt": 0,
        "data": [
          {
            "dow": "FRI",
            "hh": "13",
            "mm": "00",
            "getOffCarRate": [
              14,
              15,
              6,
              4,
              6,
              5,
              6,
              9,
              16,
              18
            ]
          },
          {
            "dow": "FRI",
            "hh": "13",
            "mm": "10",
            "getOffCarRate": [
              13,
              16,
              7,
              4,
              6,
              5,
              6,
              10,
              16,
              17
            ]
          },
          {
            "dow": "FRI",
            "hh": "13",
            "mm": "20",
            "getOffCarRate": [
              11,
              16,
              7,
              4,
              7,
              5,
              7,
              10,
              16,
              17
            ]
          },
          {
            "dow": "FRI",
            "hh": "13",
            "mm": "30",
            "getOffCarRate": [
              11,
              15,
              8,
              4,
              6,
              6,
              8,
              10,
              17,
              15
            ]
          },
          {
            "dow": "FRI",
            "hh": "13",
            "mm": "40",
            "getOffCarRate": [
              10,
              14,
              9,
              5,
              5,
              6,
              8,
              10,
              18,
              14
            ]
          },
          {
            "dow": "FRI",
            "hh": "13",
            "mm": "50",
            "getOffCarRate": [
              10,
              14,
              9,
              6,
              5,
              7,
              7,
              10,
              18,
              15
            ]
          }
        ]
      },
      {
        "startStationCode": "239",
        "startStationName": "홍대입구역",
        "endStationCode": "211-R",
        "endStationName": "성수역",
        "prevStationCode": "240",
        "prevStationName": "신촌역",
        "updnLine": 1,
        "directAt": 0,
        "data": [
          {
            "dow": "FRI",
            "hh": "13",
            "mm": "00",
            "getOffCarRate": [
              14,
              15,
              6,
              4,
              6,
              5,
              6,
              9,
              16,
              18
            ]
          },
          {
            "dow": "FRI",
            "hh": "13",
            "mm": "10",
            "getOffCarRate": [
              13,
              16,
              7,
              4,
              6,
              5,
              6,
              10,
              16,
              17
            ]
          },
          {
            "dow": "FRI",
            "hh": "13",
            "mm": "20",
            "getOffCarRate": [
              11,
              16,
              7,
              4,
              7,
              5,
              7,
              10,
              16,
              17
            ]
          },
          {
            "dow": "FRI",
            "hh": "13",
            "mm": "30",
            "getOffCarRate": [
              11,
              15,
              8,
              4,
              6,
              6,
              8,
              10,
              17,
              15
            ]
          },
          {
            "dow": "FRI",
            "hh": "13",
            "mm": "40",
            "getOffCarRate": [
              10,
              14,
              9,
              5,
              5,
              6,
              8,
              10,
              18,
              14
            ]
          },
          {
            "dow": "FRI",
            "hh": "13",
            "mm": "50",
            "getOffCarRate": [
              10,
              14,
              9,
              6,
              5,
              7,
              7,
              10,
              18,
              15
            ]
          }
        ]
      }
    ],
    "statStartDate": "20230924",
    "statEndDate": "20231223"
  }
}