{
  "status": {
    "code": "00",
    "message": "success",
    "totalCount": 1
  },
  "contents": {
    "subwayLine": "2호선",
    "stationName": "건대입구역",
    "stationCode": "212",
    "stat": [
      {
        "startStationCode": "202",
        "startStationName": "을지로입구역",
        "endStationCode": "211",
        "endStationName": "성수역",
        "prevStationCode": "213",
        "prevStationName": "구의역",
        "updnLine": 0,
        "directAt": 0,
        "data": [
          {
            "dow": "FRI",
            "hh": "13",
            "mm": "00",
            "getOffCarRate": [
              3,
              5,
              6,
              9,
              10,
              13,
              19,
              18,
              9,
              6
            ]
          },
          {
            "dow": "FRI",
            "hh": "13",
            "mm": "10",
            "getOffCarRate": [
              3,
              5,
              5,
              8,
              11,
              14,
              20,
              18,
              10,
              6
            ]
          },
          {
            "dow": "FRI",
            "hh": "13",
            "mm": "20",
            "getOffCarRate": [
              3,
              5,
              6,
              8,
              11,
              14,
              20,
              18,
              10,
              7
            ]
          },
          {
            "dow": "FRI",
            "hh": "13",
            "mm": "30",
            "getOffCarRate": [
              3,
              4,
              5,
              8,
              11,
              13,
              21,
              18,
              10,
              7
            ]
          },
          {
            "dow": "FRI",
            "hh": "13",
            "mm": "40",
            "getOffCarRate": [
              3,
              4,
              6,
              8,
              11,
              13,
              21,
              18,
              9,
              7
            ]
          },
          {
            "dow": "FRI",
            "hh": "13",
            "mm": "50",
            "getOffCarRate": [
              3,
              4,
              6,
              8,
              12,
              13,
              21,
              17,
              9,
              7
            ]
          }
        ]
      },
      {
        "startStationCode": "202",
        "startStationName": "을지로입구역",
        "endStationCode": "211-R",
        "endStationName": "성수역",
        "prevStationCode": "213",
        "prevStationName": "구의역",
        "updnLine": 0,
        "directAt": 0,
        "data": [
          {
            "dow": "FRI",
            "hh": "13",
            "mm": "00",
            "getOffCarRate": [
              3,
              5,
              6,
              9,
              10,
              13,
              19,
              18,
              9,
              6
            ]
          },
          {
            "dow": "FRI",
            "hh": "13",
            "mm": "10",
            "getOffCarRate": [
              3,
              5,
              5,
              8,
              11,
              14,
              20,
              18,
              10,
              6
            ]
          },
          {
            "dow": "FRI",
            "hh": "13",
            "mm": "20",
            "getOffCarRate": [
              3,
              5,
              6,
              8,
              11,
              14,
              20,
              18,
              10,
              7
            ]
          },
          {
            "dow": "FRI",
            "hh": "13",
            "mm": "30",
            "getOffCarRate": [
              3,
              4,
              5,
              8,
              11,
              13,
              21,
              18,
              10,
              7
            ]
          },
          {
            "dow": "FRI",
            "hh": "13",
            "mm": "40",
            "getOffCarRate": [
              3,
              4,
              6,
              8,
              11,
              13,
              21,
              18,
              9,
              7
            ]
          },
          {
            "dow": "FRI",
            "hh": "13",
            "mm": "50",
            "getOffCarRate": [
              3,
              4,
              6,
              8,
              12,
              13,
              21,
              17,
              9,
              7
            ]
          }
        ]
      },
      {
        "startStationCode": "211",
        "startStationName": "성수역",
        "endStationCode": "202",
        "endStationName": "을지로입구역",
        "prevStationCode": "211",
        "prevStationName": "성수역",
        "updnLine": 1,
        "directAt": 0,
        "data": [
          {
            "dow": "FRI",
            "hh": "13",
            "mm": "00",
            "getOffCarRate": [
              8,
              11,
              18,
              17,
              11,
              12,
              8,
              7,
              4,
              4
            ]
          },
          {
            "dow": "FRI",
            "hh": "13",
            "mm": "10",
            "getOffCarRate": [
              8,
              11,
              18,
              17,
              11,
              12,
              8,
              7,
              4,
              4
            ]
          },
          {
            "dow": "FRI",
            "hh": "13",
            "mm": "20",
            "getOffCarRate": [
              8,
              11,
              18,
              17,
              10,
              13,
              8,
              6,
              5,
              4
            ]
          },
          {
            "dow": "FRI",
            "hh": "13",
            "mm": "30",
            "getOffCarRate": [
              8,
              11,
              18,
              17,
              11,
              12,
              9,
              6,
              4,
              4
            ]
          },
          {
            "dow": "FRI",
            "hh": "13",
            "mm": "40",
            "getOffCarRate": [
              8,
              11,
              18,
              17,
              10,
              13,
              9,
              6,
              5,
              4
            ]
          },
          {
            "dow": "FRI",
            "hh": "13",
            "mm": "50",
            "getOffCarRate": [
              7,
              12,
              18,
              16,
              10,
              12,
              9,
              6,
              5,
              4
            ]
          }
        ]
      },
      {
        "startStationCode": "211",
        "startStationName": "성수역",
        "endStationCode": "211",
        "endStationName": "성수역",
        "prevStationCode": "213",
        "prevStationName": "구의역",
        "updnLine": 0,
        "directAt": 0,
        "data": [
          {
            "dow": "FRI",
            "hh": "13",
            "mm": "00",
            "getOffCarRate": [
              3,
              5,
              6,
              9,
              10,
              13,
              19,
              18,
              9,
              6
            ]
          },
          {
            "dow": "FRI",
            "hh": "13",
            "mm": "10",
            "getOffCarRate": [
              3,
              5,
              5,
              8,
              11,
              14,
              20,
              18,
              10,
              6
            ]
          },
          {
            "dow": "FRI",
            "hh": "13",
            "mm": "20",
            "getOffCarRate": [
              3,
              5,
              6,
              8,
              11,
              14,
              20,
              18,
              10,
              7
            ]
          },
          {
            "dow": "FRI",
            "hh": "13",
            "mm": "30",
            "getOffCarRate": [
              3,
              4,
              5,
              8,
              11,
              13,
              21,
              18,
              10,
              7
            ]
          },
          {
            "dow": "FRI",
            "hh": "13",
            "mm": "40",
            "getOffCarRate": [
              3,
              4,
              6,
              8,
              11,
              13,
              21,
              18,
              9,
              7
            ]
          },
          {
            "dow": "FRI",
            "hh": "13",
            "mm": "50",
            "getOffCarRate": [
              3,
              4,
              6,
              8,
              12,
              13,
              21,
              17,
              9,
              7
            ]
          }
        ]
      },
      {
        "startStationCode": "211",
        "startStationName": "성수역",
        "endStationCode": "211",
        "endStationName": "성수역",
        "prevStationCode": "211",
        "prevStationName": "성수역",
        "updnLine": 1,
        "directAt": 0,
        "data": [
          {
            "dow": "FRI",
            "hh": "13",
            "mm": "00",
            "getOffCarRate": [
              8,
              11,
              18,
              17,
              11,
              12,
              8,
              7,
              4,
              4
            ]
          },
          {
            "dow": "FRI",
            "hh": "13",
            "mm": "10",
            "getOffCarRate": [
              8,
              11,
              18,
              17,
              11,
              12,
              8,
              7,
              4,
              4
            ]
          },
          {
            "dow": "FRI",
            "hh": "13",
            "mm": "20",
            "getOffCarRate": [
              8,
              11,
              18,
              17,
              10,
              13,
              8,
              6,
              5,
              4
            ]
          },
          {
            "dow": "FRI",
            "hh": "13",
            "mm": "30",
            "getOffCarRate": [
              8,
              11,
              18,
              17,
              11,
              12,
              9,
              6,
              4,
              4
            ]
          },
          {
            "dow": "FRI",
            "hh": "13",
            "mm": "40",
            "getOffCarRate": [
              8,
              11,
              18,
              17,
              10,
              13,
              9,
              6,
              5,
              4
            ]
          },
          {
            "dow": "FRI",
            "hh": "13",
            "mm": "50",
            "getOffCarRate": [
              7,
              12,
              18,
              16,
              10,
              12,
              9,
              6,
              5,
              4
            ]
          }
        ]
      },
      {
        "startStationCode": "211",
        "startStationName": "성수역",
        "endStationCode": "211-R",
        "endStationName": "성수역",
        "prevStationCode": "213",
        "prevStationName": "구의역",
        "updnLine": 0,
        "directAt": 0,
        "data": [
          {
            "dow": "FRI",
            "hh": "13",
            "mm": "00",
            "getOffCarRate": [
              3,
              5,
              6,
              9,
              10,
              14,
              19,
              18,
              9,
              6
            ]
          },
          {
            "dow": "FRI",
            "hh": "13",
            "mm": "10",
            "getOffCarRate": [
              3,
              5,
              5,
              8,
              11,
              14,
              20,
              18,
              10,
              7
            ]
          },
          {
            "dow": "FRI",
            "hh": "13",
            "mm": "20",
            "getOffCarRate": [
              3,
              5,
              5,
              8,
              11,
              14,
              20,
              18,
              10,
              7
            ]
          },
          {
            "dow": "FRI",
            "hh": "13",
            "mm": "30",
            "getOffCarRate": [
              3,
              4,
              5,
              8,
              11,
              14,
              21,
              18,
              10,
              7
            ]
          },
          {
            "dow": "FRI",
            "hh": "13",
            "mm": "40",
            "getOffCarRate": [
              3,
              4,
              6,
              8,
              11,
              13,
              21,
              18,
              9,
              7
            ]
          },
          {
            "dow": "FRI",
            "hh": "13",
            "mm": "50",
            "getOffCarRate": [
              3,
              4,
              6,
              8,
              12,
              13,
              20,
              17,
              9,
              7
            ]
          }
        ]
      },
      {
        "startStationCode": "211",
        "startStationName": "성수역",
        "endStationCode": "211-R",
        "endStationName": "성수역",
        "prevStationCode": "211",
        "prevStationName": "성수역",
        "updnLine": 1,
        "directAt": 0,
        "data": [
          {
            "dow": "FRI",
            "hh": "13",
            "mm": "00",
            "getOffCarRate": [
              8,
              11,
              18,
              17,
              11,
              12,
              8,
              7,
              4,
              4
            ]
          },
          {
            "dow": "FRI",
            "hh": "13",
            "mm": "10",
            "getOffCarRate": [
              8,
              11,
              18,
              17,
              11,
              12,
              8,
              7,
              4,
              4
            ]
          },
          {
            "dow": "FRI",
            "hh": "13",
            "mm": "20",
            "getOffCarRate": [
              8,
              11,
              18,
              17,
              10,
              13,
              8,
              6,
              5,
              4
            ]
          },
          {
            "dow": "FRI",
            "hh": "13",
            "mm": "30",
            "getOffCarRate": [
              8,
              11,
              18,
              17,
              11,
              12,
              9,
              6,
              4,
              4
            ]
          },
          {
            "dow": "FRI",
            "hh": "13",
            "mm": "40",
            "getOffCarRate": [
              8,
              11,
              18,
              17,
              10,
              13,
              9,
              6,
              5,
              4
            ]
          },
          {
            "dow": "FRI",
            "hh": "13",
            "mm": "50",
            "getOffCarRate": [
              7,
              12,
              18,
              16,
              10,
              12,
              9,
              6,
              5,
              4
            ]
          }
        ]
      },
      {
        "startStationCode": "211",
        "startStationName": "성수역",
        "endStationCode": "219",
        "endStationName": "삼성역",
        "prevStationCode": "211",
        "prevStationName": "성수역",
        "updnLine": 1,
        "directAt": 0,
        "data": [
          {
            "dow": "FRI",
            "hh": "13",
            "mm": "00",
            "getOffCarRate": [
              8,
              11,
              18,
              17,
              11,
              12,
              8,
              7,
              4,
              4
            ]
          },
          {
            "dow": "FRI",
            "hh": "13",
            "mm": "10",
            "getOffCarRate": [
              8,
              11,
              18,
              17,
              11,
              12,
              8,
              7,
              4,
              4
            ]
          },
          {
            "dow": "FRI",
            "hh": "13",
            "mm": "20",
            "getOffCarRate": [
              8,
              11,
              18,
              17,
              10,
              13,
              8,
              6,
              5,
              4
            ]
          },
          {
            "dow": "FRI",
            "hh": "13",
            "mm": "30",
            "getOffCarRate": [
              8,
              11,
              18,
              17,
              11,
              12,
              9,
              6,
              4,
              4
            ]
          },
          {
            "dow": "FRI",
            "hh": "13",
            "mm": "40",
            "getOffCarRate": [
              8,
              11,
              18,
              17,
              10,
              13,
              9,
              6,
              5,
              4
            ]
          },
          {
            "dow": "FRI",
            "hh": "13",
            "mm": "50",
            "getOffCarRate": [
              7,
              12,
              18,
              16,
              10,
              12,
              9,
              6,
              5,
              4
            ]
          }
        ]
      },
      {
        "startStationCode": "211",
        "startStationName": "성수역",
        "endStationCode": "228",
        "endStationName": "서울대입구역",
        "prevStationCode": "211",
        "prevStationName": "성수역",
        "updnLine": 1,
        "directAt": 0,
        "data": [
          {
            "dow": "FRI",
            "hh": "13",
            "mm": "00",
            "getOffCarRate": [
              8,
              11,
              18,
              17,
              11,
              12,
              8,
              7,
              4,
              4
            ]
          },
          {
            "dow": "FRI",
            "hh": "13",
            "mm": "10",
            "getOffCarRate": [
              8,
              11,
              18,
              17,
              11,
              12,
              8,
              7,
              4,
              4
            ]
          },
          {
            "dow": "FRI",
            "hh": "13",
            "mm": "20",
            "getOffCarRate": [
              8,
              11,
              18,
              17,
              10,
              13,
              8,
              6,
              5,
              4
            ]
          },
          {
            "dow": "FRI",
            "hh": "13",
            "mm": "30",
            "getOffCarRate": [
              8,
              11,
              18,
              17,
              11,
              12,
              9,
              6,
              4,
              4
            ]
          },
          {
            "dow": "FRI",
            "hh": "13",
            "mm": "40",
            "getOffCarRate": [
              8,
              11,
              18,
              17,
              10,
              13,
              9,
              6,
              5,
              4
            ]
          },
          {
            "dow": "FRI",
            "hh": "13",
            "mm": "50",
            "getOffCarRate": [
              7,
              12,
              18,
              16,
              10,
              12,
              9,
              6,
              5,
              4
            ]
          }
        ]
      },
      {
        "startStationCode": "211",
        "startStationName": "성수역",
        "endStationCode": "234",
        "endStationName": "신도림역",
        "prevStationCode": "211",
        "prevStationName": "성수역",
        "updnLine": 1,
        "directAt": 0,
        "data": [
          {
            "dow": "FRI",
            "hh": "13",
            "mm": "00",
            "getOffCarRate": [
              8,
              11,
              18,
              17,
              11,
              12,
              8,
              7,
              4,
              4
            ]
          },
          {
            "dow": "FRI",
            "hh": "13",
            "mm": "10",
            "getOffCarRate": [
              8,
              11,
              18,
              17,
              11,
              12,
              8,
              7,
              4,
              4
            ]
          },
          {
            "dow": "FRI",
            "hh": "13",
            "mm": "20",
            "getOffCarRate": [
              8,
              11,
              18,
              17,
              10,
              13,
              8,
              6,
              5,
              4
            ]
          },
          {
            "dow": "FRI",
            "hh": "13",
            "mm": "30",
            "getOffCarRate": [
              8,
              11,
              18,
              17,
              11,
              12,
              9,
              6,
              4,
              4
            ]
          },
          {
            "dow": "FRI",
            "hh": "13",
            "mm": "40",
            "getOffCarRate": [
              8,
              11,
              18,
              17,
              10,
              13,
              9,
              6,
              5,
              4
            ]
          },
          {
            "dow": "FRI",
            "hh": "13",
            "mm": "50",
            "getOffCarRate": [
              7,
              12,
              18,
              16,
              10,
              12,
              9,
              6,
              5,
              4
            ]
          }
        ]
      },
      {
        "startStationCode": "211",
        "startStationName": "성수역",
        "endStationCode": "239",
        "endStationName": "홍대입구역",
        "prevStationCode": "211",
        "prevStationName": "성수역",
        "updnLine": 1,
        "directAt": 0,
        "data": [
          {
            "dow": "FRI",
            "hh": "13",
            "mm": "00",
            "getOffCarRate": [
              8,
              11,
              18,
              17,
              11,
              12,
              8,
              7,
              4,
              4
            ]
          },
          {
            "dow": "FRI",
            "hh": "13",
            "mm": "10",
            "getOffCarRate": [
              8,
              11,
              18,
              17,
              11,
              12,
              8,
              7,
              4,
              4
            ]
          },
          {
            "dow": "FRI",
            "hh": "13",
            "mm": "20",
            "getOffCarRate": [
              8,
              11,
              18,
              17,
              10,
              13,
              8,
              6,
              5,
              4
            ]
          },
          {
            "dow": "FRI",
            "hh": "13",
            "mm": "30",
            "getOffCarRate": [
              8,
              11,
              18,
              17,
              11,
              12,
              9,
              6,
              4,
              4
            ]
          },
          {
            "dow": "FRI",
            "hh": "13",
            "mm": "40",
            "getOffCarRate": [
              8,
              11,
              18,
              17,
              10,
              13,
              9,
              6,
              5,
              4
            ]
          },
          {
            "dow": "FRI",
            "hh": "13",
            "mm": "50",
            "getOffCarRate": [
              7,
              12,
              18,
              16,
              10,
              12,
              9,
              6,
              5,
              4
            ]
          }
        ]
      },
      {
        "startStationCode": "219",
        "startStationName": "삼성역",
        "endStationCode": "211-R",
        "endStationName": "성수역",
        "prevStationCode": "213",
        "prevStationName": "구의역",
        "updnLine": 0,
        "directAt": 0,
        "data": [
          {
            "dow": "FRI",
            "hh": "13",
            "mm": "00",
            "getOffCarRate": [
              3,
              5,
              6,
              9,
              10,
              13,
              19,
              18,
              9,
              6
            ]
          },
          {
            "dow": "FRI",
            "hh": "13",
            "mm": "10",
            "getOffCarRate": [
              3,
              5,
              5,
              8,
              11,
              14,
              20,
              18,
              10,
              6
            ]
          },
          {
            "dow": "FRI",
            "hh": "13",
            "mm": "20",
            "getOffCarRate": [
              3,
              5,
              6,
              8,
              11,
              14,
              20,
              18,
              10,
              7
            ]
          },
          {
            "dow": "FRI",
            "hh": "13",
            "mm": "30",
            "getOffCarRate": [
              3,
              4,
              5,
              8,
              11,
              13,
              21,
              18,
              10,
              7
            ]
          },
          {
            "dow": "FRI",
            "hh": "13",
            "mm": "40",
            "getOffCarRate": [
              3,
              4,
              6,
              8,
              11,
              13,
              21,
              18,
              9,
              7
            ]
          },
          {
            "dow": "FRI",
            "hh": "13",
            "mm": "50",
            "getOffCarRate": [
              3,
              4,
              6,
              8,
              12,
              13,
              21,
              17,
              9,
              7
            ]
          }
        ]
      },
      {
        "startStationCode": "228",
        "startStationName": "서울대입구역",
        "endStationCode": "211",
        "endStationName": "성수역",
        "prevStationCode": "213",
        "prevStationName": "구의역",
        "updnLine": 0,
        "directAt": 0,
        "data": [
          {
            "dow": "FRI",
            "hh": "13",
            "mm": "00",
            "getOffCarRate": [
              3,
              5,
              6,
              9,
              10,
              13,
              19,
              18,
              9,
              6
            ]
          },
          {
            "dow": "FRI",
            "hh": "13",
            "mm": "10",
            "getOffCarRate": [
              3,
              5,
              5,
              8,
              11,
              14,
              20,
              18,
              10,
              6
            ]
          },
          {
            "dow": "FRI",
            "hh": "13",
            "mm": "20",
            "getOffCarRate": [
              3,
              5,
              6,
              8,
              11,
              14,
              20,
              18,
              10,
              7
            ]
          },
          {
            "dow": "FRI",
            "hh": "13",
            "mm": "30",
            "getOffCarRate": [
              3,
              4,
              5,
              8,
              11,
              13,
              21,
              18,
              10,
              7
            ]
          },
          {
            "dow": "FRI",
            "hh": "13",
            "mm": "40",
            "getOffCarRate": [
              3,
              4,
              6,
              8,
              11,
              13,
              21,
              18,
              9,
              7
            ]
          },
          {
            "dow": "FRI",
            "hh": "13",
            "mm": "50",
            "getOffCarRate": [
              3,
              4,
              6,
              8,
              12,
              13,
              21,
              17,
              9,
              7
            ]
          }
        ]
      },
      {
        "startStationCode": "228",
        "startStationName": "서울대입구역",
        "endStationCode": "211-R",
        "endStationName": "성수역",
        "prevStationCode": "213",
        "prevStationName": "구의역",
        "updnLine": 0,
        "directAt": 0,
        "data": [
          {
            "dow": "FRI",
            "hh": "13",
            "mm": "00",
            "getOffCarRate": [
              3,
              5,
              6,
              9,
              10,
              13,
              19,
              18,
              9,
              6
            ]
          },
          {
            "dow": "FRI",
            "hh": "13",
            "mm": "10",
            "getOffCarRate": [
              3,
              5,
              5,
              8,
              11,
              14,
              20,
              18,
              10,
              6
            ]
          },
          {
            "dow": "FRI",
            "hh": "13",
            "mm": "20",
            "getOffCarRate": [
              3,
              5,
              6,
              8,
              11,
              14,
              20,
              18,
              10,
              7
            ]
          },
          {
            "dow": "FRI",
            "hh": "13",
            "mm": "30",
            "getOffCarRate": [
              3,
              4,
              5,
              8,
              11,
              13,
              21,
              18,
              10,
              7
            ]
          },
          {
            "dow": "FRI",
            "hh": "13",
            "mm": "40",
            "getOffCarRate": [
              3,
              4,
              6,
              8,
              11,
              13,
              21,
              18,
              9,
              7
            ]
          },
          {
            "dow": "FRI",
            "hh": "13",
            "mm": "50",
            "getOffCarRate": [
              3,
              4,
              6,
              8,
              12,
              13,
              21,
              17,
              9,
              7
            ]
          }
        ]
      },
      {
        "startStationCode": "234",
        "startStationName": "신도림역",
        "endStationCode": "211",
        "endStationName": "성수역",
        "prevStationCode": "213",
        "prevStationName": "구의역",
        "updnLine": 0,
        "directAt": 0,
        "data": [
          {
            "dow": "FRI",
            "hh": "13",
            "mm": "00",
            "getOffCarRate": [
              3,
              5,
              6,
              9,
              10,
              13,
              19,
              18,
              9,
              6
            ]
          },
          {
            "dow": "FRI",
            "hh": "13",
            "mm": "10",
            "getOffCarRate": [
              3,
              5,
              5,
              8,
              11,
              14,
              20,
              18,
              10,
              6
            ]
          },
          {
            "dow": "FRI",
            "hh": "13",
            "mm": "20",
            "getOffCarRate": [
              3,
              5,
              6,
              8,
              11,
              14,
              20,
              18,
              10,
              7
            ]
          },
          {
            "dow": "FRI",
            "hh": "13",
            "mm": "30",
            "getOffCarRate": [
              3,
              4,
              5,
              8,
              11,
              13,
              21,
              18,
              10,
              7
            ]
          },
          {
            "dow": "FRI",
            "hh": "13",
            "mm": "40",
            "getOffCarRate": [
              3,
              4,
              6,
              8,
              11,
              13,
              21,
              18,
              9,
              7
            ]
          },
          {
            "dow": "FRI",
            "hh": "13",
            "mm": "50",
            "getOffCarRate": [
              3,
              4,
              6,
              8,
              12,
              13,
              21,
              17,
              9,
              7
            ]
          }
        ]
      },
      {
        "startStationCode": "234",
        "startStationName": "신도림역",
        "endStationCode": "211-R",
        "endStationName": "성수역",
        "prevStationCode": "213",
        "prevStationName": "구의역",
        "updnLine": 0,
        "directAt": 0,
        "data": [
          {
            "dow": "FRI",
            "hh": "13",
            "mm": "00",
            "getOffCarRate": [
              3,
              5,
              6,
              9,
              10,
              13,
              19,
              18,
              9,
              6
            ]
          },
          {
            "dow": "FRI",
            "hh": "13",
            "mm": "10",
            "getOffCarRate": [
              3,
              5,
              5,
              8,
              11,
              14,
              20,
              18,
              10,
              6
            ]
          },
          {
            "dow": "FRI",
            "hh": "13",
            "mm": "20",
            "getOffCarRate": [
              3,
              5,
              6,
              8,
              11,
              14,
              20,
              18,
              10,
              7
            ]
          },
          {
            "dow": "FRI",
            "hh": "13",
            "mm": "30",
            "getOffCarRate": [
              3,
              4,
              5,
              8,
              11,
              13,
              21,
              18,
              10,
              7
            ]
          },
          {
            "dow": "FRI",
            "hh": "13",
            "mm": "40",
            "getOffCarRate": [
              3,
              4,
              6,
              8,
              11,
              13,
              21,
              18,
              9,
              7
            ]
          },
          {
            "dow": "FRI",
            "hh": "13",
            "mm": "50",
            "getOffCarRate": [
              3,
              4,
              6,
              8,
              12,
              13,
              21,
              17,
              9,
              7
            ]
          }
        ]
      },
      {
        "startStationCode": "239",
        "startStationName": "홍대입구역",
        "endStationCode": "211",
        "endStationName": "성수역",
        "prevStationCode": "213",
        "prevStationName": "구의역",
        "updnLine": 0,
        "directAt": 0,
        "data": [
          {
            "dow": "FRI",
            "hh": "13",
            "mm": "00",
            "getOffCarRate": [
              3,
              5,
              6,
              9,
              10,
              13,
              19,
              18,
              9,
              6
            ]
          },
          {
            "dow": "FRI",
            "hh": "13",
            "mm": "10",
            "getOffCarRate": [
              3,
              5,
              5,
              8,
              11,
              14,
              20,
              18,
              10,
              6
            ]
          },
          {
            "dow": "FRI",
            "hh": "13",
            "mm": "20",
            "getOffCarRate": [
              3,
              5,
              6,
              8,
              11,
              14,
              20,
              18,
              10,
              7
            ]
          },
          {
            "dow": "FRI",
            "hh": "13",
            "mm": "30",
            "getOffCarRate": [
              3,
              4,
              5,
              8,
              11,
              13,
              21,
              18,
              10,
              7
            ]
          },
          {
            "dow": "FRI",
            "hh": "13",
            "mm": "40",
            "getOffCarRate": [
              3,
              4,
              6,
              8,
              11,
              13,
              21,
              18,
              9,
              7
            ]
          },
          {
            "dow": "FRI",
            "hh": "13",
            "mm": "50",
            "getOffCarRate": [
              3,
              4,
              6,
              8,
              12,
              13,
              21,
              17,
              9,
              7
            ]
          }
        ]
      },
      {
        "startStationCode": "239",
        "startStationName": "홍대입구역",
        "endStationCode": "211-R",
        "endStationName": "성수역",
        "prevStationCode": "213",
        "prevStationName": "구의역",
        "updnLine": 0,
        "directAt": 0,
        "data": [
          {
            "dow": "FRI",
            "hh": "13",
            "mm": "00",
            "getOffCarRate": [
              3,
              5,
              6,
              9,
              10,
              13,
              19,
              18,
              9,
              6
            ]
          },
          {
            "dow": "FRI",
            "hh": "13",
            "mm": "10",
            "getOffCarRate": [
              3,
              5,
              5,
              8,
              11,
              14,
              20,
              18,
              10,
              6
            ]
          },
          {
            "dow": "FRI",
            "hh": "13",
            "mm": "20",
            "getOffCarRate": [
              3,
              5,
              6,
              8,
              11,
              14,
              20,
              18,
              10,
              7
            ]
          },
          {
            "dow": "FRI",
            "hh": "13",
            "mm": "30",
            "getOffCarRate": [
              3,
              4,
              5,
              8,
              11,
              13,
              21,
              18,
              10,
              7
            ]
          },
          {
            "dow": "FRI",
            "hh": "13",
            "mm": "40",
            "getOffCarRate": [
              3,
              4,
              6,
              8,
              11,
              13,
              21,
              18,
              9,
              7
            ]
          },
          {
            "dow": "FRI",
            "hh": "13",
            "mm": "50",
            "getOffCarRate": [
              3,
              4,
              6,
              8,
              12,
              13,
              21,
              17,
              9,
              7
            ]
          }
        ]
      }
    ],
    "statStartDate": "20230924",
    "statEndDate": "20231223"
  }
}