{
  "status": {
    "code": "00",
    "message": "success",
    "totalCount": 1
  },
  "contents": {
    "subwayLine": "2호선",
    "stationName": "동대문역사문화공원역",
    "stationCode": "205",
    "stat": [
      {
        "startStationCode": "202",
        "startStationName": "을지로입구역",
        "endStationCode": "211",
        "endStationName": "성수역",
        "prevStationCode": "204",
        "prevStationName": "을지로4가역",
        "updnLine": 1,
        "directAt": 0,
        "data": [
          {
            "dow": "MON",
            "hh": "13",
            "mm": "00",
            "getOffCarRate": [
              5,
              6,
              6,
              7,
              9,
              11,
              9,
              17,
              19,
              11
            ]
          },
          {
            "dow": "MON",
            "hh": "13",
            "mm": "10",
            "getOffCarRate": [
              4,
              6,
              6,
              7,
              9,
              11,
              10,
              18,
              20,
              11
            ]
          },
          {
            "dow": "MON",
            "hh": "13",
            "mm": "20",
            "getOffCarRate": [
              4,
              6,
              6,
              7,
              9,
              10,
              11,
              18,
              20,
              10
            ]
          },
          {
            "dow": "MON",
            "hh": "13",
            "mm": "30",
            "getOffCarRate": [
              4,
              6,
              6,
              7,
              8,
              9,
              10,
              18,
              20,
              11
            ]
          },
          {
            "dow": "MON",
            "hh": "13",
            "mm": "40",
            "getOffCarRate": [
              4,
              6,
              6,
              7,
              8,
              8,
              11,
              18,
              20,
              12
            ]
          },
          {
            "dow": "MON",
            "hh": "13",
            "mm": "50",
            "getOffCarRate": [
              4,
              6,
              6,
              7,
              8,
              8,
              10,
              18,
              20,
              13
            ]
          }
        ]
      },
      {
        "startStationCode": "202",
        "startStationName": "을지로입구역",
        "endStationCode": "211-R",
        "endStationName": "성수역",
        "prevStationCode": "204",
        "prevStationName": "을지로4가역",
        "updnLine": 1,
        "directAt": 0,
        "data": [
          {
            "dow": "MON",
            "hh": "13",
            "mm": "00",
            "getOffCarRate": [
              5,
              6,
              6,
              7,
              9,
              11,
              9,
              17,
              19,
              11
            ]
          },
          {
            "dow": "MON",
            "hh": "13",
            "mm": "10",
            "getOffCarRate": [
              4,
              6,
              6,
              7,
              9,
              11,
              10,
              18,
              20,
              11
            ]
          },
          {
            "dow": "MON",
            "hh": "13",
            "mm": "20",
            "getOffCarRate": [
              4,
              6,
              6,
              7,
              9,
              10,
              11,
              18,
              20,
              10
            ]
          },
          {
            "dow": "MON",
            "hh": "13",
            "mm": "30",
            "getOffCarRate": [
              4,
              6,
              6,
              7,
              8,
              9,
              10,
              18,
              20,
              11
            ]
          },
          {
            "dow": "MON",
            "hh": "13",
            "mm": "40",
            "getOffCarRate": [
              4,
              6,
              6,
              7,
              8,
              8,
              11,
              18,
              20,
              12
            ]
          },
          {
            "dow": "MON",
            "hh": "13",
            "mm": "50",
            "getOffCarRate": [
              4,
              6,
              6,
              7,
              8,
              8,
              10,
              18,
              20,
              13
            ]
          }
        ]
      },
      {
        "startStationCode": "211",
        "startStationName": "성수역",
        "endStationCode": "202",
        "endStationName": "을지로입구역",
        "prevStationCode": "206",
        "prevStationName": "신당역",
        "updnLine": 0,
        "directAt": 0,
        "data": [
          {
            "dow": "MON",
            "hh": "13",
            "mm": "00",
            "getOffCarRate": [
              8,
              21,
              20,
              11,
              11,
              10,
              7,
              5,
              4,
              3
            ]
          },
          {
            "dow": "MON",
            "hh": "13",
            "mm": "10",
            "getOffCarRate": [
              8,
              20,
              21,
              11,
              11,
              10,
              7,
              6,
              4,
              3
            ]
          },
          {
            "dow": "MON",
            "hh": "13",
            "mm": "20",
            "getOffCarRate": [
              8,
              20,
              20,
              11,
              10,
              10,
              8,
              6,
              4,
              3
            ]
          },
          {
            "dow": "MON",
            "hh": "13",
            "mm": "30",
            "getOffCarRate": [
              8,
              20,
              21,
              11,
              10,
              9,
              8,
              6,
              4,
              3
            ]
          },
          {
            "dow": "MON",
            "hh": "13",
            "mm": "40",
            "getOffCarRate": [
              8,
              20,
              21,
              11,
              10,
              9,
              8,
              6,
              4,
              3
            ]
          },
          {
            "dow": "MON",
            "hh": "13",
            "mm": "50",
            "getOffCarRate": [
              8,
              20,
              20,
              12,
              10,
              9,
              8,
              6,
              4,
              3
            ]
          }
        ]
      },
      {
        "startStationCode": "211",
        "startStationName": "성수역",
        "endStationCode": "211",
        "endStationName": "성수역",
        "prevStationCode": "206",
        "prevStationName": "신당역",
        "updnLine": 0,
        "directAt": 0,
        "data": [
          {
            "dow": "MON",
            "hh": "13",
            "mm": "00",
            "getOffCarRate": [
              8,
              21,
              20,
              11,
              11,
              10,
              7,
              5,
              4,
              3
            ]
          },
          {
            "dow": "MON",
            "hh": "13",
            "mm": "10",
            "getOffCarRate": [
              8,
              20,
              21,
              11,
              11,
              10,
              7,
              6,
              4,
              3
            ]
          },
          {
            "dow": "MON",
            "hh": "13",
            "mm": "20",
            "getOffCarRate": [
              8,
              20,
              20,
              11,
              10,
              10,
              8,
              6,
              4,
              3
            ]
          },
          {
            "dow": "MON",
            "hh": "13",
            "mm": "30",
            "getOffCarRate": [
              8,
              20,
              21,
              11,
              10,
              9,
              8,
              6,
              4,
              3
            ]
          },
          {
            "dow": "MON",
            "hh": "13",
            "mm": "40",
            "getOffCarRate": [
              8,
              20,
              21,
              11,
              10,
              9,
              8,
              6,
              4,
              3
            ]
          },
          {
            "dow": "MON",
            "hh": "13",
            "mm": "50",
            "getOffCarRate": [
              8,
              20,
              20,
              12,
              10,
              9,
              8,
              6,
              4,
              3
            ]
          }
        ]
      },
      {
        "startStationCode": "211",
        "startStationName": "성수역",
        "endStationCode": "211",
        "endStationName": "성수역",
        "prevStationCode": "204",
        "prevStationName": "을지로4가역",
        "updnLine": 1,
        "directAt": 0,
        "data": [
          {
            "dow": "MON",
            "hh": "13",
            "mm": "00",
            "getOffCarRate": [
              5,
              6,
              6,
              7,
              9,
              11,
              9,
              17,
              19,
              11
            ]
          },
          {
            "dow": "MON",
            "hh": "13",
            "mm": "10",
            "getOffCarRate": [
              4,
              6,
              6,
              7,
              9,
              11,
              10,
              18,
              20,
              11
            ]
          },
          {
            "dow": "MON",
            "hh": "13",
            "mm": "20",
            "getOffCarRate": [
              4,
              6,
              6,
              7,
              9,
              10,
              11,
              18,
              20,
              10
            ]
          },
          {
            "dow": "MON",
            "hh": "13",
            "mm": "30",
            "getOffCarRate": [
              4,
              6,
              6,
              7,
              8,
              9,
              10,
              18,
              20,
              11
            ]
          },
          {
            "dow": "MON",
            "hh": "13",
            "mm": "40",
            "getOffCarRate": [
              4,
              6,
              6,
              7,
              8,
              8,
              11,
              18,
              20,
              12
            ]
          },
          {
            "dow": "MON",
            "hh": "13",
            "mm": "50",
            "getOffCarRate": [
              4,
              6,
              6,
              7,
              8,
              8,
              10,
              18,
              20,
              13
            ]
          }
        ]
      },
      {
        "startStationCode": "211",
        "startStationName": "성수역",
        "endStationCode": "211-R",
        "endStationName": "성수역",
        "prevStationCode": "206",
        "prevStationName": "신당역",
        "updnLine": 0,
        "directAt": 0,
        "data": [
          {
            "dow": "MON",
            "hh": "13",
            "mm": "00",
            "getOffCarRate": [
              8,
              21,
              20,
              11,
              11,
              10,
              7,
              5,
              4,
              3
            ]
          },
          {
            "dow": "MON",
            "hh": "13",
            "mm": "10",
            "getOffCarRate": [
              8,
              20,
              21,
              11,
              10,
              10,
              7,
              6,
              4,
              3
            ]
          },
          {
            "dow": "MON",
            "hh": "13",
            "mm": "20",
            "getOffCarRate": [
              8,
              20,
              20,
              11,
              10,
              10,
              8,
              6,
              4,
              3
            ]
          },
          {
            "dow": "MON",
            "hh": "13",
            "mm": "30",
            "getOffCarRate": [
              8,
              20,
              21,
              11,
              10,
              9,
              8,
              6,
              4,
              3
            ]
          },
          {
            "dow": "MON",
            "hh": "13",
            "mm": "40",
            "getOffCarRate": [
              7,
              20,
              21,
              11,
              10,
              9,
              8,
              6,
              4,
              3
            ]
          },
          {
            "dow": "MON",
            "hh": "13",
            "mm": "50",
            "getOffCarRate": [
              8,
              20,
              20,
              12,
              10,
              9,
              8,
              6,
              4,
              3
            ]
          }
        ]
      },
      {
        "startStationCode": "211",
        "startStationName": "성수역",
        "endStationCode": "211-R",
        "endStationName": "성수역",
        "prevStationCode": "204",
        "prevStationName": "을지로4가역",
        "updnLine": 1,
        "directAt": 0,
        "data": [
          {
            "dow": "MON",
            "hh": "13",
            "mm": "00",
            "getOffCarRate": [
              4,
              6,
              6,
              7,
              9,
              11,
              9,
              18,
              19,
              11
            ]
          },
          {
            "dow": "MON",
            "hh": "13",
            "mm": "10",
            "getOffCarRate": [
              4,
              6,
              6,
              6,
              9,
              11,
              9,
              19,
              19,
              11
            ]
          },
          {
            "dow": "MON",
            "hh": "13",
            "mm": "20",
            "getOffCarRate": [
              4,
              6,
              6,
              7,
              9,
              10,
              11,
              18,
              19,
              10
            ]
          },
          {
            "dow": "MON",
            "hh": "13",
            "mm": "30",
            "getOffCarRate": [
              4,
              6,
              6,
              7,
              9,
              9,
              10,
              18,
              20,
              11
            ]
          },
          {
            "dow": "MON",
            "hh": "13",
            "mm": "40",
            "getOffCarRate": [
              4,
              6,
              6,
              7,
              8,
              8,
              11,
              18,
              20,
              12
            ]
          },
          {
            "dow": "MON",
            "hh": "13",
            "mm": "50",
            "getOffCarRate": [
              4,
              6,
              6,
              7,
              8,
              8,
              10,
              18,
              19,
              13
            ]
          }
        ]
      },
      {
        "startStationCode": "211",
        "startStationName": "성수역",
        "endStationCode": "219",
        "endStationName": "삼성역",
        "prevStationCode": "206",
        "prevStationName": "신당역",
        "updnLine": 0,
        "directAt": 0,
        "data": [
          {
            "dow": "MON",
            "hh": "13",
            "mm": "00",
            "getOffCarRate": [
              8,
              21,
              20,
              11,
              11,
              10,
              7,
              5,
              4,
              3
            ]
          },
          {
            "dow": "MON",
            "hh": "13",
            "mm": "10",
            "getOffCarRate": [
              8,
              20,
              21,
              11,
              11,
              10,
              7,
              6,
              4,
              3
            ]
          },
          {
            "dow": "MON",
            "hh": "13",
            "mm": "20",
            "getOffCarRate": [
              8,
              20,
              20,
              11,
              10,
              10,
              8,
              6,
              4,
              3
            ]
          },
          {
            "dow": "MON",
            "hh": "13",
            "mm": "30",
            "getOffCarRate": [
              8,
              20,
              21,
              11,
              10,
              9,
              8,
              6,
              4,
              3
            ]
          },
          {
            "dow": "MON",
            "hh": "13",
            "mm": "40",
            "getOffCarRate": [
              8,
              20,
              21,
              11,
              10,
              9,
              8,
              6,
              4,
              3
            ]
          },
          {
            "dow": "MON",
            "hh": "13",
            "mm": "50",
            "getOffCarRate": [
              8,
              20,
              20,
              12,
              10,
              9,
              8,
              6,
              4,
              3
            ]
          }
        ]
      },
      {
        "startStationCode": "211",
        "startStationName": "성수역",
        "endStationCode": "228",
        "endStationName": "서울대입구역",
        "prevStationCode": "206",
        "prevStationName": "신당역",
        "updnLine": 0,
        "directAt": 0,
        "data": [
          {
            "dow": "MON",
            "hh": "13",
            "mm": "00",
            "getOffCarRate": [
              8,
              21,
              20,
              11,
              11,
              10,
              7,
              5,
              4,
              3
            ]
          },
          {
            "dow": "MON",
            "hh": "13",
            "mm": "10",
            "getOffCarRate": [
              8,
              20,
              21,
              11,
              11,
              10,
              7,
              6,
              4,
              3
            ]
          },
          {
            "dow": "MON",
            "hh": "13",
            "mm": "20",
            "getOffCarRate": [
              8,
              20,
              20,
              11,
              10,
              10,
              8,
              6,
              4,
              3
            ]
          },
          {
            "dow": "MON",
            "hh": "13",
            "mm": "30",
            "getOffCarRate": [
              8,
              20,
              21,
              11,
              10,
              9,
              8,
              6,
              4,
              3
            ]
          },
          {
            "dow": "MON",
            "hh": "13",
            "mm": "40",
            "getOffCarRate": [
              8,
              20,
              21,
              11,
              10,
              9,
              8,
              6,
              4,
              3
            ]
          },
          {
            "dow": "MON",
            "hh": "13",
            "mm": "50",
            "getOffCarRate": [
              8,
              20,
              20,
              12,
              10,
              9,
              8,
              6,
              4,
              3
            ]
          }
        ]
      },
      {
        "startStationCode": "211",
        "startStationName": "성수역",
        "endStationCode": "234",
        "endStationName": "신도림역",
        "prevStationCode": "206",
        "prevStationName": "신당역",
        "updnLine": 0,
        "directAt": 0,
        "data": [
          {
            "dow": "MON",
            "hh": "13",
            "mm": "00",
            "getOffCarRate": [
              8,
              21,
              20,
              11,
              11,
              10,
              7,
              5,
              4,
              3
            ]
          },
          {
            "dow": "MON",
            "hh": "13",
            "mm": "10",
            "getOffCarRate": [
              8,
              20,
              21,
              11,
              11,
              10,
              7,
              6,
              4,
              3
            ]
          },
          {
            "dow": "MON",
            "hh": "13",
            "mm": "20",
            "getOffCarRate": [
              8,
              20,
              20,
              11,
              10,
              10,
              8,
              6,
              4,
              3
            ]
          },
          {
            "dow": "MON",
            "hh": "13",
            "mm": "30",
            "getOffCarRate": [
              8,
              20,
              21,
              11,
              10,
              9,
              8,
              6,
              4,
              3
            ]
          },
          {
            "dow": "MON",
            "hh": "13",
            "mm": "40",
            "getOffCarRate": [
              8,
              20,
              21,
              11,
              10,
              9,
              8,
              6,
              4,
              3
            ]
          },
          {
            "dow": "MON",
            "hh": "13",
            "mm": "50",
            "getOffCarRate": [
              8,
              20,
              20,
              12,
              10,
              9,
              8,
              6,
              4,
              3
            ]
          }
        ]
      },
      {
        "startStationCode": "211",
        "startStationName": "성수역",
        "endStationCode": "239",
        "endStationName": "홍대입구역",
        "prevStationCode": "206",
        "prevStationName": "신당역",
        "updnLine": 0,
        "directAt": 0,
        "data": [
          {
            "dow": "MON",
            "hh": "13",
            "mm": "00",
            "getOffCarRate": [
              8,
              21,
              20,
              11,
              11,
              10,
              7,
              5,
              4,
              3
            ]
          },
          {
            "dow": "MON",
            "hh": "13",
            "mm": "10",
            "getOffCarRate": [
              8,
              20,
              21,
              11,
              11,
              10,
              7,
              6,
              4,
              3
            ]
          },
          {
            "dow": "MON",
            "hh": "13",
            "mm": "20",
            "getOffCarRate": [
              8,
              20,
              20,
              11,
              10,
              10,
              8,
              6,
              4,
              3
            ]
          },
          {
            "dow": "MON",
            "hh": "13",
            "mm": "30",
            "getOffCarRate": [
              8,
              20,
              21,
              11,
              10,
              9,
              8,
              6,
              4,
              3
            ]
          },
          {
            "dow": "MON",
            "hh": "13",
            "mm": "40",
            "getOffCarRate": [
              8,
              20,
              21,
              11,
              10,
              9,
              8,
              6,
              4,
              3
            ]
          },
          {
            "dow": "MON",
            "hh": "13",
            "mm": "50",
            "getOffCarRate": [
              8,
              20,
              20,
              12,
              10,
              9,
              8,
              6,
              4,
              3
            ]
          }
        ]
      },
      {
        "startStationCode": "219",
        "startStationName": "삼성역",
        "endStationCode": "211-R",
        "endStationName": "성수역",
        "prevStationCode": "204",
        "prevStationName": "을지로4가역",
        "updnLine": 1,
        "directAt": 0,
        "data": [
          {
            "dow": "MON",
            "hh": "13",
            "mm": "00",
            "getOffCarRate": [
              5,
              6,
              6,
              7,
              9,
              11,
              9,
              17,
              19,
              11
            ]
          },
          {
            "dow": "MON",
            "hh": "13",
            "mm": "10",
            "getOffCarRate": [
              4,
              6,
              6,
              7,
              9,
              11,
              10,
              18,
              20,
              11
            ]
          },
          {
            "dow": "MON",
            "hh": "13",
            "mm": "20",
            "getOffCarRate": [
              4,
              6,
              6,
              7,
              9,
              10,
              11,
              18,
              20,
              10
            ]
          },
          {
            "dow": "MON",
            "hh": "13",
            "mm": "30",
            "getOffCarRate": [
              4,
              6,
              6,
              7,
              8,
              9,
              10,
              18,
              20,
              11
            ]
          },
          {
            "dow": "MON",
            "hh": "13",
            "mm": "40",
            "getOffCarRate": [
              4,
              6,
              6,
              7,
              8,
              8,
              11,
              18,
              20,
              12
            ]
          },
          {
            "dow": "MON",
            "hh": "13",
            "mm": "50",
            "getOffCarRate": [
              4,
              6,
              6,
              7,
              8,
              8,
              10,
              18,
              20,
              13
            ]
          }
        ]
      },
      {
        "startStationCode": "228",
        "startStationName": "서울대입구역",
        "endStationCode": "211",
        "endStationName": "성수역",
        "prevStationCode": "204",
        "prevStationName": "을지로4가역",
        "updnLine": 1,
        "directAt": 0,
        "data": [
          {
            "dow": "MON",
            "hh": "13",
            "mm": "00",
            "getOffCarRate": [
              5,
              6,
              6,
              7,
              9,
              11,
              9,
              17,
              19,
              11
            ]
          },
          {
            "dow": "MON",
            "hh": "13",
            "mm": "10",
            "getOffCarRate": [
              4,
              6,
              6,
              7,
              9,
              11,
              10,
              18,
              20,
              11
            ]
          },
          {
            "dow": "MON",
            "hh": "13",
            "mm": "20",
            "getOffCarRate": [
              4,
              6,
              6,
              7,
              9,
              10,
              11,
              18,
              20,
              10
            ]
          },
          {
            "dow": "MON",
            "hh": "13",
            "mm": "30",
            "getOffCarRate": [
              4,
              6,
              6,
              7,
              8,
              9,
              10,
              18,
              20,
              11
            ]
          },
          {
            "dow": "MON",
            "hh": "13",
            "mm": "40",
            "getOffCarRate": [
              4,
              6,
              6,
              7,
              8,
              8,
              11,
              18,
              20,
              12
            ]
          },
          {
            "dow": "MON",
            "hh": "13",
            "mm": "50",
            "getOffCarRate": [
              4,
              6,
              6,
              7,
              8,
              8,
              10,
              18,
              20,
              13
            ]
          }
        ]
      },
      {
        "startStationCode": "228",
        "startStationName": "서울대입구역",
        "endStationCode": "211-R",
        "endStationName": "성수역",
        "prevStationCode": "204",
        "prevStationName": "을지로4가역",
        "updnLine": 1,
        "directAt": 0,
        "data": [
          {
            "dow": "MON",
            "hh": "13",
            "mm": "00",
            "getOffCarRate": [
              5,
              6,
              6,
              7,
              9,
              11,
              9,
              17,
              19,
              11
            ]
          },
          {
            "dow": "MON",
            "hh": "13",
            "mm": "10",
            "getOffCarRate": [
              4,
              6,
              6,
              7,
              9,
              11,
              10,
              18,
              20,
              11
            ]
          },
          {
            "dow": "MON",
            "hh": "13",
            "mm": "20",
            "getOffCarRate": [
              4,
              6,
              6,
              7,
              9,
              10,
              11,
              18,
              20,
              10
            ]
          },
          {
            "dow": "MON",
            "hh": "13",
            "mm": "30",
            "getOffCarRate": [
              4,
              6,
              6,
              7,
              8,
              9,
              10,
              18,
              20,
              11
            ]
          },
          {
            "dow": "MON",
            "hh": "13",
            "mm": "40",
            "getOffCarRate": [
              4,
              6,
              6,
              7,
              8,
              8,
              11,
              18,
              20,
              12
            ]
          },
          {
            "dow": "MON",
            "hh": "13",
            "mm": "50",
            "getOffCarRate": [
              4,
              6,
              6,
              7,
              8,
              8,
              10,
              18,
              20,
              13
            ]
          }
        ]
      },
      {
        "startStationCode": "234",
        "startStationName": "신도림역",
        "endStationCode": "211",
        "endStationName": "성수역",
        "prevStationCode": "204",
        "prevStationName": "을지로4가역",
        "updnLine": 1,
        "directAt": 0,
        "data": [
          {
            "dow": "MON",
            "hh": "13",
            "mm": "00",
            "getOffCarRate": [
              5,
              6,
              6,
              7,
              9,
              11,
              9,
              17,
              19,
              11
            ]
          },
          {
            "dow": "MON",
            "hh": "13",
            "mm": "10",
            "getOffCarRate": [
              4,
              6,
              6,
              7,
              9,
              11,
              10,
              18,
              20,
              11
            ]
          },
          {
            "dow": "MON",
            "hh": "13",
            "mm": "20",
            "getOffCarRate": [
              4,
              6,
              6,
              7,
              9,
              10,
              11,
              18,
              20,
              10
            ]
          },
          {
            "dow": "MON",
            "hh": "13",
            "mm": "30",
            "getOffCarRate": [
              4,
              6,
              6,
              7,
              8,
              9,
              10,
              18,
              20,
              11
            ]
          },
          {
            "dow": "MON",
            "hh": "13",
            "mm": "40",
            "getOffCarRate": [
              4,
              6,
              6,
              7,
              8,
              8,
              11,
              18,
              20,
              12
            ]
          },
          {
            "dow": "MON",
            "hh": "13",
            "mm": "50",
            "getOffCarRate": [
              4,
              6,
              6,
              7,
              8,
              8,
              10,
              18,
              20,
              13
            ]
          }
        ]
      },
      {
        "startStationCode": "234",
        "startStationName": "신도림역",
        "endStationCode": "211-R",
        "endStationName": "성수역",
        "prevStationCode": "204",
        "prevStationName": "을지로4가역",
        "updnLine": 1,
        "directAt": 0,
        "data": [
          {
            "dow": "MON",
            "hh": "13",
            "mm": "00",
            "getOffCarRate": [
              5,
              6,
              6,
              7,
              9,
              11,
              9,
              17,
              19,
              11
            ]
          },
          {
            "dow": "MON",
            "hh": "13",
            "mm": "10",
            "getOffCarRate": [
              4,
              6,
              6,
              7,
              9,
              11,
              10,
              18,
              20,
              11
            ]
          },
          {
            "dow": "MON",
            "hh": "13",
            "mm": "20",
            "getOffCarRate": [
              4,
              6,
              6,
              7,
              9,
              10,
              11,
              18,
              20,
              10
            ]
          },
          {
            "dow": "MON",
            "hh": "13",
            "mm": "30",
            "getOffCarRate": [
              4,
              6,
              6,
              7,
              8,
              9,
              10,
              18,
              20,
              11
            ]
          },
          {
            "dow": "MON",
            "hh": "13",
            "mm": "40",
            "getOffCarRate": [
              4,
              6,
              6,
              7,
              8,
              8,
              11,
              18,
              20,
              12
            ]
          },
          {
            "dow": "MON",
            "hh": "13",
            "mm": "50",
            "getOffCarRate": [
              4,
              6,
              6,
              7,
              8,
              8,
              10,
              18,
              20,
              13
            ]
          }
        ]
      },
      {
        "startStationCode": "239",
        "startStationName": "홍대입구역",
        "endStationCode": "211",
        "endStationName": "성수역",
        "prevStationCode": "204",
        "prevStationName": "을지로4가역",
        "updnLine": 1,
        "directAt": 0,
        "data": [
          {
            "dow": "MON",
            "hh": "13",
            "mm": "00",
            "getOffCarRate": [
              5,
              6,
              6,
              7,
              9,
              11,
              9,
              17,
              19,
              11
            ]
          },
          {
            "dow": "MON",
            "hh": "13",
            "mm": "10",
            "getOffCarRate": [
              4,
              6,
              6,
              7,
              9,
              11,
              10,
              18,
              20,
              11
            ]
          },
          {
            "dow": "MON",
            "hh": "13",
            "mm": "20",
            "getOffCarRate": [
              4,
              6,
              6,
              7,
              9,
              10,
              11,
              18,
              20,
              10
            ]
          },
          {
            "dow": "MON",
            "hh": "13",
            "mm": "30",
            "getOffCarRate": [
              4,
              6,
              6,
              7,
              8,
              9,
              10,
              18,
              20,
              11
            ]
          },
          {
            "dow": "MON",
            "hh": "13",
            "mm": "40",
            "getOffCarRate": [
              4,
              6,
              6,
              7,
              8,
              8,
              11,
              18,
              20,
              12
            ]
          },
          {
            "dow": "MON",
            "hh": "13",
            "mm": "50",
            "getOffCarRate": [
              4,
              6,
              6,
              7,
              8,
              8,
              10,
              18,
              20,
              13
            ]
          }
        ]
      },
      {
        "startStationCode": "239",
        "startStationName": "홍대입구역",
        "endStationCode": "211-R",
        "endStationName": "성수역",
        "prevStationCode": "204",
        "prevStationName": "을지로4가역",
        "updnLine": 1,
        "directAt": 0,
        "data": [
          {
            "dow": "MON",
            "hh": "13",
            "mm": "00",
            "getOffCarRate": [
              5,
              6,
              6,
              7,
              9,
              11,
              9,
              17,
              19,
              11
            ]
          },
          {
            "dow": "MON",
            "hh": "13",
            "mm": "10",
            "getOffCarRate": [
              4,
              6,
              6,
              7,
              9,
              11,
              10,
              18,
              20,
              11
            ]
          },
          {
            "dow": "MON",
            "hh": "13",
            "mm": "20",
            "getOffCarRate": [
              4,
              6,
              6,
              7,
              9,
              10,
              11,
              18,
              20,
              10
            ]
          },
          {
            "dow": "MON",
            "hh": "13",
            "mm": "30",
            "getOffCarRate": [
              4,
              6,
              6,
              7,
              8,
              9,
              10,
              18,
              20,
              11
            ]
          },
          {
            "dow": "MON",
            "hh": "13",
            "mm": "40",
            "getOffCarRate": [
              4,
              6,
              6,
              7,
              8,
              8,
              11,
              18,
              20,
              12
            ]
          },
          {
            "dow": "MON",
            "hh": "13",
            "mm": "50",
            "getOffCarRate": [
              4,
              6,
              6,
              7,
              8,
              8,
              10,
              18,
              20,
              13
            ]
          }
        ]
      }
    ],
    "statStartDate": "20230924",
    "statEndDate": "20231223"
  }
}