{
  "status": {
    "code": "00",
    "message": "success",
    "totalCount": 1
  },
  "contents": {
    "subwayLine": "2호선",
    "stationName": "신도림역",
    "stationCode": "234",
    "stat": [
      {
        "startStationCode": "202",
        "startStationName": "을지로입구역",
        "endStationCode": "211",
        "endStationName": "성수역",
        "prevStationCode": "235",
        "prevStationName": "문래역",
        "updnLine": 0,
        "directAt": 0,
        "data": [
          {
            "dow": "FRI",
            "hh": "08",
            "mm": "00",
            "getOffCarRate": [
              8,
              10,
              8,
              17,
              11,
              9,
              18,
              7,
              7,
              5
            ]
          },
          {
            "dow": "FRI",
            "hh": "08",
            "mm": "10",
            "getOffCarRate": [
              8,
              10,
              8,
              17,
              11,
              9,
              18,
              7,
              7,
              5
            ]
          },
          {
            "dow": "FRI",
            "hh": "08",
            "mm": "20",
            "getOffCarRate": [
              9,
              11,
              9,
              17,
              11,
              8,
              16,
              7,
              7,
              5
            ]
          },
          {
            "dow": "FRI",
            "hh": "08",
            "mm": "30",
            "getOffCarRate": [
              10,
              11,
              10,
              17,
              11,
              8,
              16,
              7,
              7,
              4
            ]
          },
          {
            "dow": "FRI",
            "hh": "08",
            "mm": "40",
            "getOffCarRate": [
              10,
              11,
              10,
              16,
              11,
              8,
              16,
              7,
              7,
              4
            ]
          },
          {
            "dow": "FRI",
            "hh": "08",
            "mm": "50",
            "getOffCarRate": [
              10,
              12,
              11,
              16,
              11,
              9,
              16,
              6,
              7,
              4
            ]
          }
        ]
      },
      {
        "startStationCode": "202",
        "startStationName": "을지로입구역",
        "endStationCode": "211-R",
        "endStationName": "성수역",
        "prevStationCode": "235",
        "prevStationName": "문래역",
        "updnLine": 0,
        "directAt": 0,
        "data": [
          {
            "dow": "FRI",
            "hh": "08",
            "mm": "00",
            "getOffCarRate": [
              8,
              10,
              8,
              17,
              11,
              9,
              18,
              7,
              7,
              5
            ]
          },
          {
            "dow": "FRI",
            "hh": "08",
            "mm": "10",
            "getOffCarRate": [
              8,
              10,
              8,
              17,
              11,
              9,
              18,
              7,
              7,
              5
            ]
          },
          {
            "dow": "FRI",
            "hh": "08",
            "mm": "20",
            "getOffCarRate": [
              9,
              11,
              9,
              17,
              11,
              8,
              16,
              7,
              7,
              5
            ]
          },
          {
            "dow": "FRI",
            "hh": "08",
            "mm": "30",
            "getOffCarRate": [
              10,
              11,
              10,
              17,
              11,
              8,
              16,
              7,
              7,
              4
            ]
          },
          {
            "dow": "FRI",
            "hh": "08",
            "mm": "40",
            "getOffCarRate": [
              10,
              11,
              10,
              16,
              11,
              8,
              16,
              7,
              7,
              4
            ]
          },
          {
            "dow": "FRI",
            "hh": "08",
            "mm": "50",
            "getOffCarRate": [
              10,
              12,
              11,
              16,
              11,
              9,
              16,
              6,
              7,
              4
            ]
          }
        ]
      },
      {
        "startStationCode": "211",
        "startStationName": "성수역",
        "endStationCode": "202",
        "endStationName": "을지로입구역",
        "prevStationCode": "233",
        "prevStationName": "대림역",
        "updnLine": 1,
        "directAt": 0,
        "data": [
          {
            "dow": "FRI",
            "hh": "08",
            "mm": "00",
            "getOffCarRate": [
              7,
              8,
              11,
              22,
              9,
              14,
              12,
              6,
              6,
              4
            ]
          },
          {
            "dow": "FRI",
            "hh": "08",
            "mm": "10",
            "getOffCarRate": [
              7,
              8,
              10,
              21,
              9,
              15,
              13,
              7,
              7,
              5
            ]
          },
          {
            "dow": "FRI",
            "hh": "08",
            "mm": "20",
            "getOffCarRate": [
              7,
              8,
              9,
              20,
              8,
              14,
              14,
              7,
              7,
              6
            ]
          },
          {
            "dow": "FRI",
            "hh": "08",
            "mm": "30",
            "getOffCarRate": [
              7,
              8,
              10,
              20,
              9,
              13,
              14,
              7,
              7,
              5
            ]
          },
          {
            "dow": "FRI",
            "hh": "08",
            "mm": "40",
            "getOffCarRate": [
              7,
              8,
              10,
              19,
              9,
              13,
              14,
              7,
              7,
              5
            ]
          },
          {
            "dow": "FRI",
            "hh": "08",
            "mm": "50",
            "getOffCarRate": [
              8,
              8,
              10,
              20,
              9,
              13,
              14,
              7,
              7,
              6
            ]
          }
        ]
      },
      {
        "startStationCode": "211",
        "startStationName": "성수역",
        "endStationCode": "211",
        "endStationName": "성수역",
        "prevStationCode": "235",
        "prevStationName": "문래역",
        "updnLine": 0,
        "directAt": 0,
        "data": [
          {
            "dow": "FRI",
            "hh": "08",
            "mm": "00",
            "getOffCarRate": [
              9,
              10,
              9,
              16,
              12,
              8,
              18,
              7,
              7,
              4
            ]
          },
          {
            "dow": "FRI",
            "hh": "08",
            "mm": "10",
            "getOffCarRate": [
              9,
              11,
              9,
              18,
              11,
              8,
              17,
              7,
              6,
              4
            ]
          },
          {
            "dow": "FRI",
            "hh": "08",
            "mm": "20",
            "getOffCarRate": [
              10,
              11,
              9,
              18,
              10,
              8,
              17,
              7,
              6,
              4
            ]
          },
          {
            "dow": "FRI",
            "hh": "08",
            "mm": "30",
            "getOffCarRate": [
              10,
              11,
              10,
              17,
              11,
              8,
              17,
              7,
              6,
              4
            ]
          },
          {
            "dow": "FRI",
            "hh": "08",
            "mm": "40",
            "getOffCarRate": [
              9,
              11,
              10,
              17,
              11,
              8,
              16,
              7,
              6,
              4
            ]
          },
          {
            "dow": "FRI",
            "hh": "08",
            "mm": "50",
            "getOffCarRate": [
              10,
              11,
              11,
              17,
              10,
              9,
              17,
              6,
              6,
              4
            ]
          }
        ]
      },
      {
        "startStationCode": "211",
        "startStationName": "성수역",
        "endStationCode": "211",
        "endStationName": "성수역",
        "prevStationCode": "233",
        "prevStationName": "대림역",
        "updnLine": 1,
        "directAt": 0,
        "data": [
          {
            "dow": "FRI",
            "hh": "08",
            "mm": "00",
            "getOffCarRate": [
              7,
              8,
              11,
              22,
              9,
              14,
              12,
              6,
              6,
              4
            ]
          },
          {
            "dow": "FRI",
            "hh": "08",
            "mm": "10",
            "getOffCarRate": [
              7,
              8,
              10,
              21,
              9,
              15,
              13,
              7,
              7,
              5
            ]
          },
          {
            "dow": "FRI",
            "hh": "08",
            "mm": "20",
            "getOffCarRate": [
              7,
              8,
              9,
              20,
              8,
              14,
              14,
              7,
              7,
              6
            ]
          },
          {
            "dow": "FRI",
            "hh": "08",
            "mm": "30",
            "getOffCarRate": [
              7,
              8,
              10,
              20,
              9,
              13,
              14,
              7,
              7,
              6
            ]
          },
          {
            "dow": "FRI",
            "hh": "08",
            "mm": "40",
            "getOffCarRate": [
              7,
              8,
              9,
              19,
              9,
              14,
              14,
              7,
              8,
              6
            ]
          },
          {
            "dow": "FRI",
            "hh": "08",
            "mm": "50",
            "getOffCarRate": [
              7,
              8,
              9,
              20,
              8,
              13,
              14,
              7,
              7,
              6
            ]
          }
        ]
      },
      {
        "startStationCode": "211",
        "startStationName": "성수역",
        "endStationCode": "211-R",
        "endStationName": "성수역",
        "prevStationCode": "235",
        "prevStationName": "문래역",
        "updnLine": 0,
        "directAt": 0,
        "data": [
          {
            "dow": "FRI",
            "hh": "08",
            "mm": "00",
            "getOffCarRate": [
              8,
              10,
              8,
              17,
              12,
              9,
              18,
              7,
              7,
              5
            ]
          },
          {
            "dow": "FRI",
            "hh": "08",
            "mm": "10",
            "getOffCarRate": [
              8,
              10,
              8,
              18,
              11,
              9,
              18,
              7,
              7,
              5
            ]
          },
          {
            "dow": "FRI",
            "hh": "08",
            "mm": "20",
            "getOffCarRate": [
              9,
              11,
              9,
              17,
              11,
              8,
              16,
              7,
              7,
              5
            ]
          },
          {
            "dow": "FRI",
            "hh": "08",
            "mm": "30",
            "getOffCarRate": [
              9,
              11,
              10,
              17,
              11,
              8,
              16,
              7,
              7,
              4
            ]
          },
          {
            "dow": "FRI",
            "hh": "08",
            "mm": "40",
            "getOffCarRate": [
              10,
              11,
              10,
              17,
              11,
              8,
              16,
              7,
              7,
              4
            ]
          },
          {
            "dow": "FRI",
            "hh": "08",
            "mm": "50",
            "getOffCarRate": [
              10,
              12,
              10,
              17,
              10,
              8,
              16,
              6,
              7,
              4
            ]
          }
        ]
      },
      {
        "startStationCode": "211",
        "startStationName": "성수역",
        "endStationCode": "211-R",
        "endStationName": "성수역",
        "prevStationCode": "233",
        "prevStationName": "대림역",
        "updnLine": 1,
        "directAt": 0,
        "data": [
          {
            "dow": "FRI",
            "hh": "08",
            "mm": "00",
            "getOffCarRate": [
              7,
              8,
              11,
              22,
              9,
              14,
              12,
              6,
              6,
              4
            ]
          },
          {
            "dow": "FRI",
            "hh": "08",
            "mm": "10",
            "getOffCarRate": [
              7,
              8,
              10,
              21,
              9,
              15,
              13,
              7,
              7,
              5
            ]
          },
          {
            "dow": "FRI",
            "hh": "08",
            "mm": "20",
            "getOffCarRate": [
              7,
              8,
              9,
              20,
              8,
              14,
              14,
              7,
              7,
              6
            ]
          },
          {
            "dow": "FRI",
            "hh": "08",
            "mm": "30",
            "getOffCarRate": [
              7,
              8,
              9,
              20,
              9,
              13,
              14,
              7,
              7,
              6
            ]
          },
          {
            "dow": "FRI",
            "hh": "08",
            "mm": "40",
            "getOffCarRate": [
              8,
              8,
              10,
              19,
              9,
              13,
              14,
              7,
              7,
              5
            ]
          },
          {
            "dow": "FRI",
            "hh": "08",
            "mm": "50",
            "getOffCarRate": [
              8,
              8,
              9,
              20,
              9,
              13,
              14,
              7,
              7,
              6
            ]
          }
        ]
      },
      {
        "startStationCode": "211",
        "startStationName": "성수역",
        "endStationCode": "219",
        "endStationName": "삼성역",
        "prevStationCode": "235",
        "prevStationName": "문래역",
        "updnLine": 0,
        "directAt": 0,
        "data": [
          {
            "dow": "FRI",
            "hh": "08",
            "mm": "00",
            "getOffCarRate": [
              8,
              10,
              8,
              17,
              11,
              9,
              18,
              7,
              7,
              5
            ]
          },
          {
            "dow": "FRI",
            "hh": "08",
            "mm": "10",
            "getOffCarRate": [
              8,
              10,
              8,
              17,
              11,
              9,
              18,
              7,
              7,
              5
            ]
          },
          {
            "dow": "FRI",
            "hh": "08",
            "mm": "20",
            "getOffCarRate": [
              9,
              11,
              9,
              17,
              11,
              8,
              16,
              7,
              7,
              5
            ]
          },
          {
            "dow": "FRI",
            "hh": "08",
            "mm": "30",
            "getOffCarRate": [
              10,
              11,
              10,
              17,
              11,
              8,
              16,
              7,
              7,
              4
            ]
          },
          {
            "dow": "FRI",
            "hh": "08",
            "mm": "40",
            "getOffCarRate": [
              10,
              11,
              10,
              16,
              11,
              8,
              16,
              7,
              7,
              4
            ]
          },
          {
            "dow": "FRI",
            "hh": "08",
            "mm": "50",
            "getOffCarRate": [
              10,
              12,
              11,
              16,
              11,
              9,
              16,
              6,
              7,
              4
            ]
          }
        ]
      },
      {
        "startStationCode": "211",
        "startStationName": "성수역",
        "endStationCode": "228",
        "endStationName": "서울대입구역",
        "prevStationCode": "235",
        "prevStationName": "문래역",
        "updnLine": 0,
        "directAt": 0,
        "data": [
          {
            "dow": "FRI",
            "hh": "08",
            "mm": "00",
            "getOffCarRate": [
              8,
              10,
              8,
              17,
              11,
              9,
              18,
              7,
              7,
              5
            ]
          },
          {
            "dow": "FRI",
            "hh": "08",
            "mm": "10",
            "getOffCarRate": [
              8,
              10,
              8,
              17,
              11,
              9,
              18,
              7,
              7,
              5
            ]
          },
          {
            "dow": "FRI",
            "hh": "08",
            "mm": "20",
            "getOffCarRate": [
              9,
              11,
              9,
              17,
              11,
              8,
              16,
              7,
              7,
              5
            ]
          },
          {
            "dow": "FRI",
            "hh": "08",
            "mm": "30",
            "getOffCarRate": [
              10,
              11,
              10,
              17,
              11,
              8,
              16,
              7,
              7,
              4
            ]
          },
          {
            "dow": "FRI",
            "hh": "08",
            "mm": "40",
            "getOffCarRate": [
              10,
              11,
              10,
              16,
              11,
              8,
              16,
              7,
              7,
              4
            ]
          },
          {
            "dow": "FRI",
            "hh": "08",
            "mm": "50",
            "getOffCarRate": [
              10,
              12,
              11,
              16,
              11,
              9,
              16,
              6,
              7,
              4
            ]
          }
        ]
      },
      {
        "startStationCode": "211",
        "startStationName": "성수역",
        "endStationCode": "234",
        "endStationName": "신도림역",
        "prevStationCode": "235",
        "prevStationName": "문래역",
        "updnLine": 0,
        "directAt": 0,
        "data": [
          {
            "dow": "FRI",
            "hh": "08",
            "mm": "00",
            "getOffCarRate": [
              8,
              10,
              8,
              17,
              11,
              9,
              18,
              7,
              7,
              5
            ]
          },
          {
            "dow": "FRI",
            "hh": "08",
            "mm": "10",
            "getOffCarRate": [
              8,
              10,
              8,
              17,
              11,
              9,
              18,
              7,
              7,
              5
            ]
          },
          {
            "dow": "FRI",
            "hh": "08",
            "mm": "20",
            "getOffCarRate": [
              9,
              11,
              9,
              17,
              11,
              8,
              16,
              7,
              7,
              5
            ]
          },
          {
            "dow": "FRI",
            "hh": "08",
            "mm": "30",
            "getOffCarRate": [
              10,
              11,
              10,
              17,
              11,
              8,
              16,
              7,
              7,
              4
            ]
          },
          {
            "dow": "FRI",
            "hh": "08",
            "mm": "40",
            "getOffCarRate": [
              10,
              11,
              10,
              17,
              11,
              8,
              15,
              7,
              7,
              4
            ]
          },
          {
            "dow": "FRI",
            "hh": "08",
            "mm": "50",
            "getOffCarRate": [
              10,
              12,
              11,
              17,
              11,
              8,
              14,
              6,
              7,
              4
            ]
          }
        ]
      },
      {
        "startStationCode": "211",
        "startStationName": "성수역",
        "endStationCode": "234",
        "endStationName": "신도림역",
        "prevStationCode": "233",
        "prevStationName": "대림역",
        "updnLine": 1,
        "directAt": 0,
        "data": [
          {
            "dow": "FRI",
            "hh": "08",
            "mm": "00",
            "getOffCarRate": [
              7,
              8,
              11,
              22,
              9,
              14,
              12,
              6,
              6,
              4
            ]
          },
          {
            "dow": "FRI",
            "hh": "08",
            "mm": "10",
            "getOffCarRate": [
              7,
              8,
              10,
              21,
              9,
              15,
              13,
              7,
              7,
              5
            ]
          },
          {
            "dow": "FRI",
            "hh": "08",
            "mm": "20",
            "getOffCarRate": [
              7,
              8,
              9,
              20,
              8,
              14,
              14,
              7,
              7,
              6
            ]
          },
          {
            "dow": "FRI",
            "hh": "08",
            "mm": "30",
            "getOffCarRate": [
              7,
              8,
              10,
              20,
              9,
              13,
              14,
              7,
              7,
              5
            ]
          },
          {
            "dow": "FRI",
            "hh": "08",
            "mm": "40",
            "getOffCarRate": [
              7,
              8,
              10,
              19,
              9,
              13,
              14,
              7,
              7,
              5
            ]
          },
          {
            "dow": "FRI",
            "hh": "08",
            "mm": "50",
            "getOffCarRate": [
              8,
              8,
              10,
              20,
              9,
              13,
              14,
              7,
              7,
              6
            ]
          }
        ]
      },
      {
        "startStationCode": "211",
        "startStationName": "성수역",
        "endStationCode": "239",
        "endStationName": "홍대입구역",
        "prevStationCode": "233",
        "prevStationName": "대림역",
        "updnLine": 1,
        "directAt": 0,
        "data": [
          {
            "dow": "FRI",
            "hh": "08",
            "mm": "00",
            "getOffCarRate": [
              7,
              8,
              11,
              22,
              9,
              14,
              12,
              6,
              6,
              4
            ]
          },
          {
            "dow": "FRI",
            "hh": "08",
            "mm": "10",
            "getOffCarRate": [
              7,
              8,
              10,
              21,
              9,
              15,
              13,
              7,
              7,
              5
            ]
          },
          {
            "dow": "FRI",
            "hh": "08",
            "mm": "20",
            "getOffCarRate": [
              7,
              8,
              9,
              20,
              8,
              14,
              14,
              7,
              7,
              6
            ]
          },
          {
            "dow": "FRI",
            "hh": "08",
            "mm": "30",
            "getOffCarRate": [
              7,
              8,
              10,
              20,
              9,
              13,
              14,
              7,
              7,
              5
            ]
          },
          {
            "dow": "FRI",
            "hh": "08",
            "mm": "40",
            "getOffCarRate": [
              7,
              8,
              10,
              19,
              9,
              13,
              14,
              7,
              7,
              5
            ]
          },
          {
            "dow": "FRI",
            "hh": "08",
            "mm": "50",
            "getOffCarRate": [
              8,
              8,
              10,
              20,
              9,
              13,
              14,
              7,
              7,
              6
            ]
          }
        ]
      },
      {
        "startStationCode": "219",
        "startStationName": "삼성역",
        "endStationCode": "211-R",
        "endStationName": "성수역",
        "prevStationCode": "233",
        "prevStationName": "대림역",
        "updnLine": 1,
        "directAt": 0,
        "data": [
          {
            "dow": "FRI",
            "hh": "08",
            "mm": "00",
            "getOffCarRate": [
              7,
              8,
              11,
              22,
              9,
              14,
              12,
              6,
              6,
              4
            ]
          },
          {
            "dow": "FRI",
            "hh": "08",
            "mm": "10",
            "getOffCarRate": [
              7,
              8,
              10,
              21,
              9,
              15,
              13,
              7,
              7,
              5
            ]
          },
          {
            "dow": "FRI",
            "hh": "08",
            "mm": "20",
            "getOffCarRate": [
              7,
              8,
              9,
              20,
              8,
              14,
              14,
              7,
              7,
              6
            ]
          },
          {
            "dow": "FRI",
            "hh": "08",
            "mm": "30",
            "getOffCarRate": [
              7,
              8,
              10,
              20,
              9,
              13,
              14,
              7,
              7,
              5
            ]
          },
          {
            "dow": "FRI",
            "hh": "08",
            "mm": "40",
            "getOffCarRate": [
              7,
              8,
              10,
              19,
              9,
              13,
              14,
              7,
              7,
              5
            ]
          },
          {
            "dow": "FRI",
            "hh": "08",
            "mm": "50",
            "getOffCarRate": [
              8,
              8,
              10,
              20,
              9,
              13,
              14,
              7,
              7,
              6
            ]
          }
        ]
      },
      {
        "startStationCode": "228",
        "startStationName": "서울대입구역",
        "endStationCode": "211",
        "endStationName": "성수역",
        "prevStationCode": "233",
        "prevStationName": "대림역",
        "updnLine": 1,
        "directAt": 0,
        "data": [
          {
            "dow": "FRI",
            "hh": "08",
            "mm": "00",
            "getOffCarRate": [
              7,
              8,
              11,
              22,
              9,
              14,
              12,
              6,
              6,
              4
            ]
          },
          {
            "dow": "FRI",
            "hh": "08",
            "mm": "10",
            "getOffCarRate": [
              7,
              8,
              10,
              21,
              9,
              15,
              13,
              7,
              7,
              5
            ]
          },
          {
            "dow": "FRI",
            "hh": "08",
            "mm": "20",
            "getOffCarRate": [
              7,
              8,
              9,
              20,
              8,
              14,
              14,
              7,
              7,
              6
            ]
          },
          {
            "dow": "FRI",
            "hh": "08",
            "mm": "30",
            "getOffCarRate": [
              7,
              8,
              10,
              20,
              9,
              13,
              14,
              7,
              7,
              5
            ]
          },
          {
            "dow": "FRI",
            "hh": "08",
            "mm": "40",
            "getOffCarRate": [
              7,
              8,
              10,
              19,
              9,
              13,
              14,
              7,
              7,
              5
            ]
          },
          {
            "dow": "FRI",
            "hh": "08",
            "mm": "50",
            "getOffCarRate": [
              8,
              8,
              10,
              20,
              9,
              13,
              14,
              7,
              7,
              6
            ]
          }
        ]
      },
      {
        "startStationCode": "228",
        "startStationName": "서울대입구역",
        "endStationCode": "211-R",
        "endStationName": "성수역",
        "prevStationCode": "233",
        "prevStationName": "대림역",
        "updnLine": 1,
        "directAt": 0,
        "data": [
          {
            "dow": "FRI",
            "hh": "08",
            "mm": "00",
            "getOffCarRate": [
              7,
              8,
              11,
              22,
              9,
              14,
              12,
              6,
              6,
              4
            ]
          },
          {
            "dow": "FRI",
            "hh": "08",
            "mm": "10",
            "getOffCarRate": [
              7,
              8,
              10,
              21,
              9,
              15,
              13,
              7,
              7,
              5
            ]
          },
          {
            "dow": "FRI",
            "hh": "08",
            "mm": "20",
            "getOffCarRate": [
              7,
              8,
              9,
              20,
              8,
              14,
              14,
              7,
              7,
              6
            ]
          },
          {
            "dow": "FRI",
            "hh": "08",
            "mm": "30",
            "getOffCarRate": [
              7,
              8,
              10,
              20,
              9,
              13,
              14,
              7,
              7,
              5
            ]
          },
          {
            "dow": "FRI",
            "hh": "08",
            "mm": "40",
            "getOffCarRate": [
              7,
              8,
              10,
              19,
              9,
              13,
              14,
              7,
              7,
              5
            ]
          },
          {
            "dow": "FRI",
            "hh": "08",
            "mm": "50",
            "getOffCarRate": [
              8,
              8,
              10,
              20,
              9,
              13,
              14,
              7,
              7,
              6
            ]
          }
        ]
      },
      {
        "startStationCode": "239",
        "startStationName": "홍대입구역",
        "endStationCode": "211",
        "endStationName": "성수역",
        "prevStationCode": "235",
        "prevStationName": "문래역",
        "updnLine": 0,
        "directAt": 0,
        "data": [
          {
            "dow": "FRI",
            "hh": "08",
            "mm": "00",
            "getOffCarRate": [
              8,
              10,
              8,
              17,
              11,
              9,
              18,
              7,
              7,
              5
            ]
          },
          {
            "dow": "FRI",
            "hh": "08",
            "mm": "10",
            "getOffCarRate": [
              8,
              10,
              8,
              17,
              11,
              9,
              18,
              7,
              7,
              5
            ]
          },
          {
            "dow": "FRI",
            "hh": "08",
            "mm": "20",
            "getOffCarRate": [
              9,
              11,
              9,
              17,
              11,
              8,
              16,
              7,
              7,
              5
            ]
          },
          {
            "dow": "FRI",
            "hh": "08",
            "mm": "30",
            "getOffCarRate": [
              10,
              11,
              10,
              17,
              11,
              8,
              16,
              7,
              7,
              4
            ]
          },
          {
            "dow": "FRI",
            "hh": "08",
            "mm": "40",
            "getOffCarRate": [
              10,
              11,
              10,
              16,
              11,
              8,
              16,
              7,
              7,
              4
            ]
          },
          {
            "dow": "FRI",
            "hh": "08",
            "mm": "50",
            "getOffCarRate": [
              10,
              12,
              11,
              16,
              11,
              9,
              16,
              6,
              7,
              4
            ]
          }
        ]
      },
      {
        "startStationCode": "239",
        "startStationName": "홍대입구역",
        "endStationCode": "211-R",
        "endStationName": "성수역",
        "prevStationCode": "235",
        "prevStationName": "문래역",
        "updnLine": 0,
        "directAt": 0,
        "data": [
          {
            "dow": "FRI",
            "hh": "08",
            "mm": "00",
            "getOffCarRate": [
              8,
              10,
              8,
              17,
              11,
              9,
              18,
              7,
              7,
              5
            ]
          },
          {
            "dow": "FRI",
            "hh": "08",
            "mm": "10",
            "getOffCarRate": [
              8,
              10,
              8,
              17,
              11,
              9,
              18,
              7,
              7,
              5
            ]
          },
          {
            "dow": "FRI",
            "hh": "08",
            "mm": "20",
            "getOffCarRate": [
              9,
              11,
              9,
              17,
              11,
              8,
              16,
              7,
              7,
              5
            ]
          },
          {
            "dow": "FRI",
            "hh": "08",
            "mm": "30",
            "getOffCarRate": [
              10,
              11,
              10,
              17,
              11,
              8,
              16,
              7,
              7,
              4
            ]
          },
          {
            "dow": "FRI",
            "hh": "08",
            "mm": "40",
            "getOffCarRate": [
              10,
              11,
              10,
              16,
              11,
              8,
              16,
              7,
              7,
              4
            ]
          },
          {
            "dow": "FRI",
            "hh": "08",
            "mm": "50",
            "getOffCarRate": [
              10,
              12,
              11,
              16,
              11,
              9,
              16,
              6,
              7,
              4
            ]
          }
        ]
      }
    ],
    "statStartDate": "20230924",
    "statEndDate": "20231223"
  }
}