{
  "status": {
    "code": "00",
    "message": "success",
    "totalCount": 1
  },
  "contents": {
    "subwayLine": "2호선",
    "stationName": "을지로4가역",
    "stationCode": "204",
    "stat": [
      {
        "startStationCode": "202",
        "startStationName": "을지로입구역",
        "endStationCode": "211",
        "endStationName": "성수역",
        "prevStationCode": "203",
        "prevStationName": "을지로3가역",
        "updnLine": 1,
        "directAt": 0,
        "data": [
          {
            "dow": "MON",
            "hh": "08",
            "mm": "00",
            "getOffCarRate": [
              6,
              16,
              14,
              12,
              7,
              9,
              12,
              9,
              9,
              6
            ]
          },
          {
            "dow": "MON",
            "hh": "08",
            "mm": "10",
            "getOffCarRate": [
              5,
              16,
              16,
              12,
              8,
              9,
              11,
              8,
              9,
              6
            ]
          },
          {
            "dow": "MON",
            "hh": "08",
            "mm": "20",
            "getOffCarRate": [
              6,
              15,
              18,
              13,
              8,
              9,
              10,
              9,
              8,
              4
            ]
          },
          {
            "dow": "MON",
            "hh": "08",
            "mm": "30",
            "getOffCarRate": [
              6,
              16,
              19,
              12,
              7,
              9,
              10,
              8,
              8,
              4
            ]
          },
          {
            "dow": "MON",
            "hh": "08",
            "mm": "40",
            "getOffCarRate": [
              7,
              16,
              19,
              12,
              7,
              9,
              9,
              8,
              8,
              4
            ]
          },
          {
            "dow": "MON",
            "hh": "08",
            "mm": "50",
            "getOffCarRate": [
              7,
              17,
              20,
              12,
              7,
              9,
              9,
              9,
              7,
              3
            ]
          }
        ]
      },
      {
        "startStationCode": "202",
        "startStationName": "을지로입구역",
        "endStationCode": "211-R",
        "endStationName": "성수역",
        "prevStationCode": "203",
        "prevStationName": "을지로3가역",
        "updnLine": 1,
        "directAt": 0,
        "data": [
          {
            "dow": "MON",
            "hh": "08",
            "mm": "00",
            "getOffCarRate": [
              6,
              16,
              14,
              12,
              7,
              9,
              12,
              9,
              9,
              6
            ]
          },
          {
            "dow": "MON",
            "hh": "08",
            "mm": "10",
            "getOffCarRate": [
              5,
              16,
              16,
              12,
              8,
              9,
              11,
              8,
              9,
              6
            ]
          },
          {
            "dow": "MON",
            "hh": "08",
            "mm": "20",
            "getOffCarRate": [
              6,
              15,
              18,
              13,
              8,
              9,
              10,
              9,
              8,
              4
            ]
          },
          {
            "dow": "MON",
            "hh": "08",
            "mm": "30",
            "getOffCarRate": [
              6,
              16,
              19,
              12,
              7,
              9,
              10,
              8,
              8,
              4
            ]
          },
          {
            "dow": "MON",
            "hh": "08",
            "mm": "40",
            "getOffCarRate": [
              7,
              16,
              19,
              12,
              7,
              9,
              9,
              8,
              8,
              4
            ]
          },
          {
            "dow": "MON",
            "hh": "08",
            "mm": "50",
            "getOffCarRate": [
              7,
              17,
              20,
              12,
              7,
              9,
              9,
              9,
              7,
              3
            ]
          }
        ]
      },
      {
        "startStationCode": "211",
        "startStationName": "성수역",
        "endStationCode": "202",
        "endStationName": "을지로입구역",
        "prevStationCode": "205",
        "prevStationName": "동대문역사문화공원역",
        "updnLine": 0,
        "directAt": 0,
        "data": [
          {
            "dow": "MON",
            "hh": "08",
            "mm": "00",
            "getOffCarRate": [
              4,
              4,
              5,
              6,
              6,
              9,
              21,
              19,
              19,
              6
            ]
          },
          {
            "dow": "MON",
            "hh": "08",
            "mm": "10",
            "getOffCarRate": [
              3,
              4,
              5,
              6,
              6,
              9,
              23,
              19,
              19,
              7
            ]
          },
          {
            "dow": "MON",
            "hh": "08",
            "mm": "20",
            "getOffCarRate": [
              4,
              4,
              4,
              6,
              7,
              8,
              23,
              20,
              18,
              7
            ]
          },
          {
            "dow": "MON",
            "hh": "08",
            "mm": "30",
            "getOffCarRate": [
              4,
              5,
              4,
              5,
              7,
              9,
              23,
              19,
              18,
              7
            ]
          },
          {
            "dow": "MON",
            "hh": "08",
            "mm": "40",
            "getOffCarRate": [
              3,
              5,
              4,
              6,
              7,
              9,
              22,
              19,
              18,
              7
            ]
          },
          {
            "dow": "MON",
            "hh": "08",
            "mm": "50",
            "getOffCarRate": [
              3,
              5,
              4,
              7,
              8,
              9,
              23,
              17,
              17,
              7
            ]
          }
        ]
      },
      {
        "startStationCode": "211",
        "startStationName": "성수역",
        "endStationCode": "211",
        "endStationName": "성수역",
        "prevStationCode": "205",
        "prevStationName": "동대문역사문화공원역",
        "updnLine": 0,
        "directAt": 0,
        "data": [
          {
            "dow": "MON",
            "hh": "08",
            "mm": "00",
            "getOffCarRate": [
              4,
              4,
              5,
              6,
              6,
              10,
              20,
              19,
              19,
              6
            ]
          },
          {
            "dow": "MON",
            "hh": "08",
            "mm": "10",
            "getOffCarRate": [
              3,
              4,
              5,
              7,
              6,
              10,
              21,
              19,
              19,
              7
            ]
          },
          {
            "dow": "MON",
            "hh": "08",
            "mm": "20",
            "getOffCarRate": [
              4,
              3,
              4,
              7,
              6,
              9,
              21,
              21,
              18,
              7
            ]
          },
          {
            "dow": "MON",
            "hh": "08",
            "mm": "30",
            "getOffCarRate": [
              5,
              4,
              4,
              6,
              6,
              9,
              21,
              20,
              18,
              7
            ]
          },
          {
            "dow": "MON",
            "hh": "08",
            "mm": "40",
            "getOffCarRate": [
              4,
              6,
              5,
              7,
              7,
              9,
              21,
              18,
              17,
              6
            ]
          },
          {
            "dow": "MON",
            "hh": "08",
            "mm": "50",
            "getOffCarRate": [
              4,
              6,
              4,
              7,
              9,
              10,
              22,
              17,
              16,
              5
            ]
          }
        ]
      },
      {
        "startStationCode": "211",
        "startStationName": "성수역",
        "endStationCode": "211",
        "endStationName": "성수역",
        "prevStationCode": "203",
        "prevStationName": "을지로3가역",
        "updnLine": 1,
        "directAt": 0,
        "data": [
          {
            "dow": "MON",
            "hh": "08",
            "mm": "00",
            "getOffCarRate": [
              6,
              16,
              14,
              12,
              7,
              9,
              12,
              9,
              9,
              6
            ]
          },
          {
            "dow": "MON",
            "hh": "08",
            "mm": "10",
            "getOffCarRate": [
              5,
              16,
              16,
              12,
              8,
              9,
              11,
              8,
              9,
              6
            ]
          },
          {
            "dow": "MON",
            "hh": "08",
            "mm": "20",
            "getOffCarRate": [
              6,
              15,
              18,
              13,
              8,
              9,
              10,
              9,
              8,
              4
            ]
          },
          {
            "dow": "MON",
            "hh": "08",
            "mm": "30",
            "getOffCarRate": [
              6,
              16,
              19,
              12,
              7,
              9,
              10,
              8,
              8,
              4
            ]
          },
          {
            "dow": "MON",
            "hh": "08",
            "mm": "40",
            "getOffCarRate": [
              7,
              16,
              19,
              12,
              7,
              9,
              9,
              8,
              8,
              4
            ]
          },
          {
            "dow": "MON",
            "hh": "08",
            "mm": "50",
            "getOffCarRate": [
              7,
              17,
              20,
              13,
              7,
              9,
              9,
              9,
              7,
              3
            ]
          }
        ]
      },
      {
        "startStationCode": "211",
        "startStationName": "성수역",
        "endStationCode": "211-R",
        "endStationName": "성수역",
        "prevStationCode": "205",
        "prevStationName": "동대문역사문화공원역",
        "updnLine": 0,
        "directAt": 0,
        "data": [
          {
            "dow": "MON",
            "hh": "08",
            "mm": "00",
            "getOffCarRate": [
              4,
              4,
              4,
              6,
              7,
              9,
              22,
              19,
              19,
              6
            ]
          },
          {
            "dow": "MON",
            "hh": "08",
            "mm": "10",
            "getOffCarRate": [
              3,
              4,
              4,
              6,
              6,
              9,
              23,
              20,
              19,
              6
            ]
          },
          {
            "dow": "MON",
            "hh": "08",
            "mm": "20",
            "getOffCarRate": [
              4,
              4,
              4,
              6,
              6,
              8,
              23,
              20,
              19,
              6
            ]
          },
          {
            "dow": "MON",
            "hh": "08",
            "mm": "30",
            "getOffCarRate": [
              4,
              5,
              4,
              5,
              6,
              9,
              23,
              19,
              19,
              7
            ]
          },
          {
            "dow": "MON",
            "hh": "08",
            "mm": "40",
            "getOffCarRate": [
              3,
              6,
              4,
              6,
              7,
              9,
              21,
              19,
              18,
              7
            ]
          },
          {
            "dow": "MON",
            "hh": "08",
            "mm": "50",
            "getOffCarRate": [
              3,
              6,
              4,
              7,
              8,
              9,
              21,
              16,
              18,
              7
            ]
          }
        ]
      },
      {
        "startStationCode": "211",
        "startStationName": "성수역",
        "endStationCode": "211-R",
        "endStationName": "성수역",
        "prevStationCode": "203",
        "prevStationName": "을지로3가역",
        "updnLine": 1,
        "directAt": 0,
        "data": [
          {
            "dow": "MON",
            "hh": "08",
            "mm": "00",
            "getOffCarRate": [
              5,
              16,
              15,
              12,
              7,
              10,
              12,
              9,
              9,
              6
            ]
          },
          {
            "dow": "MON",
            "hh": "08",
            "mm": "10",
            "getOffCarRate": [
              5,
              16,
              17,
              12,
              8,
              9,
              11,
              8,
              9,
              6
            ]
          },
          {
            "dow": "MON",
            "hh": "08",
            "mm": "20",
            "getOffCarRate": [
              6,
              15,
              18,
              13,
              7,
              9,
              10,
              9,
              8,
              4
            ]
          },
          {
            "dow": "MON",
            "hh": "08",
            "mm": "30",
            "getOffCarRate": [
              6,
              16,
              19,
              12,
              7,
              9,
              10,
              8,
              8,
              4
            ]
          },
          {
            "dow": "MON",
            "hh": "08",
            "mm": "40",
            "getOffCarRate": [
              7,
              16,
              19,
              12,
              7,
              9,
              9,
              8,
              8,
              4
            ]
          },
          {
            "dow": "MON",
            "hh": "08",
            "mm": "50",
            "getOffCarRate": [
              6,
              17,
              20,
              12,
              7,
              9,
              9,
              9,
              7,
              3
            ]
          }
        ]
      },
      {
        "startStationCode": "211",
        "startStationName": "성수역",
        "endStationCode": "219",
        "endStationName": "삼성역",
        "prevStationCode": "205",
        "prevStationName": "동대문역사문화공원역",
        "updnLine": 0,
        "directAt": 0,
        "data": [
          {
            "dow": "MON",
            "hh": "08",
            "mm": "00",
            "getOffCarRate": [
              4,
              4,
              5,
              6,
              6,
              9,
              21,
              19,
              19,
              6
            ]
          },
          {
            "dow": "MON",
            "hh": "08",
            "mm": "10",
            "getOffCarRate": [
              3,
              4,
              5,
              6,
              6,
              9,
              23,
              19,
              19,
              7
            ]
          },
          {
            "dow": "MON",
            "hh": "08",
            "mm": "20",
            "getOffCarRate": [
              4,
              4,
              4,
              6,
              7,
              8,
              23,
              20,
              18,
              7
            ]
          },
          {
            "dow": "MON",
            "hh": "08",
            "mm": "30",
            "getOffCarRate": [
              4,
              5,
              4,
              5,
              7,
              9,
              23,
              19,
              18,
              7
            ]
          },
          {
            "dow": "MON",
            "hh": "08",
            "mm": "40",
            "getOffCarRate": [
              3,
              5,
              4,
              6,
              7,
              9,
              22,
              19,
              18,
              7
            ]
          },
          {
            "dow": "MON",
            "hh": "08",
            "mm": "50",
            "getOffCarRate": [
              3,
              5,
              4,
              7,
              8,
              9,
              23,
              17,
              17,
              7
            ]
          }
        ]
      },
      {
        "startStationCode": "211",
        "startStationName": "성수역",
        "endStationCode": "228",
        "endStationName": "서울대입구역",
        "prevStationCode": "205",
        "prevStationName": "동대문역사문화공원역",
        "updnLine": 0,
        "directAt": 0,
        "data": [
          {
            "dow": "MON",
            "hh": "08",
            "mm": "00",
            "getOffCarRate": [
              4,
              4,
              5,
              6,
              6,
              9,
              21,
              19,
              19,
              6
            ]
          },
          {
            "dow": "MON",
            "hh": "08",
            "mm": "10",
            "getOffCarRate": [
              3,
              4,
              5,
              6,
              6,
              9,
              23,
              19,
              19,
              7
            ]
          },
          {
            "dow": "MON",
            "hh": "08",
            "mm": "20",
            "getOffCarRate": [
              4,
              4,
              4,
              6,
              7,
              8,
              23,
              20,
              18,
              7
            ]
          },
          {
            "dow": "MON",
            "hh": "08",
            "mm": "30",
            "getOffCarRate": [
              4,
              5,
              4,
              5,
              7,
              9,
              23,
              19,
              18,
              7
            ]
          },
          {
            "dow": "MON",
            "hh": "08",
            "mm": "40",
            "getOffCarRate": [
              3,
              5,
              4,
              6,
              7,
              9,
              22,
              19,
              18,
              7
            ]
          },
          {
            "dow": "MON",
            "hh": "08",
            "mm": "50",
            "getOffCarRate": [
              3,
              5,
              4,
              7,
              8,
              9,
              23,
              17,
              17,
              7
            ]
          }
        ]
      },
      {
        "startStationCode": "211",
        "startStationName": "성수역",
        "endStationCode": "234",
        "endStationName": "신도림역",
        "prevStationCode": "205",
        "prevStationName": "동대문역사문화공원역",
        "updnLine": 0,
        "directAt": 0,
        "data": [
          {
            "dow": "MON",
            "hh": "08",
            "mm": "00",
            "getOffCarRate": [
              4,
              4,
              5,
              6,
              6,
              9,
              21,
              19,
              19,
              6
            ]
          },
          {
            "dow": "MON",
            "hh": "08",
            "mm": "10",
            "getOffCarRate": [
              4,
              4,
              5,
              6,
              6,
              9,
              23,
              20,
              18,
              6
            ]
          },
          {
            "dow": "MON",
            "hh": "08",
            "mm": "20",
            "getOffCarRate": [
              4,
              3,
              5,
              6,
              6,
              8,
              23,
              20,
              18,
              6
            ]
          },
          {
            "dow": "MON",
            "hh": "08",
            "mm": "30",
            "getOffCarRate": [
              4,
              4,
              4,
              6,
              6,
              8,
              23,
              19,
              18,
              7
            ]
          },
          {
            "dow": "MON",
            "hh": "08",
            "mm": "40",
            "getOffCarRate": [
              3,
              5,
              5,
              6,
              7,
              8,
              22,
              19,
              17,
              7
            ]
          },
          {
            "dow": "MON",
            "hh": "08",
            "mm": "50",
            "getOffCarRate": [
              3,
              5,
              5,
              8,
              8,
              9,
              23,
              16,
              16,
              6
            ]
          }
        ]
      },
      {
        "startStationCode": "211",
        "startStationName": "성수역",
        "endStationCode": "239",
        "endStationName": "홍대입구역",
        "prevStationCode": "205",
        "prevStationName": "동대문역사문화공원역",
        "updnLine": 0,
        "directAt": 0,
        "data": [
          {
            "dow": "MON",
            "hh": "08",
            "mm": "00",
            "getOffCarRate": [
              4,
              4,
              5,
              6,
              6,
              9,
              21,
              19,
              19,
              6
            ]
          },
          {
            "dow": "MON",
            "hh": "08",
            "mm": "10",
            "getOffCarRate": [
              3,
              4,
              5,
              6,
              6,
              9,
              23,
              19,
              19,
              7
            ]
          },
          {
            "dow": "MON",
            "hh": "08",
            "mm": "20",
            "getOffCarRate": [
              4,
              4,
              4,
              6,
              7,
              8,
              23,
              20,
              18,
              7
            ]
          },
          {
            "dow": "MON",
            "hh": "08",
            "mm": "30",
            "getOffCarRate": [
              4,
              5,
              4,
              5,
              7,
              9,
              23,
              19,
              18,
              7
            ]
          },
          {
            "dow": "MON",
            "hh": "08",
            "mm": "40",
            "getOffCarRate": [
              3,
              5,
              4,
              6,
              7,
              9,
              22,
              19,
              18,
              7
            ]
          },
          {
            "dow": "MON",
            "hh": "08",
            "mm": "50",
            "getOffCarRate": [
              3,
              5,
              4,
              7,
              8,
              9,
              23,
              17,
              17,
              7
            ]
          }
        ]
      },
      {
        "startStationCode": "219",
        "startStationName": "삼성역",
        "endStationCode": "211-R",
        "endStationName": "성수역",
        "prevStationCode": "203",
        "prevStationName": "을지로3가역",
        "updnLine": 1,
        "directAt": 0,
        "data": [
          {
            "dow": "MON",
            "hh": "08",
            "mm": "00",
            "getOffCarRate": [
              6,
              16,
              14,
              12,
              7,
              9,
              12,
              9,
              9,
              6
            ]
          },
          {
            "dow": "MON",
            "hh": "08",
            "mm": "10",
            "getOffCarRate": [
              5,
              16,
              16,
              12,
              8,
              9,
              11,
              8,
              9,
              6
            ]
          },
          {
            "dow": "MON",
            "hh": "08",
            "mm": "20",
            "getOffCarRate": [
              6,
              15,
              18,
              13,
              8,
              9,
              10,
              9,
              8,
              4
            ]
          },
          {
            "dow": "MON",
            "hh": "08",
            "mm": "30",
            "getOffCarRate": [
              6,
              16,
              19,
              12,
              7,
              9,
              10,
              8,
              8,
              4
            ]
          },
          {
            "dow": "MON",
            "hh": "08",
            "mm": "40",
            "getOffCarRate": [
              7,
              16,
              19,
              12,
              7,
              9,
              9,
              8,
              8,
              4
            ]
          },
          {
            "dow": "MON",
            "hh": "08",
            "mm": "50",
            "getOffCarRate": [
              7,
              17,
              20,
              12,
              7,
              9,
              9,
              9,
              7,
              3
            ]
          }
        ]
      },
      {
        "startStationCode": "228",
        "startStationName": "서울대입구역",
        "endStationCode": "211",
        "endStationName": "성수역",
        "prevStationCode": "203",
        "prevStationName": "을지로3가역",
        "updnLine": 1,
        "directAt": 0,
        "data": [
          {
            "dow": "MON",
            "hh": "08",
            "mm": "00",
            "getOffCarRate": [
              6,
              16,
              14,
              12,
              7,
              9,
              12,
              9,
              9,
              6
            ]
          },
          {
            "dow": "MON",
            "hh": "08",
            "mm": "10",
            "getOffCarRate": [
              5,
              16,
              16,
              12,
              8,
              9,
              11,
              8,
              9,
              6
            ]
          },
          {
            "dow": "MON",
            "hh": "08",
            "mm": "20",
            "getOffCarRate": [
              6,
              15,
              18,
              13,
              8,
              9,
              10,
              9,
              8,
              4
            ]
          },
          {
            "dow": "MON",
            "hh": "08",
            "mm": "30",
            "getOffCarRate": [
              6,
              16,
              19,
              12,
              7,
              9,
              10,
              8,
              8,
              4
            ]
          },
          {
            "dow": "MON",
            "hh": "08",
            "mm": "40",
            "getOffCarRate": [
              7,
              16,
              19,
              12,
              7,
              9,
              9,
              8,
              8,
              4
            ]
          },
          {
            "dow": "MON",
            "hh": "08",
            "mm": "50",
            "getOffCarRate": [
              7,
              17,
              20,
              12,
              7,
              9,
              9,
              9,
              7,
              3
            ]
          }
        ]
      },
      {
        "startStationCode": "228",
        "startStationName": "서울대입구역",
        "endStationCode": "211-R",
        "endStationName": "성수역",
        "prevStationCode": "203",
        "prevStationName": "을지로3가역",
        "updnLine": 1,
        "directAt": 0,
        "data": [
          {
            "dow": "MON",
            "hh": "08",
            "mm": "00",
            "getOffCarRate": [
              6,
              16,
              14,
              12,
              7,
              9,
              12,
              9,
              9,
              6
            ]
          },
          {
            "dow": "MON",
            "hh": "08",
            "mm": "10",
            "getOffCarRate": [
              5,
              16,
              16,
              12,
              8,
              9,
              11,
              8,
              9,
              6
            ]
          },
          {
            "dow": "MON",
            "hh": "08",
            "mm": "20",
            "getOffCarRate": [
              6,
              15,
              18,
              13,
              8,
              9,
              10,
              9,
              8,
              4
            ]
          },
          {
            "dow": "MON",
            "hh": "08",
            "mm": "30",
            "getOffCarRate": [
              6,
              16,
              19,
              12,
              7,
              9,
              10,
              8,
              8,
              4
            ]
          },
          {
            "dow": "MON",
            "hh": "08",
            "mm": "40",
            "getOffCarRate": [
              7,
              16,
              19,
              12,
              7,
              9,
              9,
              8,
              8,
              4
            ]
          },
          {
            "dow": "MON",
            "hh": "08",
            "mm": "50",
            "getOffCarRate": [
              7,
              17,
              20,
              12,
              7,
              9,
              9,
              9,
              7,
              3
            ]
          }
        ]
      },
      {
        "startStationCode": "234",
        "startStationName": "신도림역",
        "endStationCode": "211",
        "endStationName": "성수역",
        "prevStationCode": "203",
        "prevStationName": "을지로3가역",
        "updnLine": 1,
        "directAt": 0,
        "data": [
          {
            "dow": "MON",
            "hh": "08",
            "mm": "00",
            "getOffCarRate": [
              6,
              16,
              14,
              12,
              7,
              9,
              12,
              9,
              9,
              6
            ]
          },
          {
            "dow": "MON",
            "hh": "08",
            "mm": "10",
            "getOffCarRate": [
              5,
              16,
              16,
              12,
              8,
              9,
              11,
              8,
              9,
              6
            ]
          },
          {
            "dow": "MON",
            "hh": "08",
            "mm": "20",
            "getOffCarRate": [
              6,
              15,
              18,
              13,
              8,
              9,
              10,
              9,
              8,
              4
            ]
          },
          {
            "dow": "MON",
            "hh": "08",
            "mm": "30",
            "getOffCarRate": [
              6,
              16,
              19,
              12,
              7,
              9,
              10,
              8,
              8,
              4
            ]
          },
          {
            "dow": "MON",
            "hh": "08",
            "mm": "40",
            "getOffCarRate": [
              7,
              16,
              19,
              12,
              7,
              9,
              9,
              8,
              8,
              4
            ]
          },
          {
            "dow": "MON",
            "hh": "08",
            "mm": "50",
            "getOffCarRate": [
              7,
              17,
              20,
              12,
              7,
              9,
              9,
              9,
              7,
              3
            ]
          }
        ]
      },
      {
        "startStationCode": "234",
        "startStationName": "신도림역",
        "endStationCode": "211-R",
        "endStationName": "성수역",
        "prevStationCode": "203",
        "prevStationName": "을지로3가역",
        "updnLine": 1,
        "directAt": 0,
        "data": [
          {
            "dow": "MON",
            "hh": "08",
            "mm": "00",
            "getOffCarRate": [
              6,
              16,
              15,
              10,
              7,
              10,
              12,
              8,
              10,
              6
            ]
          },
          {
            "dow": "MON",
            "hh": "08",
            "mm": "10",
            "getOffCarRate": [
              6,
              16,
              17,
              11,
              8,
              9,
              11,
              8,
              9,
              5
            ]
          },
          {
            "dow": "MON",
            "hh": "08",
            "mm": "20",
            "getOffCarRate": [
              6,
              15,
              19,
              12,
              8,
              9,
              10,
              8,
              9,
              4
            ]
          },
          {
            "dow": "MON",
            "hh": "08",
            "mm": "30",
            "getOffCarRate": [
              6,
              16,
              19,
              12,
              7,
              9,
              10,
              8,
              8,
              4
            ]
          },
          {
            "dow": "MON",
            "hh": "08",
            "mm": "40",
            "getOffCarRate": [
              7,
              16,
              19,
              12,
              7,
              9,
              9,
              8,
              8,
              4
            ]
          },
          {
            "dow": "MON",
            "hh": "08",
            "mm": "50",
            "getOffCarRate": [
              7,
              17,
              20,
              12,
              7,
              9,
              9,
              9,
              7,
              3
            ]
          }
        ]
      },
      {
        "startStationCode": "239",
        "startStationName": "홍대입구역",
        "endStationCode": "211",
        "endStationName": "성수역",
        "prevStationCode": "203",
        "prevStationName": "을지로3가역",
        "updnLine": 1,
        "directAt": 0,
        "data": [
          {
            "dow": "MON",
            "hh": "08",
            "mm": "00",
            "getOffCarRate": [
              6,
              16,
              14,
              12,
              7,
              9,
              12,
              9,
              9,
              6
            ]
          },
          {
            "dow": "MON",
            "hh": "08",
            "mm": "10",
            "getOffCarRate": [
              5,
              16,
              16,
              12,
              8,
              9,
              11,
              8,
              9,
              6
            ]
          },
          {
            "dow": "MON",
            "hh": "08",
            "mm": "20",
            "getOffCarRate": [
              6,
              15,
              18,
              13,
              8,
              9,
              10,
              9,
              8,
              4
            ]
          },
          {
            "dow": "MON",
            "hh": "08",
            "mm": "30",
            "getOffCarRate": [
              6,
              16,
              19,
              12,
              7,
              9,
              10,
              8,
              8,
              4
            ]
          },
          {
            "dow": "MON",
            "hh": "08",
            "mm": "40",
            "getOffCarRate": [
              7,
              16,
              19,
              12,
              7,
              9,
              9,
              8,
              8,
              4
            ]
          },
          {
            "dow": "MON",
            "hh": "08",
            "mm": "50",
            "getOffCarRate": [
              7,
              17,
              20,
              12,
              7,
              9,
              9,
              9,
              7,
              3
            ]
          }
        ]
      },
      {
        "startStationCode": "239",
        "startStationName": "홍대입구역",
        "endStationCode": "211-R",
        "endStationName": "성수역",
        "prevStationCode": "203",
        "prevStationName": "을지로3가역",
        "updnLine": 1,
        "directAt": 0,
        "data": [
          {
            "dow": "MON",
            "hh": "08",
            "mm": "00",
            "getOffCarRate": [
              6,
              16,
              14,
              12,
              7,
              9,
              12,
              9,
              9,
              6
            ]
          },
          {
            "dow": "MON",
            "hh": "08",
            "mm": "10",
            "getOffCarRate": [
              5,
              16,
              16,
              12,
              8,
              9,
              11,
              8,
              9,
              6
            ]
          },
          {
            "dow": "MON",
            "hh": "08",
            "mm": "20",
            "getOffCarRate": [
              6,
              15,
              18,
              13,
              8,
              9,
              10,
              9,
              8,
              4
            ]
          },
          {
            "dow": "MON",
            "hh": "08",
            "mm": "30",
            "getOffCarRate": [
              6,
              16,
              19,
              12,
              7,
              9,
              10,
              8,
              8,
              4
            ]
          },
          {
            "dow": "MON",
            "hh": "08",
            "mm": "40",
            "getOffCarRate": [
              7,
              16,
              19,
              12,
              7,
              9,
              9,
              8,
              8,
              4
            ]
          },
          {
            "dow": "MON",
            "hh": "08",
            "mm": "50",
            "getOffCarRate": [
              7,
              17,
              20,
              12,
              7,
              9,
              9,
              9,
              7,
              3
            ]
          }
        ]
      }
    ],
    "statStartDate": "20230924",
    "statEndDate": "20231223"
  }
}