{
  "status": {
    "code": "00",
    "message": "success",
    "totalCount": 1
  },
  "contents": {
    "subwayLine": "2호선",
    "stationName": "을지로3가역",
    "stationCode": "203",
    "stat": [
      {
        "startStationCode": "202",
        "startStationName": "을지로입구역",
        "endStationCode": "211",
        "endStationName": "성수역",
        "prevStationCode": "202",
        "prevStationName": "을지로입구역",
        "updnLine": 1,
        "directAt": 0,
        "data": [
          {
            "dow": "FRI",
            "hh": "13",
            "mm": "00",
            "getOffCarRate": [
              26,
              12,
              7,
              8,
              7,
              10,
              9,
              7,
              6,
              6
            ]
          },
          {
            "dow": "FRI",
            "hh": "13",
            "mm": "10",
            "getOffCarRate": [
              26,
              13,
              8,
              8,
              8,
              10,
              9,
              7,
              6,
              6
            ]
          },
          {
            "dow": "FRI",
            "hh": "13",
            "mm": "20",
            "getOffCarRate": [
              27,
              12,
              7,
              9,
              8,
              9,
              9,
              7,
              7,
              5
            ]
          },
          {
            "dow": "FRI",
            "hh": "13",
            "mm": "30",
            "getOffCarRate": [
              26,
              13,
              8,
              9,
              9,
              9,
              9,
              6,
              7,
              5
            ]
          },
          {
            "dow": "FRI",
            "hh": "13",
            "mm": "40",
            "getOffCarRate": [
              25,
              13,
              8,
              10,
              9,
              8,
              9,
              7,
              7,
              5
            ]
          },
          {
            "dow": "FRI",
            "hh": "13",
            "mm": "50",
            "getOffCarRate": [
              25,
              12,
              9,
              9,
              9,
              8,
              10,
              7,
              7,
              4
            ]
          }
        ]
      },
      {
        "startStationCode": "202",
        "startStationName": "을지로입구역",
        "endStationCode": "211-R",
        "endStationName": "성수역",
        "prevStationCode": "202",
        "prevStationName": "을지로입구역",
        "updnLine": 1,
        "directAt": 0,
        "data": [
          {
            "dow": "FRI",
            "hh": "13",
            "mm": "00",
            "getOffCarRate": [
              26,
              12,
              7,
              8,
              7,
              10,
              9,
              7,
              6,
              6
            ]
          },
          {
            "dow": "FRI",
            "hh": "13",
            "mm": "10",
            "getOffCarRate": [
              26,
              13,
              8,
              8,
              8,
              10,
              9,
              7,
              6,
              6
            ]
          },
          {
            "dow": "FRI",
            "hh": "13",
            "mm": "20",
            "getOffCarRate": [
              27,
              12,
              7,
              9,
              8,
              9,
              9,
              7,
              7,
              5
            ]
          },
          {
            "dow": "FRI",
            "hh": "13",
            "mm": "30",
            "getOffCarRate": [
              26,
              13,
              8,
              9,
              9,
              9,
              9,
              6,
              7,
              5
            ]
          },
          {
            "dow": "FRI",
            "hh": "13",
            "mm": "40",
            "getOffCarRate": [
              25,
              13,
              8,
              10,
              9,
              8,
              9,
              7,
              7,
              5
            ]
          },
          {
            "dow": "FRI",
            "hh": "13",
            "mm": "50",
            "getOffCarRate": [
              25,
              12,
              9,
              9,
              9,
              8,
              10,
              7,
              7,
              4
            ]
          }
        ]
      },
      {
        "startStationCode": "211",
        "startStationName": "성수역",
        "endStationCode": "202",
        "endStationName": "을지로입구역",
        "prevStationCode": "204",
        "prevStationName": "을지로4가역",
        "updnLine": 0,
        "directAt": 0,
        "data": [
          {
            "dow": "FRI",
            "hh": "13",
            "mm": "00",
            "getOffCarRate": [
              6,
              8,
              8,
              13,
              10,
              9,
              9,
              8,
              9,
              21
            ]
          },
          {
            "dow": "FRI",
            "hh": "13",
            "mm": "10",
            "getOffCarRate": [
              6,
              8,
              8,
              12,
              10,
              9,
              8,
              7,
              9,
              22
            ]
          },
          {
            "dow": "FRI",
            "hh": "13",
            "mm": "20",
            "getOffCarRate": [
              6,
              8,
              8,
              12,
              11,
              9,
              7,
              7,
              10,
              21
            ]
          },
          {
            "dow": "FRI",
            "hh": "13",
            "mm": "30",
            "getOffCarRate": [
              5,
              8,
              8,
              12,
              10,
              10,
              8,
              7,
              10,
              22
            ]
          },
          {
            "dow": "FRI",
            "hh": "13",
            "mm": "40",
            "getOffCarRate": [
              5,
              8,
              8,
              12,
              10,
              9,
              9,
              7,
              10,
              23
            ]
          },
          {
            "dow": "FRI",
            "hh": "13",
            "mm": "50",
            "getOffCarRate": [
              5,
              8,
              8,
              12,
              10,
              9,
              9,
              7,
              11,
              22
            ]
          }
        ]
      },
      {
        "startStationCode": "211",
        "startStationName": "성수역",
        "endStationCode": "211",
        "endStationName": "성수역",
        "prevStationCode": "204",
        "prevStationName": "을지로4가역",
        "updnLine": 0,
        "directAt": 0,
        "data": [
          {
            "dow": "FRI",
            "hh": "13",
            "mm": "00",
            "getOffCarRate": [
              6,
              8,
              8,
              13,
              10,
              9,
              9,
              8,
              9,
              21
            ]
          },
          {
            "dow": "FRI",
            "hh": "13",
            "mm": "10",
            "getOffCarRate": [
              6,
              8,
              8,
              12,
              10,
              9,
              8,
              7,
              9,
              22
            ]
          },
          {
            "dow": "FRI",
            "hh": "13",
            "mm": "20",
            "getOffCarRate": [
              6,
              8,
              8,
              12,
              11,
              9,
              7,
              7,
              10,
              21
            ]
          },
          {
            "dow": "FRI",
            "hh": "13",
            "mm": "30",
            "getOffCarRate": [
              5,
              8,
              8,
              12,
              10,
              10,
              8,
              7,
              10,
              22
            ]
          },
          {
            "dow": "FRI",
            "hh": "13",
            "mm": "40",
            "getOffCarRate": [
              5,
              8,
              8,
              12,
              10,
              9,
              9,
              7,
              10,
              23
            ]
          },
          {
            "dow": "FRI",
            "hh": "13",
            "mm": "50",
            "getOffCarRate": [
              5,
              8,
              8,
              12,
              10,
              9,
              9,
              7,
              11,
              22
            ]
          }
        ]
      },
      {
        "startStationCode": "211",
        "startStationName": "성수역",
        "endStationCode": "211",
        "endStationName": "성수역",
        "prevStationCode": "202",
        "prevStationName": "을지로입구역",
        "updnLine": 1,
        "directAt": 0,
        "data": [
          {
            "dow": "FRI",
            "hh": "13",
            "mm": "00",
            "getOffCarRate": [
              26,
              12,
              7,
              8,
              7,
              10,
              9,
              7,
              6,
              6
            ]
          },
          {
            "dow": "FRI",
            "hh": "13",
            "mm": "10",
            "getOffCarRate": [
              26,
              13,
              8,
              8,
              8,
              10,
              9,
              7,
              6,
              6
            ]
          },
          {
            "dow": "FRI",
            "hh": "13",
            "mm": "20",
            "getOffCarRate": [
              27,
              12,
              7,
              9,
              8,
              9,
              9,
              7,
              7,
              5
            ]
          },
          {
            "dow": "FRI",
            "hh": "13",
            "mm": "30",
            "getOffCarRate": [
              26,
              13,
              8,
              9,
              9,
              9,
              9,
              6,
              7,
              5
            ]
          },
          {
            "dow": "FRI",
            "hh": "13",
            "mm": "40",
            "getOffCarRate": [
              25,
              13,
              8,
              10,
              9,
              8,
              9,
              7,
              7,
              5
            ]
          },
          {
            "dow": "FRI",
            "hh": "13",
            "mm": "50",
            "getOffCarRate": [
              25,
              12,
              9,
              9,
              9,
              8,
              10,
              7,
              7,
              4
            ]
          }
        ]
      },
      {
        "startStationCode": "211",
        "startStationName": "성수역",
        "endStationCode": "211-R",
        "endStationName": "성수역",
        "prevStationCode": "204",
        "prevStationName": "을지로4가역",
        "updnLine": 0,
        "directAt": 0,
        "data": [
          {
            "dow": "FRI",
            "hh": "13",
            "mm": "00",
            "getOffCarRate": [
              6,
              8,
              8,
              13,
              10,
              9,
              9,
              8,
              9,
              21
            ]
          },
          {
            "dow": "FRI",
            "hh": "13",
            "mm": "10",
            "getOffCarRate": [
              6,
              8,
              8,
              12,
              10,
              9,
              8,
              7,
              9,
              22
            ]
          },
          {
            "dow": "FRI",
            "hh": "13",
            "mm": "20",
            "getOffCarRate": [
              6,
              8,
              8,
              12,
              11,
              9,
              7,
              7,
              10,
              21
            ]
          },
          {
            "dow": "FRI",
            "hh": "13",
            "mm": "30",
            "getOffCarRate": [
              5,
              8,
              8,
              12,
              10,
              10,
              8,
              7,
              10,
              22
            ]
          },
          {
            "dow": "FRI",
            "hh": "13",
            "mm": "40",
            "getOffCarRate": [
              5,
              8,
              8,
              12,
              10,
              9,
              9,
              7,
              10,
              23
            ]
          },
          {
            "dow": "FRI",
            "hh": "13",
            "mm": "50",
            "getOffCarRate": [
              5,
              8,
              8,
              12,
              10,
              9,
              9,
              7,
              11,
              22
            ]
          }
        ]
      },
      {
        "startStationCode": "211",
        "startStationName": "성수역",
        "endStationCode": "211-R",
        "endStationName": "성수역",
        "prevStationCode": "202",
        "prevStationName": "을지로입구역",
        "updnLine": 1,
        "directAt": 0,
        "data": [
          {
            "dow": "FRI",
            "hh": "13",
            "mm": "00",
            "getOffCarRate": [
              27,
              12,
              7,
              8,
              8,
              9,
              9,
              7,
              6,
              6
            ]
          },
          {
            "dow": "FRI",
            "hh": "13",
            "mm": "10",
            "getOffCarRate": [
              26,
              13,
              8,
              8,
              8,
              9,
              9,
              7,
              6,
              6
            ]
          },
          {
            "dow": "FRI",
            "hh": "13",
            "mm": "20",
            "getOffCarRate": [
              27,
              12,
              7,
              9,
              8,
              9,
              9,
              7,
              7,
              6
            ]
          },
          {
            "dow": "FRI",
            "hh": "13",
            "mm": "30",
            "getOffCarRate": [
              26,
              13,
              8,
              9,
              9,
              9,
              9,
              6,
              7,
              5
            ]
          },
          {
            "dow": "FRI",
            "hh": "13",
            "mm": "40",
            "getOffCarRate": [
              25,
              13,
              8,
              10,
              9,
              8,
              9,
              7,
              7,
              5
            ]
          },
          {
            "dow": "FRI",
            "hh": "13",
            "mm": "50",
            "getOffCarRate": [
              25,
              12,
              9,
              9,
              9,
              8,
              9,
              7,
              7,
              4
            ]
          }
        ]
      },
      {
        "startStationCode": "211",
        "startStationName": "성수역",
        "endStationCode": "219",
        "endStationName": "삼성역",
        "prevStationCode": "204",
        "prevStationName": "을지로4가역",
        "updnLine": 0,
        "directAt": 0,
        "data": [
          {
            "dow": "FRI",
            "hh": "13",
            "mm": "00",
            "getOffCarRate": [
              6,
              8,
              8,
              13,
              10,
              9,
              9,
              8,
              9,
              21
            ]
          },
          {
            "dow": "FRI",
            "hh": "13",
            "mm": "10",
            "getOffCarRate": [
              6,
              8,
              8,
              12,
              10,
              9,
              8,
              7,
              9,
              22
            ]
          },
          {
            "dow": "FRI",
            "hh": "13",
            "mm": "20",
            "getOffCarRate": [
              6,
              8,
              8,
              12,
              11,
              9,
              7,
              7,
              10,
              21
            ]
          },
          {
            "dow": "FRI",
            "hh": "13",
            "mm": "30",
            "getOffCarRate": [
              5,
              8,
              8,
              12,
              10,
              10,
              8,
              7,
              10,
              22
            ]
          },
          {
            "dow": "FRI",
            "hh": "13",
            "mm": "40",
            "getOffCarRate": [
              5,
              8,
              8,
              12,
              10,
              9,
              9,
              7,
              10,
              23
            ]
          },
          {
            "dow": "FRI",
            "hh": "13",
            "mm": "50",
            "getOffCarRate": [
              5,
              8,
              8,
              12,
              10,
              9,
              9,
              7,
              11,
              22
            ]
          }
        ]
      },
      {
        "startStationCode": "211",
        "startStationName": "성수역",
        "endStationCode": "228",
        "endStationName": "서울대입구역",
        "prevStationCode": "204",
        "prevStationName": "을지로4가역",
        "updnLine": 0,
        "directAt": 0,
        "data": [
          {
            "dow": "FRI",
            "hh": "13",
            "mm": "00",
            "getOffCarRate": [
              6,
              8,
              8,
              13,
              10,
              9,
              9,
              8,
              9,
              21
            ]
          },
          {
            "dow": "FRI",
            "hh": "13",
            "mm": "10",
            "getOffCarRate": [
              6,
              8,
              8,
              12,
              10,
              9,
              8,
              7,
              9,
              22
            ]
          },
          {
            "dow": "FRI",
            "hh": "13",
            "mm": "20",
            "getOffCarRate": [
              6,
              8,
              8,
              12,
              11,
              9,
              7,
              7,
              10,
              21
            ]
          },
          {
            "dow": "FRI",
            "hh": "13",
            "mm": "30",
            "getOffCarRate": [
              5,
              8,
              8,
              12,
              10,
              10,
              8,
              7,
              10,
              22
            ]
          },
          {
            "dow": "FRI",
            "hh": "13",
            "mm": "40",
            "getOffCarRate": [
              5,
              8,
              8,
              12,
              10,
              9,
              9,
              7,
              10,
              23
            ]
          },
          {
            "dow": "FRI",
            "hh": "13",
            "mm": "50",
            "getOffCarRate": [
              5,
              8,
              8,
              12,
              10,
              9,
              9,
              7,
              11,
              22
            ]
          }
        ]
      },
      {
        "startStationCode": "211",
        "startStationName": "성수역",
        "endStationCode": "234",
        "endStationName": "신도림역",
        "prevStationCode": "204",
        "prevStationName": "을지로4가역",
        "updnLine": 0,
        "directAt": 0,
        "data": [
          {
            "dow": "FRI",
            "hh": "13",
            "mm": "00",
            "getOffCarRate": [
              6,
              8,
              8,
              13,
              10,
              9,
              9,
              8,
              9,
              21
            ]
          },
          {
            "dow": "FRI",
            "hh": "13",
            "mm": "10",
            "getOffCarRate": [
              6,
              8,
              8,
              12,
              10,
              9,
              8,
              7,
              9,
              22
            ]
          },
          {
            "dow": "FRI",
            "hh": "13",
            "mm": "20",
            "getOffCarRate": [
              6,
              8,
              8,
              12,
              11,
              9,
              7,
              7,
              10,
              21
            ]
          },
          {
            "dow": "FRI",
            "hh": "13",
            "mm": "30",
            "getOffCarRate": [
              5,
              8,
              8,
              12,
              10,
              10,
              8,
              7,
              10,
              22
            ]
          },
          {
            "dow": "FRI",
            "hh": "13",
            "mm": "40",
            "getOffCarRate": [
              5,
              8,
              8,
              12,
              10,
              9,
              9,
              7,
              10,
              23
            ]
          },
          {
            "dow": "FRI",
            "hh": "13",
            "mm": "50",
            "getOffCarRate": [
              5,
              8,
              8,
              12,
              10,
              9,
              9,
              7,
              11,
              22
            ]
          }
        ]
      },
      {
        "startStationCode": "211",
        "startStationName": "성수역",
        "endStationCode": "239",
        "endStationName": "홍대입구역",
        "prevStationCode": "204",
        "prevStationName": "을지로4가역",
        "updnLine": 0,
        "directAt": 0,
        "data": [
          {
            "dow": "FRI",
            "hh": "13",
            "mm": "00",
            "getOffCarRate": [
              6,
              8,
              8,
              13,
              10,
              9,
              9,
              8,
              9,
              21
            ]
          },
          {
            "dow": "FRI",
            "hh": "13",
            "mm": "10",
            "getOffCarRate": [
              6,
              8,
              8,
              12,
              10,
              9,
              8,
              7,
              9,
              22
            ]
          },
          {
            "dow": "FRI",
            "hh": "13",
            "mm": "20",
            "getOffCarRate": [
              6,
              8,
              8,
              12,
              11,
              9,
              7,
              7,
              10,
              21
            ]
          },
          {
            "dow": "FRI",
            "hh": "13",
            "mm": "30",
            "getOffCarRate": [
              5,
              8,
              8,
              12,
              10,
              10,
              8,
              7,
              10,
              22
            ]
          },
          {
            "dow": "FRI",
            "hh": "13",
            "mm": "40",
            "getOffCarRate": [
              5,
              8,
              8,
              12,
              10,
              9,
              9,
              7,
              10,
              23
            ]
          },
          {
            "dow": "FRI",
            "hh": "13",
            "mm": "50",
            "getOffCarRate": [
              5,
              8,
              8,
              12,
              10,
              9,
              9,
              7,
              11,
              22
            ]
          }
        ]
      },
      {
        "startStationCode": "219",
        "startStationName": "삼성역",
        "endStationCode": "211-R",
        "endStationName": "성수역",
        "prevStationCode": "202",
        "prevStationName": "을지로입구역",
        "updnLine": 1,
        "directAt": 0,
        "data": [
          {
            "dow": "FRI",
            "hh": "13",
            "mm": "00",
            "getOffCarRate": [
              26,
              12,
              7,
              8,
              7,
              10,
              9,
              7,
              6,
              6
            ]
          },
          {
            "dow": "FRI",
            "hh": "13",
            "mm": "10",
            "getOffCarRate": [
              26,
              13,
              8,
              8,
              8,
              10,
              9,
              7,
              6,
              6
            ]
          },
          {
            "dow": "FRI",
            "hh": "13",
            "mm": "20",
            "getOffCarRate": [
              27,
              12,
              7,
              9,
              8,
              9,
              9,
              7,
              7,
              5
            ]
          },
          {
            "dow": "FRI",
            "hh": "13",
            "mm": "30",
            "getOffCarRate": [
              26,
              13,
              8,
              9,
              9,
              9,
              9,
              6,
              7,
              5
            ]
          },
          {
            "dow": "FRI",
            "hh": "13",
            "mm": "40",
            "getOffCarRate": [
              25,
              13,
              8,
              10,
              9,
              8,
              9,
              7,
              7,
              5
            ]
          },
          {
            "dow": "FRI",
            "hh": "13",
            "mm": "50",
            "getOffCarRate": [
              25,
              12,
              9,
              9,
              9,
              8,
              10,
              7,
              7,
              4
            ]
          }
        ]
      },
      {
        "startStationCode": "228",
        "startStationName": "서울대입구역",
        "endStationCode": "211",
        "endStationName": "성수역",
        "prevStationCode": "202",
        "prevStationName": "을지로입구역",
        "updnLine": 1,
        "directAt": 0,
        "data": [
          {
            "dow": "FRI",
            "hh": "13",
            "mm": "00",
            "getOffCarRate": [
              26,
              12,
              7,
              8,
              7,
              10,
              9,
              7,
              6,
              6
            ]
          },
          {
            "dow": "FRI",
            "hh": "13",
            "mm": "10",
            "getOffCarRate": [
              26,
              13,
              8,
              8,
              8,
              10,
              9,
              7,
              6,
              6
            ]
          },
          {
            "dow": "FRI",
            "hh": "13",
            "mm": "20",
            "getOffCarRate": [
              27,
              12,
              7,
              9,
              8,
              9,
              9,
              7,
              7,
              5
            ]
          },
          {
            "dow": "FRI",
            "hh": "13",
            "mm": "30",
            "getOffCarRate": [
              26,
              13,
              8,
              9,
              9,
              9,
              9,
              6,
              7,
              5
            ]
          },
          {
            "dow": "FRI",
            "hh": "13",
            "mm": "40",
            "getOffCarRate": [
              25,
              13,
              8,
              10,
              9,
              8,
              9,
              7,
              7,
              5
            ]
          },
          {
            "dow": "FRI",
            "hh": "13",
            "mm": "50",
            "getOffCarRate": [
              25,
              12,
              9,
              9,
              9,
              8,
              10,
              7,
              7,
              4
            ]
          }
        ]
      },
      {
        "startStationCode": "228",
        "startStationName": "서울대입구역",
        "endStationCode": "211-R",
        "endStationName": "성수역",
        "prevStationCode": "202",
        "prevStationName": "을지로입구역",
        "updnLine": 1,
        "directAt": 0,
        "data": [
          {
            "dow": "FRI",
            "hh": "13",
            "mm": "00",
            "getOffCarRate": [
              26,
              12,
              7,
              8,
              7,
              10,
              9,
              7,
              6,
              6
            ]
          },
          {
            "dow": "FRI",
            "hh": "13",
            "mm": "10",
            "getOffCarRate": [
              26,
              13,
              8,
              8,
              8,
              10,
              9,
              7,
              6,
              6
            ]
          },
          {
            "dow": "FRI",
            "hh": "13",
            "mm": "20",
            "getOffCarRate": [
              27,
              12,
              7,
              9,
              8,
              9,
              9,
              7,
              7,
              5
            ]
          },
          {
            "dow": "FRI",
            "hh": "13",
            "mm": "30",
            "getOffCarRate": [
              26,
              13,
              8,
              9,
              9,
              9,
              9,
              6,
              7,
              5
            ]
          },
          {
            "dow": "FRI",
            "hh": "13",
            "mm": "40",
            "getOffCarRate": [
              25,
              13,
              8,
              10,
              9,
              8,
              9,
              7,
              7,
              5
            ]
          },
          {
            "dow": "FRI",
            "hh": "13",
            "mm": "50",
            "getOffCarRate": [
              25,
              12,
              9,
              9,
              9,
              8,
              10,
              7,
              7,
              4
            ]
          }
        ]
      },
      {
        "startStationCode": "234",
        "startStationName": "신도림역",
        "endStationCode": "211",
        "endStationName": "성수역",
        "prevStationCode": "202",
        "prevStationName": "을지로입구역",
        "updnLine": 1,
        "directAt": 0,
        "data": [
          {
            "dow": "FRI",
            "hh": "13",
            "mm": "00",
            "getOffCarRate": [
              26,
              12,
              7,
              8,
              7,
              10,
              9,
              7,
              6,
              6
            ]
          },
          {
            "dow": "FRI",
            "hh": "13",
            "mm": "10",
            "getOffCarRate": [
              26,
              13,
              8,
              8,
              8,
              10,
              9,
              7,
              6,
              6
            ]
          },
          {
            "dow": "FRI",
            "hh": "13",
            "mm": "20",
            "getOffCarRate": [
              27,
              12,
              7,
              9,
              8,
              9,
              9,
              7,
              7,
              5
            ]
          },
          {
            "dow": "FRI",
            "hh": "13",
            "mm": "30",
            "getOffCarRate": [
              26,
              13,
              8,
              9,
              9,
              9,
              9,
              6,
              7,
              5
            ]
          },
          {
            "dow": "FRI",
            "hh": "13",
            "mm": "40",
            "getOffCarRate": [
              25,
              13,
              8,
              10,
              9,
              8,
              9,
              7,
              7,
              5
            ]
          },
          {
            "dow": "FRI",
            "hh": "13",
            "mm": "50",
            "getOffCarRate": [
              25,
              12,
              9,
              9,
              9,
              8,
              10,
              7,
              7,
              4
            ]
          }
        ]
      },
      {
        "startStationCode": "234",
        "startStationName": "신도림역",
        "endStationCode": "211-R",
        "endStationName": "성수역",
        "prevStationCode": "202",
        "prevStationName": "을지로입구역",
        "updnLine": 1,
        "directAt": 0,
        "data": [
          {
            "dow": "FRI",
            "hh": "13",
            "mm": "00",
            "getOffCarRate": [
              26,
              12,
              7,
              8,
              7,
              10,
              9,
              7,
              6,
              6
            ]
          },
          {
            "dow": "FRI",
            "hh": "13",
            "mm": "10",
            "getOffCarRate": [
              26,
              13,
              8,
              8,
              8,
              10,
              9,
              7,
              6,
              6
            ]
          },
          {
            "dow": "FRI",
            "hh": "13",
            "mm": "20",
            "getOffCarRate": [
              27,
              12,
              7,
              9,
              8,
              9,
              9,
              7,
              7,
              5
            ]
          },
          {
            "dow": "FRI",
            "hh": "13",
            "mm": "30",
            "getOffCarRate": [
              26,
              13,
              8,
              9,
              9,
              9,
              9,
              6,
              7,
              5
            ]
          },
          {
            "dow": "FRI",
            "hh": "13",
            "mm": "40",
            "getOffCarRate": [
              25,
              13,
              8,
              10,
              9,
              8,
              9,
              7,
              7,
              5
            ]
          },
          {
            "dow": "FRI",
            "hh": "13",
            "mm": "50",
            "getOffCarRate": [
              25,
              12,
              9,
              9,
              9,
              8,
              10,
              7,
              7,
              4
            ]
          }
        ]
      },
      {
        "startStationCode": "239",
        "startStationName": "홍대입구역",
        "endStationCode": "211",
        "endStationName": "성수역",
        "prevStationCode": "202",
        "prevStationName": "을지로입구역",
        "updnLine": 1,
        "directAt": 0,
        "data": [
          {
            "dow": "FRI",
            "hh": "13",
            "mm": "00",
            "getOffCarRate": [
              26,
              12,
              7,
              8,
              7,
              10,
              9,
              7,
              6,
              6
            ]
          },
          {
            "dow": "FRI",
            "hh": "13",
            "mm": "10",
            "getOffCarRate": [
              26,
              13,
              8,
              8,
              8,
              10,
              9,
              7,
              6,
              6
            ]
          },
          {
            "dow": "FRI",
            "hh": "13",
            "mm": "20",
            "getOffCarRate": [
              27,
              12,
              7,
              9,
              8,
              9,
              9,
              7,
              7,
              5
            ]
          },
          {
            "dow": "FRI",
            "hh": "13",
            "mm": "30",
            "getOffCarRate": [
              26,
              13,
              8,
              9,
              9,
              9,
              9,
              6,
              7,
              5
            ]
          },
          {
            "dow": "FRI",
            "hh": "13",
            "mm": "40",
            "getOffCarRate": [
              25,
              13,
              8,
              10,
              9,
              8,
              9,
              7,
              7,
              5
            ]
          },
          {
            "dow": "FRI",
            "hh": "13",
            "mm": "50",
            "getOffCarRate": [
              25,
              12,
              9,
              9,
              9,
              8,
              10,
              7,
              7,
              4
            ]
          }
        ]
      },
      {
        "startStationCode": "239",
        "startStationName": "홍대입구역",
        "endStationCode": "211-R",
        "endStationName": "성수역",
        "prevStationCode": "202",
        "prevStationName": "을지로입구역",
        "updnLine": 1,
        "directAt": 0,
        "data": [
          {
            "dow": "FRI",
            "hh": "13",
            "mm": "00",
            "getOffCarRate": [
              26,
              12,
              7,
              8,
              7,
              10,
              9,
              7,
              6,
              6
            ]
          },
          {
            "dow": "FRI",
            "hh": "13",
            "mm": "10",
            "getOffCarRate": [
              26,
              13,
              8,
              8,
              8,
              10,
              9,
              7,
              6,
              6
            ]
          },
          {
            "dow": "FRI",
            "hh": "13",
            "mm": "20",
            "getOffCarRate": [
              27,
              12,
              7,
              9,
              8,
              9,
              9,
              7,
              7,
              5
            ]
          },
          {
            "dow": "FRI",
            "hh": "13",
            "mm": "30",
            "getOffCarRate": [
              26,
              13,
              8,
              9,
              9,
              9,
              9,
              6,
              7,
              5
            ]
          },
          {
            "dow": "FRI",
            "hh": "13",
            "mm": "40",
            "getOffCarRate": [
              25,
              13,
              8,
              10,
              9,
              8,
              9,
              7,
              7,
              5
            ]
          },
          {
            "dow": "FRI",
            "hh": "13",
            "mm": "50",
            "getOffCarRate": [
              25,
              12,
              9,
              9,
              9,
              8,
              10,
              7,
              7,
              4
            ]
          }
        ]
      }
    ],
    "statStartDate": "20230924",
    "statEndDate": "20231223"
  }
}