{
  "status": {
    "code": "00",
    "message": "success",
    "totalCount": 1
  },
  "contents": {
    "subwayLine": "2호선",
    "stationName": "건대입구역",
    "stationCode": "212",
    "stat": [
      {
        "startStationCode": "202",
        "startStationName": "을지로입구역",
        "endStationCode": "211",
        "endStationName": "성수역",
        "prevStationCode": "213",
        "prevStationName": "구의역",
        "updnLine": 0,
        "directAt": 0,
        "data": [
          {
            "dow": "MON",
            "hh": "08",
            "mm": "00",
            "getOffCarRate": [
              3,
              2,
              3,
              6,
              10,
              12,
              30,
              21,
              9,
              5
            ]
          },
          {
            "dow": "MON",
            "hh": "08",
            "mm": "10",
            "getOffCarRate": [
              3,
              2,
              3,
              6,
              12,
              12,
              27,
              21,
              9,
              5
            ]
          },
          {
            "dow": "MON",
            "hh": "08",
            "mm": "20",
            "getOffCarRate": [
              4,
              2,
              3,
              7,
              12,
              13,
              24,
              21,
              10,
              5
            ]
          },
          {
            "dow": "MON",
            "hh": "08",
            "mm": "30",
            "getOffCarRate": [
              4,
              3,
              3,
              7,
              12,
              13,
              23,
              21,
              10,
              5
            ]
          },
          {
            "dow": "MON",
            "hh": "08",
            "mm": "40",
            "getOffCarRate": [
              5,
              3,
              3,
              7,
              12,
              13,
              23,
              21,
              10,
              4
            ]
          },
          {
            "dow": "MON",
            "hh": "08",
            "mm": "50",
            "getOffCarRate": [
              5,
              3,
              3,
              6,
              12,
              14,
              23,
              20,
              10,
              4
            ]
          }
        ]
      },
      {
        "startStationCode": "202",
        "startStationName": "을지로입구역",
        "endStationCode": "211-R",
        "endStationName": "성수역",
        "prevStationCode": "213",
        "prevStationName": "구의역",
        "updnLine": 0,
        "directAt": 0,
        "data": [
          {
            "dow": "MON",
            "hh": "08",
            "mm": "00",
            "getOffCarRate": [
              3,
              2,
              3,
              6,
              10,
              12,
              30,
              21,
              9,
              5
            ]
          },
          {
            "dow": "MON",
            "hh": "08",
            "mm": "10",
            "getOffCarRate": [
              3,
              2,
              3,
              6,
              12,
              12,
              27,
              21,
              9,
              5
            ]
          },
          {
            "dow": "MON",
            "hh": "08",
            "mm": "20",
            "getOffCarRate": [
              4,
              2,
              3,
              7,
              12,
              13,
              24,
              21,
              10,
              5
            ]
          },
          {
            "dow": "MON",
            "hh": "08",
            "mm": "30",
            "getOffCarRate": [
              4,
              3,
              3,
              7,
              12,
              13,
              23,
              21,
              10,
              5
            ]
          },
          {
            "dow": "MON",
            "hh": "08",
            "mm": "40",
            "getOffCarRate": [
              5,
              3,
              3,
              7,
              12,
              13,
              23,
              21,
              10,
              4
            ]
          },
          {
            "dow": "MON",
            "hh": "08",
            "mm": "50",
            "getOffCarRate": [
              5,
              3,
              3,
              6,
              12,
              14,
              23,
              20,
              10,
              4
            ]
          }
        ]
      },
      {
        "startStationCode": "211",
        "startStationName": "성수역",
        "endStationCode": "202",
        "endStationName": "을지로입구역",
        "prevStationCode": "211",
        "prevStationName": "성수역",
        "updnLine": 1,
        "directAt": 0,
        "data": [
          {
            "dow": "MON",
            "hh": "08",
            "mm": "00",
            "getOffCarRate": [
              5,
              10,
              23,
              17,
              12,
              15,
              9,
              5,
              3,
              3
            ]
          },
          {
            "dow": "MON",
            "hh": "08",
            "mm": "10",
            "getOffCarRate": [
              5,
              10,
              22,
              16,
              12,
              15,
              9,
              5,
              3,
              3
            ]
          },
          {
            "dow": "MON",
            "hh": "08",
            "mm": "20",
            "getOffCarRate": [
              5,
              11,
              21,
              16,
              12,
              16,
              8,
              5,
              3,
              3
            ]
          },
          {
            "dow": "MON",
            "hh": "08",
            "mm": "30",
            "getOffCarRate": [
              6,
              10,
              21,
              16,
              13,
              16,
              8,
              5,
              3,
              3
            ]
          },
          {
            "dow": "MON",
            "hh": "08",
            "mm": "40",
            "getOffCarRate": [
              6,
              10,
              19,
              16,
              14,
              16,
              8,
              6,
              3,
              2
            ]
          },
          {
            "dow": "MON",
            "hh": "08",
            "mm": "50",
            "getOffCarRate": [
              7,
              10,
              19,
              16,
              14,
              14,
              8,
              6,
              3,
              2
            ]
          }
        ]
      },
      {
        "startStationCode": "211",
        "startStationName": "성수역",
        "endStationCode": "211",
        "endStationName": "성수역",
        "prevStationCode": "213",
        "prevStationName": "구의역",
        "updnLine": 0,
        "directAt": 0,
        "data": [
          {
            "dow": "MON",
            "hh": "08",
            "mm": "00",
            "getOffCarRate": [
              3,
              2,
              3,
              6,
              10,
              12,
              30,
              21,
              9,
              5
            ]
          },
          {
            "dow": "MON",
            "hh": "08",
            "mm": "10",
            "getOffCarRate": [
              3,
              2,
              3,
              6,
              12,
              12,
              27,
              21,
              9,
              5
            ]
          },
          {
            "dow": "MON",
            "hh": "08",
            "mm": "20",
            "getOffCarRate": [
              4,
              2,
              3,
              7,
              12,
              13,
              24,
              21,
              10,
              5
            ]
          },
          {
            "dow": "MON",
            "hh": "08",
            "mm": "30",
            "getOffCarRate": [
              4,
              3,
              3,
              7,
              12,
              13,
              23,
              21,
              10,
              5
            ]
          },
          {
            "dow": "MON",
            "hh": "08",
            "mm": "40",
            "getOffCarRate": [
              5,
              3,
              3,
              7,
              12,
              13,
              23,
              21,
              10,
              4
            ]
          },
          {
            "dow": "MON",
            "hh": "08",
            "mm": "50",
            "getOffCarRate": [
              5,
              3,
              4,
              6,
              12,
              14,
              23,
              19,
              10,
              4
            ]
          }
        ]
      },
      {
        "startStationCode": "211",
        "startStationName": "성수역",
        "endStationCode": "211",
        "endStationName": "성수역",
        "prevStationCode": "211",
        "prevStationName": "성수역",
        "updnLine": 1,
        "directAt": 0,
        "data": [
          {
            "dow": "MON",
            "hh": "08",
            "mm": "00",
            "getOffCarRate": [
              6,
              9,
              22,
              17,
              11,
              14,
              9,
              5,
              3,
              3
            ]
          },
          {
            "dow": "MON",
            "hh": "08",
            "mm": "10",
            "getOffCarRate": [
              6,
              10,
              21,
              16,
              10,
              16,
              9,
              5,
              3,
              3
            ]
          },
          {
            "dow": "MON",
            "hh": "08",
            "mm": "20",
            "getOffCarRate": [
              6,
              11,
              19,
              16,
              12,
              16,
              9,
              5,
              3,
              3
            ]
          },
          {
            "dow": "MON",
            "hh": "08",
            "mm": "30",
            "getOffCarRate": [
              6,
              10,
              20,
              17,
              12,
              16,
              8,
              5,
              3,
              3
            ]
          },
          {
            "dow": "MON",
            "hh": "08",
            "mm": "40",
            "getOffCarRate": [
              7,
              10,
              18,
              17,
              14,
              16,
              7,
              5,
              3,
              2
            ]
          },
          {
            "dow": "MON",
            "hh": "08",
            "mm": "50",
            "getOffCarRate": [
              8,
              11,
              18,
              18,
              14,
              14,
              6,
              5,
              3,
              2
            ]
          }
        ]
      },
      {
        "startStationCode": "211",
        "startStationName": "성수역",
        "endStationCode": "211-R",
        "endStationName": "성수역",
        "prevStationCode": "213",
        "prevStationName": "구의역",
        "updnLine": 0,
        "directAt": 0,
        "data": [
          {
            "dow": "MON",
            "hh": "08",
            "mm": "00",
            "getOffCarRate": [
              3,
              2,
              2,
              6,
              10,
              12,
              30,
              22,
              9,
              5
            ]
          },
          {
            "dow": "MON",
            "hh": "08",
            "mm": "10",
            "getOffCarRate": [
              3,
              2,
              2,
              5,
              11,
              13,
              28,
              22,
              9,
              5
            ]
          },
          {
            "dow": "MON",
            "hh": "08",
            "mm": "20",
            "getOffCarRate": [
              3,
              2,
              2,
              6,
              12,
              13,
              25,
              22,
              10,
              5
            ]
          },
          {
            "dow": "MON",
            "hh": "08",
            "mm": "30",
            "getOffCarRate": [
              4,
              3,
              3,
              6,
              12,
              13,
              23,
              22,
              10,
              5
            ]
          },
          {
            "dow": "MON",
            "hh": "08",
            "mm": "40",
            "getOffCarRate": [
              4,
              3,
              3,
              5,
              12,
              13,
              24,
              22,
              10,
              5
            ]
          },
          {
            "dow": "MON",
            "hh": "08",
            "mm": "50",
            "getOffCarRate": [
              4,
              3,
              3,
              5,
              12,
              14,
              24,
              21,
              9,
              4
            ]
          }
        ]
      },
      {
        "startStationCode": "211",
        "startStationName": "성수역",
        "endStationCode": "211-R",
        "endStationName": "성수역",
        "prevStationCode": "211",
        "prevStationName": "성수역",
        "updnLine": 1,
        "directAt": 0,
        "data": [
          {
            "dow": "MON",
            "hh": "08",
            "mm": "00",
            "getOffCarRate": [
              5,
              10,
              23,
              18,
              12,
              15,
              8,
              5,
              3,
              2
            ]
          },
          {
            "dow": "MON",
            "hh": "08",
            "mm": "10",
            "getOffCarRate": [
              5,
              10,
              22,
              17,
              13,
              15,
              8,
              5,
              3,
              2
            ]
          },
          {
            "dow": "MON",
            "hh": "08",
            "mm": "20",
            "getOffCarRate": [
              5,
              11,
              21,
              17,
              13,
              15,
              8,
              5,
              3,
              2
            ]
          },
          {
            "dow": "MON",
            "hh": "08",
            "mm": "30",
            "getOffCarRate": [
              6,
              11,
              20,
              15,
              13,
              15,
              8,
              5,
              3,
              2
            ]
          },
          {
            "dow": "MON",
            "hh": "08",
            "mm": "40",
            "getOffCarRate": [
              6,
              11,
              19,
              15,
              14,
              15,
              9,
              6,
              3,
              2
            ]
          },
          {
            "dow": "MON",
            "hh": "08",
            "mm": "50",
            "getOffCarRate": [
              7,
              10,
              19,
              16,
              14,
              14,
              9,
              6,
              3,
              2
            ]
          }
        ]
      },
      {
        "startStationCode": "211",
        "startStationName": "성수역",
        "endStationCode": "219",
        "endStationName": "삼성역",
        "prevStationCode": "211",
        "prevStationName": "성수역",
        "updnLine": 1,
        "directAt": 0,
        "data": [
          {
            "dow": "MON",
            "hh": "08",
            "mm": "00",
            "getOffCarRate": [
              5,
              10,
              23,
              17,
              12,
              15,
              9,
              5,
              3,
              3
            ]
          },
          {
            "dow": "MON",
            "hh": "08",
            "mm": "10",
            "getOffCarRate": [
              5,
              10,
              22,
              16,
              12,
              15,
              9,
              5,
              3,
              3
            ]
          },
          {
            "dow": "MON",
            "hh": "08",
            "mm": "20",
            "getOffCarRate": [
              5,
              11,
              21,
              16,
              12,
              16,
              8,
              5,
              3,
              3
            ]
          },
          {
            "dow": "MON",
            "hh": "08",
            "mm": "30",
            "getOffCarRate": [
              6,
              10,
              21,
              16,
              13,
              16,
              8,
              5,
              3,
              3
            ]
          },
          {
            "dow": "MON",
            "hh": "08",
            "mm": "40",
            "getOffCarRate": [
              6,
              10,
              19,
              16,
              14,
              16,
              8,
              6,
              3,
              2
            ]
          },
          {
            "dow": "MON",
            "hh": "08",
            "mm": "50",
            "getOffCarRate": [
              7,
              10,
              19,
              16,
              14,
              14,
              8,
              6,
              3,
              2
            ]
          }
        ]
      },
      {
        "startStationCode": "211",
        "startStationName": "성수역",
        "endStationCode": "228",
        "endStationName": "서울대입구역",
        "prevStationCode": "211",
        "prevStationName": "성수역",
        "updnLine": 1,
        "directAt": 0,
        "data": [
          {
            "dow": "MON",
            "hh": "08",
            "mm": "00",
            "getOffCarRate": [
              5,
              10,
              23,
              17,
              12,
              15,
              9,
              5,
              3,
              3
            ]
          },
          {
            "dow": "MON",
            "hh": "08",
            "mm": "10",
            "getOffCarRate": [
              5,
              10,
              22,
              16,
              12,
              15,
              9,
              5,
              3,
              3
            ]
          },
          {
            "dow": "MON",
            "hh": "08",
            "mm": "20",
            "getOffCarRate": [
              5,
              11,
              21,
              16,
              12,
              16,
              8,
              5,
              3,
              3
            ]
          },
          {
            "dow": "MON",
            "hh": "08",
            "mm": "30",
            "getOffCarRate": [
              6,
              10,
              21,
              16,
              13,
              16,
              8,
              5,
              3,
              3
            ]
          },
          {
            "dow": "MON",
            "hh": "08",
            "mm": "40",
            "getOffCarRate": [
              6,
              10,
              19,
              16,
              14,
              16,
              8,
              6,
              3,
              2
            ]
          },
          {
            "dow": "MON",
            "hh": "08",
            "mm": "50",
            "getOffCarRate": [
              7,
              10,
              19,
              16,
              14,
              14,
              8,
              6,
              3,
              2
            ]
          }
        ]
      },
      {
        "startStationCode": "211",
        "startStationName": "성수역",
        "endStationCode": "234",
        "endStationName": "신도림역",
        "prevStationCode": "211",
        "prevStationName": "성수역",
        "updnLine": 1,
        "directAt": 0,
        "data": [
          {
            "dow": "MON",
            "hh": "08",
            "mm": "00",
            "getOffCarRate": [
              5,
              10,
              23,
              17,
              12,
              15,
              9,
              5,
              3,
              3
            ]
          },
          {
            "dow": "MON",
            "hh": "08",
            "mm": "10",
            "getOffCarRate": [
              5,
              10,
              22,
              16,
              12,
              15,
              9,
              5,
              3,
              3
            ]
          },
          {
            "dow": "MON",
            "hh": "08",
            "mm": "20",
            "getOffCarRate": [
              5,
              11,
              21,
              16,
              12,
              16,
              8,
              5,
              3,
              3
            ]
          },
          {
            "dow": "MON",
            "hh": "08",
            "mm": "30",
            "getOffCarRate": [
              6,
              10,
              21,
              16,
              13,
              16,
              8,
              5,
              3,
              3
            ]
          },
          {
            "dow": "MON",
            "hh": "08",
            "mm": "40",
            "getOffCarRate": [
              6,
              10,
              19,
              16,
              14,
              16,
              8,
              6,
              3,
              2
            ]
          },
          {
            "dow": "MON",
            "hh": "08",
            "mm": "50",
            "getOffCarRate": [
              7,
              9,
              19,
              16,
              14,
              15,
              9,
              6,
              3,
              2
            ]
          }
        ]
      },
      {
        "startStationCode": "211",
        "startStationName": "성수역",
        "endStationCode": "239",
        "endStationName": "홍대입구역",
        "prevStationCode": "211",
        "prevStationName": "성수역",
        "updnLine": 1,
        "directAt": 0,
        "data": [
          {
            "dow": "MON",
            "hh": "08",
            "mm": "00",
            "getOffCarRate": [
              5,
              10,
              23,
              17,
              12,
              15,
              9,
              5,
              3,
              3
            ]
          },
          {
            "dow": "MON",
            "hh": "08",
            "mm": "10",
            "getOffCarRate": [
              5,
              10,
              22,
              16,
              12,
              15,
              9,
              5,
              3,
              3
            ]
          },
          {
            "dow": "MON",
            "hh": "08",
            "mm": "20",
            "getOffCarRate": [
              5,
              11,
              21,
              16,
              12,
              16,
              8,
              5,
              3,
              3
            ]
          },
          {
            "dow": "MON",
            "hh": "08",
            "mm": "30",
            "getOffCarRate": [
              6,
              10,
              21,
              16,
              13,
              16,
              8,
              5,
              3,
              3
            ]
          },
          {
            "dow": "MON",
            "hh": "08",
            "mm": "40",
            "getOffCarRate": [
              6,
              10,
              19,
              16,
              14,
              16,
              8,
              6,
              3,
              2
            ]
          },
          {
            "dow": "MON",
            "hh": "08",
            "mm": "50",
            "getOffCarRate": [
              7,
              10,
              19,
              16,
              14,
              14,
              8,
              6,
              3,
              2
            ]
          }
        ]
      },
      {
        "startStationCode": "219",
        "startStationName": "삼성역",
        "endStationCode": "211-R",
        "endStationName": "성수역",
        "prevStationCode": "213",
        "prevStationName": "구의역",
        "updnLine": 0,
        "directAt": 0,
        "data": [
          {
            "dow": "MON",
            "hh": "08",
            "mm": "00",
            "getOffCarRate": [
              3,
              2,
              3,
              6,
              10,
              12,
              30,
              21,
              9,
              5
            ]
          },
          {
            "dow": "MON",
            "hh": "08",
            "mm": "10",
            "getOffCarRate": [
              3,
              2,
              3,
              6,
              12,
              12,
              27,
              21,
              9,
              5
            ]
          },
          {
            "dow": "MON",
            "hh": "08",
            "mm": "20",
            "getOffCarRate": [
              4,
              2,
              3,
              7,
              12,
              13,
              24,
              21,
              10,
              5
            ]
          },
          {
            "dow": "MON",
            "hh": "08",
            "mm": "30",
            "getOffCarRate": [
              4,
              3,
              3,
              7,
              12,
              13,
              23,
              21,
              10,
              5
            ]
          },
          {
            "dow": "MON",
            "hh": "08",
            "mm": "40",
            "getOffCarRate": [
              5,
              3,
              3,
              7,
              12,
              13,
              23,
              21,
              10,
              4
            ]
          },
          {
            "dow": "MON",
            "hh": "08",
            "mm": "50",
            "getOffCarRate": [
              5,
              3,
              3,
              6,
              12,
              14,
              23,
              20,
              10,
              4
            ]
          }
        ]
      },
      {
        "startStationCode": "228",
        "startStationName": "서울대입구역",
        "endStationCode": "211",
        "endStationName": "성수역",
        "prevStationCode": "213",
        "prevStationName": "구의역",
        "updnLine": 0,
        "directAt": 0,
        "data": [
          {
            "dow": "MON",
            "hh": "08",
            "mm": "00",
            "getOffCarRate": [
              3,
              2,
              3,
              6,
              10,
              12,
              30,
              21,
              9,
              5
            ]
          },
          {
            "dow": "MON",
            "hh": "08",
            "mm": "10",
            "getOffCarRate": [
              3,
              2,
              3,
              6,
              12,
              12,
              27,
              21,
              9,
              5
            ]
          },
          {
            "dow": "MON",
            "hh": "08",
            "mm": "20",
            "getOffCarRate": [
              4,
              2,
              3,
              7,
              12,
              13,
              24,
              21,
              10,
              5
            ]
          },
          {
            "dow": "MON",
            "hh": "08",
            "mm": "30",
            "getOffCarRate": [
              4,
              3,
              3,
              7,
              12,
              13,
              23,
              21,
              10,
              5
            ]
          },
          {
            "dow": "MON",
            "hh": "08",
            "mm": "40",
            "getOffCarRate": [
              5,
              3,
              3,
              7,
              12,
              13,
              23,
              21,
              10,
              4
            ]
          },
          {
            "dow": "MON",
            "hh": "08",
            "mm": "50",
            "getOffCarRate": [
              5,
              3,
              3,
              6,
              12,
              14,
              23,
              20,
              10,
              4
            ]
          }
        ]
      },
      {
        "startStationCode": "228",
        "startStationName": "서울대입구역",
        "endStationCode": "211-R",
        "endStationName": "성수역",
        "prevStationCode": "213",
        "prevStationName": "구의역",
        "updnLine": 0,
        "directAt": 0,
        "data": [
          {
            "dow": "MON",
            "hh": "08",
            "mm": "00",
            "getOffCarRate": [
              3,
              2,
              3,
              6,
              10,
              12,
              30,
              21,
              9,
              5
            ]
          },
          {
            "dow": "MON",
            "hh": "08",
            "mm": "10",
            "getOffCarRate": [
              3,
              2,
              3,
              6,
              12,
              12,
              27,
              21,
              9,
              5
            ]
          },
          {
            "dow": "MON",
            "hh": "08",
            "mm": "20",
            "getOffCarRate": [
              4,
              2,
              3,
              7,
              12,
              13,
              24,
              21,
              10,
              5
            ]
          },
          {
            "dow": "MON",
            "hh": "08",
            "mm": "30",
            "getOffCarRate": [
              4,
              3,
              3,
              7,
              12,
              13,
              23,
              21,
              10,
              5
            ]
          },
          {
            "dow": "MON",
            "hh": "08",
            "mm": "40",
            "getOffCarRate": [
              5,
              3,
              3,
              7,
              12,
              13,
              23,
              21,
              10,
              4
            ]
          },
          {
            "dow": "MON",
            "hh": "08",
            "mm": "50",
            "getOffCarRate": [
              5,
              3,
              3,
              6,
              12,
              14,
              23,
              20,
              10,
              4
            ]
          }
        ]
      },
      {
        "startStationCode": "234",
        "startStationName": "신도림역",
        "endStationCode": "211",
        "endStationName": "성수역",
        "prevStationCode": "213",
        "prevStationName": "구의역",
        "updnLine": 0,
        "directAt": 0,
        "data": [
          {
            "dow": "MON",
            "hh": "08",
            "mm": "00",
            "getOffCarRate": [
              3,
              2,
              3,
              6,
              10,
              12,
              30,
              21,
              9,
              5
            ]
          },
          {
            "dow": "MON",
            "hh": "08",
            "mm": "10",
            "getOffCarRate": [
              3,
              2,
              3,
              6,
              12,
              12,
              27,
              21,
              9,
              5
            ]
          },
          {
            "dow": "MON",
            "hh": "08",
            "mm": "20",
            "getOffCarRate": [
              4,
              2,
              3,
              7,
              12,
              13,
              24,
              21,
              10,
              5
            ]
          },
          {
            "dow": "MON",
            "hh": "08",
            "mm": "30",
            "getOffCarRate": [
              4,
              3,
              3,
              7,
              12,
              13,
              23,
              21,
              10,
              5
            ]
          },
          {
            "dow": "MON",
            "hh": "08",
            "mm": "40",
            "getOffCarRate": [
              5,
              3,
              3,
              7,
              12,
              13,
              23,
              21,
              10,
              4
            ]
          },
          {
            "dow": "MON",
            "hh": "08",
            "mm": "50",
            "getOffCarRate": [
              5,
              3,
              3,
              6,
              12,
              14,
              23,
              20,
              10,
              4
            ]
          }
        ]
      },
      {
        "startStationCode": "234",
        "startStationName": "신도림역",
        "endStationCode": "211-R",
        "endStationName": "성수역",
        "prevStationCode": "213",
        "prevStationName": "구의역",
        "updnLine": 0,
        "directAt": 0,
        "data": [
          {
            "dow": "MON",
            "hh": "08",
            "mm": "00",
            "getOffCarRate": [
              2,
              2,
              3,
              6,
              10,
              13,
              30,
              21,
              8,
              5
            ]
          },
          {
            "dow": "MON",
            "hh": "08",
            "mm": "10",
            "getOffCarRate": [
              3,
              2,
              3,
              7,
              12,
              12,
              27,
              21,
              9,
              5
            ]
          },
          {
            "dow": "MON",
            "hh": "08",
            "mm": "20",
            "getOffCarRate": [
              4,
              2,
              3,
              7,
              12,
              12,
              25,
              21,
              9,
              5
            ]
          },
          {
            "dow": "MON",
            "hh": "08",
            "mm": "30",
            "getOffCarRate": [
              5,
              3,
              4,
              8,
              12,
              13,
              23,
              19,
              9,
              5
            ]
          },
          {
            "dow": "MON",
            "hh": "08",
            "mm": "40",
            "getOffCarRate": [
              5,
              3,
              4,
              8,
              12,
              13,
              23,
              20,
              10,
              4
            ]
          },
          {
            "dow": "MON",
            "hh": "08",
            "mm": "50",
            "getOffCarRate": [
              6,
              3,
              4,
              7,
              12,
              14,
              22,
              18,
              10,
              4
            ]
          }
        ]
      },
      {
        "startStationCode": "239",
        "startStationName": "홍대입구역",
        "endStationCode": "211",
        "endStationName": "성수역",
        "prevStationCode": "213",
        "prevStationName": "구의역",
        "updnLine": 0,
        "directAt": 0,
        "data": [
          {
            "dow": "MON",
            "hh": "08",
            "mm": "00",
            "getOffCarRate": [
              3,
              2,
              3,
              6,
              10,
              12,
              30,
              21,
              9,
              5
            ]
          },
          {
            "dow": "MON",
            "hh": "08",
            "mm": "10",
            "getOffCarRate": [
              3,
              2,
              3,
              6,
              12,
              12,
              27,
              21,
              9,
              5
            ]
          },
          {
            "dow": "MON",
            "hh": "08",
            "mm": "20",
            "getOffCarRate": [
              4,
              2,
              3,
              7,
              12,
              13,
              24,
              21,
              10,
              5
            ]
          },
          {
            "dow": "MON",
            "hh": "08",
            "mm": "30",
            "getOffCarRate": [
              4,
              3,
              3,
              7,
              12,
              13,
              23,
              21,
              10,
              5
            ]
          },
          {
            "dow": "MON",
            "hh": "08",
            "mm": "40",
            "getOffCarRate": [
              5,
              3,
              3,
              7,
              12,
              13,
              23,
              21,
              10,
              4
            ]
          },
          {
            "dow": "MON",
            "hh": "08",
            "mm": "50",
            "getOffCarRate": [
              5,
              3,
              3,
              6,
              12,
              14,
              23,
              20,
              10,
              4
            ]
          }
        ]
      },
      {
        "startStationCode": "239",
        "startStationName": "홍대입구역",
        "endStationCode": "211-R",
        "endStationName": "성수역",
        "prevStationCode": "213",
        "prevStationName": "구의역",
        "updnLine": 0,
        "directAt": 0,
        "data": [
          {
            "dow": "MON",
            "hh": "08",
            "mm": "00",
            "getOffCarRate": [
              3,
              2,
              3,
              6,
              10,
              12,
              30,
              21,
              9,
              5
            ]
          },
          {
            "dow": "MON",
            "hh": "08",
            "mm": "10",
            "getOffCarRate": [
              3,
              2,
              3,
              6,
              12,
              12,
              27,
              21,
              9,
              5
            ]
          },
          {
            "dow": "MON",
            "hh": "08",
            "mm": "20",
            "getOffCarRate": [
              4,
              2,
              3,
              7,
              12,
              13,
              24,
              21,
              10,
              5
            ]
          },
          {
            "dow": "MON",
            "hh": "08",
            "mm": "30",
            "getOffCarRate": [
              4,
              3,
              3,
              7,
              12,
              13,
              23,
              21,
              10,
              5
            ]
          },
          {
            "dow": "MON",
            "hh": "08",
            "mm": "40",
            "getOffCarRate": [
              5,
              3,
              3,
              7,
              12,
              13,
              23,
              21,
              10,
              4
            ]
          },
          {
            "dow": "MON",
            "hh": "08",
            "mm": "50",
            "getOffCarRate": [
              5,
              3,
              3,
              6,
              12,
              14,
              23,
              20,
              10,
              4
            ]
          }
        ]
      }
    ],
    "statStartDate": "20230924",
    "statEndDate": "20231223"
  }
}