{
  "status": {
    "code": "00",
    "message": "success",
    "totalCount": 1
  },
  "contents": {
    "subwayLine": "2호선",
    "stationName": "봉천역",
    "stationCode": "229",
    "stat": [
      {
        "startStationCode": "202",
        "startStationName": "을지로입구역",
        "endStationCode": "211",
        "endStationName": "성수역",
        "prevStationCode": "230",
        "prevStationName": "신림역",
        "updnLine": 0,
        "directAt": 0,
        "data": [
          {
            "dow": "FRI",
            "hh": "13",
            "mm": "00",
            "getOffCarRate": [
              6,
              10,
              11,
              14,
              17,
              13,
              9,
              9,
              7,
              4
            ]
          },
          {
            "dow": "FRI",
            "hh": "13",
            "mm": "10",
            "getOffCarRate": [
              6,
              11,
              13,
              14,
              17,
              13,
              8,
              8,
              7,
              4
            ]
          },
          {
            "dow": "FRI",
            "hh": "13",
            "mm": "20",
            "getOffCarRate": [
              7,
              10,
              13,
              14,
              17,
              13,
              7,
              7,
              7,
              4
            ]
          },
          {
            "dow": "FRI",
            "hh": "13",
            "mm": "30",
            "getOffCarRate": [
              8,
              11,
              14,
              14,
              17,
              12,
              6,
              8,
              7,
              4
            ]
          },
          {
            "dow": "FRI",
            "hh": "13",
            "mm": "40",
            "getOffCarRate": [
              8,
              10,
              13,
              14,
              19,
              11,
              6,
              8,
              8,
              3
            ]
          },
          {
            "dow": "FRI",
            "hh": "13",
            "mm": "50",
            "getOffCarRate": [
              9,
              11,
              13,
              13,
              19,
              10,
              6,
              8,
              8,
              4
            ]
          }
        ]
      },
      {
        "startStationCode": "202",
        "startStationName": "을지로입구역",
        "endStationCode": "211-R",
        "endStationName": "성수역",
        "prevStationCode": "230",
        "prevStationName": "신림역",
        "updnLine": 0,
        "directAt": 0,
        "data": [
          {
            "dow": "FRI",
            "hh": "13",
            "mm": "00",
            "getOffCarRate": [
              6,
              10,
              11,
              14,
              17,
              13,
              9,
              9,
              7,
              4
            ]
          },
          {
            "dow": "FRI",
            "hh": "13",
            "mm": "10",
            "getOffCarRate": [
              6,
              11,
              13,
              14,
              17,
              13,
              8,
              8,
              7,
              4
            ]
          },
          {
            "dow": "FRI",
            "hh": "13",
            "mm": "20",
            "getOffCarRate": [
              7,
              10,
              13,
              14,
              17,
              13,
              7,
              7,
              7,
              4
            ]
          },
          {
            "dow": "FRI",
            "hh": "13",
            "mm": "30",
            "getOffCarRate": [
              8,
              11,
              14,
              14,
              17,
              12,
              6,
              8,
              7,
              4
            ]
          },
          {
            "dow": "FRI",
            "hh": "13",
            "mm": "40",
            "getOffCarRate": [
              8,
              10,
              13,
              14,
              19,
              11,
              6,
              8,
              8,
              3
            ]
          },
          {
            "dow": "FRI",
            "hh": "13",
            "mm": "50",
            "getOffCarRate": [
              9,
              11,
              13,
              13,
              19,
              10,
              6,
              8,
              8,
              4
            ]
          }
        ]
      },
      {
        "startStationCode": "211",
        "startStationName": "성수역",
        "endStationCode": "202",
        "endStationName": "을지로입구역",
        "prevStationCode": "228",
        "prevStationName": "서울대입구역",
        "updnLine": 1,
        "directAt": 0,
        "data": [
          {
            "dow": "FRI",
            "hh": "13",
            "mm": "00",
            "getOffCarRate": [
              6,
              8,
              8,
              11,
              17,
              18,
              12,
              8,
              7,
              6
            ]
          },
          {
            "dow": "FRI",
            "hh": "13",
            "mm": "10",
            "getOffCarRate": [
              6,
              8,
              8,
              11,
              16,
              17,
              12,
              9,
              8,
              6
            ]
          },
          {
            "dow": "FRI",
            "hh": "13",
            "mm": "20",
            "getOffCarRate": [
              6,
              9,
              9,
              10,
              17,
              16,
              12,
              9,
              7,
              6
            ]
          },
          {
            "dow": "FRI",
            "hh": "13",
            "mm": "30",
            "getOffCarRate": [
              5,
              9,
              9,
              11,
              16,
              16,
              12,
              9,
              7,
              6
            ]
          },
          {
            "dow": "FRI",
            "hh": "13",
            "mm": "40",
            "getOffCarRate": [
              5,
              8,
              9,
              11,
              17,
              16,
              11,
              10,
              7,
              6
            ]
          },
          {
            "dow": "FRI",
            "hh": "13",
            "mm": "50",
            "getOffCarRate": [
              5,
              7,
              8,
              11,
              17,
              18,
              12,
              9,
              7,
              6
            ]
          }
        ]
      },
      {
        "startStationCode": "211",
        "startStationName": "성수역",
        "endStationCode": "211",
        "endStationName": "성수역",
        "prevStationCode": "230",
        "prevStationName": "신림역",
        "updnLine": 0,
        "directAt": 0,
        "data": [
          {
            "dow": "FRI",
            "hh": "13",
            "mm": "00",
            "getOffCarRate": [
              6,
              10,
              11,
              14,
              17,
              13,
              9,
              9,
              7,
              4
            ]
          },
          {
            "dow": "FRI",
            "hh": "13",
            "mm": "10",
            "getOffCarRate": [
              6,
              11,
              13,
              14,
              17,
              13,
              8,
              8,
              7,
              4
            ]
          },
          {
            "dow": "FRI",
            "hh": "13",
            "mm": "20",
            "getOffCarRate": [
              7,
              10,
              13,
              14,
              17,
              13,
              7,
              7,
              7,
              4
            ]
          },
          {
            "dow": "FRI",
            "hh": "13",
            "mm": "30",
            "getOffCarRate": [
              8,
              11,
              14,
              14,
              17,
              12,
              6,
              8,
              7,
              4
            ]
          },
          {
            "dow": "FRI",
            "hh": "13",
            "mm": "40",
            "getOffCarRate": [
              8,
              10,
              13,
              14,
              19,
              11,
              6,
              8,
              8,
              3
            ]
          },
          {
            "dow": "FRI",
            "hh": "13",
            "mm": "50",
            "getOffCarRate": [
              9,
              11,
              13,
              13,
              19,
              10,
              6,
              8,
              8,
              4
            ]
          }
        ]
      },
      {
        "startStationCode": "211",
        "startStationName": "성수역",
        "endStationCode": "211",
        "endStationName": "성수역",
        "prevStationCode": "228",
        "prevStationName": "서울대입구역",
        "updnLine": 1,
        "directAt": 0,
        "data": [
          {
            "dow": "FRI",
            "hh": "13",
            "mm": "00",
            "getOffCarRate": [
              6,
              8,
              8,
              11,
              17,
              18,
              12,
              8,
              7,
              6
            ]
          },
          {
            "dow": "FRI",
            "hh": "13",
            "mm": "10",
            "getOffCarRate": [
              6,
              8,
              8,
              11,
              16,
              17,
              12,
              9,
              8,
              6
            ]
          },
          {
            "dow": "FRI",
            "hh": "13",
            "mm": "20",
            "getOffCarRate": [
              6,
              9,
              9,
              10,
              17,
              16,
              12,
              9,
              7,
              6
            ]
          },
          {
            "dow": "FRI",
            "hh": "13",
            "mm": "30",
            "getOffCarRate": [
              5,
              9,
              9,
              11,
              16,
              16,
              12,
              9,
              7,
              6
            ]
          },
          {
            "dow": "FRI",
            "hh": "13",
            "mm": "40",
            "getOffCarRate": [
              5,
              8,
              9,
              11,
              17,
              16,
              11,
              10,
              7,
              6
            ]
          },
          {
            "dow": "FRI",
            "hh": "13",
            "mm": "50",
            "getOffCarRate": [
              5,
              7,
              8,
              11,
              17,
              18,
              12,
              9,
              7,
              6
            ]
          }
        ]
      },
      {
        "startStationCode": "211",
        "startStationName": "성수역",
        "endStationCode": "211-R",
        "endStationName": "성수역",
        "prevStationCode": "230",
        "prevStationName": "신림역",
        "updnLine": 0,
        "directAt": 0,
        "data": [
          {
            "dow": "FRI",
            "hh": "13",
            "mm": "00",
            "getOffCarRate": [
              6,
              11,
              11,
              14,
              17,
              13,
              9,
              9,
              7,
              4
            ]
          },
          {
            "dow": "FRI",
            "hh": "13",
            "mm": "10",
            "getOffCarRate": [
              6,
              11,
              13,
              13,
              17,
              13,
              8,
              8,
              7,
              4
            ]
          },
          {
            "dow": "FRI",
            "hh": "13",
            "mm": "20",
            "getOffCarRate": [
              7,
              10,
              13,
              14,
              17,
              13,
              7,
              7,
              7,
              4
            ]
          },
          {
            "dow": "FRI",
            "hh": "13",
            "mm": "30",
            "getOffCarRate": [
              8,
              11,
              13,
              14,
              17,
              12,
              6,
              8,
              7,
              4
            ]
          },
          {
            "dow": "FRI",
            "hh": "13",
            "mm": "40",
            "getOffCarRate": [
              8,
              11,
              13,
              14,
              19,
              11,
              6,
              8,
              8,
              3
            ]
          },
          {
            "dow": "FRI",
            "hh": "13",
            "mm": "50",
            "getOffCarRate": [
              9,
              11,
              13,
              13,
              19,
              10,
              6,
              8,
              8,
              4
            ]
          }
        ]
      },
      {
        "startStationCode": "211",
        "startStationName": "성수역",
        "endStationCode": "211-R",
        "endStationName": "성수역",
        "prevStationCode": "228",
        "prevStationName": "서울대입구역",
        "updnLine": 1,
        "directAt": 0,
        "data": [
          {
            "dow": "FRI",
            "hh": "13",
            "mm": "00",
            "getOffCarRate": [
              6,
              8,
              8,
              11,
              17,
              18,
              12,
              8,
              7,
              6
            ]
          },
          {
            "dow": "FRI",
            "hh": "13",
            "mm": "10",
            "getOffCarRate": [
              6,
              8,
              8,
              11,
              17,
              17,
              12,
              9,
              8,
              6
            ]
          },
          {
            "dow": "FRI",
            "hh": "13",
            "mm": "20",
            "getOffCarRate": [
              6,
              9,
              9,
              10,
              17,
              16,
              12,
              9,
              7,
              6
            ]
          },
          {
            "dow": "FRI",
            "hh": "13",
            "mm": "30",
            "getOffCarRate": [
              5,
              9,
              9,
              11,
              16,
              16,
              11,
              9,
              7,
              6
            ]
          },
          {
            "dow": "FRI",
            "hh": "13",
            "mm": "40",
            "getOffCarRate": [
              5,
              8,
              9,
              11,
              17,
              16,
              11,
              10,
              7,
              6
            ]
          },
          {
            "dow": "FRI",
            "hh": "13",
            "mm": "50",
            "getOffCarRate": [
              5,
              7,
              8,
              11,
              17,
              18,
              12,
              10,
              7,
              6
            ]
          }
        ]
      },
      {
        "startStationCode": "211",
        "startStationName": "성수역",
        "endStationCode": "219",
        "endStationName": "삼성역",
        "prevStationCode": "230",
        "prevStationName": "신림역",
        "updnLine": 0,
        "directAt": 0,
        "data": [
          {
            "dow": "FRI",
            "hh": "13",
            "mm": "00",
            "getOffCarRate": [
              6,
              10,
              11,
              14,
              17,
              13,
              9,
              9,
              7,
              4
            ]
          },
          {
            "dow": "FRI",
            "hh": "13",
            "mm": "10",
            "getOffCarRate": [
              6,
              11,
              13,
              14,
              17,
              13,
              8,
              8,
              7,
              4
            ]
          },
          {
            "dow": "FRI",
            "hh": "13",
            "mm": "20",
            "getOffCarRate": [
              7,
              10,
              13,
              14,
              17,
              13,
              7,
              7,
              7,
              4
            ]
          },
          {
            "dow": "FRI",
            "hh": "13",
            "mm": "30",
            "getOffCarRate": [
              8,
              11,
              14,
              14,
              17,
              12,
              6,
              8,
              7,
              4
            ]
          },
          {
            "dow": "FRI",
            "hh": "13",
            "mm": "40",
            "getOffCarRate": [
              8,
              10,
              13,
              14,
              19,
              11,
              6,
              8,
              8,
              3
            ]
          },
          {
            "dow": "FRI",
            "hh": "13",
            "mm": "50",
            "getOffCarRate": [
              9,
              11,
              13,
              13,
              19,
              10,
              6,
              8,
              8,
              4
            ]
          }
        ]
      },
      {
        "startStationCode": "211",
        "startStationName": "성수역",
        "endStationCode": "228",
        "endStationName": "서울대입구역",
        "prevStationCode": "230",
        "prevStationName": "신림역",
        "updnLine": 0,
        "directAt": 0,
        "data": [
          {
            "dow": "FRI",
            "hh": "13",
            "mm": "00",
            "getOffCarRate": [
              6,
              10,
              11,
              14,
              17,
              13,
              9,
              9,
              7,
              4
            ]
          },
          {
            "dow": "FRI",
            "hh": "13",
            "mm": "10",
            "getOffCarRate": [
              6,
              11,
              13,
              14,
              17,
              13,
              8,
              8,
              7,
              4
            ]
          },
          {
            "dow": "FRI",
            "hh": "13",
            "mm": "20",
            "getOffCarRate": [
              7,
              10,
              13,
              14,
              17,
              13,
              7,
              7,
              7,
              4
            ]
          },
          {
            "dow": "FRI",
            "hh": "13",
            "mm": "30",
            "getOffCarRate": [
              8,
              11,
              14,
              14,
              17,
              12,
              6,
              8,
              7,
              4
            ]
          },
          {
            "dow": "FRI",
            "hh": "13",
            "mm": "40",
            "getOffCarRate": [
              8,
              10,
              13,
              14,
              19,
              11,
              6,
              8,
              8,
              3
            ]
          },
          {
            "dow": "FRI",
            "hh": "13",
            "mm": "50",
            "getOffCarRate": [
              9,
              11,
              13,
              13,
              19,
              10,
              6,
              8,
              8,
              4
            ]
          }
        ]
      },
      {
        "startStationCode": "211",
        "startStationName": "성수역",
        "endStationCode": "234",
        "endStationName": "신도림역",
        "prevStationCode": "228",
        "prevStationName": "서울대입구역",
        "updnLine": 1,
        "directAt": 0,
        "data": [
          {
            "dow": "FRI",
            "hh": "13",
            "mm": "00",
            "getOffCarRate": [
              6,
              8,
              8,
              11,
              17,
              18,
              12,
              8,
              7,
              6
            ]
          },
          {
            "dow": "FRI",
            "hh": "13",
            "mm": "10",
            "getOffCarRate": [
              6,
              8,
              8,
              11,
              16,
              17,
              12,
              9,
              8,
              6
            ]
          },
          {
            "dow": "FRI",
            "hh": "13",
            "mm": "20",
            "getOffCarRate": [
              6,
              9,
              9,
              10,
              17,
              16,
              12,
              9,
              7,
              6
            ]
          },
          {
            "dow": "FRI",
            "hh": "13",
            "mm": "30",
            "getOffCarRate": [
              5,
              9,
              9,
              11,
              16,
              16,
              12,
              9,
              7,
              6
            ]
          },
          {
            "dow": "FRI",
            "hh": "13",
            "mm": "40",
            "getOffCarRate": [
              5,
              8,
              9,
              11,
              17,
              16,
              11,
              10,
              7,
              6
            ]
          },
          {
            "dow": "FRI",
            "hh": "13",
            "mm": "50",
            "getOffCarRate": [
              5,
              7,
              8,
              11,
              17,
              18,
              12,
              9,
              7,
              6
            ]
          }
        ]
      },
      {
        "startStationCode": "211",
        "startStationName": "성수역",
        "endStationCode": "239",
        "endStationName": "홍대입구역",
        "prevStationCode": "228",
        "prevStationName": "서울대입구역",
        "updnLine": 1,
        "directAt": 0,
        "data": [
          {
            "dow": "FRI",
            "hh": "13",
            "mm": "00",
            "getOffCarRate": [
              6,
              8,
              8,
              11,
              17,
              18,
              12,
              8,
              7,
              6
            ]
          },
          {
            "dow": "FRI",
            "hh": "13",
            "mm": "10",
            "getOffCarRate": [
              6,
              8,
              8,
              11,
              16,
              17,
              12,
              9,
              8,
              6
            ]
          },
          {
            "dow": "FRI",
            "hh": "13",
            "mm": "20",
            "getOffCarRate": [
              6,
              9,
              9,
              10,
              17,
              16,
              12,
              9,
              7,
              6
            ]
          },
          {
            "dow": "FRI",
            "hh": "13",
            "mm": "30",
            "getOffCarRate": [
              5,
              9,
              9,
              11,
              16,
              16,
              12,
              9,
              7,
              6
            ]
          },
          {
            "dow": "FRI",
            "hh": "13",
            "mm": "40",
            "getOffCarRate": [
              5,
              8,
              9,
              11,
              17,
              16,
              11,
              10,
              7,
              6
            ]
          },
          {
            "dow": "FRI",
            "hh": "13",
            "mm": "50",
            "getOffCarRate": [
              5,
              7,
              8,
              11,
              17,
              18,
              12,
              9,
              7,
              6
            ]
          }
        ]
      },
      {
        "startStationCode": "219",
        "startStationName": "삼성역",
        "endStationCode": "211-R",
        "endStationName": "성수역",
        "prevStationCode": "228",
        "prevStationName": "서울대입구역",
        "updnLine": 1,
        "directAt": 0,
        "data": [
          {
            "dow": "FRI",
            "hh": "13",
            "mm": "00",
            "getOffCarRate": [
              6,
              8,
              8,
              11,
              17,
              18,
              12,
              8,
              7,
              6
            ]
          },
          {
            "dow": "FRI",
            "hh": "13",
            "mm": "10",
            "getOffCarRate": [
              6,
              8,
              8,
              11,
              16,
              17,
              12,
              9,
              8,
              6
            ]
          },
          {
            "dow": "FRI",
            "hh": "13",
            "mm": "20",
            "getOffCarRate": [
              6,
              9,
              9,
              10,
              17,
              16,
              12,
              9,
              7,
              6
            ]
          },
          {
            "dow": "FRI",
            "hh": "13",
            "mm": "30",
            "getOffCarRate": [
              5,
              9,
              9,
              11,
              16,
              16,
              12,
              9,
              7,
              6
            ]
          },
          {
            "dow": "FRI",
            "hh": "13",
            "mm": "40",
            "getOffCarRate": [
              5,
              8,
              9,
              11,
              17,
              16,
              11,
              10,
              7,
              6
            ]
          },
          {
            "dow": "FRI",
            "hh": "13",
            "mm": "50",
            "getOffCarRate": [
              5,
              7,
              8,
              11,
              17,
              18,
              12,
              9,
              7,
              6
            ]
          }
        ]
      },
      {
        "startStationCode": "228",
        "startStationName": "서울대입구역",
        "endStationCode": "211",
        "endStationName": "성수역",
        "prevStationCode": "228",
        "prevStationName": "서울대입구역",
        "updnLine": 1,
        "directAt": 0,
        "data": [
          {
            "dow": "FRI",
            "hh": "13",
            "mm": "00",
            "getOffCarRate": [
              6,
              8,
              8,
              11,
              17,
              18,
              12,
              8,
              7,
              6
            ]
          },
          {
            "dow": "FRI",
            "hh": "13",
            "mm": "10",
            "getOffCarRate": [
              6,
              8,
              8,
              11,
              16,
              17,
              12,
              9,
              8,
              6
            ]
          },
          {
            "dow": "FRI",
            "hh": "13",
            "mm": "20",
            "getOffCarRate": [
              6,
              9,
              9,
              10,
              17,
              16,
              12,
              9,
              7,
              6
            ]
          },
          {
            "dow": "FRI",
            "hh": "13",
            "mm": "30",
            "getOffCarRate": [
              5,
              9,
              9,
              11,
              16,
              16,
              12,
              9,
              7,
              6
            ]
          },
          {
            "dow": "FRI",
            "hh": "13",
            "mm": "40",
            "getOffCarRate": [
              5,
              8,
              9,
              11,
              17,
              16,
              11,
              10,
              7,
              6
            ]
          },
          {
            "dow": "FRI",
            "hh": "13",
            "mm": "50",
            "getOffCarRate": [
              5,
              7,
              8,
              11,
              17,
              18,
              12,
              9,
              7,
              6
            ]
          }
        ]
      },
      {
        "startStationCode": "228",
        "startStationName": "서울대입구역",
        "endStationCode": "211-R",
        "endStationName": "성수역",
        "prevStationCode": "228",
        "prevStationName": "서울대입구역",
        "updnLine": 1,
        "directAt": 0,
        "data": [
          {
            "dow": "FRI",
            "hh": "13",
            "mm": "00",
            "getOffCarRate": [
              6,
              8,
              8,
              11,
              17,
              18,
              12,
              8,
              7,
              6
            ]
          },
          {
            "dow": "FRI",
            "hh": "13",
            "mm": "10",
            "getOffCarRate": [
              6,
              8,
              8,
              11,
              16,
              17,
              12,
              9,
              8,
              6
            ]
          },
          {
            "dow": "FRI",
            "hh": "13",
            "mm": "20",
            "getOffCarRate": [
              6,
              9,
              9,
              10,
              17,
              16,
              12,
              9,
              7,
              6
            ]
          },
          {
            "dow": "FRI",
            "hh": "13",
            "mm": "30",
            "getOffCarRate": [
              5,
              9,
              9,
              11,
              16,
              16,
              12,
              9,
              7,
              6
            ]
          },
          {
            "dow": "FRI",
            "hh": "13",
            "mm": "40",
            "getOffCarRate": [
              5,
              8,
              9,
              11,
              17,
              16,
              11,
              10,
              7,
              6
            ]
          },
          {
            "dow": "FRI",
            "hh": "13",
            "mm": "50",
            "getOffCarRate": [
              5,
              7,
              8,
              11,
              17,
              18,
              12,
              9,
              7,
              6
            ]
          }
        ]
      },
      {
        "startStationCode": "234",
        "startStationName": "신도림역",
        "endStationCode": "211",
        "endStationName": "성수역",
        "prevStationCode": "230",
        "prevStationName": "신림역",
        "updnLine": 0,
        "directAt": 0,
        "data": [
          {
            "dow": "FRI",
            "hh": "13",
            "mm": "00",
            "getOffCarRate": [
              6,
              10,
              11,
              14,
              17,
              13,
              9,
              9,
              7,
              4
            ]
          },
          {
            "dow": "FRI",
            "hh": "13",
            "mm": "10",
            "getOffCarRate": [
              6,
              11,
              13,
              14,
              17,
              13,
              8,
              8,
              7,
              4
            ]
          },
          {
            "dow": "FRI",
            "hh": "13",
            "mm": "20",
            "getOffCarRate": [
              7,
              10,
              13,
              14,
              17,
              13,
              7,
              7,
              7,
              4
            ]
          },
          {
            "dow": "FRI",
            "hh": "13",
            "mm": "30",
            "getOffCarRate": [
              8,
              11,
              14,
              14,
              17,
              12,
              6,
              8,
              7,
              4
            ]
          },
          {
            "dow": "FRI",
            "hh": "13",
            "mm": "40",
            "getOffCarRate": [
              8,
              10,
              13,
              14,
              19,
              11,
              6,
              8,
              8,
              3
            ]
          },
          {
            "dow": "FRI",
            "hh": "13",
            "mm": "50",
            "getOffCarRate": [
              9,
              11,
              13,
              13,
              19,
              10,
              6,
              8,
              8,
              4
            ]
          }
        ]
      },
      {
        "startStationCode": "234",
        "startStationName": "신도림역",
        "endStationCode": "211-R",
        "endStationName": "성수역",
        "prevStationCode": "230",
        "prevStationName": "신림역",
        "updnLine": 0,
        "directAt": 0,
        "data": [
          {
            "dow": "FRI",
            "hh": "13",
            "mm": "00",
            "getOffCarRate": [
              6,
              10,
              11,
              14,
              17,
              13,
              9,
              9,
              7,
              4
            ]
          },
          {
            "dow": "FRI",
            "hh": "13",
            "mm": "10",
            "getOffCarRate": [
              6,
              11,
              13,
              14,
              17,
              13,
              8,
              8,
              7,
              4
            ]
          },
          {
            "dow": "FRI",
            "hh": "13",
            "mm": "20",
            "getOffCarRate": [
              7,
              10,
              13,
              14,
              17,
              13,
              7,
              7,
              7,
              4
            ]
          },
          {
            "dow": "FRI",
            "hh": "13",
            "mm": "30",
            "getOffCarRate": [
              8,
              11,
              14,
              14,
              17,
              12,
              6,
              8,
              7,
              4
            ]
          },
          {
            "dow": "FRI",
            "hh": "13",
            "mm": "40",
            "getOffCarRate": [
              8,
              10,
              13,
              14,
              19,
              11,
              6,
              8,
              8,
              3
            ]
          },
          {
            "dow": "FRI",
            "hh": "13",
            "mm": "50",
            "getOffCarRate": [
              9,
              11,
              13,
              13,
              19,
              10,
              6,
              8,
              8,
              4
            ]
          }
        ]
      },
      {
        "startStationCode": "239",
        "startStationName": "홍대입구역",
        "endStationCode": "211",
        "endStationName": "성수역",
        "prevStationCode": "230",
        "prevStationName": "신림역",
        "updnLine": 0,
        "directAt": 0,
        "data": [
          {
            "dow": "FRI",
            "hh": "13",
            "mm": "00",
            "getOffCarRate": [
              6,
              10,
              11,
              14,
              17,
              13,
              9,
              9,
              7,
              4
            ]
          },
          {
            "dow": "FRI",
            "hh": "13",
            "mm": "10",
            "getOffCarRate": [
              6,
              11,
              13,
              14,
              17,
              13,
              8,
              8,
              7,
              4
            ]
          },
          {
            "dow": "FRI",
            "hh": "13",
            "mm": "20",
            "getOffCarRate": [
              7,
              10,
              13,
              14,
              17,
              13,
              7,
              7,
              7,
              4
            ]
          },
          {
            "dow": "FRI",
            "hh": "13",
            "mm": "30",
            "getOffCarRate": [
              8,
              11,
              14,
              14,
              17,
              12,
              6,
              8,
              7,
              4
            ]
          },
          {
            "dow": "FRI",
            "hh": "13",
            "mm": "40",
            "getOffCarRate": [
              8,
              10,
              13,
              14,
              19,
              11,
              6,
              8,
              8,
              3
            ]
          },
          {
            "dow": "FRI",
            "hh": "13",
            "mm": "50",
            "getOffCarRate": [
              9,
              11,
              13,
              13,
              19,
              10,
              6,
              8,
              8,
              4
            ]
          }
        ]
      },
      {
        "startStationCode": "239",
        "startStationName": "홍대입구역",
        "endStationCode": "211-R",
        "endStationName": "성수역",
        "prevStationCode": "230",
        "prevStationName": "신림역",
        "updnLine": 0,
        "directAt": 0,
        "data": [
          {
            "dow": "FRI",
            "hh": "13",
            "mm": "00",
            "getOffCarRate": [
              6,
              10,
              11,
              14,
              17,
              13,
              9,
              9,
              7,
              4
            ]
          },
          {
            "dow": "FRI",
            "hh": "13",
            "mm": "10",
            "getOffCarRate": [
              6,
              11,
              13,
              14,
              17,
              13,
              8,
              8,
              7,
              4
            ]
          },
          {
            "dow": "FRI",
            "hh": "13",
            "mm": "20",
            "getOffCarRate": [
              7,
              10,
              13,
              14,
              17,
              13,
              7,
              7,
              7,
              4
            ]
          },
          {
            "dow": "FRI",
            "hh": "13",
            "mm": "30",
            "getOffCarRate": [
              8,
              11,
              14,
              14,
              17,
              12,
              6,
              8,
              7,
              4
            ]
          },
          {
            "dow": "FRI",
            "hh": "13",
            "mm": "40",
            "getOffCarRate": [
              8,
              10,
              13,
              14,
              19,
              11,
              6,
              8,
              8,
              3
            ]
          },
          {
            "dow": "FRI",
            "hh": "13",
            "mm": "50",
            "getOffCarRate": [
              9,
              11,
              13,
              13,
              19,
              10,
              6,
              8,
              8,
              4
            ]
          }
        ]
      }
    ],
    "statStartDate": "20230924",
    "statEndDate": "20231223"
  }
}