{
  "status": {
    "code": "00",
    "message": "success",
    "totalCount": 1
  },
  "contents": {
    "subwayLine": "2호선",
    "stationName": "뚝섬역",
    "stationCode": "210",
    "stat": [
      {
        "startStationCode": "202",
        "startStationName": "을지로입구역",
        "endStationCode": "211",
        "endStationName": "성수역",
        "prevStationCode": "209",
        "prevStationName": "한양대역",
        "updnLine": 1,
        "directAt": 0,
        "data": [
          {
            "dow": "MON",
            "hh": "08",
            "mm": "00",
            "getOffCarRate": [
              8,
              13,
              9,
              15,
              12,
              10,
              8,
              9,
              8,
              8
            ]
          },
          {
            "dow": "MON",
            "hh": "08",
            "mm": "10",
            "getOffCarRate": [
              8,
              14,
              9,
              15,
              11,
              9,
              8,
              10,
              9,
              8
            ]
          },
          {
            "dow": "MON",
            "hh": "08",
            "mm": "20",
            "getOffCarRate": [
              8,
              14,
              9,
              14,
              11,
              10,
              8,
              10,
              9,
              8
            ]
          },
          {
            "dow": "MON",
            "hh": "08",
            "mm": "30",
            "getOffCarRate": [
              8,
              14,
              9,
              14,
              11,
              10,
              8,
              9,
              9,
              8
            ]
          },
          {
            "dow": "MON",
            "hh": "08",
            "mm": "40",
            "getOffCarRate": [
              8,
              13,
              9,
              13,
              11,
              10,
              9,
              9,
              10,
              7
            ]
          },
          {
            "dow": "MON",
            "hh": "08",
            "mm": "50",
            "getOffCarRate": [
              8,
              13,
              9,
              13,
              11,
              10,
              10,
              9,
              10,
              7
            ]
          }
        ]
      },
      {
        "startStationCode": "202",
        "startStationName": "을지로입구역",
        "endStationCode": "211-R",
        "endStationName": "성수역",
        "prevStationCode": "209",
        "prevStationName": "한양대역",
        "updnLine": 1,
        "directAt": 0,
        "data": [
          {
            "dow": "MON",
            "hh": "08",
            "mm": "00",
            "getOffCarRate": [
              8,
              13,
              9,
              15,
              12,
              10,
              8,
              9,
              8,
              8
            ]
          },
          {
            "dow": "MON",
            "hh": "08",
            "mm": "10",
            "getOffCarRate": [
              8,
              14,
              9,
              15,
              11,
              9,
              8,
              10,
              9,
              8
            ]
          },
          {
            "dow": "MON",
            "hh": "08",
            "mm": "20",
            "getOffCarRate": [
              8,
              14,
              9,
              14,
              11,
              10,
              8,
              10,
              9,
              8
            ]
          },
          {
            "dow": "MON",
            "hh": "08",
            "mm": "30",
            "getOffCarRate": [
              8,
              14,
              9,
              14,
              11,
              10,
              8,
              9,
              9,
              8
            ]
          },
          {
            "dow": "MON",
            "hh": "08",
            "mm": "40",
            "getOffCarRate": [
              8,
              13,
              9,
              13,
              11,
              10,
              9,
              9,
              10,
              7
            ]
          },
          {
            "dow": "MON",
            "hh": "08",
            "mm": "50",
            "getOffCarRate": [
              8,
              13,
              9,
              13,
              11,
              10,
              10,
              9,
              10,
              7
            ]
          }
        ]
      },
      {
        "startStationCode": "211",
        "startStationName": "성수역",
        "endStationCode": "202",
        "endStationName": "을지로입구역",
        "prevStationCode": "211",
        "prevStationName": "성수역",
        "updnLine": 0,
        "directAt": 0,
        "data": [
          {
            "dow": "MON",
            "hh": "08",
            "mm": "00",
            "getOffCarRate": [
              5,
              7,
              8,
              12,
              13,
              15,
              15,
              10,
              10,
              5
            ]
          },
          {
            "dow": "MON",
            "hh": "08",
            "mm": "10",
            "getOffCarRate": [
              2,
              4,
              6,
              9,
              14,
              16,
              18,
              14,
              14,
              5
            ]
          },
          {
            "dow": "MON",
            "hh": "08",
            "mm": "20",
            "getOffCarRate": [
              2,
              3,
              5,
              10,
              13,
              17,
              19,
              13,
              13,
              4
            ]
          },
          {
            "dow": "MON",
            "hh": "08",
            "mm": "30",
            "getOffCarRate": [
              2,
              4,
              5,
              10,
              13,
              16,
              18,
              13,
              14,
              4
            ]
          },
          {
            "dow": "MON",
            "hh": "08",
            "mm": "40",
            "getOffCarRate": [
              2,
              5,
              5,
              10,
              14,
              17,
              17,
              13,
              14,
              4
            ]
          },
          {
            "dow": "MON",
            "hh": "08",
            "mm": "50",
            "getOffCarRate": [
              2,
              4,
              5,
              10,
              14,
              17,
              17,
              14,
              14,
              4
            ]
          }
        ]
      },
      {
        "startStationCode": "211",
        "startStationName": "성수역",
        "endStationCode": "211",
        "endStationName": "성수역",
        "prevStationCode": "211",
        "prevStationName": "성수역",
        "updnLine": 0,
        "directAt": 0,
        "data": [
          {
            "dow": "MON",
            "hh": "08",
            "mm": "00",
            "getOffCarRate": [
              5,
              7,
              9,
              12,
              13,
              15,
              14,
              9,
              10,
              5
            ]
          },
          {
            "dow": "MON",
            "hh": "08",
            "mm": "10",
            "getOffCarRate": [
              2,
              5,
              7,
              9,
              13,
              15,
              19,
              14,
              13,
              4
            ]
          },
          {
            "dow": "MON",
            "hh": "08",
            "mm": "20",
            "getOffCarRate": [
              3,
              3,
              6,
              10,
              11,
              18,
              21,
              12,
              12,
              3
            ]
          },
          {
            "dow": "MON",
            "hh": "08",
            "mm": "30",
            "getOffCarRate": [
              3,
              4,
              6,
              10,
              11,
              16,
              21,
              12,
              14,
              3
            ]
          },
          {
            "dow": "MON",
            "hh": "08",
            "mm": "40",
            "getOffCarRate": [
              3,
              5,
              6,
              10,
              12,
              17,
              19,
              12,
              15,
              2
            ]
          },
          {
            "dow": "MON",
            "hh": "08",
            "mm": "50",
            "getOffCarRate": [
              3,
              4,
              5,
              10,
              12,
              17,
              19,
              13,
              16,
              3
            ]
          }
        ]
      },
      {
        "startStationCode": "211",
        "startStationName": "성수역",
        "endStationCode": "211",
        "endStationName": "성수역",
        "prevStationCode": "209",
        "prevStationName": "한양대역",
        "updnLine": 1,
        "directAt": 0,
        "data": [
          {
            "dow": "MON",
            "hh": "08",
            "mm": "00",
            "getOffCarRate": [
              8,
              13,
              9,
              15,
              12,
              10,
              8,
              9,
              8,
              8
            ]
          },
          {
            "dow": "MON",
            "hh": "08",
            "mm": "10",
            "getOffCarRate": [
              8,
              14,
              9,
              15,
              11,
              9,
              8,
              10,
              9,
              8
            ]
          },
          {
            "dow": "MON",
            "hh": "08",
            "mm": "20",
            "getOffCarRate": [
              8,
              14,
              9,
              14,
              11,
              10,
              8,
              10,
              9,
              8
            ]
          },
          {
            "dow": "MON",
            "hh": "08",
            "mm": "30",
            "getOffCarRate": [
              8,
              14,
              9,
              14,
              11,
              10,
              8,
              9,
              9,
              8
            ]
          },
          {
            "dow": "MON",
            "hh": "08",
            "mm": "40",
            "getOffCarRate": [
              8,
              13,
              9,
              13,
              11,
              10,
              9,
              9,
              10,
              7
            ]
          },
          {
            "dow": "MON",
            "hh": "08",
            "mm": "50",
            "getOffCarRate": [
              8,
              13,
              9,
              13,
              11,
              10,
              10,
              9,
              10,
              7
            ]
          }
        ]
      },
      {
        "startStationCode": "211",
        "startStationName": "성수역",
        "endStationCode": "211-R",
        "endStationName": "성수역",
        "prevStationCode": "211",
        "prevStationName": "성수역",
        "updnLine": 0,
        "directAt": 0,
        "data": [
          {
            "dow": "MON",
            "hh": "08",
            "mm": "00",
            "getOffCarRate": [
              5,
              7,
              8,
              12,
              13,
              15,
              14,
              10,
              10,
              5
            ]
          },
          {
            "dow": "MON",
            "hh": "08",
            "mm": "10",
            "getOffCarRate": [
              2,
              4,
              5,
              9,
              15,
              16,
              17,
              14,
              14,
              4
            ]
          },
          {
            "dow": "MON",
            "hh": "08",
            "mm": "20",
            "getOffCarRate": [
              2,
              4,
              5,
              10,
              14,
              18,
              17,
              13,
              14,
              4
            ]
          },
          {
            "dow": "MON",
            "hh": "08",
            "mm": "30",
            "getOffCarRate": [
              2,
              4,
              4,
              10,
              14,
              17,
              18,
              13,
              15,
              3
            ]
          },
          {
            "dow": "MON",
            "hh": "08",
            "mm": "40",
            "getOffCarRate": [
              2,
              5,
              5,
              10,
              14,
              17,
              17,
              13,
              14,
              4
            ]
          },
          {
            "dow": "MON",
            "hh": "08",
            "mm": "50",
            "getOffCarRate": [
              2,
              4,
              4,
              11,
              14,
              16,
              18,
              14,
              14,
              4
            ]
          }
        ]
      },
      {
        "startStationCode": "211",
        "startStationName": "성수역",
        "endStationCode": "211-R",
        "endStationName": "성수역",
        "prevStationCode": "209",
        "prevStationName": "한양대역",
        "updnLine": 1,
        "directAt": 0,
        "data": [
          {
            "dow": "MON",
            "hh": "08",
            "mm": "00",
            "getOffCarRate": [
              8,
              14,
              9,
              16,
              12,
              9,
              8,
              9,
              8,
              7
            ]
          },
          {
            "dow": "MON",
            "hh": "08",
            "mm": "10",
            "getOffCarRate": [
              8,
              13,
              9,
              15,
              11,
              9,
              9,
              10,
              9,
              7
            ]
          },
          {
            "dow": "MON",
            "hh": "08",
            "mm": "20",
            "getOffCarRate": [
              8,
              13,
              9,
              14,
              11,
              10,
              9,
              10,
              9,
              7
            ]
          },
          {
            "dow": "MON",
            "hh": "08",
            "mm": "30",
            "getOffCarRate": [
              8,
              14,
              9,
              14,
              11,
              10,
              9,
              9,
              9,
              7
            ]
          },
          {
            "dow": "MON",
            "hh": "08",
            "mm": "40",
            "getOffCarRate": [
              8,
              13,
              9,
              13,
              11,
              11,
              9,
              9,
              10,
              7
            ]
          },
          {
            "dow": "MON",
            "hh": "08",
            "mm": "50",
            "getOffCarRate": [
              8,
              13,
              9,
              13,
              11,
              10,
              10,
              9,
              10,
              7
            ]
          }
        ]
      },
      {
        "startStationCode": "211",
        "startStationName": "성수역",
        "endStationCode": "219",
        "endStationName": "삼성역",
        "prevStationCode": "211",
        "prevStationName": "성수역",
        "updnLine": 0,
        "directAt": 0,
        "data": [
          {
            "dow": "MON",
            "hh": "08",
            "mm": "00",
            "getOffCarRate": [
              5,
              7,
              8,
              12,
              13,
              15,
              15,
              10,
              10,
              5
            ]
          },
          {
            "dow": "MON",
            "hh": "08",
            "mm": "10",
            "getOffCarRate": [
              2,
              4,
              6,
              9,
              14,
              16,
              18,
              14,
              14,
              5
            ]
          },
          {
            "dow": "MON",
            "hh": "08",
            "mm": "20",
            "getOffCarRate": [
              2,
              3,
              5,
              10,
              13,
              17,
              19,
              13,
              13,
              4
            ]
          },
          {
            "dow": "MON",
            "hh": "08",
            "mm": "30",
            "getOffCarRate": [
              2,
              4,
              5,
              10,
              13,
              16,
              18,
              13,
              14,
              4
            ]
          },
          {
            "dow": "MON",
            "hh": "08",
            "mm": "40",
            "getOffCarRate": [
              2,
              5,
              5,
              10,
              14,
              17,
              17,
              13,
              14,
              4
            ]
          },
          {
            "dow": "MON",
            "hh": "08",
            "mm": "50",
            "getOffCarRate": [
              2,
              4,
              5,
              10,
              14,
              17,
              17,
              14,
              14,
              4
            ]
          }
        ]
      },
      {
        "startStationCode": "211",
        "startStationName": "성수역",
        "endStationCode": "228",
        "endStationName": "서울대입구역",
        "prevStationCode": "211",
        "prevStationName": "성수역",
        "updnLine": 0,
        "directAt": 0,
        "data": [
          {
            "dow": "MON",
            "hh": "08",
            "mm": "00",
            "getOffCarRate": [
              5,
              7,
              8,
              12,
              13,
              15,
              15,
              10,
              10,
              5
            ]
          },
          {
            "dow": "MON",
            "hh": "08",
            "mm": "10",
            "getOffCarRate": [
              2,
              4,
              6,
              9,
              14,
              16,
              18,
              14,
              14,
              5
            ]
          },
          {
            "dow": "MON",
            "hh": "08",
            "mm": "20",
            "getOffCarRate": [
              2,
              3,
              5,
              10,
              13,
              17,
              19,
              13,
              13,
              4
            ]
          },
          {
            "dow": "MON",
            "hh": "08",
            "mm": "30",
            "getOffCarRate": [
              2,
              4,
              5,
              10,
              13,
              16,
              18,
              13,
              14,
              4
            ]
          },
          {
            "dow": "MON",
            "hh": "08",
            "mm": "40",
            "getOffCarRate": [
              2,
              5,
              5,
              10,
              14,
              17,
              17,
              13,
              14,
              4
            ]
          },
          {
            "dow": "MON",
            "hh": "08",
            "mm": "50",
            "getOffCarRate": [
              2,
              4,
              5,
              10,
              14,
              17,
              17,
              14,
              14,
              4
            ]
          }
        ]
      },
      {
        "startStationCode": "211",
        "startStationName": "성수역",
        "endStationCode": "234",
        "endStationName": "신도림역",
        "prevStationCode": "211",
        "prevStationName": "성수역",
        "updnLine": 0,
        "directAt": 0,
        "data": [
          {
            "dow": "MON",
            "hh": "08",
            "mm": "00",
            "getOffCarRate": [
              5,
              7,
              8,
              12,
              13,
              15,
              14,
              10,
              10,
              6
            ]
          },
          {
            "dow": "MON",
            "hh": "08",
            "mm": "10",
            "getOffCarRate": [
              2,
              4,
              5,
              10,
              14,
              16,
              18,
              14,
              13,
              5
            ]
          },
          {
            "dow": "MON",
            "hh": "08",
            "mm": "20",
            "getOffCarRate": [
              3,
              3,
              4,
              10,
              12,
              17,
              19,
              13,
              13,
              5
            ]
          },
          {
            "dow": "MON",
            "hh": "08",
            "mm": "30",
            "getOffCarRate": [
              2,
              4,
              4,
              11,
              13,
              16,
              18,
              14,
              15,
              4
            ]
          },
          {
            "dow": "MON",
            "hh": "08",
            "mm": "40",
            "getOffCarRate": [
              2,
              5,
              5,
              11,
              14,
              16,
              16,
              13,
              14,
              5
            ]
          },
          {
            "dow": "MON",
            "hh": "08",
            "mm": "50",
            "getOffCarRate": [
              2,
              4,
              5,
              11,
              14,
              16,
              17,
              13,
              14,
              4
            ]
          }
        ]
      },
      {
        "startStationCode": "211",
        "startStationName": "성수역",
        "endStationCode": "239",
        "endStationName": "홍대입구역",
        "prevStationCode": "211",
        "prevStationName": "성수역",
        "updnLine": 0,
        "directAt": 0,
        "data": [
          {
            "dow": "MON",
            "hh": "08",
            "mm": "00",
            "getOffCarRate": [
              5,
              7,
              8,
              12,
              13,
              15,
              15,
              10,
              10,
              5
            ]
          },
          {
            "dow": "MON",
            "hh": "08",
            "mm": "10",
            "getOffCarRate": [
              2,
              4,
              6,
              9,
              14,
              16,
              18,
              14,
              14,
              5
            ]
          },
          {
            "dow": "MON",
            "hh": "08",
            "mm": "20",
            "getOffCarRate": [
              2,
              3,
              5,
              10,
              13,
              17,
              19,
              13,
              13,
              4
            ]
          },
          {
            "dow": "MON",
            "hh": "08",
            "mm": "30",
            "getOffCarRate": [
              2,
              4,
              5,
              10,
              13,
              16,
              18,
              13,
              14,
              4
            ]
          },
          {
            "dow": "MON",
            "hh": "08",
            "mm": "40",
            "getOffCarRate": [
              2,
              5,
              5,
              10,
              14,
              17,
              17,
              13,
              14,
              4
            ]
          },
          {
            "dow": "MON",
            "hh": "08",
            "mm": "50",
            "getOffCarRate": [
              2,
              4,
              5,
              10,
              14,
              17,
              17,
              14,
              14,
              4
            ]
          }
        ]
      },
      {
        "startStationCode": "219",
        "startStationName": "삼성역",
        "endStationCode": "211-R",
        "endStationName": "성수역",
        "prevStationCode": "209",
        "prevStationName": "한양대역",
        "updnLine": 1,
        "directAt": 0,
        "data": [
          {
            "dow": "MON",
            "hh": "08",
            "mm": "00",
            "getOffCarRate": [
              8,
              13,
              9,
              15,
              12,
              10,
              8,
              9,
              8,
              8
            ]
          },
          {
            "dow": "MON",
            "hh": "08",
            "mm": "10",
            "getOffCarRate": [
              8,
              14,
              9,
              15,
              11,
              9,
              8,
              10,
              9,
              8
            ]
          },
          {
            "dow": "MON",
            "hh": "08",
            "mm": "20",
            "getOffCarRate": [
              8,
              14,
              9,
              14,
              11,
              10,
              8,
              10,
              9,
              8
            ]
          },
          {
            "dow": "MON",
            "hh": "08",
            "mm": "30",
            "getOffCarRate": [
              8,
              14,
              9,
              14,
              11,
              10,
              8,
              9,
              9,
              8
            ]
          },
          {
            "dow": "MON",
            "hh": "08",
            "mm": "40",
            "getOffCarRate": [
              8,
              13,
              9,
              13,
              11,
              10,
              9,
              9,
              10,
              7
            ]
          },
          {
            "dow": "MON",
            "hh": "08",
            "mm": "50",
            "getOffCarRate": [
              8,
              13,
              9,
              13,
              11,
              10,
              10,
              9,
              10,
              7
            ]
          }
        ]
      },
      {
        "startStationCode": "228",
        "startStationName": "서울대입구역",
        "endStationCode": "211",
        "endStationName": "성수역",
        "prevStationCode": "209",
        "prevStationName": "한양대역",
        "updnLine": 1,
        "directAt": 0,
        "data": [
          {
            "dow": "MON",
            "hh": "08",
            "mm": "00",
            "getOffCarRate": [
              8,
              13,
              9,
              15,
              12,
              10,
              8,
              9,
              8,
              8
            ]
          },
          {
            "dow": "MON",
            "hh": "08",
            "mm": "10",
            "getOffCarRate": [
              8,
              14,
              9,
              15,
              11,
              9,
              8,
              10,
              9,
              8
            ]
          },
          {
            "dow": "MON",
            "hh": "08",
            "mm": "20",
            "getOffCarRate": [
              8,
              14,
              9,
              14,
              11,
              10,
              8,
              10,
              9,
              8
            ]
          },
          {
            "dow": "MON",
            "hh": "08",
            "mm": "30",
            "getOffCarRate": [
              8,
              14,
              9,
              14,
              11,
              10,
              8,
              9,
              9,
              8
            ]
          },
          {
            "dow": "MON",
            "hh": "08",
            "mm": "40",
            "getOffCarRate": [
              8,
              13,
              9,
              13,
              11,
              10,
              9,
              9,
              10,
              7
            ]
          },
          {
            "dow": "MON",
            "hh": "08",
            "mm": "50",
            "getOffCarRate": [
              8,
              13,
              9,
              13,
              11,
              10,
              10,
              9,
              10,
              7
            ]
          }
        ]
      },
      {
        "startStationCode": "228",
        "startStationName": "서울대입구역",
        "endStationCode": "211-R",
        "endStationName": "성수역",
        "prevStationCode": "209",
        "prevStationName": "한양대역",
        "updnLine": 1,
        "directAt": 0,
        "data": [
          {
            "dow": "MON",
            "hh": "08",
            "mm": "00",
            "getOffCarRate": [
              8,
              13,
              9,
              15,
              12,
              10,
              8,
              9,
              8,
              8
            ]
          },
          {
            "dow": "MON",
            "hh": "08",
            "mm": "10",
            "getOffCarRate": [
              8,
              14,
              9,
              15,
              11,
              9,
              8,
              10,
              9,
              8
            ]
          },
          {
            "dow": "MON",
            "hh": "08",
            "mm": "20",
            "getOffCarRate": [
              8,
              14,
              9,
              14,
              11,
              10,
              8,
              10,
              9,
              8
            ]
          },
          {
            "dow": "MON",
            "hh": "08",
            "mm": "30",
            "getOffCarRate": [
              8,
              14,
              9,
              14,
              11,
              10,
              8,
              9,
              9,
              8
            ]
          },
          {
            "dow": "MON",
            "hh": "08",
            "mm": "40",
            "getOffCarRate": [
              8,
              13,
              9,
              13,
              11,
              10,
              9,
              9,
              10,
              7
            ]
          },
          {
            "dow": "MON",
            "hh": "08",
            "mm": "50",
            "getOffCarRate": [
              8,
              13,
              9,
              13,
              11,
              10,
              10,
              9,
              10,
              7
            ]
          }
        ]
      },
      {
        "startStationCode": "234",
        "startStationName": "신도림역",
        "endStationCode": "211",
        "endStationName": "성수역",
        "prevStationCode": "209",
        "prevStationName": "한양대역",
        "updnLine": 1,
        "directAt": 0,
        "data": [
          {
            "dow": "MON",
            "hh": "08",
            "mm": "00",
            "getOffCarRate": [
              8,
              13,
              9,
              15,
              12,
              10,
              8,
              9,
              8,
              8
            ]
          },
          {
            "dow": "MON",
            "hh": "08",
            "mm": "10",
            "getOffCarRate": [
              8,
              14,
              9,
              15,
              11,
              9,
              8,
              10,
              9,
              8
            ]
          },
          {
            "dow": "MON",
            "hh": "08",
            "mm": "20",
            "getOffCarRate": [
              8,
              14,
              9,
              14,
              11,
              10,
              8,
              10,
              9,
              8
            ]
          },
          {
            "dow": "MON",
            "hh": "08",
            "mm": "30",
            "getOffCarRate": [
              8,
              14,
              9,
              14,
              11,
              10,
              8,
              9,
              9,
              8
            ]
          },
          {
            "dow": "MON",
            "hh": "08",
            "mm": "40",
            "getOffCarRate": [
              8,
              13,
              9,
              13,
              11,
              10,
              9,
              9,
              10,
              7
            ]
          },
          {
            "dow": "MON",
            "hh": "08",
            "mm": "50",
            "getOffCarRate": [
              8,
              13,
              9,
              13,
              11,
              10,
              10,
              9,
              10,
              7
            ]
          }
        ]
      },
      {
        "startStationCode": "234",
        "startStationName": "신도림역",
        "endStationCode": "211-R",
        "endStationName": "성수역",
        "prevStationCode": "209",
        "prevStationName": "한양대역",
        "updnLine": 1,
        "directAt": 0,
        "data": [
          {
            "dow": "MON",
            "hh": "08",
            "mm": "00",
            "getOffCarRate": [
              7,
              12,
              9,
              15,
              12,
              11,
              8,
              9,
              9,
              7
            ]
          },
          {
            "dow": "MON",
            "hh": "08",
            "mm": "10",
            "getOffCarRate": [
              8,
              12,
              9,
              14,
              11,
              10,
              9,
              10,
              10,
              8
            ]
          },
          {
            "dow": "MON",
            "hh": "08",
            "mm": "20",
            "getOffCarRate": [
              8,
              12,
              10,
              13,
              10,
              10,
              9,
              10,
              10,
              8
            ]
          },
          {
            "dow": "MON",
            "hh": "08",
            "mm": "30",
            "getOffCarRate": [
              8,
              13,
              9,
              13,
              11,
              10,
              9,
              9,
              10,
              8
            ]
          },
          {
            "dow": "MON",
            "hh": "08",
            "mm": "40",
            "getOffCarRate": [
              8,
              13,
              9,
              13,
              11,
              10,
              9,
              9,
              10,
              7
            ]
          },
          {
            "dow": "MON",
            "hh": "08",
            "mm": "50",
            "getOffCarRate": [
              8,
              13,
              9,
              13,
              11,
              10,
              10,
              9,
              10,
              7
            ]
          }
        ]
      },
      {
        "startStationCode": "239",
        "startStationName": "홍대입구역",
        "endStationCode": "211",
        "endStationName": "성수역",
        "prevStationCode": "209",
        "prevStationName": "한양대역",
        "updnLine": 1,
        "directAt": 0,
        "data": [
          {
            "dow": "MON",
            "hh": "08",
            "mm": "00",
            "getOffCarRate": [
              8,
              13,
              9,
              15,
              12,
              10,
              8,
              9,
              8,
              8
            ]
          },
          {
            "dow": "MON",
            "hh": "08",
            "mm": "10",
            "getOffCarRate": [
              8,
              14,
              9,
              15,
              11,
              9,
              8,
              10,
              9,
              8
            ]
          },
          {
            "dow": "MON",
            "hh": "08",
            "mm": "20",
            "getOffCarRate": [
              8,
              14,
              9,
              14,
              11,
              10,
              8,
              10,
              9,
              8
            ]
          },
          {
            "dow": "MON",
            "hh": "08",
            "mm": "30",
            "getOffCarRate": [
              8,
              14,
              9,
              14,
              11,
              10,
              8,
              9,
              9,
              8
            ]
          },
          {
            "dow": "MON",
            "hh": "08",
            "mm": "40",
            "getOffCarRate": [
              8,
              13,
              9,
              13,
              11,
              10,
              9,
              9,
              10,
              7
            ]
          },
          {
            "dow": "MON",
            "hh": "08",
            "mm": "50",
            "getOffCarRate": [
              8,
              13,
              9,
              13,
              11,
              10,
              10,
              9,
              10,
              7
            ]
          }
        ]
      },
      {
        "startStationCode": "239",
        "startStationName": "홍대입구역",
        "endStationCode": "211-R",
        "endStationName": "성수역",
        "prevStationCode": "209",
        "prevStationName": "한양대역",
        "updnLine": 1,
        "directAt": 0,
        "data": [
          {
            "dow": "MON",
            "hh": "08",
            "mm": "00",
            "getOffCarRate": [
              8,
              13,
              9,
              15,
              12,
              10,
              8,
              9,
              8,
              8
            ]
          },
          {
            "dow": "MON",
            "hh": "08",
            "mm": "10",
            "getOffCarRate": [
              8,
              14,
              9,
              15,
              11,
              9,
              8,
              10,
              9,
              8
            ]
          },
          {
            "dow": "MON",
            "hh": "08",
            "mm": "20",
            "getOffCarRate": [
              8,
              14,
              9,
              14,
              11,
              10,
              8,
              10,
              9,
              8
            ]
          },
          {
            "dow": "MON",
            "hh": "08",
            "mm": "30",
            "getOffCarRate": [
              8,
              14,
              9,
              14,
              11,
              10,
              8,
              9,
              9,
              8
            ]
          },
          {
            "dow": "MON",
            "hh": "08",
            "mm": "40",
            "getOffCarRate": [
              8,
              13,
              9,
              13,
              11,
              10,
              9,
              9,
              10,
              7
            ]
          },
          {
            "dow": "MON",
            "hh": "08",
            "mm": "50",
            "getOffCarRate": [
              8,
              13,
              9,
              13,
              11,
              10,
              10,
              9,
              10,
              7
            ]
          }
        ]
      }
    ],
    "statStartDate": "20230924",
    "statEndDate": "20231223"
  }
}