{
  "status": {
    "code": "00",
    "message": "success",
    "totalCount": 1
  },
  "contents": {
    "subwayLine": "2호선",
    "stationName": "잠실역",
    "stationCode": "216",
    "stat": [
      {
        "startStationCode": "202",
        "startStationName": "을지로입구역",
        "endStationCode": "211",
        "endStationName": "성수역",
        "prevStationCode": "217",
        "prevStationName": "잠실새내역",
        "updnLine": 0,
        "directAt": 0,
        "data": [
          {
            "dow": "FRI",
            "hh": "08",
            "mm": "00",
            "getOffCarRate": [
              21,
              13,
              13,
              11,
              10,
              10,
              8,
              5,
              6,
              3
            ]
          },
          {
            "dow": "FRI",
            "hh": "08",
            "mm": "10",
            "getOffCarRate": [
              19,
              13,
              13,
              11,
              10,
              11,
              7,
              6,
              7,
              3
            ]
          },
          {
            "dow": "FRI",
            "hh": "08",
            "mm": "20",
            "getOffCarRate": [
              17,
              12,
              13,
              11,
              10,
              11,
              8,
              6,
              7,
              4
            ]
          },
          {
            "dow": "FRI",
            "hh": "08",
            "mm": "30",
            "getOffCarRate": [
              17,
              12,
              14,
              12,
              11,
              11,
              7,
              6,
              7,
              4
            ]
          },
          {
            "dow": "FRI",
            "hh": "08",
            "mm": "40",
            "getOffCarRate": [
              16,
              11,
              13,
              12,
              12,
              10,
              7,
              6,
              8,
              5
            ]
          },
          {
            "dow": "FRI",
            "hh": "08",
            "mm": "50",
            "getOffCarRate": [
              15,
              11,
              12,
              13,
              13,
              10,
              7,
              6,
              8,
              5
            ]
          }
        ]
      },
      {
        "startStationCode": "202",
        "startStationName": "을지로입구역",
        "endStationCode": "211-R",
        "endStationName": "성수역",
        "prevStationCode": "217",
        "prevStationName": "잠실새내역",
        "updnLine": 0,
        "directAt": 0,
        "data": [
          {
            "dow": "FRI",
            "hh": "08",
            "mm": "00",
            "getOffCarRate": [
              21,
              13,
              13,
              11,
              10,
              10,
              8,
              5,
              6,
              3
            ]
          },
          {
            "dow": "FRI",
            "hh": "08",
            "mm": "10",
            "getOffCarRate": [
              19,
              13,
              13,
              11,
              10,
              11,
              7,
              6,
              7,
              3
            ]
          },
          {
            "dow": "FRI",
            "hh": "08",
            "mm": "20",
            "getOffCarRate": [
              17,
              12,
              13,
              11,
              10,
              11,
              8,
              6,
              7,
              4
            ]
          },
          {
            "dow": "FRI",
            "hh": "08",
            "mm": "30",
            "getOffCarRate": [
              17,
              12,
              14,
              12,
              11,
              11,
              7,
              6,
              7,
              4
            ]
          },
          {
            "dow": "FRI",
            "hh": "08",
            "mm": "40",
            "getOffCarRate": [
              16,
              11,
              13,
              12,
              12,
              10,
              7,
              6,
              8,
              5
            ]
          },
          {
            "dow": "FRI",
            "hh": "08",
            "mm": "50",
            "getOffCarRate": [
              15,
              11,
              12,
              13,
              13,
              10,
              7,
              6,
              8,
              5
            ]
          }
        ]
      },
      {
        "startStationCode": "211",
        "startStationName": "성수역",
        "endStationCode": "202",
        "endStationName": "을지로입구역",
        "prevStationCode": "215",
        "prevStationName": "잠실나루역",
        "updnLine": 1,
        "directAt": 0,
        "data": [
          {
            "dow": "FRI",
            "hh": "08",
            "mm": "00",
            "getOffCarRate": [
              6,
              8,
              5,
              10,
              7,
              7,
              13,
              12,
              11,
              21
            ]
          },
          {
            "dow": "FRI",
            "hh": "08",
            "mm": "10",
            "getOffCarRate": [
              6,
              8,
              5,
              10,
              8,
              8,
              13,
              12,
              11,
              20
            ]
          },
          {
            "dow": "FRI",
            "hh": "08",
            "mm": "20",
            "getOffCarRate": [
              6,
              9,
              5,
              11,
              8,
              8,
              13,
              12,
              9,
              18
            ]
          },
          {
            "dow": "FRI",
            "hh": "08",
            "mm": "30",
            "getOffCarRate": [
              7,
              10,
              6,
              11,
              8,
              8,
              12,
              12,
              9,
              18
            ]
          },
          {
            "dow": "FRI",
            "hh": "08",
            "mm": "40",
            "getOffCarRate": [
              8,
              11,
              6,
              11,
              9,
              8,
              12,
              12,
              8,
              16
            ]
          },
          {
            "dow": "FRI",
            "hh": "08",
            "mm": "50",
            "getOffCarRate": [
              8,
              11,
              7,
              11,
              9,
              8,
              12,
              11,
              8,
              15
            ]
          }
        ]
      },
      {
        "startStationCode": "211",
        "startStationName": "성수역",
        "endStationCode": "211",
        "endStationName": "성수역",
        "prevStationCode": "217",
        "prevStationName": "잠실새내역",
        "updnLine": 0,
        "directAt": 0,
        "data": [
          {
            "dow": "FRI",
            "hh": "08",
            "mm": "00",
            "getOffCarRate": [
              21,
              13,
              13,
              11,
              10,
              10,
              8,
              5,
              6,
              3
            ]
          },
          {
            "dow": "FRI",
            "hh": "08",
            "mm": "10",
            "getOffCarRate": [
              20,
              13,
              13,
              11,
              10,
              11,
              7,
              5,
              6,
              3
            ]
          },
          {
            "dow": "FRI",
            "hh": "08",
            "mm": "20",
            "getOffCarRate": [
              18,
              13,
              14,
              11,
              10,
              11,
              8,
              6,
              6,
              4
            ]
          },
          {
            "dow": "FRI",
            "hh": "08",
            "mm": "30",
            "getOffCarRate": [
              17,
              12,
              14,
              12,
              10,
              11,
              8,
              6,
              6,
              4
            ]
          },
          {
            "dow": "FRI",
            "hh": "08",
            "mm": "40",
            "getOffCarRate": [
              17,
              12,
              14,
              12,
              10,
              10,
              7,
              6,
              7,
              5
            ]
          },
          {
            "dow": "FRI",
            "hh": "08",
            "mm": "50",
            "getOffCarRate": [
              14,
              10,
              14,
              13,
              11,
              11,
              7,
              6,
              7,
              6
            ]
          }
        ]
      },
      {
        "startStationCode": "211",
        "startStationName": "성수역",
        "endStationCode": "211",
        "endStationName": "성수역",
        "prevStationCode": "215",
        "prevStationName": "잠실나루역",
        "updnLine": 1,
        "directAt": 0,
        "data": [
          {
            "dow": "FRI",
            "hh": "08",
            "mm": "00",
            "getOffCarRate": [
              7,
              8,
              5,
              10,
              7,
              8,
              13,
              11,
              11,
              21
            ]
          },
          {
            "dow": "FRI",
            "hh": "08",
            "mm": "10",
            "getOffCarRate": [
              6,
              8,
              5,
              10,
              8,
              8,
              13,
              11,
              11,
              20
            ]
          },
          {
            "dow": "FRI",
            "hh": "08",
            "mm": "20",
            "getOffCarRate": [
              6,
              9,
              5,
              11,
              8,
              8,
              13,
              11,
              10,
              18
            ]
          },
          {
            "dow": "FRI",
            "hh": "08",
            "mm": "30",
            "getOffCarRate": [
              7,
              10,
              6,
              11,
              8,
              8,
              12,
              11,
              9,
              17
            ]
          },
          {
            "dow": "FRI",
            "hh": "08",
            "mm": "40",
            "getOffCarRate": [
              7,
              11,
              6,
              11,
              8,
              8,
              12,
              11,
              9,
              17
            ]
          },
          {
            "dow": "FRI",
            "hh": "08",
            "mm": "50",
            "getOffCarRate": [
              8,
              11,
              6,
              11,
              9,
              8,
              12,
              11,
              8,
              16
            ]
          }
        ]
      },
      {
        "startStationCode": "211",
        "startStationName": "성수역",
        "endStationCode": "211-R",
        "endStationName": "성수역",
        "prevStationCode": "217",
        "prevStationName": "잠실새내역",
        "updnLine": 0,
        "directAt": 0,
        "data": [
          {
            "dow": "FRI",
            "hh": "08",
            "mm": "00",
            "getOffCarRate": [
              21,
              13,
              13,
              12,
              10,
              9,
              8,
              5,
              6,
              3
            ]
          },
          {
            "dow": "FRI",
            "hh": "08",
            "mm": "10",
            "getOffCarRate": [
              19,
              13,
              13,
              12,
              10,
              9,
              8,
              6,
              6,
              4
            ]
          },
          {
            "dow": "FRI",
            "hh": "08",
            "mm": "20",
            "getOffCarRate": [
              17,
              13,
              13,
              12,
              11,
              10,
              9,
              6,
              7,
              4
            ]
          },
          {
            "dow": "FRI",
            "hh": "08",
            "mm": "30",
            "getOffCarRate": [
              16,
              12,
              13,
              12,
              11,
              10,
              8,
              6,
              8,
              4
            ]
          },
          {
            "dow": "FRI",
            "hh": "08",
            "mm": "40",
            "getOffCarRate": [
              15,
              11,
              12,
              13,
              12,
              10,
              8,
              6,
              8,
              4
            ]
          },
          {
            "dow": "FRI",
            "hh": "08",
            "mm": "50",
            "getOffCarRate": [
              13,
              11,
              12,
              13,
              13,
              10,
              8,
              7,
              9,
              5
            ]
          }
        ]
      },
      {
        "startStationCode": "211",
        "startStationName": "성수역",
        "endStationCode": "211-R",
        "endStationName": "성수역",
        "prevStationCode": "215",
        "prevStationName": "잠실나루역",
        "updnLine": 1,
        "directAt": 0,
        "data": [
          {
            "dow": "FRI",
            "hh": "08",
            "mm": "00",
            "getOffCarRate": [
              6,
              8,
              5,
              9,
              8,
              7,
              13,
              12,
              11,
              21
            ]
          },
          {
            "dow": "FRI",
            "hh": "08",
            "mm": "10",
            "getOffCarRate": [
              6,
              8,
              5,
              10,
              8,
              8,
              13,
              12,
              10,
              20
            ]
          },
          {
            "dow": "FRI",
            "hh": "08",
            "mm": "20",
            "getOffCarRate": [
              6,
              9,
              6,
              10,
              8,
              8,
              13,
              12,
              9,
              19
            ]
          },
          {
            "dow": "FRI",
            "hh": "08",
            "mm": "30",
            "getOffCarRate": [
              7,
              10,
              6,
              11,
              8,
              8,
              12,
              12,
              9,
              18
            ]
          },
          {
            "dow": "FRI",
            "hh": "08",
            "mm": "40",
            "getOffCarRate": [
              8,
              11,
              6,
              11,
              8,
              8,
              12,
              12,
              8,
              16
            ]
          },
          {
            "dow": "FRI",
            "hh": "08",
            "mm": "50",
            "getOffCarRate": [
              8,
              11,
              7,
              11,
              9,
              8,
              12,
              11,
              8,
              15
            ]
          }
        ]
      },
      {
        "startStationCode": "211",
        "startStationName": "성수역",
        "endStationCode": "219",
        "endStationName": "삼성역",
        "prevStationCode": "215",
        "prevStationName": "잠실나루역",
        "updnLine": 1,
        "directAt": 0,
        "data": [
          {
            "dow": "FRI",
            "hh": "08",
            "mm": "00",
            "getOffCarRate": [
              6,
              8,
              5,
              10,
              7,
              7,
              13,
              12,
              11,
              21
            ]
          },
          {
            "dow": "FRI",
            "hh": "08",
            "mm": "10",
            "getOffCarRate": [
              6,
              8,
              5,
              10,
              8,
              8,
              13,
              12,
              11,
              20
            ]
          },
          {
            "dow": "FRI",
            "hh": "08",
            "mm": "20",
            "getOffCarRate": [
              6,
              9,
              5,
              11,
              8,
              8,
              13,
              12,
              9,
              18
            ]
          },
          {
            "dow": "FRI",
            "hh": "08",
            "mm": "30",
            "getOffCarRate": [
              7,
              10,
              6,
              11,
              8,
              8,
              12,
              12,
              9,
              18
            ]
          },
          {
            "dow": "FRI",
            "hh": "08",
            "mm": "40",
            "getOffCarRate": [
              8,
              11,
              6,
              11,
              9,
              8,
              12,
              12,
              8,
              16
            ]
          },
          {
            "dow": "FRI",
            "hh": "08",
            "mm": "50",
            "getOffCarRate": [
              8,
              11,
              7,
              11,
              9,
              8,
              12,
              11,
              8,
              15
            ]
          }
        ]
      },
      {
        "startStationCode": "211",
        "startStationName": "성수역",
        "endStationCode": "228",
        "endStationName": "서울대입구역",
        "prevStationCode": "215",
        "prevStationName": "잠실나루역",
        "updnLine": 1,
        "directAt": 0,
        "data": [
          {
            "dow": "FRI",
            "hh": "08",
            "mm": "00",
            "getOffCarRate": [
              6,
              8,
              5,
              10,
              7,
              7,
              13,
              12,
              11,
              21
            ]
          },
          {
            "dow": "FRI",
            "hh": "08",
            "mm": "10",
            "getOffCarRate": [
              6,
              8,
              5,
              10,
              8,
              8,
              13,
              12,
              11,
              20
            ]
          },
          {
            "dow": "FRI",
            "hh": "08",
            "mm": "20",
            "getOffCarRate": [
              6,
              9,
              5,
              11,
              8,
              8,
              13,
              12,
              9,
              18
            ]
          },
          {
            "dow": "FRI",
            "hh": "08",
            "mm": "30",
            "getOffCarRate": [
              7,
              10,
              6,
              11,
              8,
              8,
              12,
              12,
              9,
              18
            ]
          },
          {
            "dow": "FRI",
            "hh": "08",
            "mm": "40",
            "getOffCarRate": [
              8,
              11,
              6,
              11,
              9,
              8,
              12,
              12,
              8,
              16
            ]
          },
          {
            "dow": "FRI",
            "hh": "08",
            "mm": "50",
            "getOffCarRate": [
              8,
              11,
              7,
              11,
              9,
              8,
              12,
              11,
              8,
              15
            ]
          }
        ]
      },
      {
        "startStationCode": "211",
        "startStationName": "성수역",
        "endStationCode": "234",
        "endStationName": "신도림역",
        "prevStationCode": "215",
        "prevStationName": "잠실나루역",
        "updnLine": 1,
        "directAt": 0,
        "data": [
          {
            "dow": "FRI",
            "hh": "08",
            "mm": "00",
            "getOffCarRate": [
              6,
              8,
              5,
              10,
              7,
              7,
              13,
              12,
              11,
              21
            ]
          },
          {
            "dow": "FRI",
            "hh": "08",
            "mm": "10",
            "getOffCarRate": [
              6,
              8,
              5,
              10,
              8,
              8,
              13,
              12,
              11,
              20
            ]
          },
          {
            "dow": "FRI",
            "hh": "08",
            "mm": "20",
            "getOffCarRate": [
              6,
              9,
              5,
              11,
              8,
              8,
              13,
              12,
              9,
              18
            ]
          },
          {
            "dow": "FRI",
            "hh": "08",
            "mm": "30",
            "getOffCarRate": [
              6,
              9,
              5,
              11,
              8,
              8,
              13,
              12,
              9,
              18
            ]
          },
          {
            "dow": "FRI",
            "hh": "08",
            "mm": "40",
            "getOffCarRate": [
              7,
              10,
              6,
              11,
              9,
              8,
              12,
              12,
              8,
              16
            ]
          },
          {
            "dow": "FRI",
            "hh": "08",
            "mm": "50",
            "getOffCarRate": [
              8,
              11,
              6,
              11,
              9,
              8,
              12,
              11,
              8,
              15
            ]
          }
        ]
      },
      {
        "startStationCode": "211",
        "startStationName": "성수역",
        "endStationCode": "239",
        "endStationName": "홍대입구역",
        "prevStationCode": "215",
        "prevStationName": "잠실나루역",
        "updnLine": 1,
        "directAt": 0,
        "data": [
          {
            "dow": "FRI",
            "hh": "08",
            "mm": "00",
            "getOffCarRate": [
              6,
              8,
              5,
              10,
              7,
              7,
              13,
              12,
              11,
              21
            ]
          },
          {
            "dow": "FRI",
            "hh": "08",
            "mm": "10",
            "getOffCarRate": [
              6,
              8,
              5,
              10,
              8,
              8,
              13,
              12,
              11,
              20
            ]
          },
          {
            "dow": "FRI",
            "hh": "08",
            "mm": "20",
            "getOffCarRate": [
              6,
              9,
              5,
              11,
              8,
              8,
              13,
              12,
              9,
              18
            ]
          },
          {
            "dow": "FRI",
            "hh": "08",
            "mm": "30",
            "getOffCarRate": [
              7,
              10,
              6,
              11,
              8,
              8,
              12,
              12,
              9,
              18
            ]
          },
          {
            "dow": "FRI",
            "hh": "08",
            "mm": "40",
            "getOffCarRate": [
              8,
              11,
              6,
              11,
              9,
              8,
              12,
              12,
              8,
              16
            ]
          },
          {
            "dow": "FRI",
            "hh": "08",
            "mm": "50",
            "getOffCarRate": [
              8,
              11,
              7,
              11,
              9,
              8,
              12,
              11,
              8,
              15
            ]
          }
        ]
      },
      {
        "startStationCode": "219",
        "startStationName": "삼성역",
        "endStationCode": "211-R",
        "endStationName": "성수역",
        "prevStationCode": "217",
        "prevStationName": "잠실새내역",
        "updnLine": 0,
        "directAt": 0,
        "data": [
          {
            "dow": "FRI",
            "hh": "08",
            "mm": "00",
            "getOffCarRate": [
              21,
              13,
              13,
              11,
              10,
              10,
              8,
              5,
              6,
              3
            ]
          },
          {
            "dow": "FRI",
            "hh": "08",
            "mm": "10",
            "getOffCarRate": [
              19,
              13,
              13,
              11,
              10,
              11,
              7,
              6,
              7,
              3
            ]
          },
          {
            "dow": "FRI",
            "hh": "08",
            "mm": "20",
            "getOffCarRate": [
              17,
              12,
              13,
              11,
              10,
              11,
              8,
              6,
              7,
              4
            ]
          },
          {
            "dow": "FRI",
            "hh": "08",
            "mm": "30",
            "getOffCarRate": [
              17,
              12,
              14,
              12,
              11,
              11,
              7,
              6,
              7,
              4
            ]
          },
          {
            "dow": "FRI",
            "hh": "08",
            "mm": "40",
            "getOffCarRate": [
              16,
              11,
              13,
              12,
              12,
              10,
              7,
              6,
              8,
              5
            ]
          },
          {
            "dow": "FRI",
            "hh": "08",
            "mm": "50",
            "getOffCarRate": [
              15,
              11,
              12,
              13,
              13,
              10,
              7,
              6,
              8,
              5
            ]
          }
        ]
      },
      {
        "startStationCode": "228",
        "startStationName": "서울대입구역",
        "endStationCode": "211",
        "endStationName": "성수역",
        "prevStationCode": "217",
        "prevStationName": "잠실새내역",
        "updnLine": 0,
        "directAt": 0,
        "data": [
          {
            "dow": "FRI",
            "hh": "08",
            "mm": "00",
            "getOffCarRate": [
              21,
              13,
              13,
              11,
              10,
              10,
              8,
              5,
              6,
              3
            ]
          },
          {
            "dow": "FRI",
            "hh": "08",
            "mm": "10",
            "getOffCarRate": [
              19,
              13,
              13,
              11,
              10,
              11,
              7,
              6,
              7,
              3
            ]
          },
          {
            "dow": "FRI",
            "hh": "08",
            "mm": "20",
            "getOffCarRate": [
              17,
              12,
              13,
              11,
              10,
              11,
              8,
              6,
              7,
              4
            ]
          },
          {
            "dow": "FRI",
            "hh": "08",
            "mm": "30",
            "getOffCarRate": [
              17,
              12,
              14,
              12,
              11,
              11,
              7,
              6,
              7,
              4
            ]
          },
          {
            "dow": "FRI",
            "hh": "08",
            "mm": "40",
            "getOffCarRate": [
              16,
              11,
              13,
              12,
              12,
              10,
              7,
              6,
              8,
              5
            ]
          },
          {
            "dow": "FRI",
            "hh": "08",
            "mm": "50",
            "getOffCarRate": [
              15,
              11,
              12,
              13,
              13,
              10,
              7,
              6,
              8,
              5
            ]
          }
        ]
      },
      {
        "startStationCode": "228",
        "startStationName": "서울대입구역",
        "endStationCode": "211-R",
        "endStationName": "성수역",
        "prevStationCode": "217",
        "prevStationName": "잠실새내역",
        "updnLine": 0,
        "directAt": 0,
        "data": [
          {
            "dow": "FRI",
            "hh": "08",
            "mm": "00",
            "getOffCarRate": [
              21,
              13,
              13,
              11,
              10,
              10,
              8,
              5,
              6,
              3
            ]
          },
          {
            "dow": "FRI",
            "hh": "08",
            "mm": "10",
            "getOffCarRate": [
              19,
              13,
              13,
              11,
              10,
              11,
              7,
              6,
              7,
              3
            ]
          },
          {
            "dow": "FRI",
            "hh": "08",
            "mm": "20",
            "getOffCarRate": [
              17,
              12,
              13,
              11,
              10,
              11,
              8,
              6,
              7,
              4
            ]
          },
          {
            "dow": "FRI",
            "hh": "08",
            "mm": "30",
            "getOffCarRate": [
              17,
              12,
              14,
              12,
              11,
              11,
              7,
              6,
              7,
              4
            ]
          },
          {
            "dow": "FRI",
            "hh": "08",
            "mm": "40",
            "getOffCarRate": [
              16,
              11,
              13,
              12,
              12,
              10,
              7,
              6,
              8,
              5
            ]
          },
          {
            "dow": "FRI",
            "hh": "08",
            "mm": "50",
            "getOffCarRate": [
              15,
              11,
              12,
              13,
              13,
              10,
              7,
              6,
              8,
              5
            ]
          }
        ]
      },
      {
        "startStationCode": "234",
        "startStationName": "신도림역",
        "endStationCode": "211",
        "endStationName": "성수역",
        "prevStationCode": "217",
        "prevStationName": "잠실새내역",
        "updnLine": 0,
        "directAt": 0,
        "data": [
          {
            "dow": "FRI",
            "hh": "08",
            "mm": "00",
            "getOffCarRate": [
              21,
              13,
              13,
              11,
              10,
              10,
              8,
              5,
              6,
              3
            ]
          },
          {
            "dow": "FRI",
            "hh": "08",
            "mm": "10",
            "getOffCarRate": [
              19,
              13,
              13,
              11,
              10,
              11,
              7,
              6,
              7,
              3
            ]
          },
          {
            "dow": "FRI",
            "hh": "08",
            "mm": "20",
            "getOffCarRate": [
              17,
              12,
              13,
              11,
              10,
              11,
              8,
              6,
              7,
              4
            ]
          },
          {
            "dow": "FRI",
            "hh": "08",
            "mm": "30",
            "getOffCarRate": [
              17,
              12,
              14,
              12,
              11,
              11,
              7,
              6,
              7,
              4
            ]
          },
          {
            "dow": "FRI",
            "hh": "08",
            "mm": "40",
            "getOffCarRate": [
              16,
              11,
              13,
              12,
              12,
              10,
              7,
              6,
              8,
              5
            ]
          },
          {
            "dow": "FRI",
            "hh": "08",
            "mm": "50",
            "getOffCarRate": [
              15,
              11,
              12,
              13,
              13,
              10,
              7,
              6,
              8,
              5
            ]
          }
        ]
      },
      {
        "startStationCode": "234",
        "startStationName": "신도림역",
        "endStationCode": "211-R",
        "endStationName": "성수역",
        "prevStationCode": "217",
        "prevStationName": "잠실새내역",
        "updnLine": 0,
        "directAt": 0,
        "data": [
          {
            "dow": "FRI",
            "hh": "08",
            "mm": "00",
            "getOffCarRate": [
              20,
              12,
              14,
              11,
              10,
              12,
              7,
              5,
              6,
              3
            ]
          },
          {
            "dow": "FRI",
            "hh": "08",
            "mm": "10",
            "getOffCarRate": [
              19,
              12,
              14,
              11,
              10,
              12,
              7,
              6,
              7,
              3
            ]
          },
          {
            "dow": "FRI",
            "hh": "08",
            "mm": "20",
            "getOffCarRate": [
              18,
              12,
              14,
              11,
              10,
              12,
              7,
              6,
              7,
              4
            ]
          },
          {
            "dow": "FRI",
            "hh": "08",
            "mm": "30",
            "getOffCarRate": [
              17,
              11,
              14,
              12,
              10,
              11,
              7,
              6,
              7,
              4
            ]
          },
          {
            "dow": "FRI",
            "hh": "08",
            "mm": "40",
            "getOffCarRate": [
              17,
              11,
              13,
              12,
              11,
              11,
              7,
              6,
              7,
              5
            ]
          },
          {
            "dow": "FRI",
            "hh": "08",
            "mm": "50",
            "getOffCarRate": [
              16,
              11,
              13,
              12,
              12,
              11,
              7,
              6,
              8,
              5
            ]
          }
        ]
      },
      {
        "startStationCode": "239",
        "startStationName": "홍대입구역",
        "endStationCode": "211",
        "endStationName": "성수역",
        "prevStationCode": "217",
        "prevStationName": "잠실새내역",
        "updnLine": 0,
        "directAt": 0,
        "data": [
          {
            "dow": "FRI",
            "hh": "08",
            "mm": "00",
            "getOffCarRate": [
              21,
              13,
              13,
              11,
              10,
              10,
              8,
              5,
              6,
              3
            ]
          },
          {
            "dow": "FRI",
            "hh": "08",
            "mm": "10",
            "getOffCarRate": [
              19,
              13,
              13,
              11,
              10,
              11,
              7,
              6,
              7,
              3
            ]
          },
          {
            "dow": "FRI",
            "hh": "08",
            "mm": "20",
            "getOffCarRate": [
              17,
              12,
              13,
              11,
              10,
              11,
              8,
              6,
              7,
              4
            ]
          },
          {
            "dow": "FRI",
            "hh": "08",
            "mm": "30",
            "getOffCarRate": [
              17,
              12,
              14,
              12,
              11,
              11,
              7,
              6,
              7,
              4
            ]
          },
          {
            "dow": "FRI",
            "hh": "08",
            "mm": "40",
            "getOffCarRate": [
              16,
              11,
              13,
              12,
              12,
              10,
              7,
              6,
              8,
              5
            ]
          },
          {
            "dow": "FRI",
            "hh": "08",
            "mm": "50",
            "getOffCarRate": [
              15,
              11,
              12,
              13,
              13,
              10,
              7,
              6,
              8,
              5
            ]
          }
        ]
      },
      {
        "startStationCode": "239",
        "startStationName": "홍대입구역",
        "endStationCode": "211-R",
        "endStationName": "성수역",
        "prevStationCode": "217",
        "prevStationName": "잠실새내역",
        "updnLine": 0,
        "directAt": 0,
        "data": [
          {
            "dow": "FRI",
            "hh": "08",
            "mm": "00",
            "getOffCarRate": [
              21,
              13,
              13,
              11,
              10,
              10,
              8,
              5,
              6,
              3
            ]
          },
          {
            "dow": "FRI",
            "hh": "08",
            "mm": "10",
            "getOffCarRate": [
              19,
              13,
              13,
              11,
              10,
              11,
              7,
              6,
              7,
              3
            ]
          },
          {
            "dow": "FRI",
            "hh": "08",
            "mm": "20",
            "getOffCarRate": [
              17,
              12,
              13,
              11,
              10,
              11,
              8,
              6,
              7,
              4
            ]
          },
          {
            "dow": "FRI",
            "hh": "08",
            "mm": "30",
            "getOffCarRate": [
              17,
              12,
              14,
              12,
              11,
              11,
              7,
              6,
              7,
              4
            ]
          },
          {
            "dow": "FRI",
            "hh": "08",
            "mm": "40",
            "getOffCarRate": [
              16,
              11,
              13,
              12,
              12,
              10,
              7,
              6,
              8,
              5
            ]
          },
          {
            "dow": "FRI",
            "hh": "08",
            "mm": "50",
            "getOffCarRate": [
              15,
              11,
              12,
              13,
              13,
              10,
              7,
              6,
              8,
              5
            ]
          }
        ]
      }
    ],
    "statStartDate": "20230924",
    "statEndDate": "20231223"
  }
}