Id,OrderId,ItemId
4b2d2cd2-7fc7-4adb-ba9d-309d551b9c31,8ff6678d-4eed-4c53-8978-99147dc8e9e5,17d4821e-89d3-4b68-a2df-10330078805a
54a51c33-84f2-4f3c-a533-e493d429aa25,0ca0ea7e-214f-4d8b-b0c1-ea10d7ff6823,0a0e32c1-864d-43f8-863b-61066fb2b545
f27b7bd9-c2d1-4de8-aa46-cbae110a8cfd,fff39790-917d-4cfd-ad0a-255386c5a974,3e3a19cc-aaa6-4f39-9b40-1dfe263bd2b8
f481659f-e5dd-42ff-bfe5-b48521b6fb64,2394d1e8-ea81-4f20-847b-d885b0e8fb54,259c3e7f-487c-45ca-aa3d-a0ce45be225b
846aecc9-6952-4d28-ac92-2bf7c29ef5ba,5dad9235-3460-4463-a120-b702cbeb4ce8,92f51a91-61e5-44b0-b080-cbe7ead53052
3f82f077-94cd-4585-b2ad-03ee709580b7,c55ccf09-8827-4edc-84fe-b5be46aeae06,0a0e32c1-864d-43f8-863b-61066fb2b545
47aef2ed-27be-4fb6-be02-a655986bc829,3cc0dcf1-0e05-4f2c-899b-4bbb6bb806ab,0a0e32c1-864d-43f8-863b-61066fb2b545
f44ab68f-4496-44f5-bcd4-9017dfb65005,847e9096-30a3-444f-8ed2-140c847c3310,0a0e32c1-864d-43f8-863b-61066fb2b545
a6fa3f05-ef2f-4cc6-b38b-cf515a144e62,b2545348-3ffc-4400-8496-6cb6d2d415e8,56459d54-a542-4fbf-af9a-5b82031bf1b6
30d21fd2-f9d5-4dab-8832-228fca2be047,52d2213f-dd08-44af-9899-d110faeb7490,259c3e7f-487c-45ca-aa3d-a0ce45be225b
81924b68-9063-4438-8187-87c101b157a5,58d06253-2bf4-418f-b6a9-bb35d7aacec3,f7965e09-bae3-4711-b321-88442c851f6b
2e28fa3d-0ea2-4469-8644-be587fdb7fbf,650caa95-52ad-4dd5-9174-968dfa8c4a59,17d4821e-89d3-4b68-a2df-10330078805a
3ed384bb-42f6-4c62-8fa4-69272b450456,11f0a541-25a8-45c9-bf04-22a576914e65,e0355285-0905-4dcf-9681-cdbe3e67382e
a3b4c61a-8697-4ba5-b7f6-9907d9e16948,498685a2-57f4-411e-aa57-85e7ad97cd64,92f51a91-61e5-44b0-b080-cbe7ead53052
efdce7a9-ef9a-43cc-b292-c5c0b1217ade,1d607cbc-9865-416e-a19f-32285db23937,0a0e32c1-864d-43f8-863b-61066fb2b545
a697caf1-afde-4153-bbb1-af29441cbf5e,2c44f691-1de3-4ab6-b9d5-e7b3dc438d84,56459d54-a542-4fbf-af9a-5b82031bf1b6
75fb9983-af2e-48d0-a635-eda8d0ae7a0d,e2a9cd20-b82f-4ca6-b2a8-14da1a1b9a94,1bb89929-4750-4e86-9f3c-f0d726beff2e
0a2a5ac0-78e9-4a63-8f86-b08fa48b3171,608405d8-22be-4761-aa94-28416ac69a0d,010678b9-d3f0-4973-9e0c-22e780415b98
85d9bf44-c296-467f-bab3-a16450eaefb2,2f6def5b-4c6f-407d-889b-8c655d43c10f,c5ad9f48-4d84-4465-8d4d-ffcccabdf335
b8f07ef0-05b2-45ae-800a-f0f5dffdddfb,59d4e7e3-51d7-4e62-88d6-044f50d8bbc8,92f51a91-61e5-44b0-b080-cbe7ead53052
d54e03ef-0dba-4c01-9c22-91a768018dd7,229c5dad-aa45-4e89-b60e-ec689595b94d,010678b9-d3f0-4973-9e0c-22e780415b98
425b541b-890c-4796-aa5f-e5b5928b85bb,a6d88a16-8f30-4613-bc9b-8ee89bca0503,f4c98892-8035-4c20-a6d0-9bfbcdd10065
d79f1bb2-bc4a-4a60-8b07-172296db147f,15eb8753-e589-4cb6-b914-a8d9e37e3cc4,92f51a91-61e5-44b0-b080-cbe7ead53052
4f8221fc-50e4-4ec1-8f80-4c52c771fa88,c6dfa15b-e0f9-49e4-995c-12d8f44d4ad2,56459d54-a542-4fbf-af9a-5b82031bf1b6
c60a279b-11df-495e-885a-778da5454a01,b7ad2fb3-f65a-4c34-b231-2856eee4fa9a,ac6d461b-5716-4ab1-b329-0ef5f0164c6b
586ef8de-70a3-4dde-861d-e64ec364a60a,0bdf5b07-3b18-4144-af97-6eaddd09c855,61051bf0-1cc3-4581-8b02-c057ca557c1e
a19d3e6e-a6ba-4513-9d1e-844b65c814f6,451b7455-04f5-4581-9b94-6dd4f2dc0c6d,b1663200-0198-499c-aef2-d41e71a4666b
3803fd5e-df41-49dc-b373-4325fff09cc4,d1024be1-0353-4917-8e39-12e44fc16cd0,ac6d461b-5716-4ab1-b329-0ef5f0164c6b
83c9a252-f05c-4451-907b-921a35a73c75,f344f682-107e-4a92-9a78-475836d13904,0a0e32c1-864d-43f8-863b-61066fb2b545
9a7993d4-04b1-41c7-aeaa-9921105af851,461715c6-e7ba-428a-9996-73561ba56753,4e73822b-0d80-47bb-9a45-65599e304490
e6eb7a99-6308-4bba-9c4e-93fce193641c,09733080-6d85-4a22-b2aa-19576da44aa9,259c3e7f-487c-45ca-aa3d-a0ce45be225b
e62787d1-a3dd-478f-a0dc-1de2aab0aa2b,d8fde11e-f249-4ae1-8319-10951d66c13c,259c3e7f-487c-45ca-aa3d-a0ce45be225b
5483a9a9-8566-4e83-9fe8-17345cdb7f7f,07f805fa-740b-48f3-b470-66ed5882d92c,ec69e870-95f3-4207-8e52-b182e311a2ee
d2466fec-1a3c-456d-a440-a9fdf5e84a14,52b45528-069a-41c8-ba17-4e61938e8356,0a0e32c1-864d-43f8-863b-61066fb2b545
333c6128-fa4e-49b6-b794-8dbbb85fccd7,75b575f3-6e4d-4ca2-8ff0-052713b0b854,c5ad9f48-4d84-4465-8d4d-ffcccabdf335
aca9cbe9-3e2a-438f-8dd5-4e5c689c13c7,fc897557-2a23-4902-ae97-df1e3c6ac0fd,010678b9-d3f0-4973-9e0c-22e780415b98
a77d5b90-2066-4f38-8fe2-745530cb56fb,a63fed23-a584-4448-8e11-e9cf380fa157,b1663200-0198-499c-aef2-d41e71a4666b
b686c44a-fc55-4540-b9a8-35b9cddc9da1,650f29e0-09d6-4968-9298-580e9006a327,92f51a91-61e5-44b0-b080-cbe7ead53052
f2d60ce4-b601-400d-82b0-fd9023659d9d,9eb97f17-8169-46ec-a40f-703c4aec5ccb,56459d54-a542-4fbf-af9a-5b82031bf1b6
42c0fa1c-7ec5-4023-85c5-5f97e4035e6d,4c9f5b16-9739-4c2d-b29f-2b3e91a32185,3e3a19cc-aaa6-4f39-9b40-1dfe263bd2b8
82b3c652-e1bb-4c13-af98-35355d8d5bf5,b61816cd-bc45-4ae4-bebd-e887d11b55cc,1bb89929-4750-4e86-9f3c-f0d726beff2e
bffd2ca8-8683-454c-8173-9a222885d71c,92c6667b-ef7f-4297-8071-a990f6e889e5,17d4821e-89d3-4b68-a2df-10330078805a
8e75f662-531b-4249-8e04-98c51097ea8b,2e76815c-b99e-4e98-9f01-84c348a7b8ee,0a0e32c1-864d-43f8-863b-61066fb2b545
8800ae1e-75e7-4733-8ebc-ef4a5c1d1c0a,ab804cf5-e7d4-4ab2-99aa-43237ce3a5a0,259c3e7f-487c-45ca-aa3d-a0ce45be225b
93bfc6a5-eb13-4b23-9564-ff5064a6faa9,d1e9eb97-4efd-435e-b66d-3535f3efd827,f7965e09-bae3-4711-b321-88442c851f6b
ba375be3-02fe-4cf6-ad75-c10e14ae8465,73e8782e-af14-4306-9660-3af47399b480,f4c98892-8035-4c20-a6d0-9bfbcdd10065
2f37497c-aa9c-49d9-a034-e85c289df17b,5dfe83b1-9b16-4840-b6a7-f5b44aed4063,92f51a91-61e5-44b0-b080-cbe7ead53052
1ff2a0b9-9e2a-4632-a8dd-ca9ba75e0e08,ec5dfbbc-5a4d-495c-afce-7f528ae9f743,4e73822b-0d80-47bb-9a45-65599e304490
08b70b82-5a8c-4630-84e8-f1007d7ee32b,f0f03c6b-99a2-4244-8b85-bcfb1f603e33,92f51a91-61e5-44b0-b080-cbe7ead53052
8a7e3f01-9843-41e6-b7f3-73559c90b2dc,f6edab63-c35b-44a1-99f3-bc726cb8ed97,259c3e7f-487c-45ca-aa3d-a0ce45be225b
108187b6-e312-4ff5-b1d5-741700d4cea4,cfaebb14-b75d-47ab-879c-c62e055dfea2,ec69e870-95f3-4207-8e52-b182e311a2ee
01454a7e-4a15-4e55-8a97-35377abc5d2e,88efb48d-fdc7-45b3-af02-8bf1257f0892,010678b9-d3f0-4973-9e0c-22e780415b98
ffef40e9-7052-422c-b973-06e170ee6cfe,ef8f9839-5b41-4e0b-9cd4-ed09b2eda873,42878157-1714-4211-8052-66e31048c689
1907ebd1-4d37-4e12-885b-e4f8d645aa43,0f077993-990e-4036-aa8b-9c4e2b3ad6f8,6abc0918-42da-41ce-a3f8-1642fabd827f
8bc7ef4e-64d0-4d9a-a074-7b6f125bd989,b721a75b-2245-4dd6-8bb4-7ce3e8a7da81,56459d54-a542-4fbf-af9a-5b82031bf1b6
3ba888b3-4517-4c62-a1e5-b60e29ad5920,169153a5-ede1-4d44-a80c-8ac6a2b895db,ec69e870-95f3-4207-8e52-b182e311a2ee
c2748108-6381-4585-bc24-ae121abed4bc,fda2ef34-8994-42e0-965b-0c62865810ef,ec69e870-95f3-4207-8e52-b182e311a2ee
033e0f11-57ec-48cf-94dd-db26b343c854,dc34ef17-89b1-41f5-b960-b08d4aeb9fc0,56459d54-a542-4fbf-af9a-5b82031bf1b6
9ea3db2d-d371-43d2-a874-b2e39a1e9ce0,e50d487f-2d83-49c7-8a2b-d49baac97732,3e3a19cc-aaa6-4f39-9b40-1dfe263bd2b8
1f4d3b42-873f-4f92-a09d-d7d7a523d9ac,b6298565-47f2-402f-9e7d-feff23d16f28,010678b9-d3f0-4973-9e0c-22e780415b98
ec4e6bc3-11b2-484c-b093-f2928435c2a5,de8495c8-9219-4ad2-952c-b2f84ffaf9fc,259c3e7f-487c-45ca-aa3d-a0ce45be225b
718c9cfd-7a9f-467e-ad1c-f576f64bd9db,445554ee-9267-400e-b902-9a48feb1b63f,c5ad9f48-4d84-4465-8d4d-ffcccabdf335
6ebe1873-6b65-452d-b39d-3179e18a5222,63daff1a-8116-4c5e-afb4-7c5c2660d9af,17d4821e-89d3-4b68-a2df-10330078805a
5c3273e5-10ed-44ec-8273-784a0bd0d9fe,ec630710-d582-44c1-9121-17595f816009,e0355285-0905-4dcf-9681-cdbe3e67382e
633ff923-caee-4065-b175-34b99f4b081f,0af81a83-14de-4fc2-8b89-1d436a8206a4,259c3e7f-487c-45ca-aa3d-a0ce45be225b
80a6d0ef-dc0c-466a-b7cb-5b14c3ed51ff,8a60cb32-4ee5-44d5-9a45-800bd35f0c8f,6abc0918-42da-41ce-a3f8-1642fabd827f
7144271e-53e9-407f-b53f-e724e0a1b7d4,e313c94d-cb8e-408e-b25d-5086d8b5888f,61051bf0-1cc3-4581-8b02-c057ca557c1e
f0ab2e20-5f16-4919-831d-5f239e2cbde1,d0df6525-0ec1-458e-aadd-5069fd9f7360,42878157-1714-4211-8052-66e31048c689
ec48b4a9-9f75-4c14-83ec-5a73fb51fdbc,1bd98697-644b-413d-930f-9eb278a355cc,ac6d461b-5716-4ab1-b329-0ef5f0164c6b
e688a3ff-0254-4794-b095-a2554b1b4dab,2597f326-ca0b-49d1-8d27-c0e8025e4489,ac6d461b-5716-4ab1-b329-0ef5f0164c6b
dd314ce9-4058-409c-8536-5fdb018711cc,815ea7c4-bbcc-4f60-a7fa-2097b008387e,42878157-1714-4211-8052-66e31048c689
46e59d81-f760-422c-9947-a2d69f098bc6,f8a453ea-cc7c-4312-bf9d-876e3dafd4f9,17d4821e-89d3-4b68-a2df-10330078805a
2d727321-7115-4716-8371-26c3c2289457,2e3be5e7-69f8-4895-be77-b7fc969b8276,010678b9-d3f0-4973-9e0c-22e780415b98
bc6c0dbb-8d52-4447-8b51-5d7b7e0d2256,d48af537-3b94-4e0c-857f-ac5d9775a64b,259c3e7f-487c-45ca-aa3d-a0ce45be225b
e0d16bb5-0c77-4a68-8354-b1f2164c3953,d4dd5f4c-04b4-4ddd-8b54-ae37b6709dc6,17d4821e-89d3-4b68-a2df-10330078805a
2082237d-9ef8-4d46-a89b-95da9b4066bf,bbcf8cc4-a3d7-41d6-9c8a-4682f473912d,ac6d461b-5716-4ab1-b329-0ef5f0164c6b
eec5d8d3-bb12-4cba-b465-49a1deb49e9c,3d7abc80-c480-4120-bac3-1b8330a3418a,61051bf0-1cc3-4581-8b02-c057ca557c1e
f1c8e396-1611-471e-96d8-b062f7e82e7a,3daf6a47-c7ab-4a99-b5d4-3cb542d035f1,92f51a91-61e5-44b0-b080-cbe7ead53052
ef2cb99e-41b6-4bed-a80a-c31f7ddb4945,65437422-b541-4021-ba3f-73a9a758fe16,4e73822b-0d80-47bb-9a45-65599e304490
0565031f-0012-4c9b-a781-b055378fac4a,9f9c3296-f16b-49fa-8ba0-8b45cffa37ce,c5ad9f48-4d84-4465-8d4d-ffcccabdf335
57418c75-6457-476b-9fb9-a938ed4caf60,b6fadd71-afe1-489e-845c-bda46214c66d,f7965e09-bae3-4711-b321-88442c851f6b
037d4754-4668-45c9-8127-e4a97285acad,e56c21f4-6b21-4c5f-b22a-7e9f8f35b53f,1bb89929-4750-4e86-9f3c-f0d726beff2e
f0a30132-7a01-4592-a239-537143627c5e,54f28293-0b39-4a25-93ef-7465c9098bb1,42878157-1714-4211-8052-66e31048c689
8995e5ad-8211-4bc5-87ea-962125974aaf,646b267d-93f4-43bc-a21b-ad42214a1c71,c5ad9f48-4d84-4465-8d4d-ffcccabdf335
86067a5f-f2eb-4d87-b65a-7136191e4a67,7e29364e-01d1-48d0-8209-5a497bc8d2ac,61051bf0-1cc3-4581-8b02-c057ca557c1e
1d311614-296a-4195-8d92-25fed6eb381e,34715b9e-a25f-46f1-b9b4-e4fb8ed1c620,ec69e870-95f3-4207-8e52-b182e311a2ee
f20f4075-e084-42d4-a054-3d0945b78c1a,98620578-1103-4f51-845f-51bd5c8ff41e,6abc0918-42da-41ce-a3f8-1642fabd827f
679b6049-100d-4cf4-ab12-e5e3e4708f57,665e7f5d-e088-4a5e-8361-f59485c23207,ec69e870-95f3-4207-8e52-b182e311a2ee
12ce4e5a-e341-4eec-a274-18998557957c,92b8d59c-2c14-4b04-b53f-32654e65b940,92f51a91-61e5-44b0-b080-cbe7ead53052
55ba503e-1158-4d95-bb3d-598011a03ad7,d2abf02e-72e9-4f85-873f-427c5f3bd361,e0355285-0905-4dcf-9681-cdbe3e67382e
9dbb36fb-c20e-425b-a73c-8a07a0535e3a,6f5a2992-b575-4b8d-b91d-5104e95956a2,e0355285-0905-4dcf-9681-cdbe3e67382e
27ab5627-5b8a-41b6-ab75-724f83294620,e709212f-c552-4630-9fc2-fada6d579267,ac6d461b-5716-4ab1-b329-0ef5f0164c6b
57805c40-a91d-46d7-9305-bbbdef17b3d0,b84cb1b8-7924-4417-a026-736b36fb4a76,3e3a19cc-aaa6-4f39-9b40-1dfe263bd2b8
01d8ea0b-427d-4b04-a9af-5c92d0409b78,274c0d04-82d7-4969-ac48-ceef4ca04469,61051bf0-1cc3-4581-8b02-c057ca557c1e
4b52b3d9-eb16-4b8d-b553-f4ce18af33a7,bd14a16a-6b4c-4b6b-bb73-411993dd9693,2fd76e64-e10b-4907-9827-8194e5c965c7
4eb33f65-be62-42d1-a19f-65bff5944459,bc163652-38cc-475f-949e-d48e86d65f16,56459d54-a542-4fbf-af9a-5b82031bf1b6
01bfcd68-0890-4f12-9add-3b3824eb28aa,7bf793ff-4590-465a-a08b-b2b0cc5b5e9a,56459d54-a542-4fbf-af9a-5b82031bf1b6
beb35bf1-da67-4747-bd3d-9ae49431a853,dd8ff816-b542-4199-a0a4-4e87e14f1793,3e3a19cc-aaa6-4f39-9b40-1dfe263bd2b8
7e2ffaec-8aae-4667-8fd2-216851dfadee,ff2b63e1-eeb1-46b1-8102-0eed5e8fde02,259c3e7f-487c-45ca-aa3d-a0ce45be225b
6e94802f-acf0-411c-8063-9dd4759d87b7,99329cd6-d6e2-49c8-a53f-1ae3845f5bc3,c5ad9f48-4d84-4465-8d4d-ffcccabdf335
35a0b633-5cfc-4d3f-8f2a-35c70f534a59,a702ac0d-98e3-4826-b1ab-b6d37cbf7e7b,17d4821e-89d3-4b68-a2df-10330078805a
f35fd437-feb5-4dac-bdca-c2939eaa9eb3,850c24e7-b681-45c1-ab47-aa0a93f80aff,61051bf0-1cc3-4581-8b02-c057ca557c1e
d506321a-1486-4ea8-aed7-87398fda8587,8efa921a-763b-4e67-a579-02c735f7b007,2fd76e64-e10b-4907-9827-8194e5c965c7
2bb2a6a4-b2c6-4c8b-9278-11dd7464b03a,259c4f16-c8ff-4628-b313-54e83361a4e3,17d4821e-89d3-4b68-a2df-10330078805a
7e93bdee-994a-4748-b9c3-bebc938e5790,0f1d6909-e259-4955-9d77-99e1d8c37e99,6abc0918-42da-41ce-a3f8-1642fabd827f
bfbf3704-b976-4364-bf0f-4be2a0fa5d5f,70d064af-e97c-4041-a0c4-941d90e80652,56459d54-a542-4fbf-af9a-5b82031bf1b6
41694414-696d-4669-bdbe-52a295ae2fab,6d587c5c-c914-4f94-844d-dbe25a221928,ec69e870-95f3-4207-8e52-b182e311a2ee
d0ff594d-f85a-484d-923e-73ff11746782,c5f7cbf7-5821-4c90-a0e4-11b509a1dbc4,c5ad9f48-4d84-4465-8d4d-ffcccabdf335
95dcb830-408e-42d6-a200-98a0653cf8f0,40fc9fbf-5609-46cf-bde2-8f7116b78269,56459d54-a542-4fbf-af9a-5b82031bf1b6
db5c21c3-bba4-4473-b64c-ef08ef2432c9,f5976093-c4b3-4086-9ac9-47333538d4cb,0a0e32c1-864d-43f8-863b-61066fb2b545
e72c4fea-5268-49c5-8ed4-474e2be148c7,8323e2b0-421c-4c85-99c0-9ad30104aa9c,6abc0918-42da-41ce-a3f8-1642fabd827f
b1ceb543-c8ae-4e2f-a1c8-10d0e356694d,3bc03f8e-859c-4e9b-901d-3bac0beeb1a9,259c3e7f-487c-45ca-aa3d-a0ce45be225b
636b9c7b-2678-4868-b028-9132044dea71,0ffd34f1-91ec-418e-adb7-82a06417b7bd,b1663200-0198-499c-aef2-d41e71a4666b
c565a14a-584e-4a94-853e-93809f7168b5,0d7e8ead-ebc5-411d-8f62-636dae76ee6d,ac6d461b-5716-4ab1-b329-0ef5f0164c6b
7574c422-94db-4dfb-8dd2-5ac537b7640b,4cb2f3d6-10ea-46c7-94c6-5ce84f111a35,6abc0918-42da-41ce-a3f8-1642fabd827f
299419d8-7780-4f23-9268-7736de136972,708458b5-b65b-4cc1-8c68-8c23156ddcda,17d4821e-89d3-4b68-a2df-10330078805a
e04a2598-3043-4c37-bf77-f663f4c43aac,c6630e65-d26b-4253-b3f4-8dfe1127c87e,ac6d461b-5716-4ab1-b329-0ef5f0164c6b
367646a1-df33-4be9-8eec-4782046107d9,1e6b4d29-bec5-43f6-836f-0c61cb5f91cc,e0355285-0905-4dcf-9681-cdbe3e67382e
14f7a4be-e72c-4c1c-8b17-50ea3d03e3b0,094dd52f-f9b2-4ffa-85d6-fc99e4812f83,f4c98892-8035-4c20-a6d0-9bfbcdd10065
6898257d-b93e-41f0-b961-cf08f1793248,57598195-caa4-4f4a-b4c8-c6c0ae67508c,c5ad9f48-4d84-4465-8d4d-ffcccabdf335
f1266c3f-a480-4eab-9885-f06e98f96f8a,49a8fa12-9e88-4b56-9cd1-b71c995f566c,56459d54-a542-4fbf-af9a-5b82031bf1b6
9df8710c-7ebb-4dd4-87a6-ef7d304e78f7,c68f42a1-3eaa-499c-a9fd-b8bbd5dc0010,e0355285-0905-4dcf-9681-cdbe3e67382e
5fbd4e0c-c565-443f-a8c2-f2371f4c0d46,02e18b2d-cc4e-4c7f-8174-55340dc6d59c,92f51a91-61e5-44b0-b080-cbe7ead53052
5b2faf02-8f4c-412c-9070-da48686d62b9,b7abf9d9-f32f-4004-a14d-523cb0d4cf0a,61051bf0-1cc3-4581-8b02-c057ca557c1e
7dd24d65-d065-4fe7-8323-401c8efe78f0,eb91a710-d412-445b-a157-3dc72c9ffa97,17d4821e-89d3-4b68-a2df-10330078805a
71962f97-a7f1-4a58-80b0-b7a58a00a3ce,35b22622-a593-4968-a870-19c0e3468b83,0a0e32c1-864d-43f8-863b-61066fb2b545
b3c41021-ea81-4edf-a961-d15405e45098,2daa4670-9a52-46a7-8ab2-e4f27114ff17,0a0e32c1-864d-43f8-863b-61066fb2b545
3da82c8b-07df-4788-97f8-517aea1ec8bc,836afa7a-dd25-4738-841c-8491a28dea9e,56459d54-a542-4fbf-af9a-5b82031bf1b6
594619ba-dc2a-417f-8c47-7ebc16c3a598,d2631654-092a-4cec-9641-145591d9acae,f4c98892-8035-4c20-a6d0-9bfbcdd10065
ea79ddc3-1a51-407e-9a87-805c19e53532,baedaac3-d342-470e-b797-9a4e70744494,56459d54-a542-4fbf-af9a-5b82031bf1b6
bcf7aa94-3b83-4f9a-a2a5-816830fda94e,0afd6c31-d5b0-4dbf-bf43-7dd6f07574e0,259c3e7f-487c-45ca-aa3d-a0ce45be225b
6ae96f77-645b-4f44-9dd9-d6a5f687974a,3babdb54-c54d-4f13-980c-260013a2d055,f7965e09-bae3-4711-b321-88442c851f6b
3de73397-e174-4fbf-835d-2a4ec1f804d6,709330e3-0bde-4d97-a1a4-fc5c761b6e56,3e3a19cc-aaa6-4f39-9b40-1dfe263bd2b8
9ca58ddc-ce21-48ba-8252-7e94bf00b556,d84baaae-59d2-49f8-8d6a-d835a5ed1df4,2fd76e64-e10b-4907-9827-8194e5c965c7
4fb923a7-0b89-4669-9c11-efb84f4da06b,b1755e33-a401-4711-8698-2ade1e15d891,6abc0918-42da-41ce-a3f8-1642fabd827f
bfde2af3-7f46-4806-8054-c4a4e0bc2599,8ed0bb90-1dd6-4fa8-aed0-3910aa483f8a,6abc0918-42da-41ce-a3f8-1642fabd827f
fbad7373-ddd6-427b-895f-3d69ff705102,7678de5f-e808-4f2d-bc5d-2066ac7c0018,2fd76e64-e10b-4907-9827-8194e5c965c7
63b826a0-63ca-45ed-bdb4-469a4629d41e,a623d436-edd4-4340-9cd0-40ee056bddfc,ec69e870-95f3-4207-8e52-b182e311a2ee
bd95fba5-05d7-425a-8735-3eddcf7764f2,7cda50f4-a143-4090-ab70-9ecf22cabb2e,ec69e870-95f3-4207-8e52-b182e311a2ee
6b093683-f756-4fd8-9e06-6ca3c359ce76,e3dc13f3-aa0d-4a77-85d6-b176e8cb4c96,c5ad9f48-4d84-4465-8d4d-ffcccabdf335
981ba3a7-dcc8-447c-ba5a-9cd8e6dc43eb,f29afead-f89e-4396-b2bc-1ecdffca4ec2,1bb89929-4750-4e86-9f3c-f0d726beff2e
94593f1b-c28a-4263-b5ef-b4f92649aa22,fedefeb5-e685-4bae-8277-7d2a8ba83182,2fd76e64-e10b-4907-9827-8194e5c965c7
abe32aa7-217b-42be-a0b9-1e107e265513,63013a39-80ab-4b53-9ec7-d55987fb0b51,c5ad9f48-4d84-4465-8d4d-ffcccabdf335
893928e3-450f-485f-bd49-6024e793e67e,084ee829-ae6c-4a5b-85b4-81587e25256e,42878157-1714-4211-8052-66e31048c689
ad316124-a7e0-42be-8970-0d95a23c9228,3e095344-a979-4cae-98f5-2f30000449a0,4e73822b-0d80-47bb-9a45-65599e304490
506489f4-e73f-4504-a6a4-75ba9eab4150,66606fe2-8d46-404e-ae91-3560566ca116,ec69e870-95f3-4207-8e52-b182e311a2ee
3b8131b7-fe59-4088-8b8f-b93d5cb86860,b8e6918c-fdc2-4a56-a350-ef40085016b9,1bb89929-4750-4e86-9f3c-f0d726beff2e
9bc35052-ee60-41cd-a5be-d03cc743c200,52c5ffc9-3690-46d4-9530-9a52b4ee7e2b,4e73822b-0d80-47bb-9a45-65599e304490
cabdb714-43f5-474f-b182-4ce58575267a,cae98196-1188-4a50-9afc-1012e6c5caa4,92f51a91-61e5-44b0-b080-cbe7ead53052
3559ccfc-78d7-44a7-8511-d8faa77587a3,4b83e5bc-309b-45b4-bf0e-4d3e5429f944,2fd76e64-e10b-4907-9827-8194e5c965c7
1bdb2b94-eb35-47f5-9071-677a1287433f,051be719-a425-4a42-b83a-0a6d64fe91b6,0a0e32c1-864d-43f8-863b-61066fb2b545
9434f95e-0a18-4db3-ada7-71eaf1821439,df009110-5295-4381-95fd-4360900dc77b,c5ad9f48-4d84-4465-8d4d-ffcccabdf335
642ecf75-c08c-4692-aca2-775da8019c1e,28dbf8b9-e8e4-4561-9cc1-32c4020fa67e,010678b9-d3f0-4973-9e0c-22e780415b98
8b1e059f-5cd7-4c6c-82c3-548d618914a6,bad062c6-e1b6-4f95-94ac-71f4b02d7f1d,17d4821e-89d3-4b68-a2df-10330078805a
a09ec3fb-23b6-4f8b-9cae-3694f1c5b0e5,7a0f7f0d-b8d2-47d6-a646-9cd68ea460fc,ac6d461b-5716-4ab1-b329-0ef5f0164c6b
acb7e670-bf2b-478b-952a-c637ba487157,e98e0ec7-0c1d-4c42-9a16-7682327cfe47,b1663200-0198-499c-aef2-d41e71a4666b
852e0b0d-6ea5-475b-b75b-f3317aab1032,400052b5-cdda-49a4-b4f0-eff2bde34ee0,4e73822b-0d80-47bb-9a45-65599e304490
9956f890-5b89-4d3c-b3cc-f84ab019f474,7a55a6da-71ff-41a8-a1db-3b65c252457c,17d4821e-89d3-4b68-a2df-10330078805a
77fbaec4-8bdf-4904-9f37-822a3154d8b2,30e3086d-c7d3-4483-8662-b8784fe4bf68,ec69e870-95f3-4207-8e52-b182e311a2ee
32707fe4-5548-4094-b2ab-272722259b72,6a282453-3f7a-451a-abc1-8fead491a43d,e0355285-0905-4dcf-9681-cdbe3e67382e
1edea8af-cf42-499e-b9cb-0fffac8248ac,c6387dea-5ef0-402b-84f6-b6dd65193bc1,f7965e09-bae3-4711-b321-88442c851f6b
b0102ee5-f6f5-43d4-af03-3cf84a8aa7cf,dcbacbc6-42da-4eba-9a2f-225ab87d5865,3e3a19cc-aaa6-4f39-9b40-1dfe263bd2b8
8ea3e670-108c-47f7-8e08-d824636c755d,d8271c49-d707-4d1c-8c8b-10b573612a8a,c5ad9f48-4d84-4465-8d4d-ffcccabdf335
9946e4c3-6320-4457-80f4-4c953f3ead17,72bad4e5-551c-4632-bf0a-d42b330d2aab,f7965e09-bae3-4711-b321-88442c851f6b
ab7f3a4a-6495-4832-8804-4fbf53895407,05ac2110-bc06-4930-a4cb-a68a6f92eadb,2fd76e64-e10b-4907-9827-8194e5c965c7
c8a9e02a-2121-482d-9f67-126fc24e8f58,6e209a9e-8777-4784-9046-f5a31208dbbd,e0355285-0905-4dcf-9681-cdbe3e67382e
982ea64b-3654-4aa1-b20a-2c887e1787b1,027ffff5-b80a-40a5-927d-bd54db7b5270,61051bf0-1cc3-4581-8b02-c057ca557c1e
74986f95-64d2-4d4f-aa45-6556ed5daf5f,2f7e92d6-c7a4-4e4e-aa43-29a54a8f56ee,42878157-1714-4211-8052-66e31048c689
7e8b6c20-1649-4cd1-a55e-a917c9565b26,214cda17-27c0-412b-9627-d007bf7de66b,ec69e870-95f3-4207-8e52-b182e311a2ee
6fb79af5-c14c-44f9-8a1b-f72505c26344,ef8915df-3365-44dc-b87e-6b77c0e3a001,010678b9-d3f0-4973-9e0c-22e780415b98
c2b57810-eeef-4464-89bc-86966bdbe205,6e5c73aa-bea7-4423-bebb-7d0ca5fb9976,c5ad9f48-4d84-4465-8d4d-ffcccabdf335
5478c25f-9b7e-483e-ac6d-02eecf58c693,145d7ad0-ddad-47d0-b602-e5f3ba2406f3,259c3e7f-487c-45ca-aa3d-a0ce45be225b
f2f72ca3-ef1c-4047-8970-d4ac25ef06a8,95ea8bc1-c736-4991-aa44-a86a2aae701b,0a0e32c1-864d-43f8-863b-61066fb2b545
907b1f68-d36a-444c-91c9-3ef6a004319e,05d5b3d7-60c9-433b-a9a3-e78c5e1a7dba,42878157-1714-4211-8052-66e31048c689
b221dfea-482b-4d35-95e1-02f5858543bd,e0d8a034-edd5-4f4f-abcf-0c7d2fd5c6f0,b1663200-0198-499c-aef2-d41e71a4666b
94176808-1a35-4c19-95b6-12885ae3a541,87cf8566-9d5f-4421-9d3b-293019783756,c5ad9f48-4d84-4465-8d4d-ffcccabdf335
71a96c6a-16b9-4198-8447-e91d67e1ea74,b5eb9855-7302-4879-a2f0-9b8e38276744,ec69e870-95f3-4207-8e52-b182e311a2ee
68957223-0bc3-4818-9f92-fa81c6ba2502,c6e90467-40ef-4f08-b508-9101195e347e,f7965e09-bae3-4711-b321-88442c851f6b
33b38f92-967b-4458-a3ce-183863306493,704a284f-3ee6-4417-bf49-1b664a840926,259c3e7f-487c-45ca-aa3d-a0ce45be225b
2c43ccb0-050c-43e7-b122-540f06d0655f,e24edc25-5cd7-44f0-88fa-79b72f808cbb,ac6d461b-5716-4ab1-b329-0ef5f0164c6b
3182be7b-05a4-426e-970a-dac86f6f9ccd,7e21a2f3-b82e-4f2a-afc3-deecdb4bb7ea,ec69e870-95f3-4207-8e52-b182e311a2ee
17bec176-ec8f-47b7-b739-8bcc10b7d3be,b35ff3ef-7e0a-49b0-bee1-ad8015910658,92f51a91-61e5-44b0-b080-cbe7ead53052
9a7511f0-15eb-4cac-a59a-3fbab3c4c345,c76a97a5-2ee3-4193-8e8c-252f537c34d5,ac6d461b-5716-4ab1-b329-0ef5f0164c6b
c4a7eb5d-16ca-4b8d-b4a1-c78d2abccf51,d8271c49-d707-4d1c-8c8b-10b573612a8a,f7965e09-bae3-4711-b321-88442c851f6b
6f135ec7-5477-4062-89d8-6c642b92556f,d2926fc7-f9e4-49ca-8cbf-347a25578522,b1663200-0198-499c-aef2-d41e71a4666b
649ee099-8308-453a-902f-51917119d539,a1f77edb-694d-4347-967c-7f4d943641ae,2fd76e64-e10b-4907-9827-8194e5c965c7
14e628ea-10c0-464b-983a-8747bbef15f9,73c8fbc5-9df1-4e17-a428-173402ae3cad,259c3e7f-487c-45ca-aa3d-a0ce45be225b
f25dfdf1-5a8d-4c64-ac62-877253f065d0,a3857021-513b-4624-92ad-412b23e87390,b1663200-0198-499c-aef2-d41e71a4666b
e135a905-18bc-4707-8c08-c0889c72409b,430a33fd-62ae-441c-a55e-2c23cb6d7160,4e73822b-0d80-47bb-9a45-65599e304490
59b8e9be-1523-4863-b4a5-6394a8a2a2c4,fc122c78-4a67-498e-be92-aad5c6cbc5f6,6abc0918-42da-41ce-a3f8-1642fabd827f
c40c9c43-c048-4cd3-adeb-ed89be4d0ecd,78c6b28e-ba75-4129-8588-4a0ecd9469b2,0a0e32c1-864d-43f8-863b-61066fb2b545
3c248f3b-5b49-4eb0-9396-550c1905ea6e,165f4698-dfae-40ef-8f46-18bd8fe8d7f0,6abc0918-42da-41ce-a3f8-1642fabd827f
a1664789-f5fa-4f3d-b990-2f89eb43ba80,38c23f16-6c98-4c07-80b8-6724f08375f0,92f51a91-61e5-44b0-b080-cbe7ead53052
cc936b46-4145-4f2e-a580-90fa5b7f34f0,7e183a79-4368-4e81-9c7c-cc1f6c38357a,6abc0918-42da-41ce-a3f8-1642fabd827f
6265f032-c9a4-497a-8291-075e7f568919,7322706d-dcc2-462f-81cd-f8c92d5f9518,c5ad9f48-4d84-4465-8d4d-ffcccabdf335
393d3635-823c-4261-b43c-1f6a8c29f870,959b45f5-8716-4e40-89ad-889b56cc90cd,010678b9-d3f0-4973-9e0c-22e780415b98
bffe072d-6d9d-4462-a54f-8fecef0e8e34,40c4e832-36fc-4237-a842-3f92a366b808,2fd76e64-e10b-4907-9827-8194e5c965c7
5317cd58-b563-46a1-a642-7d97aeb6d83f,dfc23120-fa43-4b82-ae1c-e04560548a03,17d4821e-89d3-4b68-a2df-10330078805a
dd957a71-bfcb-4785-8d4e-0bf163d2c436,8f71cd3c-5a80-4655-a4d3-54cbe84b675f,4e73822b-0d80-47bb-9a45-65599e304490
d6baccb7-d352-43af-a2cc-801b55c1b211,acfbc717-bf01-4f7d-8912-28d30eedbe25,56459d54-a542-4fbf-af9a-5b82031bf1b6
97d8486b-cd6a-4d4e-a109-264c7fd00443,46738fb7-f437-4c21-a8c4-85dae10052ee,1bb89929-4750-4e86-9f3c-f0d726beff2e
f2b79567-7b23-4ad1-9c98-3c7a59304e6a,13f27bd3-206a-4113-86f2-90738c91f7c9,f7965e09-bae3-4711-b321-88442c851f6b
8fadf4ac-271f-49af-bf2e-54e99de724a1,acb7ea4d-6f3f-4b95-bd7d-938bc43f2f08,b1663200-0198-499c-aef2-d41e71a4666b
294f2a83-b7dd-43e0-bcb1-0aa15e60ab33,d3214248-a5a0-4ecd-bfc0-c764450d66db,b1663200-0198-499c-aef2-d41e71a4666b
e8ae53bc-c120-4be6-b706-c6acb9e017ff,526a76ce-8c85-4997-aab1-385d159ed651,259c3e7f-487c-45ca-aa3d-a0ce45be225b
c707441a-a02f-4cfd-bd43-e991cdd576bb,3d354a76-7468-4cfc-8ad8-0fd41535d435,2fd76e64-e10b-4907-9827-8194e5c965c7
418e4aa4-f01f-4e33-b099-12891246782a,96bcfe50-c025-4b25-b66e-93b2c5ed7d21,010678b9-d3f0-4973-9e0c-22e780415b98
16dd667a-6c7a-4573-bd3e-ddf0c9e1dc0f,9b45dcfd-1036-483d-8fc2-a9cc93abedc5,ac6d461b-5716-4ab1-b329-0ef5f0164c6b
afdc0a5c-c876-44e0-b06d-c6a26da56d54,7b3922ec-ab62-4ab1-a312-323f6350c41e,92f51a91-61e5-44b0-b080-cbe7ead53052
23908cb1-764a-46f5-b3ee-d416232d55ca,9728a0f3-3193-4be1-b1f9-7d596f0a431e,92f51a91-61e5-44b0-b080-cbe7ead53052
8914308b-962b-4f4d-b077-7eac35842397,143cb3ac-5c1e-40f3-b2e1-1f0d1c36b5c5,c5ad9f48-4d84-4465-8d4d-ffcccabdf335
18f4cf2e-f9a7-4425-a0fb-2b0ca3eaa86a,5bfb6f21-7b0a-49d7-873f-531af17f34d2,56459d54-a542-4fbf-af9a-5b82031bf1b6
5f0fc2a1-f633-43f0-9473-5e77b6a617eb,71ce2b02-de40-4b24-ac48-f1e4930488c1,6abc0918-42da-41ce-a3f8-1642fabd827f
ed1e282b-dd9c-4f93-b690-ecf50c97689d,de48856c-4d23-4dc2-a744-4b74794c7f53,f7965e09-bae3-4711-b321-88442c851f6b
50d6ee97-4c99-4090-9166-a8f9c0db274f,68b96fc6-6ecf-4d3f-8645-2bf34b965b7e,c5ad9f48-4d84-4465-8d4d-ffcccabdf335
d93a1e00-a2b6-4ace-8bf0-20cba124660f,ee8838ea-3a0b-4585-99e7-5967fc48a9f4,61051bf0-1cc3-4581-8b02-c057ca557c1e
7febdb1d-8be3-4df2-b9fb-b666dc0aad0e,7764b234-3491-4e79-9d80-832ecc2b75fc,259c3e7f-487c-45ca-aa3d-a0ce45be225b
2cdccf0b-bbd9-43a0-8490-f2cedba5da27,4971a870-7c0d-4c81-ba38-d21dd25d1a36,e0355285-0905-4dcf-9681-cdbe3e67382e
0863d093-d3db-43e8-93ce-8579935df594,20f8922b-d1d0-4997-8e54-af769d65485e,f7965e09-bae3-4711-b321-88442c851f6b
872246d5-0474-4f58-8c8d-92f1200168f3,10d10522-cd88-4a04-9d08-f05573923205,6abc0918-42da-41ce-a3f8-1642fabd827f
3caf93bf-dff8-4833-9c4e-a11112d2071f,c0aa11b2-68aa-4fed-bde6-d37510fca32f,3e3a19cc-aaa6-4f39-9b40-1dfe263bd2b8
9857d59a-fde8-4f2b-a047-5e313673b95c,a72d4e4e-19e8-45ef-a5a9-1627208e2e89,1bb89929-4750-4e86-9f3c-f0d726beff2e
d326497b-7773-4a33-9b8d-770b684d61c2,f9f84cf8-9cfc-4c70-9379-7a4a8de3fbae,3e3a19cc-aaa6-4f39-9b40-1dfe263bd2b8
9edf5345-5fab-4bb1-a665-13655b5e4238,fdcff710-3ecd-410a-8f9e-88ac0f7579c3,ec69e870-95f3-4207-8e52-b182e311a2ee
c51c331c-6a76-47b9-a32d-a0f5c51c24a6,a20ca6f6-e23a-4b8c-a987-74684e2d3ed5,42878157-1714-4211-8052-66e31048c689
9b948bfc-6721-4160-8689-21c51af1f12d,6fd85c76-0777-4c57-9279-a2748666e670,42878157-1714-4211-8052-66e31048c689
57feb3d8-afa7-4ea6-ae7d-9460ca21370f,577d1a0e-faee-48d2-af1b-8f233c4ed646,f7965e09-bae3-4711-b321-88442c851f6b
5595cdda-6e9e-43af-8891-534001707d8e,1002f9ab-e624-404b-85c3-41143d20c28c,ac6d461b-5716-4ab1-b329-0ef5f0164c6b
4eb13e04-8b88-4676-8bc5-61bb389ea3f5,a6e9f33d-7ff7-4a62-bdc7-e59844abf3f1,61051bf0-1cc3-4581-8b02-c057ca557c1e
8a588e7a-97c3-4556-a18a-1cea47aca1aa,8e3bd56f-fda7-47e5-b818-e3a01e081554,42878157-1714-4211-8052-66e31048c689
98fc0331-b00f-47d9-a107-0f22d44b159e,2c727fad-614b-4f73-8cc2-40faf44ef551,56459d54-a542-4fbf-af9a-5b82031bf1b6
19afc394-f908-4ca4-bbfa-881f2cd9afb6,4481d796-18a4-4100-b16e-50d5dfecf5a1,ec69e870-95f3-4207-8e52-b182e311a2ee
256f35bc-da4b-45ca-8bce-b3543f658f2c,ef773bc2-6aa8-4b4c-83d6-3e929d51c7c7,56459d54-a542-4fbf-af9a-5b82031bf1b6
906b248e-1c36-49d1-ba04-6bf6e77f1974,8f399410-e25c-47a3-99db-852980b5134b,42878157-1714-4211-8052-66e31048c689
77ec0c92-b7df-415c-b1a7-1c69d64ea2be,fc682e00-05e7-407a-856f-9ee3b875a9e9,2fd76e64-e10b-4907-9827-8194e5c965c7
a16dc590-a05b-4e18-9a4d-bd375c5b01b1,1abf8250-89bd-421a-8798-77e49e325fc8,2fd76e64-e10b-4907-9827-8194e5c965c7
4c3b5c1e-2081-4083-92f9-cf26565f7871,ea3cf5eb-5051-4e23-a33e-14d320d852e5,0a0e32c1-864d-43f8-863b-61066fb2b545
c972e803-14e2-4e6a-98cf-ef12bf951c0a,1b72b9b8-e9b0-4b2a-ba93-c3c0d3bece75,6abc0918-42da-41ce-a3f8-1642fabd827f
07481707-03bf-4e49-acfe-e3fee4515e73,73282c4d-07b9-4582-91c2-4a6e7eeec73d,2fd76e64-e10b-4907-9827-8194e5c965c7
f5db3634-d4c8-4c45-98af-ff1edc09ee0e,7c09dc22-8306-4098-b99b-169712250074,c5ad9f48-4d84-4465-8d4d-ffcccabdf335
37af65cc-05c1-490b-8e43-b8e9b71c2ed5,b1d13a8e-9558-4d90-8a02-f98e3121aa25,56459d54-a542-4fbf-af9a-5b82031bf1b6
5bf3c099-311a-459d-8bfc-9ee1902229a2,f76b6a09-a7b0-4c04-970a-c20f93b4f9ab,6abc0918-42da-41ce-a3f8-1642fabd827f
13767939-4cc7-4258-8eea-e75d5c1b4ef6,3b6b5148-b968-4f66-a477-9a51c998f458,92f51a91-61e5-44b0-b080-cbe7ead53052
ba9eb1ef-be8a-4484-bfb0-80dde97851f9,f77a9740-4af4-42f5-8609-c81d681ba951,56459d54-a542-4fbf-af9a-5b82031bf1b6
c0664a67-2277-405e-999f-539686c7ab78,30f279cd-54a8-43df-9ed5-e15615aba5ea,4e73822b-0d80-47bb-9a45-65599e304490
f2b36e1c-8a6a-4d6f-bb1d-a47a059f8a34,ac64d450-47d5-4f60-b849-00cea2d143a8,56459d54-a542-4fbf-af9a-5b82031bf1b6
4233a52d-08eb-4d8e-912d-4abe2262d331,84de0765-bd5b-4f45-8eaf-fc4fe912c6b4,2fd76e64-e10b-4907-9827-8194e5c965c7
caac6c55-e179-44fd-b4c9-e62ddea48791,8053433f-ae84-4388-b21c-bee88c8e235d,56459d54-a542-4fbf-af9a-5b82031bf1b6
09559d6c-5083-492b-ba20-16a4561fad57,629e072e-374d-4d65-8f86-ebbdd16dc75e,0a0e32c1-864d-43f8-863b-61066fb2b545
fb3515c2-08bd-4190-a13b-563cbe78237e,532908b8-5560-4ae1-a7e9-f8f870f80469,259c3e7f-487c-45ca-aa3d-a0ce45be225b
00bddeba-6e09-4ea5-99bf-ed534306379b,2e3be5e7-69f8-4895-be77-b7fc969b8276,56459d54-a542-4fbf-af9a-5b82031bf1b6
b1f7563a-9f89-4d9e-b8ea-6b6a5cccd45c,2c2f7314-88bd-4692-8637-5943defae385,1bb89929-4750-4e86-9f3c-f0d726beff2e
62d0dc3a-3bf8-4c00-94f9-3530e6e88039,b3a1546c-2927-4b25-bb33-9a544802111b,ac6d461b-5716-4ab1-b329-0ef5f0164c6b
087b715d-3b0f-4b7c-97ce-5d83afa0baf3,36147024-3919-4df5-8212-985f1312f242,f4c98892-8035-4c20-a6d0-9bfbcdd10065
958d9add-3cb4-47fb-8fde-a754956f8c54,862a6bc5-73a4-4b2d-92b5-15e168fa9a99,1bb89929-4750-4e86-9f3c-f0d726beff2e
cc791a54-dea6-4c71-86eb-4b59409dcec8,fb536405-43ea-4e54-8d54-6a7606db5d96,ec69e870-95f3-4207-8e52-b182e311a2ee
cb01c807-10c8-4607-9d3d-179afafcc17a,c4bfb0fb-3c24-4988-a05c-36f7256639e8,1bb89929-4750-4e86-9f3c-f0d726beff2e
dd2c13d7-eb24-4d8f-b581-5ba55001d068,6f1492ab-8e67-40e6-8834-a075a862bb9b,0a0e32c1-864d-43f8-863b-61066fb2b545
b1005301-dd61-4790-bb09-f6c45f3cf503,0a5d93e8-7fac-4794-aa42-f9635ef2b958,17d4821e-89d3-4b68-a2df-10330078805a
cddb3954-3fa4-40e6-9cc1-b4266c30d542,e9789646-b161-4122-9597-610721c2ec80,e0355285-0905-4dcf-9681-cdbe3e67382e
54b82fa1-74f9-403a-ad1f-0057ba107e93,a0385fd2-e6d2-42a1-b847-eeb6351325e6,010678b9-d3f0-4973-9e0c-22e780415b98
ad953f04-37ae-4b8f-aa7c-e63d84c9f7d3,ecd59c7d-5b0a-4174-ac99-832d814d99e5,259c3e7f-487c-45ca-aa3d-a0ce45be225b
0dede527-1098-46b6-8f4b-8aa99bad0ff6,fae5e81a-49dd-4df2-8c65-db9a9b4b2892,4e73822b-0d80-47bb-9a45-65599e304490
baba2249-cda9-42e2-bbbe-0568b166d0e9,1c79ea89-6df8-4ab8-8013-81edade9521d,92f51a91-61e5-44b0-b080-cbe7ead53052
f1787d4d-bd3d-4fbf-b7c5-41ea5c5cd345,f0ce2611-e0fa-41b7-bce8-8892ea838a7d,2fd76e64-e10b-4907-9827-8194e5c965c7
1d93a206-c859-4154-8590-32f2f566a791,84174612-d93c-4ec3-8867-5a82fbd5611b,ac6d461b-5716-4ab1-b329-0ef5f0164c6b
95e6792f-d76f-4264-bd5c-c0b2b8e9b6b2,2acf2138-87fa-49f5-b6bf-eaf2b342a8ba,92f51a91-61e5-44b0-b080-cbe7ead53052
3afa1971-6267-45bc-8f01-236901a58a7e,206b604d-ea74-43f5-ab9b-93111e459aad,0a0e32c1-864d-43f8-863b-61066fb2b545
b9958fbe-6ab9-4782-a905-f31cec534a7d,e07f2e89-3a3b-49cc-ab13-fc78a90d27b1,1bb89929-4750-4e86-9f3c-f0d726beff2e
c0f5c49c-c536-4777-b590-0eb36866acaf,3b90829c-92df-4413-8165-416478fafa9c,4e73822b-0d80-47bb-9a45-65599e304490
7eda8aad-b208-4288-8082-f8c5fd631d7c,70d064af-e97c-4041-a0c4-941d90e80652,010678b9-d3f0-4973-9e0c-22e780415b98
1bb2f936-9929-45ce-969e-7478cba93881,88e7fcb0-b191-4186-8ad1-f44b6229ebf6,4e73822b-0d80-47bb-9a45-65599e304490
76c4c27b-c395-4fbd-b84d-23669cfb141c,52fcff6c-ed11-4368-bef4-777b503635f0,f7965e09-bae3-4711-b321-88442c851f6b
765ed789-d7c5-440e-aad9-0033b736688c,4f5d5430-5f6c-4384-b5f3-507dc5887680,17d4821e-89d3-4b68-a2df-10330078805a
6c8417e5-2ea3-468f-b769-97a10974eb44,aa7b7784-2c10-4b36-963a-fbe53fd41eec,56459d54-a542-4fbf-af9a-5b82031bf1b6
be0c5270-19a8-46bc-a2ee-977575f88047,daf07cc0-6c10-4bfc-a7d2-f01c02f55602,17d4821e-89d3-4b68-a2df-10330078805a
a4daead7-1246-41a8-88d2-32ebc836ef5b,b48aa0f9-8106-4aba-b3b6-54f7e7cbcf77,92f51a91-61e5-44b0-b080-cbe7ead53052
4a448fc8-9302-496a-aea1-aa861801aedc,bb0f874a-7e8c-4e0b-9ee0-d52d71d6d3f9,259c3e7f-487c-45ca-aa3d-a0ce45be225b
6a432067-3062-40ab-8ecd-ebcd3f9055b3,b465de82-a6ea-40da-8d78-5c21e5d58740,f7965e09-bae3-4711-b321-88442c851f6b
43291247-246d-4655-8f5e-e648d6196d00,36545c6d-7454-4a93-9df8-ce59f1f80859,259c3e7f-487c-45ca-aa3d-a0ce45be225b
b5e59f72-42ad-4725-915b-0c73b72e00bc,9fb569fa-e607-4eec-bd2e-bb49f0534f9c,ec69e870-95f3-4207-8e52-b182e311a2ee
48844ea9-2f87-4a74-b552-8f0c8c465314,3ba1fdc2-5a7f-4aef-b039-4fd89743c137,f7965e09-bae3-4711-b321-88442c851f6b
bdbb0ba5-9be4-4fa0-9c3c-3f3658479f27,f29d0224-c5bd-42ef-9efb-0ffc78483685,259c3e7f-487c-45ca-aa3d-a0ce45be225b
88949c90-0b38-456d-aaa2-1c272725d6e1,4b73675c-c154-43f6-b8de-bb924c3f65bd,6abc0918-42da-41ce-a3f8-1642fabd827f
520a64fa-cc10-4e49-9b6c-eaaaf2c62ca1,29e28b8c-453c-45d4-88e0-18813a00c44a,f7965e09-bae3-4711-b321-88442c851f6b
a0d8b900-e0af-499b-8803-9de2a239f48b,ece4eb6c-3019-4afa-bbdd-6119e2f195bb,f4c98892-8035-4c20-a6d0-9bfbcdd10065
c77ca83e-5485-4474-9061-d393e77638d5,fd7df9ae-22de-4ca7-9c7e-61e8fbb05009,259c3e7f-487c-45ca-aa3d-a0ce45be225b
f92de475-a031-4421-95aa-c71e2de400e8,396bce67-52f8-4191-a82f-c3adb93d1292,ac6d461b-5716-4ab1-b329-0ef5f0164c6b
ef68db2c-842e-43f3-90a6-4d1df6884712,c3b46141-3c84-43f1-8035-d7bee512de9a,ac6d461b-5716-4ab1-b329-0ef5f0164c6b
6386d403-721e-434b-97cd-e3ea5d75a0ff,fa584b89-3c24-4c9f-9554-05aec1c84158,2fd76e64-e10b-4907-9827-8194e5c965c7
04053467-7435-48d0-8bda-db985ab0956b,d017e801-932e-4aab-bc0d-df63f7f78e99,61051bf0-1cc3-4581-8b02-c057ca557c1e
d026aabc-c64c-453e-86a3-67e54c204779,6f207457-f5d8-4480-9a17-7f2fa4462c3c,56459d54-a542-4fbf-af9a-5b82031bf1b6
9117e539-76e9-48d1-a339-4f71d60635cc,45d1bb94-15e8-40b1-91cd-a471bb3c3f7b,c5ad9f48-4d84-4465-8d4d-ffcccabdf335
63538035-5f72-4c71-b05a-40752d265f46,523b1959-1157-47e4-9579-27735832f3e5,010678b9-d3f0-4973-9e0c-22e780415b98
1d61fd06-9c8f-4127-972e-e8203763bacd,8213a20a-ec23-493e-822f-980d52fbd715,010678b9-d3f0-4973-9e0c-22e780415b98
45dabd71-4ed4-45d5-9d0b-c5d3d8c6ad55,f9264e4b-c771-4dac-b9d7-f39a40fc2896,b1663200-0198-499c-aef2-d41e71a4666b
ce588c8c-803c-4356-94fc-fab0fedb472d,6a1a9dcb-ad81-4ea6-be23-237d800e2191,c5ad9f48-4d84-4465-8d4d-ffcccabdf335
7f3393c4-cb60-4c09-ac21-191d10a182ac,613a4e84-e069-46df-929c-0850c54b474a,1bb89929-4750-4e86-9f3c-f0d726beff2e
7aa192be-d821-4e7a-9d0e-e6359454082f,494baee3-1c30-4951-b498-9fb8e492eabd,42878157-1714-4211-8052-66e31048c689
e1e1a2b3-19ee-4105-83a4-3edd3504ae58,2d718d91-823a-4382-be2b-901545bc1479,17d4821e-89d3-4b68-a2df-10330078805a
038c6317-5069-4cf1-8bfe-9b75743e9e53,b7d1454c-8a2d-429b-8c98-69b8c07387e2,1bb89929-4750-4e86-9f3c-f0d726beff2e
48f2a573-9423-4b2c-8148-2e0fb473d5dc,60d639cc-0482-47f3-b710-d824f58609e2,6abc0918-42da-41ce-a3f8-1642fabd827f
545226c8-b54a-40ba-bae6-4e67fab35f06,bce070d2-bdf1-4ab9-b218-128df673a8a1,3e3a19cc-aaa6-4f39-9b40-1dfe263bd2b8
86f68de3-46d5-49f9-bcae-c9e77058b5eb,3cc442bf-3c64-4c43-983a-1de83bf1c76b,61051bf0-1cc3-4581-8b02-c057ca557c1e
61378cf6-51c1-4542-87d1-c66c05ff7b73,1a2e3e00-609f-4e94-86e5-71303810aba6,259c3e7f-487c-45ca-aa3d-a0ce45be225b
59066490-7444-4fc7-ac49-882ea59388c6,e82f68d1-9a46-4da3-a95e-dbab88629297,259c3e7f-487c-45ca-aa3d-a0ce45be225b
d51fdb25-eee5-4ad4-8116-b4987b71abea,c604e7fd-9bf3-4628-853b-3c36e862159c,3e3a19cc-aaa6-4f39-9b40-1dfe263bd2b8
97b8fc7f-c0e1-4ca5-a9a3-2f475ab75703,3eb0eede-c984-4678-9416-b69a0698f7c7,ac6d461b-5716-4ab1-b329-0ef5f0164c6b
990d6786-3027-4b16-8458-335a1e8eb97e,367876f0-7dbe-4fa3-90c5-fa586da6c5f4,2fd76e64-e10b-4907-9827-8194e5c965c7
6d8645a5-c0be-4460-a829-9a7bf024e88f,e2a9cd20-b82f-4ca6-b2a8-14da1a1b9a94,0a0e32c1-864d-43f8-863b-61066fb2b545
a1700f97-7a7b-45ed-b921-7f9e9655487c,5409807d-64c0-4504-9273-c6706cdacf2f,1bb89929-4750-4e86-9f3c-f0d726beff2e
963958a8-1623-4460-8932-362dc8125b3c,ee831878-633c-4a65-8c28-6786ac740484,3e3a19cc-aaa6-4f39-9b40-1dfe263bd2b8
db17646c-88a6-4c17-b8c0-f38d35f690d9,7fd77a87-95e8-44a7-81bb-f800a046e0bf,f7965e09-bae3-4711-b321-88442c851f6b
65ef702b-158a-4b35-934d-10c92b503412,b045d6c9-61ba-4851-aa38-f4ab717e7eae,0a0e32c1-864d-43f8-863b-61066fb2b545
8914bcf5-8e9c-4f9a-b0ab-95de03622a74,4aaad3c5-3b8f-4cba-a71d-83c106c2bec1,0a0e32c1-864d-43f8-863b-61066fb2b545
b484f7bb-73e7-475a-a107-7a8dc2c61df3,3bb91c8c-4fb6-4d6e-b18c-87cf9f6a85a8,259c3e7f-487c-45ca-aa3d-a0ce45be225b
e7d34e8c-1544-4482-b7a4-264b804978f6,e15d69fb-8a2c-4b6f-839f-eca3b1443fe0,0a0e32c1-864d-43f8-863b-61066fb2b545
d6e1af77-b292-47cd-bed3-c39c3de2bf69,bf02a171-70cf-429d-9bb9-28be8caaba28,ec69e870-95f3-4207-8e52-b182e311a2ee
1a781676-429e-4e60-8856-79a2ad44442b,bab37cb5-2626-4ac2-a825-33f38de1bb05,61051bf0-1cc3-4581-8b02-c057ca557c1e
4dac00ff-0bef-47d2-9e12-b56e8d8284e8,bb294285-6cdd-4366-8436-a169c8772d42,17d4821e-89d3-4b68-a2df-10330078805a
1ceeac3d-0ed7-42d2-8d4c-860e8a4a4bfa,3a491f20-80b1-437c-a015-f08fb5b9f606,42878157-1714-4211-8052-66e31048c689
63686275-e439-4a1b-951c-023d49732f79,29964a30-14a7-42d5-be65-388428f7a513,56459d54-a542-4fbf-af9a-5b82031bf1b6
e9e6a68c-3e4d-4687-904c-b63297924bf3,395fce68-266a-483c-9cd3-f7ec90d01dee,61051bf0-1cc3-4581-8b02-c057ca557c1e
d554640e-cc00-40e1-bbd8-4c2dc89f6355,01dfc1df-d947-4b45-8a3a-2fd29393e611,259c3e7f-487c-45ca-aa3d-a0ce45be225b
1ca42e63-fd19-4dc8-aa1a-559e0d9b1575,c3475a4d-dfed-493b-bc2f-99ebf10f51d9,42878157-1714-4211-8052-66e31048c689
4d037034-34b9-44b4-af3b-35aac8df4fd1,a4ea255f-b8e4-4336-a65f-553b420336f2,17d4821e-89d3-4b68-a2df-10330078805a
df77cc28-0a84-431a-b0b2-254669c621c3,1884e572-3258-4804-a228-8634883d4330,c5ad9f48-4d84-4465-8d4d-ffcccabdf335
7cc164f6-f86c-4ad2-94f5-26836259f657,2e76815c-b99e-4e98-9f01-84c348a7b8ee,f7965e09-bae3-4711-b321-88442c851f6b
1ede10bf-5a65-4df1-a815-329f560fe00c,386d0628-90b9-4243-a3b1-cb248e99e504,3e3a19cc-aaa6-4f39-9b40-1dfe263bd2b8
4f533ba3-ff63-4a29-a269-ad90adec349b,57124627-54f2-419c-9f37-00f44cc88274,ec69e870-95f3-4207-8e52-b182e311a2ee
b1309b8b-fb15-4c6f-946a-44493102f67b,45e1c308-bd3f-43a6-aa1c-597e0ca77e0b,259c3e7f-487c-45ca-aa3d-a0ce45be225b
5dac58d4-9e85-4c9b-9709-af287a4ea451,26432a2d-875f-45b9-a566-6cb3b112e18d,92f51a91-61e5-44b0-b080-cbe7ead53052
0c0b7a12-be0a-4b8c-bd16-1e5fb122197f,6a282453-3f7a-451a-abc1-8fead491a43d,b1663200-0198-499c-aef2-d41e71a4666b
c8c72afd-1428-4113-afd4-f04ec4fde8ae,59bacc9a-f41c-43cd-8c02-9143a431f7ae,e0355285-0905-4dcf-9681-cdbe3e67382e
f6bd3bea-8689-4ee5-b1be-9094f8ba6dc9,058a5f08-ecaf-4d1f-b74b-cc0bc52ebf34,f4c98892-8035-4c20-a6d0-9bfbcdd10065
a4643071-ed82-4921-b316-b6cd215c7247,98c9eda8-f094-41a3-9fef-310b591814f5,3e3a19cc-aaa6-4f39-9b40-1dfe263bd2b8
2c2bf829-7675-47ab-9629-8983fefacb0e,cb0f48c7-8ccd-4435-909e-76afedc5599b,010678b9-d3f0-4973-9e0c-22e780415b98
3a514abe-cdc4-431d-b657-5d9b4570804e,d5dbc389-b643-4a3f-aed9-98ca093d6f7d,1bb89929-4750-4e86-9f3c-f0d726beff2e
c5f1a2cb-5862-4926-9998-81c63e59b7da,be67790d-82ad-4b96-ae68-065016b362e8,010678b9-d3f0-4973-9e0c-22e780415b98
f9b99ef9-d2d4-4203-800f-7e4fc6932499,20db07eb-94b0-4a4d-8964-4effd531cba0,ec69e870-95f3-4207-8e52-b182e311a2ee
a82f8e3d-4adb-4925-a247-3944b0db8b55,712da3a7-fdae-4746-913e-f0fa7cf45064,e0355285-0905-4dcf-9681-cdbe3e67382e
a5f58b9e-5096-4b57-8413-1936db83cac6,6cca387b-e51a-4d73-a45f-aba99f169315,f4c98892-8035-4c20-a6d0-9bfbcdd10065
a6920413-93a4-4262-acb5-f311a61d606c,19624089-bfb2-44e3-9548-c3dc9d6ff33f,42878157-1714-4211-8052-66e31048c689
3f4d698d-79cf-4271-a181-244d813a6c18,f9aefd73-3d7a-4d2d-877c-f57a2b9688e8,92f51a91-61e5-44b0-b080-cbe7ead53052
e65821fe-57a2-4da4-a564-d8c7bb0c89ea,21799ca6-3f46-4a92-aff9-19621335efb3,f4c98892-8035-4c20-a6d0-9bfbcdd10065
586bcb30-e58b-42d6-ac7f-efc38da6a1f2,11e0ecd1-4f2b-4788-b497-20dda9f3b225,61051bf0-1cc3-4581-8b02-c057ca557c1e
508c42d6-86fd-474d-a940-49cac0c41d82,5af25c14-9601-49cb-952b-7075ef084ead,010678b9-d3f0-4973-9e0c-22e780415b98
2027a6f6-3679-4508-ae52-98063d5a2014,9dc12747-0583-4dd2-be61-1d568b279518,6abc0918-42da-41ce-a3f8-1642fabd827f
744257d6-7070-4b6c-8265-6edc3f1a4952,d002d47b-8082-488e-9dd1-1c8cef623654,e0355285-0905-4dcf-9681-cdbe3e67382e
f01aa2dd-cf12-4bf1-93a0-3dc2daf37e51,8ff674e5-a13d-4f17-aad0-a8b7d02225e6,4e73822b-0d80-47bb-9a45-65599e304490
303aa762-99d0-4256-a7aa-cbbe7c87a748,11899c49-70b6-401d-b0d3-0210130a58dd,ec69e870-95f3-4207-8e52-b182e311a2ee
4ad0ba0a-3e7a-49c0-a16a-902cd26db436,71513d59-c27f-4015-ac01-3631ef28074f,f7965e09-bae3-4711-b321-88442c851f6b
f63b1e82-09cf-40f8-afe9-a32b8a663545,608b8961-2791-40db-8876-adab7d391297,f7965e09-bae3-4711-b321-88442c851f6b
78f2046a-3856-476f-9051-b36eb4eddc50,d21b2127-ee03-4556-a7ae-1daefa6a3cc8,259c3e7f-487c-45ca-aa3d-a0ce45be225b
397992c3-71b6-4280-abd4-aa007c0317e9,ddccbd08-f6b7-42dc-8fad-7fbc4902c495,3e3a19cc-aaa6-4f39-9b40-1dfe263bd2b8
1e8c46da-374b-4ba5-9633-087b138259c5,698b538c-aef1-46e5-91b9-4da7050c5c7f,b1663200-0198-499c-aef2-d41e71a4666b
0cabf7d4-af15-4b49-b0d5-5a15eec667af,22227e2c-5b0a-4bf6-8f04-41409749d3eb,3e3a19cc-aaa6-4f39-9b40-1dfe263bd2b8
c19e29b3-0c47-4099-9590-bb5755dec474,0434e443-cd9b-4abe-a6bb-f6a8b917def7,6abc0918-42da-41ce-a3f8-1642fabd827f
ca91f947-4f56-425b-96a5-7ebe6ba49ac9,54eca7fb-6237-4200-a4ce-8d80ceeba17a,ec69e870-95f3-4207-8e52-b182e311a2ee
285a677f-a3d1-4c7e-80bd-4814e8c06949,bcee8ed8-4bf5-4b89-be01-43c97840e03e,259c3e7f-487c-45ca-aa3d-a0ce45be225b
cf1e94b2-4c1b-4e5d-afff-f09e9891b4f9,944e0de9-ec75-425d-a8fd-10924742a0a4,f7965e09-bae3-4711-b321-88442c851f6b
bf77eb0b-6cb8-4766-bc2e-c129757668b4,c6f23da7-37aa-404c-b281-77a5624d5439,c5ad9f48-4d84-4465-8d4d-ffcccabdf335
be166e5f-8ca3-4b38-9b65-e4fdfe766028,d5da4d62-916f-4e22-833b-429656841cb6,b1663200-0198-499c-aef2-d41e71a4666b
1259e120-c552-43eb-b594-619476b0226e,0ad8b696-1c78-4a2f-a6eb-60af66fae724,3e3a19cc-aaa6-4f39-9b40-1dfe263bd2b8
db2ec387-800c-4adf-ad32-ac83625d1b1d,9369baea-4b9e-4b9e-9aa1-4b487a9d6ace,c5ad9f48-4d84-4465-8d4d-ffcccabdf335
8dd94a20-4ffd-4888-974c-df4741c66126,88cb13e0-98eb-4514-9311-fbb1b89bdaf7,4e73822b-0d80-47bb-9a45-65599e304490
c32c583b-8942-45be-ae4d-cac162b576ea,a2979c1c-2271-467d-91d5-7f5005ab1d60,42878157-1714-4211-8052-66e31048c689
b6d947ef-8063-4d34-8cf8-476fdafd5685,3da4ca5d-7641-46e0-a440-3f32fcb9a69e,4e73822b-0d80-47bb-9a45-65599e304490
fe761701-05c2-445f-8dfe-60401cc8e7b6,9b443c3f-f74d-4117-b2da-7b8f9adcd7f4,e0355285-0905-4dcf-9681-cdbe3e67382e
f7d5e775-c66f-4530-b0b0-7e373c86b277,56f81382-dd81-4580-aa3d-36018c4acae4,1bb89929-4750-4e86-9f3c-f0d726beff2e
d37ed078-2f56-492a-8376-eae62603db47,77cba131-80af-4121-81f0-02adfc751d8f,17d4821e-89d3-4b68-a2df-10330078805a
cfd48e6c-1ae2-4589-8233-f206cfb13c36,6ad3a897-353f-4ea4-a3fe-7125f0ef6b04,17d4821e-89d3-4b68-a2df-10330078805a
cfe5df5e-de74-45be-92dd-c8d91bd0372a,eb68988f-26da-4552-95c6-caf50d13aab5,2fd76e64-e10b-4907-9827-8194e5c965c7
722ede30-5d14-4c71-8d95-5375be6dc898,a4ea255f-b8e4-4336-a65f-553b420336f2,259c3e7f-487c-45ca-aa3d-a0ce45be225b
92430336-858c-49ef-bbd5-45e91b4ad7e2,22aeb6ed-ff77-4615-86d8-961c7e61a34e,010678b9-d3f0-4973-9e0c-22e780415b98
19ce16da-90d2-49df-a64c-ea0b677ee786,eff08b3c-1875-4f22-ba0e-fc7d9624ce84,6abc0918-42da-41ce-a3f8-1642fabd827f
df07da7f-8741-417a-b734-86aa8b95fb19,16992798-b03d-4f10-a349-8d45c07cc3a1,6abc0918-42da-41ce-a3f8-1642fabd827f
60d051c7-be1c-469a-aec2-a8e4e1d78b7f,98620578-1103-4f51-845f-51bd5c8ff41e,f7965e09-bae3-4711-b321-88442c851f6b
a0480d47-4ada-409d-b5cc-7e9307236033,d219bbc3-f1c2-489a-a5d7-33c7856669df,6abc0918-42da-41ce-a3f8-1642fabd827f
44139875-d276-4e19-b33d-82bc6a8a438f,14e9a551-0b45-4617-9651-52c010e01d70,2fd76e64-e10b-4907-9827-8194e5c965c7
eaee3fc7-d225-4d81-a747-d8eca48abb29,5b01fe89-9efa-4be8-928b-1ba60b7681bd,4e73822b-0d80-47bb-9a45-65599e304490
d27888f8-b28b-49d8-a1b7-83257f7b0c0c,22dd3f30-f31a-4b47-a8a6-598a105e528d,6abc0918-42da-41ce-a3f8-1642fabd827f
6008f296-4a85-4e48-8ad6-e3b930afdf44,d6d45936-bc86-4d23-a0d5-40b02ccc3a2d,c5ad9f48-4d84-4465-8d4d-ffcccabdf335
75f726b5-fbdc-47a1-a0bc-a1c5cdb8b47c,ed707489-0819-4524-a8b1-efec7404cab7,61051bf0-1cc3-4581-8b02-c057ca557c1e
a36699b5-b56d-4ef8-bd7a-5e48007f8ff2,41dc88bd-df48-4c6c-9012-1333d58ef55f,ec69e870-95f3-4207-8e52-b182e311a2ee
544056d9-3518-495c-9a96-a9ec1f11e9fb,7d30c594-2e52-4fd0-b28c-b69948c79d70,f4c98892-8035-4c20-a6d0-9bfbcdd10065
b9099ce7-637a-4ec7-b6ba-6afedc8c6313,77e7d15e-9540-4e41-84f8-5ab647fd7345,c5ad9f48-4d84-4465-8d4d-ffcccabdf335
e0e9de96-3118-49ac-a88f-6dd0a4610bf8,3a178b55-bd4a-4c1f-b423-9f11386a9937,42878157-1714-4211-8052-66e31048c689
c8765c71-a88f-471a-a8a4-47116deff423,5cb8eb6a-7639-4b6b-bd61-94ef6fe1d933,ac6d461b-5716-4ab1-b329-0ef5f0164c6b
15f69567-6bc0-44f8-8857-120061cfec7d,9a1ec041-2715-49a6-9b6a-113bd385e066,61051bf0-1cc3-4581-8b02-c057ca557c1e
db293961-3423-41f2-841c-63509811b7c8,cdb4c87d-fb37-4531-9f94-94820424f3ed,ec69e870-95f3-4207-8e52-b182e311a2ee
1c967030-7962-4e50-b0ef-f8836189ef37,f5c4cf5d-87f3-45cf-acde-4305724ac912,e0355285-0905-4dcf-9681-cdbe3e67382e
d994c99c-97b1-4b94-b9d9-c6a5df45e825,7a78660d-d4f0-4a32-bece-b3cba728e8ee,6abc0918-42da-41ce-a3f8-1642fabd827f
6787f6cb-35d5-4fab-8194-d64f4aa27855,ae2d5609-df93-48ca-96e5-4b110458ed66,ec69e870-95f3-4207-8e52-b182e311a2ee
fa93eae0-ff24-4a0b-a0a1-a4dac6a02244,6b8eccf9-3c0d-490d-9113-274cfe19c546,ac6d461b-5716-4ab1-b329-0ef5f0164c6b
5443e79f-3b49-498f-ab89-5b876d9cfaa4,dbfb356d-e614-4cfb-976f-971c6eff048b,61051bf0-1cc3-4581-8b02-c057ca557c1e
a1532386-7930-4ccd-980f-5b8d284f014d,6b9077dd-01fb-40fd-b093-867de04a18fa,f7965e09-bae3-4711-b321-88442c851f6b
589828e2-64a2-4ab7-978f-141662b333c7,9253690d-b7ba-4cc1-9e92-599b198ad858,17d4821e-89d3-4b68-a2df-10330078805a
9c6eeeb9-0d73-4394-a3dc-a6a2d5dbfa5d,bf216327-8134-4fe5-9f58-68ca60902f5a,010678b9-d3f0-4973-9e0c-22e780415b98
4257159b-5832-4331-97ee-bd243331a080,f18ee0ff-7352-4c1f-9295-b51908d4a947,2fd76e64-e10b-4907-9827-8194e5c965c7
38e783f6-33af-4e5b-bd22-a0ff51309041,27a64829-a318-4cac-8632-16b94d30c46f,92f51a91-61e5-44b0-b080-cbe7ead53052
c3369d84-41eb-41b6-80f5-4380a5f99130,7b82b3be-6767-467e-9da0-31136d8487a8,ac6d461b-5716-4ab1-b329-0ef5f0164c6b
2a8a1eb9-15ab-4c97-8878-035c02d87d5b,a315e21e-4877-4360-b926-2a10c26fde43,6abc0918-42da-41ce-a3f8-1642fabd827f
b4c69170-9989-44f5-9988-05b15502730d,b77a8672-c611-4fa2-b4bd-9cdc43bd24ec,e0355285-0905-4dcf-9681-cdbe3e67382e
2b6bf781-1f6a-469c-96ae-1c2aa01909f9,9c37db77-d69d-445a-9808-043fe6966a9b,61051bf0-1cc3-4581-8b02-c057ca557c1e
3049b73e-6cb9-488c-8a63-9a63819013f7,d80d1228-cdb9-4f9e-aa37-b8fe4669ce8b,42878157-1714-4211-8052-66e31048c689
49b37404-8fdf-4391-be90-e2e97eb8f5d3,71e3f436-3f82-4d8e-adde-dc611fb44984,92f51a91-61e5-44b0-b080-cbe7ead53052
fc282c32-509d-40af-85ea-681950278f00,f9699291-37bf-4c4c-be20-b82404da44aa,42878157-1714-4211-8052-66e31048c689
293fabc5-e49e-479c-a740-e41c779e8141,e46cdc75-4832-47dd-9408-8552114306a9,92f51a91-61e5-44b0-b080-cbe7ead53052
9c640ec0-203a-4023-99ab-6d6354ccdb50,4e2bdb79-8f5a-4263-81f9-90fe363f4fa4,42878157-1714-4211-8052-66e31048c689
e63a20f4-bf8e-4902-a4a0-73db436e8920,8efa5b23-df03-4861-b9c4-18ce22f07f8f,17d4821e-89d3-4b68-a2df-10330078805a
bf4a4f8a-ae19-4ba3-a519-9a3e41da925b,eb4492dd-87ae-44f9-b63c-5d5cc97ec099,e0355285-0905-4dcf-9681-cdbe3e67382e
8be5229e-f13f-47d2-9ede-72ca99ca4c52,bf11196b-ea1b-4668-997b-6a3bfef3fd2e,17d4821e-89d3-4b68-a2df-10330078805a
a40e17d6-0afe-48f9-a3a5-258cfa76cd2d,d84eadc8-8754-4b24-b482-a111330a8c02,ec69e870-95f3-4207-8e52-b182e311a2ee
32e77560-d22a-4209-82b8-6ceb8efc6abd,c616db94-2f5f-44b6-9ac4-13e004b2e443,56459d54-a542-4fbf-af9a-5b82031bf1b6
199cbefd-87b6-4e63-b679-17d268e715bf,0fe188d4-11cf-4854-bd54-671a7fc69ccf,4e73822b-0d80-47bb-9a45-65599e304490
ada42705-e948-4fbd-be26-de983700b4ed,5f879f9e-1fbf-42b6-bb88-031d426bb452,3e3a19cc-aaa6-4f39-9b40-1dfe263bd2b8
ac468502-91cf-4233-a4eb-710ef23466e8,1363a138-fc22-4072-b687-5df3bd190f28,f7965e09-bae3-4711-b321-88442c851f6b
a1fd488a-dfa5-4a01-b19e-d04542dda644,27307fad-6034-4f58-b279-c34a153134ed,ac6d461b-5716-4ab1-b329-0ef5f0164c6b
6df3e80b-8dd2-4306-9fb5-91b906baf318,13b84b0f-fdc1-4b27-b54a-ee9b428231ab,1bb89929-4750-4e86-9f3c-f0d726beff2e
4545c561-e8d0-4a0a-ad51-55b2d23add32,185ae254-c023-4f16-989e-1995e60abcdf,17d4821e-89d3-4b68-a2df-10330078805a
ddd35465-75c1-4e60-aa54-de7b03600dbf,aa46083c-e766-4a4b-b299-05a9217d8e51,ec69e870-95f3-4207-8e52-b182e311a2ee
402e6f32-6ad6-496f-a3f4-fc2b3a689161,61251224-5ee5-41c4-9cfd-b3e55f1c1b68,42878157-1714-4211-8052-66e31048c689
c6a9e0dd-8b02-4024-a329-4fc3ab90f3e7,159f9b0f-f9eb-46ed-84cd-5df5ac1f9a44,42878157-1714-4211-8052-66e31048c689
971547c7-5fb3-4d4e-95c1-7788529c2497,4db102a5-ceb7-49d3-b96f-dce01bb17cab,259c3e7f-487c-45ca-aa3d-a0ce45be225b
978a3195-3aff-44b3-8b64-ae98ab8d1f7a,c961c860-f6d9-4d6a-a0d7-289d44aab9f3,56459d54-a542-4fbf-af9a-5b82031bf1b6
3af31f62-5e68-46d3-b927-b9e8ef3ae724,48c2b66a-366e-4039-bf3c-81a56bc80674,17d4821e-89d3-4b68-a2df-10330078805a
3fec12d2-1e05-4518-aa1b-c682c33bcc67,d220c585-a44e-4d13-ab89-3a04519ebc1d,3e3a19cc-aaa6-4f39-9b40-1dfe263bd2b8
4da31eee-eeca-466c-956d-628de7487051,49429cd7-03c0-46dd-9389-8e1a041faafa,f4c98892-8035-4c20-a6d0-9bfbcdd10065
b2f6654e-081a-4153-ae99-d6bf1c19336b,1451801a-8e28-4ee7-ae45-ffad9a3ea3f2,56459d54-a542-4fbf-af9a-5b82031bf1b6
9fefd49d-d33f-4a39-ad2b-3680a9a94e26,4e1d6f6a-fd94-4562-88ae-00a21c2a43e6,ac6d461b-5716-4ab1-b329-0ef5f0164c6b
a53393d9-d6b3-4942-95ef-5bd35a6c51cc,09c5e2b8-36c1-4523-8089-005c4a4ddcae,ac6d461b-5716-4ab1-b329-0ef5f0164c6b
0a6b4bc3-e4ed-438b-9564-84ce2b22c753,66cf7bb6-0982-49b0-89ef-76f6d9b6258f,0a0e32c1-864d-43f8-863b-61066fb2b545
349ebbf7-6124-415e-9d66-a4d2c3f02e7a,61c7b275-c5be-4121-914c-79009291e38b,61051bf0-1cc3-4581-8b02-c057ca557c1e
04829524-c8da-499e-902c-9d8bb6bea30c,868b32f1-ed12-4810-9c04-0c54229ce0a0,b1663200-0198-499c-aef2-d41e71a4666b
d4f7bdca-4c43-4e7a-84fe-47ed54ef51eb,d6cd1027-3ede-48ab-8fdd-02f53e6e4974,c5ad9f48-4d84-4465-8d4d-ffcccabdf335
456d3cf2-bb3e-41cc-aa03-ebd01b3a3f30,608f74f5-b94d-4e07-8696-9049582506bb,4e73822b-0d80-47bb-9a45-65599e304490
5392a2ab-c1d4-4d36-b0a8-60b62e97ae2c,d081f085-d644-454a-bf41-a4fdec174eb2,ec69e870-95f3-4207-8e52-b182e311a2ee
9e1a8e7a-f2c1-43c0-a698-f24cd4a548e0,7e16eec2-d35b-4e96-88db-2f323439be7b,61051bf0-1cc3-4581-8b02-c057ca557c1e
1d754249-bba3-4188-8c0c-e4559ace809d,a0c4575e-6974-4446-b474-3392e44887f7,6abc0918-42da-41ce-a3f8-1642fabd827f
7e3fb0fc-c754-46e4-bf34-6da9f91c86cb,5ffba4b7-24db-43cf-a238-9bc0b2965aad,61051bf0-1cc3-4581-8b02-c057ca557c1e
bb344a84-0712-4ff7-9205-09054276bbda,0743c9e1-2918-46af-8702-e14e378ccd5f,1bb89929-4750-4e86-9f3c-f0d726beff2e
b28c4a0a-6926-4286-a08b-74077079b2c2,e00a6552-3321-432a-80f4-d65b04ec473d,c5ad9f48-4d84-4465-8d4d-ffcccabdf335
73b71dca-86dd-4c04-b001-ec7adaa8161a,4bf40d87-b2fe-483b-b36b-bbde74192f10,010678b9-d3f0-4973-9e0c-22e780415b98
1f1ad2ad-e1d7-4b11-9e3d-8d54ccd490f0,6773a8ee-ef49-4b91-9f51-534cee3cd887,2fd76e64-e10b-4907-9827-8194e5c965c7
02547e43-a7a3-42ab-a6b8-4c9343aad0b2,db7f0c32-54c6-4d20-9c9e-62c72739785a,17d4821e-89d3-4b68-a2df-10330078805a
43dd3291-0301-4316-b5f0-f87d53fae9c3,fd9b1e75-d828-4505-9ac6-6e24e6420bb3,ec69e870-95f3-4207-8e52-b182e311a2ee
f24d30f8-0e1a-4ec8-ab99-05634eb38348,cefd9e12-b256-4215-96cc-e790c67ad7d0,ac6d461b-5716-4ab1-b329-0ef5f0164c6b
86cb6c94-4757-4b3a-b59d-28ef93e81665,8fa66c0c-8a62-4e0e-a880-899969bad6e5,2fd76e64-e10b-4907-9827-8194e5c965c7
9f25e024-f68d-4f98-9c12-c2142a1bdb90,683fbc2a-5c1f-4e05-b96a-145ea5390370,010678b9-d3f0-4973-9e0c-22e780415b98
ae40d60a-6561-4a04-b1d2-31a211bda52e,5ca6d3b0-47cb-4537-afa3-a1b0e3b5bb75,0a0e32c1-864d-43f8-863b-61066fb2b545
58a3e271-f49c-4391-b5ad-d83560474107,eb5f0fd3-d16e-46a5-aab9-917f2cece52c,f4c98892-8035-4c20-a6d0-9bfbcdd10065
80729f94-5a94-4ac2-8536-22960c7f2632,e8700f35-3ed6-4288-b2bb-d5140cbe732b,4e73822b-0d80-47bb-9a45-65599e304490
cfef7dee-9a48-4992-88e4-3be74eacebbc,c05ccf23-ddad-419f-90d7-675806c02978,ec69e870-95f3-4207-8e52-b182e311a2ee
8950ed4c-9a98-4c6c-bfe0-16be6b9f6387,ad3c9053-8928-4b78-ba66-a43a5e9803a6,ec69e870-95f3-4207-8e52-b182e311a2ee
1fe2f82a-ba95-44b5-965c-25f023921481,1c8754e8-cd44-423b-a68b-751ecf714c0c,42878157-1714-4211-8052-66e31048c689
96ab2955-1e15-40ff-a7cb-52d4763ef963,7f4a666f-a7c6-4dff-89c3-e7ba7e3c7388,17d4821e-89d3-4b68-a2df-10330078805a
72d35e97-e71b-4713-b150-22a6329a2164,5e3aa621-88b1-4b96-bec5-6c5fd0ba09c5,f4c98892-8035-4c20-a6d0-9bfbcdd10065
e7d71b19-c6f8-49b2-b0be-0f4e2b5b77fa,75dd85d7-a81c-4b6c-a5b2-71fe9077b5f2,ac6d461b-5716-4ab1-b329-0ef5f0164c6b
4705f290-654f-435b-b26e-0af7eed2f25f,e0ca2abb-83d8-4d78-8842-081741e6f24e,b1663200-0198-499c-aef2-d41e71a4666b
3b1bdfa0-db62-4ead-b7c3-d07c64518583,f739e0d6-86ad-44fd-adc6-55a09d653172,f7965e09-bae3-4711-b321-88442c851f6b
1e223ad1-ed4c-4322-8a87-c831b077b3c3,3f9e7e1d-7c71-4aff-ac57-9ac385422e79,0a0e32c1-864d-43f8-863b-61066fb2b545
46f413fc-1e0c-4315-88a7-7028a5b4d26b,2f20cd54-b49e-4606-aed5-e1ce67abdc4a,f7965e09-bae3-4711-b321-88442c851f6b
9ad06344-812b-4cf3-9606-b4e7db81bc2a,9d5c86ce-50ad-4edc-9018-648dcfd69342,92f51a91-61e5-44b0-b080-cbe7ead53052
7a4d5574-3d9a-457c-ad99-b54520800886,d1132284-4e5a-4699-b2c5-d679ce61aacf,f4c98892-8035-4c20-a6d0-9bfbcdd10065
a5ec91c6-97a9-4964-a134-50c166daecec,1d4df48c-1a1c-4854-9dc0-5ff0dadf6840,92f51a91-61e5-44b0-b080-cbe7ead53052
22da80c4-42e8-4b8e-b9aa-cf1dbe17aad0,20c56b6b-f407-4f37-bdd7-2651ad211761,92f51a91-61e5-44b0-b080-cbe7ead53052
f58f9758-ebb1-4051-8ea2-6b7b5a4bccb3,8114ac3c-eacf-411d-90e7-92975199837f,0a0e32c1-864d-43f8-863b-61066fb2b545
ddac5882-a081-450c-a7dc-9a858a1bc12e,691d7134-aa5c-4a54-af27-ddc15fe729a7,2fd76e64-e10b-4907-9827-8194e5c965c7
6c06b4e2-4b5a-4c78-aa9e-b6a9ce174233,b0b6906d-d45a-47a4-a48a-fb039ca26bbb,f4c98892-8035-4c20-a6d0-9bfbcdd10065
e956bc50-6ce3-4b27-9ff8-ae668eda6d52,54f13bfd-7151-4bc0-9b1f-5e0ba7064984,4e73822b-0d80-47bb-9a45-65599e304490
cc52e754-9a2b-4a65-8be9-945e54613b23,e2083111-edbe-4126-9bb6-5c932365bf91,ec69e870-95f3-4207-8e52-b182e311a2ee
64881231-e962-49fd-a42c-2d4bf31b36bf,ed8db4d1-ff20-4747-9fbd-7c938b65e811,ac6d461b-5716-4ab1-b329-0ef5f0164c6b
444dbaee-c189-4126-98cc-a47c985a14d5,26b88b40-04b6-4163-a5d5-d3fc7bed558b,010678b9-d3f0-4973-9e0c-22e780415b98
830957f2-5711-44e5-9b6c-538b7137d28b,c9b12cb6-e44d-4555-a160-6950dd783d2d,f4c98892-8035-4c20-a6d0-9bfbcdd10065
27935c6a-bb54-4bb6-9060-c6e6f90e0781,86df6f46-944b-4440-bd89-66f18218155e,010678b9-d3f0-4973-9e0c-22e780415b98
f8532335-61c1-4e19-92eb-7c7dc53ed2a6,1c7572c1-6405-4ad0-ab7b-e737528a8c61,3e3a19cc-aaa6-4f39-9b40-1dfe263bd2b8
8c2f8f31-3e1a-4a7e-a62e-885195702898,3db85d1a-e5fb-4cce-b03b-430f6dcf85ef,42878157-1714-4211-8052-66e31048c689
591238d8-13a5-46d1-aa02-bc2e9514545d,d1024be1-0353-4917-8e39-12e44fc16cd0,010678b9-d3f0-4973-9e0c-22e780415b98
1c58aa9b-a589-4aad-893d-a2c2f0797a22,1cbe7f77-d42b-4d3b-b4a8-6b017fe1f05c,e0355285-0905-4dcf-9681-cdbe3e67382e
4d3c1a31-b150-40b4-9ac3-803c3cb4aa41,adf3fd52-501f-4d36-9016-838d3e0740e6,3e3a19cc-aaa6-4f39-9b40-1dfe263bd2b8
876b57fc-9926-4a78-a93b-9128ea31a5e1,23e57691-378c-4aad-8b63-41f677fc4356,42878157-1714-4211-8052-66e31048c689
9d384393-47dc-4046-a93b-b22b823db4b4,06e607f6-a085-423f-9de7-076b6e1c3607,42878157-1714-4211-8052-66e31048c689
dc9107df-28b0-4b39-890a-e7ae9f46857e,aa49c77d-16d2-43d4-848b-b0b0f6e15c23,6abc0918-42da-41ce-a3f8-1642fabd827f
116bf833-86f5-42b2-9378-adc0c738e8b3,ab5d07b6-d3a0-4976-b6cd-2fc7821bd9bb,259c3e7f-487c-45ca-aa3d-a0ce45be225b
bbd750de-325b-409a-8e9a-dfd11b49c58b,05fa72f5-8eb0-4882-ac22-15a2403fa220,f7965e09-bae3-4711-b321-88442c851f6b
c8a482b8-5903-4179-9874-521e3226e738,f1bac3ea-b2a3-48ad-b691-62acd8a9f73b,2fd76e64-e10b-4907-9827-8194e5c965c7
2496f6fd-2c78-4fc8-80e3-8f74fb382b44,a7fd9f0b-eb51-47bf-bcc3-f65ea104c14e,1bb89929-4750-4e86-9f3c-f0d726beff2e
38ab692e-86f8-44ba-a62b-b6531d907751,c642e724-1039-4016-b8d3-da8d71d438c7,010678b9-d3f0-4973-9e0c-22e780415b98
ce047908-e585-4b73-b36a-89c4b217978b,b3f4b8a9-a9ca-4f68-a0a9-de6ec8248dbc,56459d54-a542-4fbf-af9a-5b82031bf1b6
39abb393-1398-4671-b7f9-eef889e838cf,855ddc30-bd6c-4d72-8016-c1a1cdb92eb4,2fd76e64-e10b-4907-9827-8194e5c965c7
bbb883f5-3249-4982-9535-d0cc0840561a,ec55eaf8-11b4-41bb-93b2-3b1d0877b7be,56459d54-a542-4fbf-af9a-5b82031bf1b6
fc6d7b05-3b99-4e1e-a137-32bf6325ba71,4068cbdb-ef0d-4acc-a2b9-91c8f01f9f90,4e73822b-0d80-47bb-9a45-65599e304490
e523c46f-9e16-43f0-8e20-b420f4d48fcf,7eba1bcd-87dd-42db-ac04-2952cb0a42f8,c5ad9f48-4d84-4465-8d4d-ffcccabdf335
6d367919-ab7f-44d4-b8e2-12c4f236f5b2,afbd3615-3636-442b-afad-5937d8b24398,ec69e870-95f3-4207-8e52-b182e311a2ee
03945c7c-b13e-4aff-8c66-80b700ab60bd,2d89d36b-3fe8-489b-a8e2-91df982cfd92,42878157-1714-4211-8052-66e31048c689
76b7741d-908d-4bf3-a14e-3fd81dd26a01,b84e4894-46b3-4fa5-a3c3-2a5cc134449e,ec69e870-95f3-4207-8e52-b182e311a2ee
dfb1dcdb-2e92-4854-b3d9-11af8d9186f8,31693387-802a-4f55-8826-6a633a8b01b0,ec69e870-95f3-4207-8e52-b182e311a2ee
d2e7f14b-dea4-4ad8-96fa-74f1ad3111b7,f87b91ba-a0a5-40c2-b6ff-987c842f3aab,1bb89929-4750-4e86-9f3c-f0d726beff2e
81c0bb31-dd77-4716-a0fd-6a01ad93108d,25ec981a-1677-4efe-b070-c288779a4010,17d4821e-89d3-4b68-a2df-10330078805a