{
  "status": {
    "code": "00",
    "message": "success",
    "totalCount": 1
  },
  "contents": {
    "subwayLine": "2호선",
    "stationName": "강변역",
    "stationCode": "214",
    "stat": [
      {
        "startStationCode": "202",
        "startStationName": "을지로입구역",
        "endStationCode": "211",
        "endStationName": "성수역",
        "prevStationCode": "215",
        "prevStationName": "잠실나루역",
        "updnLine": 0,
        "directAt": 0,
        "data": [
          {
            "dow": "MON",
            "hh": "13",
            "mm": "00",
            "congestionCar": [
              19,
              26,
              25,
              28,
              26,
              24,
              25,
              25,
              16,
              15
            ]
          },
          {
            "dow": "MON",
            "hh": "13",
            "mm": "10",
            "congestionCar": [
              24,
              30,
              32,
              31,
              29,
              34,
              34,
              33,
              21,
              20
            ]
          },
          {
            "dow": "MON",
            "hh": "13",
            "mm": "20",
            "congestionCar": [
              19,
              27,
              27,
              27,
              33,
              31,
              33,
              28,
              24,
              20
            ]
          },
          {
            "dow": "MON",
            "hh": "13",
            "mm": "30",
            "congestionCar": [
              19,
              26,
              32,
              30,
              33,
              27,
              31,
              27,
              23,
              21
            ]
          },
          {
            "dow": "MON",
            "hh": "13",
            "mm": "40",
            "congestionCar": [
              18,
              23,
              28,
              23,
              26,
              25,
              30,
              24,
              17,
              16
            ]
          },
          {
            "dow": "MON",
            "hh": "13",
            "mm": "50",
            "congestionCar": [
              20,
              26,
              28,
              33,
              32,
              27,
              33,
              26,
              17,
              18
            ]
          }
        ]
      },
      {
        "startStationCode": "202",
        "startStationName": "을지로입구역",
        "endStationCode": "211-R",
        "endStationName": "성수역",
        "prevStationCode": "215",
        "prevStationName": "잠실나루역",
        "updnLine": 0,
        "directAt": 0,
        "data": [
          {
            "dow": "MON",
            "hh": "13",
            "mm": "00",
            "congestionCar": [
              15,
              21,
              20,
              22,
              20,
              19,
              19,
              20,
              13,
              12
            ]
          },
          {
            "dow": "MON",
            "hh": "13",
            "mm": "10",
            "congestionCar": [
              8,
              9,
              10,
              10,
              9,
              11,
              11,
              10,
              7,
              6
            ]
          },
          {
            "dow": "MON",
            "hh": "13",
            "mm": "20",
            "congestionCar": [
              19,
              27,
              27,
              27,
              33,
              31,
              33,
              28,
              24,
              20
            ]
          },
          {
            "dow": "MON",
            "hh": "13",
            "mm": "30",
            "congestionCar": [
              19,
              26,
              32,
              30,
              33,
              27,
              31,
              27,
              23,
              21
            ]
          },
          {
            "dow": "MON",
            "hh": "13",
            "mm": "40",
            "congestionCar": [
              18,
              23,
              28,
              23,
              26,
              25,
              30,
              24,
              17,
              16
            ]
          },
          {
            "dow": "MON",
            "hh": "13",
            "mm": "50",
            "congestionCar": [
              20,
              26,
              28,
              33,
              32,
              27,
              33,
              26,
              17,
              18
            ]
          }
        ]
      },
      {
        "startStationCode": "211",
        "startStationName": "성수역",
        "endStationCode": "202",
        "endStationName": "을지로입구역",
        "prevStationCode": "213",
        "prevStationName": "구의역",
        "updnLine": 1,
        "directAt": 0,
        "data": [
          {
            "dow": "MON",
            "hh": "13",
            "mm": "00",
            "congestionCar": [
              20,
              23,
              29,
              24,
              30,
              29,
              20,
              22,
              16,
              16
            ]
          },
          {
            "dow": "MON",
            "hh": "13",
            "mm": "10",
            "congestionCar": [
              17,
              23,
              28,
              30,
              26,
              24,
              23,
              24,
              17,
              18
            ]
          },
          {
            "dow": "MON",
            "hh": "13",
            "mm": "20",
            "congestionCar": [
              21,
              30,
              32,
              34,
              33,
              28,
              32,
              28,
              24,
              20
            ]
          },
          {
            "dow": "MON",
            "hh": "13",
            "mm": "30",
            "congestionCar": [
              30,
              31,
              38,
              43,
              35,
              38,
              36,
              35,
              20,
              24
            ]
          },
          {
            "dow": "MON",
            "hh": "13",
            "mm": "40",
            "congestionCar": [
              23,
              33,
              37,
              41,
              37,
              36,
              30,
              27,
              23,
              22
            ]
          },
          {
            "dow": "MON",
            "hh": "13",
            "mm": "50",
            "congestionCar": [
              20,
              35,
              34,
              38,
              36,
              26,
              26,
              20,
              18,
              18
            ]
          }
        ]
      },
      {
        "startStationCode": "211",
        "startStationName": "성수역",
        "endStationCode": "211",
        "endStationName": "성수역",
        "prevStationCode": "215",
        "prevStationName": "잠실나루역",
        "updnLine": 0,
        "directAt": 0,
        "data": [
          {
            "dow": "MON",
            "hh": "13",
            "mm": "00",
            "congestionCar": [
              19,
              26,
              25,
              28,
              26,
              24,
              25,
              25,
              16,
              15
            ]
          },
          {
            "dow": "MON",
            "hh": "13",
            "mm": "10",
            "congestionCar": [
              24,
              30,
              32,
              31,
              29,
              34,
              34,
              33,
              21,
              20
            ]
          },
          {
            "dow": "MON",
            "hh": "13",
            "mm": "20",
            "congestionCar": [
              19,
              27,
              27,
              27,
              33,
              31,
              33,
              28,
              24,
              20
            ]
          },
          {
            "dow": "MON",
            "hh": "13",
            "mm": "30",
            "congestionCar": [
              19,
              26,
              32,
              30,
              33,
              27,
              31,
              27,
              23,
              21
            ]
          },
          {
            "dow": "MON",
            "hh": "13",
            "mm": "40",
            "congestionCar": [
              18,
              23,
              28,
              23,
              26,
              25,
              30,
              24,
              17,
              16
            ]
          },
          {
            "dow": "MON",
            "hh": "13",
            "mm": "50",
            "congestionCar": [
              20,
              26,
              28,
              33,
              32,
              27,
              33,
              26,
              17,
              18
            ]
          }
        ]
      },
      {
        "startStationCode": "211",
        "startStationName": "성수역",
        "endStationCode": "211",
        "endStationName": "성수역",
        "prevStationCode": "213",
        "prevStationName": "구의역",
        "updnLine": 1,
        "directAt": 0,
        "data": [
          {
            "dow": "MON",
            "hh": "13",
            "mm": "00",
            "congestionCar": [
              16,
              18,
              23,
              19,
              24,
              23,
              15,
              17,
              13,
              12
            ]
          },
          {
            "dow": "MON",
            "hh": "13",
            "mm": "10",
            "congestionCar": [
              7,
              9,
              11,
              12,
              10,
              9,
              9,
              9,
              7,
              7
            ]
          },
          {
            "dow": "MON",
            "hh": "13",
            "mm": "20",
            "congestionCar": [
              21,
              30,
              32,
              34,
              33,
              28,
              32,
              28,
              24,
              20
            ]
          },
          {
            "dow": "MON",
            "hh": "13",
            "mm": "30",
            "congestionCar": [
              30,
              31,
              38,
              43,
              35,
              38,
              36,
              35,
              20,
              24
            ]
          },
          {
            "dow": "MON",
            "hh": "13",
            "mm": "40",
            "congestionCar": [
              23,
              33,
              37,
              41,
              37,
              36,
              30,
              27,
              23,
              22
            ]
          },
          {
            "dow": "MON",
            "hh": "13",
            "mm": "50",
            "congestionCar": [
              20,
              35,
              34,
              38,
              36,
              26,
              26,
              20,
              18,
              18
            ]
          }
        ]
      },
      {
        "startStationCode": "211",
        "startStationName": "성수역",
        "endStationCode": "211-R",
        "endStationName": "성수역",
        "prevStationCode": "215",
        "prevStationName": "잠실나루역",
        "updnLine": 0,
        "directAt": 0,
        "data": [
          {
            "dow": "MON",
            "hh": "13",
            "mm": "00",
            "congestionCar": [
              19,
              27,
              26,
              29,
              27,
              25,
              26,
              26,
              17,
              16
            ]
          },
          {
            "dow": "MON",
            "hh": "13",
            "mm": "10",
            "congestionCar": [
              24,
              30,
              32,
              31,
              29,
              34,
              34,
              33,
              21,
              20
            ]
          },
          {
            "dow": "MON",
            "hh": "13",
            "mm": "20",
            "congestionCar": [
              19,
              27,
              27,
              27,
              33,
              31,
              33,
              28,
              24,
              20
            ]
          },
          {
            "dow": "MON",
            "hh": "13",
            "mm": "30",
            "congestionCar": [
              19,
              26,
              32,
              30,
              33,
              27,
              31,
              27,
              23,
              21
            ]
          },
          {
            "dow": "MON",
            "hh": "13",
            "mm": "40",
            "congestionCar": [
              20,
              25,
              31,
              25,
              28,
              27,
              33,
              26,
              19,
              17
            ]
          },
          {
            "dow": "MON",
            "hh": "13",
            "mm": "50",
            "congestionCar": [
              21,
              28,
              30,
              35,
              34,
              29,
              36,
              28,
              18,
              19
            ]
          }
        ]
      },
      {
        "startStationCode": "211",
        "startStationName": "성수역",
        "endStationCode": "211-R",
        "endStationName": "성수역",
        "prevStationCode": "213",
        "prevStationName": "구의역",
        "updnLine": 1,
        "directAt": 0,
        "data": [
          {
            "dow": "MON",
            "hh": "13",
            "mm": "00",
            "congestionCar": [
              21,
              24,
              31,
              25,
              31,
              31,
              20,
              23,
              17,
              16
            ]
          },
          {
            "dow": "MON",
            "hh": "13",
            "mm": "10",
            "congestionCar": [
              17,
              23,
              28,
              30,
              26,
              24,
              23,
              24,
              17,
              18
            ]
          },
          {
            "dow": "MON",
            "hh": "13",
            "mm": "20",
            "congestionCar": [
              21,
              30,
              32,
              34,
              33,
              28,
              32,
              28,
              24,
              20
            ]
          },
          {
            "dow": "MON",
            "hh": "13",
            "mm": "30",
            "congestionCar": [
              30,
              31,
              38,
              43,
              35,
              38,
              36,
              35,
              20,
              24
            ]
          },
          {
            "dow": "MON",
            "hh": "13",
            "mm": "40",
            "congestionCar": [
              23,
              33,
              37,
              41,
              37,
              36,
              30,
              27,
              23,
              22
            ]
          },
          {
            "dow": "MON",
            "hh": "13",
            "mm": "50",
            "congestionCar": [
              20,
              35,
              34,
              38,
              36,
              26,
              26,
              20,
              18,
              18
            ]
          }
        ]
      },
      {
        "startStationCode": "211",
        "startStationName": "성수역",
        "endStationCode": "219",
        "endStationName": "삼성역",
        "prevStationCode": "213",
        "prevStationName": "구의역",
        "updnLine": 1,
        "directAt": 0,
        "data": [
          {
            "dow": "MON",
            "hh": "13",
            "mm": "00",
            "congestionCar": [
              20,
              23,
              29,
              24,
              30,
              29,
              20,
              22,
              16,
              16
            ]
          },
          {
            "dow": "MON",
            "hh": "13",
            "mm": "10",
            "congestionCar": [
              17,
              23,
              28,
              30,
              26,
              24,
              23,
              24,
              17,
              18
            ]
          },
          {
            "dow": "MON",
            "hh": "13",
            "mm": "20",
            "congestionCar": [
              21,
              30,
              32,
              34,
              33,
              28,
              32,
              28,
              24,
              20
            ]
          },
          {
            "dow": "MON",
            "hh": "13",
            "mm": "30",
            "congestionCar": [
              30,
              31,
              38,
              43,
              35,
              38,
              36,
              35,
              20,
              24
            ]
          },
          {
            "dow": "MON",
            "hh": "13",
            "mm": "40",
            "congestionCar": [
              23,
              33,
              37,
              41,
              37,
              36,
              30,
              27,
              23,
              22
            ]
          },
          {
            "dow": "MON",
            "hh": "13",
            "mm": "50",
            "congestionCar": [
              20,
              35,
              34,
              38,
              36,
              26,
              26,
              20,
              18,
              18
            ]
          }
        ]
      },
      {
        "startStationCode": "211",
        "startStationName": "성수역",
        "endStationCode": "228",
        "endStationName": "서울대입구역",
        "prevStationCode": "213",
        "prevStationName": "구의역",
        "updnLine": 1,
        "directAt": 0,
        "data": [
          {
            "dow": "MON",
            "hh": "13",
            "mm": "00",
            "congestionCar": [
              20,
              23,
              29,
              24,
              30,
              29,
              20,
              22,
              16,
              16
            ]
          },
          {
            "dow": "MON",
            "hh": "13",
            "mm": "10",
            "congestionCar": [
              17,
              23,
              28,
              30,
              26,
              24,
              23,
              24,
              17,
              18
            ]
          },
          {
            "dow": "MON",
            "hh": "13",
            "mm": "20",
            "congestionCar": [
              21,
              30,
              32,
              34,
              33,
              28,
              32,
              28,
              24,
              20
            ]
          },
          {
            "dow": "MON",
            "hh": "13",
            "mm": "30",
            "congestionCar": [
              30,
              31,
              38,
              43,
              35,
              38,
              36,
              35,
              20,
              24
            ]
          },
          {
            "dow": "MON",
            "hh": "13",
            "mm": "40",
            "congestionCar": [
              23,
              33,
              37,
              41,
              37,
              36,
              30,
              27,
              23,
              22
            ]
          },
          {
            "dow": "MON",
            "hh": "13",
            "mm": "50",
            "congestionCar": [
              20,
              35,
              34,
              38,
              36,
              26,
              26,
              20,
              18,
              18
            ]
          }
        ]
      },
      {
        "startStationCode": "211",
        "startStationName": "성수역",
        "endStationCode": "234",
        "endStationName": "신도림역",
        "prevStationCode": "213",
        "prevStationName": "구의역",
        "updnLine": 1,
        "directAt": 0,
        "data": [
          {
            "dow": "MON",
            "hh": "13",
            "mm": "00",
            "congestionCar": [
              20,
              23,
              29,
              24,
              30,
              29,
              20,
              22,
              16,
              16
            ]
          },
          {
            "dow": "MON",
            "hh": "13",
            "mm": "10",
            "congestionCar": [
              17,
              23,
              28,
              30,
              26,
              24,
              23,
              24,
              17,
              18
            ]
          },
          {
            "dow": "MON",
            "hh": "13",
            "mm": "20",
            "congestionCar": [
              21,
              30,
              32,
              34,
              33,
              28,
              32,
              28,
              24,
              20
            ]
          },
          {
            "dow": "MON",
            "hh": "13",
            "mm": "30",
            "congestionCar": [
              30,
              31,
              38,
              43,
              35,
              38,
              36,
              35,
              20,
              24
            ]
          },
          {
            "dow": "MON",
            "hh": "13",
            "mm": "40",
            "congestionCar": [
              23,
              33,
              37,
              41,
              37,
              36,
              30,
              27,
              23,
              22
            ]
          },
          {
            "dow": "MON",
            "hh": "13",
            "mm": "50",
            "congestionCar": [
              20,
              35,
              34,
              38,
              36,
              26,
              26,
              20,
              18,
              18
            ]
          }
        ]
      },
      {
        "startStationCode": "211",
        "startStationName": "성수역",
        "endStationCode": "239",
        "endStationName": "홍대입구역",
        "prevStationCode": "213",
        "prevStationName": "구의역",
        "updnLine": 1,
        "directAt": 0,
        "data": [
          {
            "dow": "MON",
            "hh": "13",
            "mm": "00",
            "congestionCar": [
              20,
              23,
              29,
              24,
              30,
              29,
              20,
              22,
              16,
              16
            ]
          },
          {
            "dow": "MON",
            "hh": "13",
            "mm": "10",
            "congestionCar": [
              17,
              23,
              28,
              30,
              26,
              24,
              23,
              24,
              17,
              18
            ]
          },
          {
            "dow": "MON",
            "hh": "13",
            "mm": "20",
            "congestionCar": [
              21,
              30,
              32,
              34,
              33,
              28,
              32,
              28,
              24,
              20
            ]
          },
          {
            "dow": "MON",
            "hh": "13",
            "mm": "30",
            "congestionCar": [
              30,
              31,
              38,
              43,
              35,
              38,
              36,
              35,
              20,
              24
            ]
          },
          {
            "dow": "MON",
            "hh": "13",
            "mm": "40",
            "congestionCar": [
              23,
              33,
              37,
              41,
              37,
              36,
              30,
              27,
              23,
              22
            ]
          },
          {
            "dow": "MON",
            "hh": "13",
            "mm": "50",
            "congestionCar": [
              20,
              35,
              34,
              38,
              36,
              26,
              26,
              20,
              18,
              18
            ]
          }
        ]
      },
      {
        "startStationCode": "219",
        "startStationName": "삼성역",
        "endStationCode": "211-R",
        "endStationName": "성수역",
        "prevStationCode": "215",
        "prevStationName": "잠실나루역",
        "updnLine": 0,
        "directAt": 0,
        "data": [
          {
            "dow": "MON",
            "hh": "13",
            "mm": "00",
            "congestionCar": [
              19,
              26,
              25,
              28,
              26,
              24,
              25,
              25,
              16,
              15
            ]
          },
          {
            "dow": "MON",
            "hh": "13",
            "mm": "10",
            "congestionCar": [
              24,
              30,
              32,
              31,
              29,
              34,
              34,
              33,
              21,
              20
            ]
          },
          {
            "dow": "MON",
            "hh": "13",
            "mm": "20",
            "congestionCar": [
              19,
              27,
              27,
              27,
              33,
              31,
              33,
              28,
              24,
              20
            ]
          },
          {
            "dow": "MON",
            "hh": "13",
            "mm": "30",
            "congestionCar": [
              19,
              26,
              32,
              30,
              33,
              27,
              31,
              27,
              23,
              21
            ]
          },
          {
            "dow": "MON",
            "hh": "13",
            "mm": "40",
            "congestionCar": [
              18,
              23,
              28,
              23,
              26,
              25,
              30,
              24,
              17,
              16
            ]
          },
          {
            "dow": "MON",
            "hh": "13",
            "mm": "50",
            "congestionCar": [
              20,
              26,
              28,
              33,
              32,
              27,
              33,
              26,
              17,
              18
            ]
          }
        ]
      },
      {
        "startStationCode": "228",
        "startStationName": "서울대입구역",
        "endStationCode": "211",
        "endStationName": "성수역",
        "prevStationCode": "215",
        "prevStationName": "잠실나루역",
        "updnLine": 0,
        "directAt": 0,
        "data": [
          {
            "dow": "MON",
            "hh": "13",
            "mm": "00",
            "congestionCar": [
              19,
              26,
              25,
              28,
              26,
              24,
              25,
              25,
              16,
              15
            ]
          },
          {
            "dow": "MON",
            "hh": "13",
            "mm": "10",
            "congestionCar": [
              24,
              30,
              32,
              31,
              29,
              34,
              34,
              33,
              21,
              20
            ]
          },
          {
            "dow": "MON",
            "hh": "13",
            "mm": "20",
            "congestionCar": [
              19,
              27,
              27,
              27,
              33,
              31,
              33,
              28,
              24,
              20
            ]
          },
          {
            "dow": "MON",
            "hh": "13",
            "mm": "30",
            "congestionCar": [
              19,
              26,
              32,
              30,
              33,
              27,
              31,
              27,
              23,
              21
            ]
          },
          {
            "dow": "MON",
            "hh": "13",
            "mm": "40",
            "congestionCar": [
              18,
              23,
              28,
              23,
              26,
              25,
              30,
              24,
              17,
              16
            ]
          },
          {
            "dow": "MON",
            "hh": "13",
            "mm": "50",
            "congestionCar": [
              20,
              26,
              28,
              33,
              32,
              27,
              33,
              26,
              17,
              18
            ]
          }
        ]
      },
      {
        "startStationCode": "228",
        "startStationName": "서울대입구역",
        "endStationCode": "211-R",
        "endStationName": "성수역",
        "prevStationCode": "215",
        "prevStationName": "잠실나루역",
        "updnLine": 0,
        "directAt": 0,
        "data": [
          {
            "dow": "MON",
            "hh": "13",
            "mm": "00",
            "congestionCar": [
              19,
              26,
              25,
              28,
              26,
              24,
              25,
              25,
              16,
              15
            ]
          },
          {
            "dow": "MON",
            "hh": "13",
            "mm": "10",
            "congestionCar": [
              24,
              30,
              32,
              31,
              29,
              34,
              34,
              33,
              21,
              20
            ]
          },
          {
            "dow": "MON",
            "hh": "13",
            "mm": "20",
            "congestionCar": [
              19,
              27,
              27,
              27,
              33,
              31,
              33,
              28,
              24,
              20
            ]
          },
          {
            "dow": "MON",
            "hh": "13",
            "mm": "30",
            "congestionCar": [
              19,
              26,
              32,
              30,
              33,
              27,
              31,
              27,
              23,
              21
            ]
          },
          {
            "dow": "MON",
            "hh": "13",
            "mm": "40",
            "congestionCar": [
              18,
              23,
              28,
              23,
              26,
              25,
              30,
              24,
              17,
              16
            ]
          },
          {
            "dow": "MON",
            "hh": "13",
            "mm": "50",
            "congestionCar": [
              20,
              26,
              28,
              33,
              32,
              27,
              33,
              26,
              17,
              18
            ]
          }
        ]
      },
      {
        "startStationCode": "234",
        "startStationName": "신도림역",
        "endStationCode": "211",
        "endStationName": "성수역",
        "prevStationCode": "215",
        "prevStationName": "잠실나루역",
        "updnLine": 0,
        "directAt": 0,
        "data": [
          {
            "dow": "MON",
            "hh": "13",
            "mm": "00",
            "congestionCar": [
              19,
              26,
              25,
              28,
              26,
              24,
              25,
              25,
              16,
              15
            ]
          },
          {
            "dow": "MON",
            "hh": "13",
            "mm": "10",
            "congestionCar": [
              24,
              30,
              32,
              31,
              29,
              34,
              34,
              33,
              21,
              20
            ]
          },
          {
            "dow": "MON",
            "hh": "13",
            "mm": "20",
            "congestionCar": [
              19,
              27,
              27,
              27,
              33,
              31,
              33,
              28,
              24,
              20
            ]
          },
          {
            "dow": "MON",
            "hh": "13",
            "mm": "30",
            "congestionCar": [
              19,
              26,
              32,
              30,
              33,
              27,
              31,
              27,
              23,
              21
            ]
          },
          {
            "dow": "MON",
            "hh": "13",
            "mm": "40",
            "congestionCar": [
              18,
              23,
              28,
              23,
              26,
              25,
              30,
              24,
              17,
              16
            ]
          },
          {
            "dow": "MON",
            "hh": "13",
            "mm": "50",
            "congestionCar": [
              20,
              26,
              28,
              33,
              32,
              27,
              33,
              26,
              17,
              18
            ]
          }
        ]
      },
      {
        "startStationCode": "234",
        "startStationName": "신도림역",
        "endStationCode": "211-R",
        "endStationName": "성수역",
        "prevStationCode": "215",
        "prevStationName": "잠실나루역",
        "updnLine": 0,
        "directAt": 0,
        "data": [
          {
            "dow": "MON",
            "hh": "13",
            "mm": "00",
            "congestionCar": [
              19,
              26,
              25,
              28,
              26,
              24,
              25,
              25,
              16,
              15
            ]
          },
          {
            "dow": "MON",
            "hh": "13",
            "mm": "10",
            "congestionCar": [
              24,
              30,
              32,
              31,
              29,
              34,
              34,
              33,
              21,
              20
            ]
          },
          {
            "dow": "MON",
            "hh": "13",
            "mm": "20",
            "congestionCar": [
              19,
              27,
              27,
              27,
              33,
              31,
              33,
              28,
              24,
              20
            ]
          },
          {
            "dow": "MON",
            "hh": "13",
            "mm": "30",
            "congestionCar": [
              19,
              26,
              32,
              30,
              33,
              27,
              31,
              27,
              23,
              21
            ]
          },
          {
            "dow": "MON",
            "hh": "13",
            "mm": "40",
            "congestionCar": [
              18,
              23,
              28,
              23,
              26,
              25,
              30,
              24,
              17,
              16
            ]
          },
          {
            "dow": "MON",
            "hh": "13",
            "mm": "50",
            "congestionCar": [
              20,
              26,
              28,
              33,
              32,
              27,
              33,
              26,
              17,
              18
            ]
          }
        ]
      },
      {
        "startStationCode": "239",
        "startStationName": "홍대입구역",
        "endStationCode": "211",
        "endStationName": "성수역",
        "prevStationCode": "215",
        "prevStationName": "잠실나루역",
        "updnLine": 0,
        "directAt": 0,
        "data": [
          {
            "dow": "MON",
            "hh": "13",
            "mm": "00",
            "congestionCar": [
              19,
              26,
              25,
              28,
              26,
              24,
              25,
              25,
              16,
              15
            ]
          },
          {
            "dow": "MON",
            "hh": "13",
            "mm": "10",
            "congestionCar": [
              24,
              30,
              32,
              31,
              29,
              34,
              34,
              33,
              21,
              20
            ]
          },
          {
            "dow": "MON",
            "hh": "13",
            "mm": "20",
            "congestionCar": [
              19,
              27,
              27,
              27,
              33,
              31,
              33,
              28,
              24,
              20
            ]
          },
          {
            "dow": "MON",
            "hh": "13",
            "mm": "30",
            "congestionCar": [
              19,
              26,
              32,
              30,
              33,
              27,
              31,
              27,
              23,
              21
            ]
          },
          {
            "dow": "MON",
            "hh": "13",
            "mm": "40",
            "congestionCar": [
              18,
              23,
              28,
              23,
              26,
              25,
              30,
              24,
              17,
              16
            ]
          },
          {
            "dow": "MON",
            "hh": "13",
            "mm": "50",
            "congestionCar": [
              20,
              26,
              28,
              33,
              32,
              27,
              33,
              26,
              17,
              18
            ]
          }
        ]
      },
      {
        "startStationCode": "239",
        "startStationName": "홍대입구역",
        "endStationCode": "211-R",
        "endStationName": "성수역",
        "prevStationCode": "215",
        "prevStationName": "잠실나루역",
        "updnLine": 0,
        "directAt": 0,
        "data": [
          {
            "dow": "MON",
            "hh": "13",
            "mm": "00",
            "congestionCar": [
              19,
              26,
              25,
              28,
              26,
              24,
              25,
              25,
              16,
              15
            ]
          },
          {
            "dow": "MON",
            "hh": "13",
            "mm": "10",
            "congestionCar": [
              24,
              30,
              32,
              31,
              29,
              34,
              34,
              33,
              21,
              20
            ]
          },
          {
            "dow": "MON",
            "hh": "13",
            "mm": "20",
            "congestionCar": [
              19,
              27,
              27,
              27,
              33,
              31,
              33,
              28,
              24,
              20
            ]
          },
          {
            "dow": "MON",
            "hh": "13",
            "mm": "30",
            "congestionCar": [
              19,
              26,
              32,
              30,
              33,
              27,
              31,
              27,
              23,
              21
            ]
          },
          {
            "dow": "MON",
            "hh": "13",
            "mm": "40",
            "congestionCar": [
              18,
              23,
              28,
              23,
              26,
              25,
              30,
              24,
              17,
              16
            ]
          },
          {
            "dow": "MON",
            "hh": "13",
            "mm": "50",
            "congestionCar": [
              20,
              26,
              28,
              33,
              32,
              27,
              33,
              26,
              17,
              18
            ]
          }
        ]
      }
    ],
    "statStartDate": "20230923",
    "statEndDate": "20231222"
  }
}