{
  "status": {
    "code": "00",
    "message": "success",
    "totalCount": 1
  },
  "contents": {
    "subwayLine": "2호선",
    "stationName": "대림역",
    "stationCode": "233",
    "stat": [
      {
        "startStationCode": "202",
        "startStationName": "을지로입구역",
        "endStationCode": "211",
        "endStationName": "성수역",
        "prevStationCode": "234",
        "prevStationName": "신도림역",
        "updnLine": 0,
        "directAt": 0,
        "data": [
          {
            "dow": "FRI",
            "hh": "08",
            "mm": "00",
            "congestionCar": [
              69,
              69,
              75,
              78,
              78,
              61,
              65,
              55,
              63,
              65
            ]
          },
          {
            "dow": "FRI",
            "hh": "08",
            "mm": "10",
            "congestionCar": [
              57,
              66,
              76,
              71,
              65,
              68,
              54,
              59,
              65,
              60
            ]
          },
          {
            "dow": "FRI",
            "hh": "08",
            "mm": "20",
            "congestionCar": [
              53,
              70,
              77,
              70,
              70,
              63,
              57,
              68,
              71,
              60
            ]
          },
          {
            "dow": "FRI",
            "hh": "08",
            "mm": "30",
            "congestionCar": [
              71,
              80,
              75,
              79,
              79,
              66,
              64,
              68,
              69,
              60
            ]
          },
          {
            "dow": "FRI",
            "hh": "08",
            "mm": "40",
            "congestionCar": [
              62,
              73,
              67,
              66,
              68,
              53,
              57,
              61,
              63,
              50
            ]
          },
          {
            "dow": "FRI",
            "hh": "08",
            "mm": "50",
            "congestionCar": [
              44,
              57,
              73,
              63,
              57,
              47,
              48,
              55,
              54,
              42
            ]
          }
        ]
      },
      {
        "startStationCode": "202",
        "startStationName": "을지로입구역",
        "endStationCode": "211-R",
        "endStationName": "성수역",
        "prevStationCode": "234",
        "prevStationName": "신도림역",
        "updnLine": 0,
        "directAt": 0,
        "data": [
          {
            "dow": "FRI",
            "hh": "08",
            "mm": "00",
            "congestionCar": [
              69,
              69,
              75,
              78,
              78,
              61,
              65,
              55,
              63,
              65
            ]
          },
          {
            "dow": "FRI",
            "hh": "08",
            "mm": "10",
            "congestionCar": [
              57,
              66,
              76,
              71,
              65,
              68,
              54,
              59,
              65,
              60
            ]
          },
          {
            "dow": "FRI",
            "hh": "08",
            "mm": "20",
            "congestionCar": [
              53,
              70,
              77,
              70,
              70,
              63,
              57,
              68,
              71,
              60
            ]
          },
          {
            "dow": "FRI",
            "hh": "08",
            "mm": "30",
            "congestionCar": [
              71,
              80,
              75,
              79,
              79,
              66,
              64,
              68,
              69,
              60
            ]
          },
          {
            "dow": "FRI",
            "hh": "08",
            "mm": "40",
            "congestionCar": [
              62,
              73,
              67,
              66,
              68,
              53,
              57,
              61,
              63,
              50
            ]
          },
          {
            "dow": "FRI",
            "hh": "08",
            "mm": "50",
            "congestionCar": [
              44,
              57,
              73,
              63,
              57,
              47,
              48,
              55,
              54,
              42
            ]
          }
        ]
      },
      {
        "startStationCode": "211",
        "startStationName": "성수역",
        "endStationCode": "202",
        "endStationName": "을지로입구역",
        "prevStationCode": "232",
        "prevStationName": "구로디지털단지역",
        "updnLine": 1,
        "directAt": 0,
        "data": [
          {
            "dow": "FRI",
            "hh": "08",
            "mm": "00",
            "congestionCar": [
              59,
              62,
              72,
              98,
              85,
              94,
              110,
              101,
              81,
              69
            ]
          },
          {
            "dow": "FRI",
            "hh": "08",
            "mm": "10",
            "congestionCar": [
              75,
              69,
              86,
              116,
              104,
              109,
              110,
              104,
              92,
              75
            ]
          },
          {
            "dow": "FRI",
            "hh": "08",
            "mm": "20",
            "congestionCar": [
              57,
              76,
              74,
              86,
              70,
              80,
              98,
              77,
              75,
              57
            ]
          },
          {
            "dow": "FRI",
            "hh": "08",
            "mm": "30",
            "congestionCar": [
              54,
              52,
              55,
              70,
              54,
              72,
              92,
              79,
              55,
              49
            ]
          },
          {
            "dow": "FRI",
            "hh": "08",
            "mm": "40",
            "congestionCar": [
              41,
              44,
              43,
              56,
              47,
              53,
              71,
              59,
              53,
              44
            ]
          },
          {
            "dow": "FRI",
            "hh": "08",
            "mm": "50",
            "congestionCar": [
              37,
              35,
              37,
              43,
              40,
              45,
              63,
              44,
              40,
              36
            ]
          }
        ]
      },
      {
        "startStationCode": "211",
        "startStationName": "성수역",
        "endStationCode": "211",
        "endStationName": "성수역",
        "prevStationCode": "234",
        "prevStationName": "신도림역",
        "updnLine": 0,
        "directAt": 0,
        "data": [
          {
            "dow": "FRI",
            "hh": "08",
            "mm": "00",
            "congestionCar": [
              48,
              48,
              52,
              54,
              54,
              42,
              45,
              38,
              44,
              45
            ]
          },
          {
            "dow": "FRI",
            "hh": "08",
            "mm": "10",
            "congestionCar": [
              83,
              97,
              111,
              104,
              95,
              99,
              79,
              86,
              96,
              89
            ]
          },
          {
            "dow": "FRI",
            "hh": "08",
            "mm": "20",
            "congestionCar": [
              83,
              110,
              121,
              110,
              110,
              98,
              89,
              105,
              110,
              94
            ]
          },
          {
            "dow": "FRI",
            "hh": "08",
            "mm": "30",
            "congestionCar": [
              73,
              82,
              78,
              81,
              81,
              67,
              66,
              70,
              71,
              62
            ]
          },
          {
            "dow": "FRI",
            "hh": "08",
            "mm": "40",
            "congestionCar": [
              57,
              67,
              61,
              61,
              63,
              49,
              52,
              56,
              58,
              46
            ]
          },
          {
            "dow": "FRI",
            "hh": "08",
            "mm": "50",
            "congestionCar": [
              40,
              52,
              66,
              57,
              52,
              42,
              43,
              50,
              49,
              38
            ]
          }
        ]
      },
      {
        "startStationCode": "211",
        "startStationName": "성수역",
        "endStationCode": "211",
        "endStationName": "성수역",
        "prevStationCode": "232",
        "prevStationName": "구로디지털단지역",
        "updnLine": 1,
        "directAt": 0,
        "data": [
          {
            "dow": "FRI",
            "hh": "08",
            "mm": "00",
            "congestionCar": [
              59,
              62,
              72,
              98,
              85,
              94,
              110,
              101,
              81,
              69
            ]
          },
          {
            "dow": "FRI",
            "hh": "08",
            "mm": "10",
            "congestionCar": [
              75,
              69,
              86,
              116,
              104,
              109,
              110,
              104,
              92,
              75
            ]
          },
          {
            "dow": "FRI",
            "hh": "08",
            "mm": "20",
            "congestionCar": [
              17,
              22,
              22,
              25,
              20,
              23,
              29,
              23,
              22,
              17
            ]
          },
          {
            "dow": "FRI",
            "hh": "08",
            "mm": "30",
            "congestionCar": [
              37,
              36,
              38,
              49,
              37,
              50,
              64,
              55,
              39,
              34
            ]
          },
          {
            "dow": "FRI",
            "hh": "08",
            "mm": "40",
            "congestionCar": [
              35,
              38,
              37,
              48,
              40,
              46,
              62,
              51,
              46,
              38
            ]
          },
          {
            "dow": "FRI",
            "hh": "08",
            "mm": "50",
            "congestionCar": [
              34,
              33,
              34,
              40,
              38,
              42,
              58,
              41,
              37,
              33
            ]
          }
        ]
      },
      {
        "startStationCode": "211",
        "startStationName": "성수역",
        "endStationCode": "211-R",
        "endStationName": "성수역",
        "prevStationCode": "234",
        "prevStationName": "신도림역",
        "updnLine": 0,
        "directAt": 0,
        "data": [
          {
            "dow": "FRI",
            "hh": "08",
            "mm": "00",
            "congestionCar": [
              110,
              110,
              120,
              124,
              124,
              97,
              103,
              88,
              101,
              104
            ]
          },
          {
            "dow": "FRI",
            "hh": "08",
            "mm": "10",
            "congestionCar": [
              95,
              110,
              127,
              118,
              109,
              113,
              90,
              98,
              109,
              101
            ]
          },
          {
            "dow": "FRI",
            "hh": "08",
            "mm": "20",
            "congestionCar": [
              70,
              93,
              102,
              93,
              93,
              83,
              75,
              89,
              93,
              79
            ]
          },
          {
            "dow": "FRI",
            "hh": "08",
            "mm": "30",
            "congestionCar": [
              73,
              82,
              78,
              81,
              81,
              67,
              66,
              70,
              71,
              62
            ]
          },
          {
            "dow": "FRI",
            "hh": "08",
            "mm": "40",
            "congestionCar": [
              66,
              78,
              71,
              70,
              73,
              56,
              61,
              65,
              67,
              53
            ]
          },
          {
            "dow": "FRI",
            "hh": "08",
            "mm": "50",
            "congestionCar": [
              46,
              59,
              76,
              65,
              59,
              49,
              49,
              57,
              56,
              44
            ]
          }
        ]
      },
      {
        "startStationCode": "211",
        "startStationName": "성수역",
        "endStationCode": "211-R",
        "endStationName": "성수역",
        "prevStationCode": "232",
        "prevStationName": "구로디지털단지역",
        "updnLine": 1,
        "directAt": 0,
        "data": [
          {
            "dow": "FRI",
            "hh": "08",
            "mm": "00",
            "congestionCar": [
              59,
              62,
              72,
              98,
              85,
              94,
              110,
              101,
              81,
              69
            ]
          },
          {
            "dow": "FRI",
            "hh": "08",
            "mm": "10",
            "congestionCar": [
              77,
              71,
              89,
              120,
              108,
              112,
              113,
              108,
              95,
              77
            ]
          },
          {
            "dow": "FRI",
            "hh": "08",
            "mm": "20",
            "congestionCar": [
              59,
              80,
              77,
              90,
              72,
              83,
              102,
              80,
              78,
              60
            ]
          },
          {
            "dow": "FRI",
            "hh": "08",
            "mm": "30",
            "congestionCar": [
              57,
              55,
              58,
              74,
              57,
              76,
              98,
              84,
              59,
              52
            ]
          },
          {
            "dow": "FRI",
            "hh": "08",
            "mm": "40",
            "congestionCar": [
              43,
              46,
              46,
              59,
              49,
              56,
              76,
              63,
              56,
              46
            ]
          },
          {
            "dow": "FRI",
            "hh": "08",
            "mm": "50",
            "congestionCar": [
              40,
              38,
              40,
              47,
              44,
              50,
              69,
              48,
              43,
              39
            ]
          }
        ]
      },
      {
        "startStationCode": "211",
        "startStationName": "성수역",
        "endStationCode": "219",
        "endStationName": "삼성역",
        "prevStationCode": "234",
        "prevStationName": "신도림역",
        "updnLine": 0,
        "directAt": 0,
        "data": [
          {
            "dow": "FRI",
            "hh": "08",
            "mm": "00",
            "congestionCar": [
              69,
              69,
              75,
              78,
              78,
              61,
              65,
              55,
              63,
              65
            ]
          },
          {
            "dow": "FRI",
            "hh": "08",
            "mm": "10",
            "congestionCar": [
              57,
              66,
              76,
              71,
              65,
              68,
              54,
              59,
              65,
              60
            ]
          },
          {
            "dow": "FRI",
            "hh": "08",
            "mm": "20",
            "congestionCar": [
              53,
              70,
              77,
              70,
              70,
              63,
              57,
              68,
              71,
              60
            ]
          },
          {
            "dow": "FRI",
            "hh": "08",
            "mm": "30",
            "congestionCar": [
              71,
              80,
              75,
              79,
              79,
              66,
              64,
              68,
              69,
              60
            ]
          },
          {
            "dow": "FRI",
            "hh": "08",
            "mm": "40",
            "congestionCar": [
              62,
              73,
              67,
              66,
              68,
              53,
              57,
              61,
              63,
              50
            ]
          },
          {
            "dow": "FRI",
            "hh": "08",
            "mm": "50",
            "congestionCar": [
              44,
              57,
              73,
              63,
              57,
              47,
              48,
              55,
              54,
              42
            ]
          }
        ]
      },
      {
        "startStationCode": "211",
        "startStationName": "성수역",
        "endStationCode": "228",
        "endStationName": "서울대입구역",
        "prevStationCode": "234",
        "prevStationName": "신도림역",
        "updnLine": 0,
        "directAt": 0,
        "data": [
          {
            "dow": "FRI",
            "hh": "08",
            "mm": "00",
            "congestionCar": [
              69,
              69,
              75,
              78,
              78,
              61,
              65,
              55,
              63,
              65
            ]
          },
          {
            "dow": "FRI",
            "hh": "08",
            "mm": "10",
            "congestionCar": [
              57,
              66,
              76,
              71,
              65,
              68,
              54,
              59,
              65,
              60
            ]
          },
          {
            "dow": "FRI",
            "hh": "08",
            "mm": "20",
            "congestionCar": [
              53,
              70,
              77,
              70,
              70,
              63,
              57,
              68,
              71,
              60
            ]
          },
          {
            "dow": "FRI",
            "hh": "08",
            "mm": "30",
            "congestionCar": [
              71,
              80,
              75,
              79,
              79,
              66,
              64,
              68,
              69,
              60
            ]
          },
          {
            "dow": "FRI",
            "hh": "08",
            "mm": "40",
            "congestionCar": [
              62,
              73,
              67,
              66,
              68,
              53,
              57,
              61,
              63,
              50
            ]
          },
          {
            "dow": "FRI",
            "hh": "08",
            "mm": "50",
            "congestionCar": [
              44,
              57,
              73,
              63,
              57,
              47,
              48,
              55,
              54,
              42
            ]
          }
        ]
      },
      {
        "startStationCode": "211",
        "startStationName": "성수역",
        "endStationCode": "234",
        "endStationName": "신도림역",
        "prevStationCode": "232",
        "prevStationName": "구로디지털단지역",
        "updnLine": 1,
        "directAt": 0,
        "data": [
          {
            "dow": "FRI",
            "hh": "08",
            "mm": "00",
            "congestionCar": [
              59,
              62,
              72,
              98,
              85,
              94,
              110,
              101,
              81,
              69
            ]
          },
          {
            "dow": "FRI",
            "hh": "08",
            "mm": "10",
            "congestionCar": [
              75,
              69,
              86,
              116,
              104,
              109,
              110,
              104,
              92,
              75
            ]
          },
          {
            "dow": "FRI",
            "hh": "08",
            "mm": "20",
            "congestionCar": [
              57,
              76,
              74,
              86,
              70,
              80,
              98,
              77,
              75,
              57
            ]
          },
          {
            "dow": "FRI",
            "hh": "08",
            "mm": "30",
            "congestionCar": [
              54,
              52,
              55,
              70,
              54,
              72,
              92,
              79,
              55,
              49
            ]
          },
          {
            "dow": "FRI",
            "hh": "08",
            "mm": "40",
            "congestionCar": [
              41,
              44,
              43,
              56,
              47,
              53,
              71,
              59,
              53,
              44
            ]
          },
          {
            "dow": "FRI",
            "hh": "08",
            "mm": "50",
            "congestionCar": [
              37,
              35,
              37,
              43,
              40,
              45,
              63,
              44,
              40,
              36
            ]
          }
        ]
      },
      {
        "startStationCode": "211",
        "startStationName": "성수역",
        "endStationCode": "239",
        "endStationName": "홍대입구역",
        "prevStationCode": "232",
        "prevStationName": "구로디지털단지역",
        "updnLine": 1,
        "directAt": 0,
        "data": [
          {
            "dow": "FRI",
            "hh": "08",
            "mm": "00",
            "congestionCar": [
              59,
              62,
              72,
              98,
              85,
              94,
              110,
              101,
              81,
              69
            ]
          },
          {
            "dow": "FRI",
            "hh": "08",
            "mm": "10",
            "congestionCar": [
              75,
              69,
              86,
              116,
              104,
              109,
              110,
              104,
              92,
              75
            ]
          },
          {
            "dow": "FRI",
            "hh": "08",
            "mm": "20",
            "congestionCar": [
              57,
              76,
              74,
              86,
              70,
              80,
              98,
              77,
              75,
              57
            ]
          },
          {
            "dow": "FRI",
            "hh": "08",
            "mm": "30",
            "congestionCar": [
              54,
              52,
              55,
              70,
              54,
              72,
              92,
              79,
              55,
              49
            ]
          },
          {
            "dow": "FRI",
            "hh": "08",
            "mm": "40",
            "congestionCar": [
              41,
              44,
              43,
              56,
              47,
              53,
              71,
              59,
              53,
              44
            ]
          },
          {
            "dow": "FRI",
            "hh": "08",
            "mm": "50",
            "congestionCar": [
              37,
              35,
              37,
              43,
              40,
              45,
              63,
              44,
              40,
              36
            ]
          }
        ]
      },
      {
        "startStationCode": "219",
        "startStationName": "삼성역",
        "endStationCode": "211-R",
        "endStationName": "성수역",
        "prevStationCode": "232",
        "prevStationName": "구로디지털단지역",
        "updnLine": 1,
        "directAt": 0,
        "data": [
          {
            "dow": "FRI",
            "hh": "08",
            "mm": "00",
            "congestionCar": [
              59,
              62,
              72,
              98,
              85,
              94,
              110,
              101,
              81,
              69
            ]
          },
          {
            "dow": "FRI",
            "hh": "08",
            "mm": "10",
            "congestionCar": [
              75,
              69,
              86,
              116,
              104,
              109,
              110,
              104,
              92,
              75
            ]
          },
          {
            "dow": "FRI",
            "hh": "08",
            "mm": "20",
            "congestionCar": [
              57,
              76,
              74,
              86,
              70,
              80,
              98,
              77,
              75,
              57
            ]
          },
          {
            "dow": "FRI",
            "hh": "08",
            "mm": "30",
            "congestionCar": [
              54,
              52,
              55,
              70,
              54,
              72,
              92,
              79,
              55,
              49
            ]
          },
          {
            "dow": "FRI",
            "hh": "08",
            "mm": "40",
            "congestionCar": [
              41,
              44,
              43,
              56,
              47,
              53,
              71,
              59,
              53,
              44
            ]
          },
          {
            "dow": "FRI",
            "hh": "08",
            "mm": "50",
            "congestionCar": [
              37,
              35,
              37,
              43,
              40,
              45,
              63,
              44,
              40,
              36
            ]
          }
        ]
      },
      {
        "startStationCode": "228",
        "startStationName": "서울대입구역",
        "endStationCode": "211",
        "endStationName": "성수역",
        "prevStationCode": "232",
        "prevStationName": "구로디지털단지역",
        "updnLine": 1,
        "directAt": 0,
        "data": [
          {
            "dow": "FRI",
            "hh": "08",
            "mm": "00",
            "congestionCar": [
              59,
              62,
              72,
              98,
              85,
              94,
              110,
              101,
              81,
              69
            ]
          },
          {
            "dow": "FRI",
            "hh": "08",
            "mm": "10",
            "congestionCar": [
              75,
              69,
              86,
              116,
              104,
              109,
              110,
              104,
              92,
              75
            ]
          },
          {
            "dow": "FRI",
            "hh": "08",
            "mm": "20",
            "congestionCar": [
              57,
              76,
              74,
              86,
              70,
              80,
              98,
              77,
              75,
              57
            ]
          },
          {
            "dow": "FRI",
            "hh": "08",
            "mm": "30",
            "congestionCar": [
              54,
              52,
              55,
              70,
              54,
              72,
              92,
              79,
              55,
              49
            ]
          },
          {
            "dow": "FRI",
            "hh": "08",
            "mm": "40",
            "congestionCar": [
              41,
              44,
              43,
              56,
              47,
              53,
              71,
              59,
              53,
              44
            ]
          },
          {
            "dow": "FRI",
            "hh": "08",
            "mm": "50",
            "congestionCar": [
              37,
              35,
              37,
              43,
              40,
              45,
              63,
              44,
              40,
              36
            ]
          }
        ]
      },
      {
        "startStationCode": "228",
        "startStationName": "서울대입구역",
        "endStationCode": "211-R",
        "endStationName": "성수역",
        "prevStationCode": "232",
        "prevStationName": "구로디지털단지역",
        "updnLine": 1,
        "directAt": 0,
        "data": [
          {
            "dow": "FRI",
            "hh": "08",
            "mm": "00",
            "congestionCar": [
              59,
              62,
              72,
              98,
              85,
              94,
              110,
              101,
              81,
              69
            ]
          },
          {
            "dow": "FRI",
            "hh": "08",
            "mm": "10",
            "congestionCar": [
              75,
              69,
              86,
              116,
              104,
              109,
              110,
              104,
              92,
              75
            ]
          },
          {
            "dow": "FRI",
            "hh": "08",
            "mm": "20",
            "congestionCar": [
              57,
              76,
              74,
              86,
              70,
              80,
              98,
              77,
              75,
              57
            ]
          },
          {
            "dow": "FRI",
            "hh": "08",
            "mm": "30",
            "congestionCar": [
              54,
              52,
              55,
              70,
              54,
              72,
              92,
              79,
              55,
              49
            ]
          },
          {
            "dow": "FRI",
            "hh": "08",
            "mm": "40",
            "congestionCar": [
              41,
              44,
              43,
              56,
              47,
              53,
              71,
              59,
              53,
              44
            ]
          },
          {
            "dow": "FRI",
            "hh": "08",
            "mm": "50",
            "congestionCar": [
              37,
              35,
              37,
              43,
              40,
              45,
              63,
              44,
              40,
              36
            ]
          }
        ]
      },
      {
        "startStationCode": "234",
        "startStationName": "신도림역",
        "endStationCode": "211",
        "endStationName": "성수역",
        "prevStationCode": "234",
        "prevStationName": "신도림역",
        "updnLine": 0,
        "directAt": 0,
        "data": [
          {
            "dow": "FRI",
            "hh": "08",
            "mm": "00",
            "congestionCar": [
              69,
              69,
              75,
              78,
              78,
              61,
              65,
              55,
              63,
              65
            ]
          },
          {
            "dow": "FRI",
            "hh": "08",
            "mm": "10",
            "congestionCar": [
              57,
              66,
              76,
              71,
              65,
              68,
              54,
              59,
              65,
              60
            ]
          },
          {
            "dow": "FRI",
            "hh": "08",
            "mm": "20",
            "congestionCar": [
              53,
              70,
              77,
              70,
              70,
              63,
              57,
              68,
              71,
              60
            ]
          },
          {
            "dow": "FRI",
            "hh": "08",
            "mm": "30",
            "congestionCar": [
              71,
              80,
              75,
              79,
              79,
              66,
              64,
              68,
              69,
              60
            ]
          },
          {
            "dow": "FRI",
            "hh": "08",
            "mm": "40",
            "congestionCar": [
              62,
              73,
              67,
              66,
              68,
              53,
              57,
              61,
              63,
              50
            ]
          },
          {
            "dow": "FRI",
            "hh": "08",
            "mm": "50",
            "congestionCar": [
              44,
              57,
              73,
              63,
              57,
              47,
              48,
              55,
              54,
              42
            ]
          }
        ]
      },
      {
        "startStationCode": "234",
        "startStationName": "신도림역",
        "endStationCode": "211-R",
        "endStationName": "성수역",
        "prevStationCode": "234",
        "prevStationName": "신도림역",
        "updnLine": 0,
        "directAt": 0,
        "data": [
          {
            "dow": "FRI",
            "hh": "08",
            "mm": "00",
            "congestionCar": [
              33,
              32,
              35,
              37,
              37,
              29,
              30,
              26,
              30,
              31
            ]
          },
          {
            "dow": "FRI",
            "hh": "08",
            "mm": "10",
            "congestionCar": [
              30,
              35,
              40,
              37,
              34,
              36,
              29,
              31,
              35,
              32
            ]
          },
          {
            "dow": "FRI",
            "hh": "08",
            "mm": "20",
            "congestionCar": [
              14,
              18,
              20,
              18,
              18,
              16,
              15,
              17,
              18,
              16
            ]
          },
          {
            "dow": "FRI",
            "hh": "08",
            "mm": "30",
            "congestionCar": [
              8,
              9,
              9,
              9,
              9,
              7,
              7,
              8,
              8,
              7
            ]
          },
          {
            "dow": "FRI",
            "hh": "08",
            "mm": "40",
            "congestionCar": [
              62,
              73,
              67,
              66,
              68,
              53,
              57,
              61,
              63,
              50
            ]
          },
          {
            "dow": "FRI",
            "hh": "08",
            "mm": "50",
            "congestionCar": [
              44,
              57,
              73,
              63,
              57,
              47,
              48,
              55,
              54,
              42
            ]
          }
        ]
      },
      {
        "startStationCode": "239",
        "startStationName": "홍대입구역",
        "endStationCode": "211",
        "endStationName": "성수역",
        "prevStationCode": "234",
        "prevStationName": "신도림역",
        "updnLine": 0,
        "directAt": 0,
        "data": [
          {
            "dow": "FRI",
            "hh": "08",
            "mm": "00",
            "congestionCar": [
              69,
              69,
              75,
              78,
              78,
              61,
              65,
              55,
              63,
              65
            ]
          },
          {
            "dow": "FRI",
            "hh": "08",
            "mm": "10",
            "congestionCar": [
              57,
              66,
              76,
              71,
              65,
              68,
              54,
              59,
              65,
              60
            ]
          },
          {
            "dow": "FRI",
            "hh": "08",
            "mm": "20",
            "congestionCar": [
              53,
              70,
              77,
              70,
              70,
              63,
              57,
              68,
              71,
              60
            ]
          },
          {
            "dow": "FRI",
            "hh": "08",
            "mm": "30",
            "congestionCar": [
              71,
              80,
              75,
              79,
              79,
              66,
              64,
              68,
              69,
              60
            ]
          },
          {
            "dow": "FRI",
            "hh": "08",
            "mm": "40",
            "congestionCar": [
              62,
              73,
              67,
              66,
              68,
              53,
              57,
              61,
              63,
              50
            ]
          },
          {
            "dow": "FRI",
            "hh": "08",
            "mm": "50",
            "congestionCar": [
              44,
              57,
              73,
              63,
              57,
              47,
              48,
              55,
              54,
              42
            ]
          }
        ]
      },
      {
        "startStationCode": "239",
        "startStationName": "홍대입구역",
        "endStationCode": "211-R",
        "endStationName": "성수역",
        "prevStationCode": "234",
        "prevStationName": "신도림역",
        "updnLine": 0,
        "directAt": 0,
        "data": [
          {
            "dow": "FRI",
            "hh": "08",
            "mm": "00",
            "congestionCar": [
              69,
              69,
              75,
              78,
              78,
              61,
              65,
              55,
              63,
              65
            ]
          },
          {
            "dow": "FRI",
            "hh": "08",
            "mm": "10",
            "congestionCar": [
              57,
              66,
              76,
              71,
              65,
              68,
              54,
              59,
              65,
              60
            ]
          },
          {
            "dow": "FRI",
            "hh": "08",
            "mm": "20",
            "congestionCar": [
              53,
              70,
              77,
              70,
              70,
              63,
              57,
              68,
              71,
              60
            ]
          },
          {
            "dow": "FRI",
            "hh": "08",
            "mm": "30",
            "congestionCar": [
              71,
              80,
              75,
              79,
              79,
              66,
              64,
              68,
              69,
              60
            ]
          },
          {
            "dow": "FRI",
            "hh": "08",
            "mm": "40",
            "congestionCar": [
              62,
              73,
              67,
              66,
              68,
              53,
              57,
              61,
              63,
              50
            ]
          },
          {
            "dow": "FRI",
            "hh": "08",
            "mm": "50",
            "congestionCar": [
              44,
              57,
              73,
              63,
              57,
              47,
              48,
              55,
              54,
              42
            ]
          }
        ]
      }
    ],
    "statStartDate": "20230924",
    "statEndDate": "20231223"
  }
}