{
  "status": {
    "code": "00",
    "message": "success",
    "totalCount": 1
  },
  "contents": {
    "subwayLine": "2호선",
    "stationName": "충정로역",
    "stationCode": "243",
    "stat": [
      {
        "startStationCode": "202",
        "startStationName": "을지로입구역",
        "endStationCode": "211",
        "endStationName": "성수역",
        "prevStationCode": "201",
        "prevStationName": "시청역",
        "updnLine": 0,
        "directAt": 0,
        "data": [
          {
            "dow": "MON",
            "hh": "13",
            "mm": "00",
            "congestionCar": [
              16,
              21,
              33,
              26,
              32,
              26,
              27,
              30,
              25,
              23
            ]
          },
          {
            "dow": "MON",
            "hh": "13",
            "mm": "10",
            "congestionCar": [
              17,
              21,
              27,
              32,
              29,
              30,
              23,
              29,
              22,
              20
            ]
          },
          {
            "dow": "MON",
            "hh": "13",
            "mm": "20",
            "congestionCar": [
              17,
              18,
              23,
              24,
              18,
              22,
              23,
              25,
              22,
              17
            ]
          },
          {
            "dow": "MON",
            "hh": "13",
            "mm": "30",
            "congestionCar": [
              18,
              24,
              32,
              38,
              25,
              31,
              25,
              29,
              26,
              22
            ]
          },
          {
            "dow": "MON",
            "hh": "13",
            "mm": "40",
            "congestionCar": [
              15,
              22,
              29,
              28,
              28,
              25,
              23,
              24,
              26,
              19
            ]
          },
          {
            "dow": "MON",
            "hh": "13",
            "mm": "50",
            "congestionCar": [
              16,
              21,
              26,
              27,
              29,
              26,
              25,
              23,
              20,
              18
            ]
          }
        ]
      },
      {
        "startStationCode": "202",
        "startStationName": "을지로입구역",
        "endStationCode": "211-R",
        "endStationName": "성수역",
        "prevStationCode": "201",
        "prevStationName": "시청역",
        "updnLine": 0,
        "directAt": 0,
        "data": [
          {
            "dow": "MON",
            "hh": "13",
            "mm": "00",
            "congestionCar": [
              16,
              21,
              33,
              26,
              32,
              26,
              27,
              30,
              25,
              23
            ]
          },
          {
            "dow": "MON",
            "hh": "13",
            "mm": "10",
            "congestionCar": [
              17,
              21,
              27,
              32,
              29,
              30,
              23,
              29,
              22,
              20
            ]
          },
          {
            "dow": "MON",
            "hh": "13",
            "mm": "20",
            "congestionCar": [
              17,
              18,
              23,
              24,
              18,
              22,
              23,
              25,
              22,
              17
            ]
          },
          {
            "dow": "MON",
            "hh": "13",
            "mm": "30",
            "congestionCar": [
              18,
              24,
              32,
              38,
              25,
              31,
              25,
              29,
              26,
              22
            ]
          },
          {
            "dow": "MON",
            "hh": "13",
            "mm": "40",
            "congestionCar": [
              15,
              22,
              29,
              28,
              28,
              25,
              23,
              24,
              26,
              19
            ]
          },
          {
            "dow": "MON",
            "hh": "13",
            "mm": "50",
            "congestionCar": [
              16,
              21,
              26,
              27,
              29,
              26,
              25,
              23,
              20,
              18
            ]
          }
        ]
      },
      {
        "startStationCode": "211",
        "startStationName": "성수역",
        "endStationCode": "202",
        "endStationName": "을지로입구역",
        "prevStationCode": "242",
        "prevStationName": "아현역",
        "updnLine": 1,
        "directAt": 0,
        "data": [
          {
            "dow": "MON",
            "hh": "13",
            "mm": "00",
            "congestionCar": [
              46,
              31,
              29,
              31,
              33,
              34,
              28,
              30,
              25,
              25
            ]
          },
          {
            "dow": "MON",
            "hh": "13",
            "mm": "10",
            "congestionCar": [
              41,
              29,
              27,
              34,
              32,
              34,
              31,
              27,
              23,
              22
            ]
          },
          {
            "dow": "MON",
            "hh": "13",
            "mm": "20",
            "congestionCar": [
              39,
              34,
              30,
              37,
              30,
              36,
              31,
              33,
              27,
              23
            ]
          },
          {
            "dow": "MON",
            "hh": "13",
            "mm": "30",
            "congestionCar": [
              37,
              32,
              30,
              32,
              34,
              33,
              33,
              27,
              24,
              16
            ]
          },
          {
            "dow": "MON",
            "hh": "13",
            "mm": "40",
            "congestionCar": [
              32,
              28,
              26,
              32,
              24,
              33,
              25,
              28,
              22,
              21
            ]
          },
          {
            "dow": "MON",
            "hh": "13",
            "mm": "50",
            "congestionCar": [
              26,
              29,
              27,
              27,
              30,
              29,
              28,
              25,
              20,
              20
            ]
          }
        ]
      },
      {
        "startStationCode": "211",
        "startStationName": "성수역",
        "endStationCode": "211",
        "endStationName": "성수역",
        "prevStationCode": "201",
        "prevStationName": "시청역",
        "updnLine": 0,
        "directAt": 0,
        "data": [
          {
            "dow": "MON",
            "hh": "13",
            "mm": "00",
            "congestionCar": [
              16,
              21,
              33,
              26,
              32,
              26,
              27,
              30,
              25,
              23
            ]
          },
          {
            "dow": "MON",
            "hh": "13",
            "mm": "10",
            "congestionCar": [
              17,
              21,
              27,
              32,
              29,
              30,
              23,
              29,
              22,
              20
            ]
          },
          {
            "dow": "MON",
            "hh": "13",
            "mm": "20",
            "congestionCar": [
              17,
              18,
              23,
              24,
              18,
              22,
              23,
              25,
              22,
              17
            ]
          },
          {
            "dow": "MON",
            "hh": "13",
            "mm": "30",
            "congestionCar": [
              18,
              24,
              32,
              38,
              25,
              31,
              25,
              29,
              26,
              22
            ]
          },
          {
            "dow": "MON",
            "hh": "13",
            "mm": "40",
            "congestionCar": [
              15,
              22,
              29,
              28,
              28,
              25,
              23,
              24,
              26,
              19
            ]
          },
          {
            "dow": "MON",
            "hh": "13",
            "mm": "50",
            "congestionCar": [
              16,
              21,
              26,
              27,
              29,
              26,
              25,
              23,
              20,
              18
            ]
          }
        ]
      },
      {
        "startStationCode": "211",
        "startStationName": "성수역",
        "endStationCode": "211",
        "endStationName": "성수역",
        "prevStationCode": "242",
        "prevStationName": "아현역",
        "updnLine": 1,
        "directAt": 0,
        "data": [
          {
            "dow": "MON",
            "hh": "13",
            "mm": "00",
            "congestionCar": [
              46,
              31,
              29,
              31,
              33,
              34,
              28,
              30,
              25,
              25
            ]
          },
          {
            "dow": "MON",
            "hh": "13",
            "mm": "10",
            "congestionCar": [
              41,
              29,
              27,
              34,
              32,
              34,
              31,
              27,
              23,
              22
            ]
          },
          {
            "dow": "MON",
            "hh": "13",
            "mm": "20",
            "congestionCar": [
              39,
              34,
              30,
              37,
              30,
              36,
              31,
              33,
              27,
              23
            ]
          },
          {
            "dow": "MON",
            "hh": "13",
            "mm": "30",
            "congestionCar": [
              37,
              32,
              30,
              32,
              34,
              33,
              33,
              27,
              24,
              16
            ]
          },
          {
            "dow": "MON",
            "hh": "13",
            "mm": "40",
            "congestionCar": [
              32,
              28,
              26,
              32,
              24,
              33,
              25,
              28,
              22,
              21
            ]
          },
          {
            "dow": "MON",
            "hh": "13",
            "mm": "50",
            "congestionCar": [
              26,
              29,
              27,
              27,
              30,
              29,
              28,
              25,
              20,
              20
            ]
          }
        ]
      },
      {
        "startStationCode": "211",
        "startStationName": "성수역",
        "endStationCode": "211-R",
        "endStationName": "성수역",
        "prevStationCode": "201",
        "prevStationName": "시청역",
        "updnLine": 0,
        "directAt": 0,
        "data": [
          {
            "dow": "MON",
            "hh": "13",
            "mm": "00",
            "congestionCar": [
              17,
              22,
              36,
              28,
              35,
              28,
              29,
              32,
              27,
              25
            ]
          },
          {
            "dow": "MON",
            "hh": "13",
            "mm": "10",
            "congestionCar": [
              18,
              23,
              29,
              35,
              31,
              32,
              25,
              31,
              24,
              22
            ]
          },
          {
            "dow": "MON",
            "hh": "13",
            "mm": "20",
            "congestionCar": [
              19,
              20,
              25,
              26,
              20,
              25,
              25,
              27,
              24,
              19
            ]
          },
          {
            "dow": "MON",
            "hh": "13",
            "mm": "30",
            "congestionCar": [
              18,
              24,
              32,
              38,
              25,
              31,
              25,
              29,
              26,
              22
            ]
          },
          {
            "dow": "MON",
            "hh": "13",
            "mm": "40",
            "congestionCar": [
              16,
              24,
              32,
              30,
              30,
              27,
              25,
              26,
              29,
              21
            ]
          },
          {
            "dow": "MON",
            "hh": "13",
            "mm": "50",
            "congestionCar": [
              17,
              23,
              28,
              29,
              31,
              28,
              27,
              25,
              22,
              19
            ]
          }
        ]
      },
      {
        "startStationCode": "211",
        "startStationName": "성수역",
        "endStationCode": "211-R",
        "endStationName": "성수역",
        "prevStationCode": "242",
        "prevStationName": "아현역",
        "updnLine": 1,
        "directAt": 0,
        "data": [
          {
            "dow": "MON",
            "hh": "13",
            "mm": "00",
            "congestionCar": [
              49,
              33,
              31,
              33,
              35,
              36,
              29,
              32,
              26,
              27
            ]
          },
          {
            "dow": "MON",
            "hh": "13",
            "mm": "10",
            "congestionCar": [
              46,
              32,
              30,
              37,
              35,
              37,
              34,
              30,
              26,
              25
            ]
          },
          {
            "dow": "MON",
            "hh": "13",
            "mm": "20",
            "congestionCar": [
              41,
              37,
              32,
              39,
              32,
              38,
              33,
              35,
              29,
              24
            ]
          },
          {
            "dow": "MON",
            "hh": "13",
            "mm": "30",
            "congestionCar": [
              37,
              32,
              30,
              32,
              34,
              33,
              33,
              27,
              24,
              16
            ]
          },
          {
            "dow": "MON",
            "hh": "13",
            "mm": "40",
            "congestionCar": [
              37,
              32,
              29,
              37,
              28,
              38,
              29,
              32,
              25,
              24
            ]
          },
          {
            "dow": "MON",
            "hh": "13",
            "mm": "50",
            "congestionCar": [
              29,
              32,
              30,
              30,
              34,
              32,
              31,
              27,
              23,
              22
            ]
          }
        ]
      },
      {
        "startStationCode": "211",
        "startStationName": "성수역",
        "endStationCode": "219",
        "endStationName": "삼성역",
        "prevStationCode": "201",
        "prevStationName": "시청역",
        "updnLine": 0,
        "directAt": 0,
        "data": [
          {
            "dow": "MON",
            "hh": "13",
            "mm": "00",
            "congestionCar": [
              16,
              21,
              33,
              26,
              32,
              26,
              27,
              30,
              25,
              23
            ]
          },
          {
            "dow": "MON",
            "hh": "13",
            "mm": "10",
            "congestionCar": [
              17,
              21,
              27,
              32,
              29,
              30,
              23,
              29,
              22,
              20
            ]
          },
          {
            "dow": "MON",
            "hh": "13",
            "mm": "20",
            "congestionCar": [
              17,
              18,
              23,
              24,
              18,
              22,
              23,
              25,
              22,
              17
            ]
          },
          {
            "dow": "MON",
            "hh": "13",
            "mm": "30",
            "congestionCar": [
              18,
              24,
              32,
              38,
              25,
              31,
              25,
              29,
              26,
              22
            ]
          },
          {
            "dow": "MON",
            "hh": "13",
            "mm": "40",
            "congestionCar": [
              15,
              22,
              29,
              28,
              28,
              25,
              23,
              24,
              26,
              19
            ]
          },
          {
            "dow": "MON",
            "hh": "13",
            "mm": "50",
            "congestionCar": [
              16,
              21,
              26,
              27,
              29,
              26,
              25,
              23,
              20,
              18
            ]
          }
        ]
      },
      {
        "startStationCode": "211",
        "startStationName": "성수역",
        "endStationCode": "228",
        "endStationName": "서울대입구역",
        "prevStationCode": "201",
        "prevStationName": "시청역",
        "updnLine": 0,
        "directAt": 0,
        "data": [
          {
            "dow": "MON",
            "hh": "13",
            "mm": "00",
            "congestionCar": [
              16,
              21,
              33,
              26,
              32,
              26,
              27,
              30,
              25,
              23
            ]
          },
          {
            "dow": "MON",
            "hh": "13",
            "mm": "10",
            "congestionCar": [
              17,
              21,
              27,
              32,
              29,
              30,
              23,
              29,
              22,
              20
            ]
          },
          {
            "dow": "MON",
            "hh": "13",
            "mm": "20",
            "congestionCar": [
              17,
              18,
              23,
              24,
              18,
              22,
              23,
              25,
              22,
              17
            ]
          },
          {
            "dow": "MON",
            "hh": "13",
            "mm": "30",
            "congestionCar": [
              18,
              24,
              32,
              38,
              25,
              31,
              25,
              29,
              26,
              22
            ]
          },
          {
            "dow": "MON",
            "hh": "13",
            "mm": "40",
            "congestionCar": [
              15,
              22,
              29,
              28,
              28,
              25,
              23,
              24,
              26,
              19
            ]
          },
          {
            "dow": "MON",
            "hh": "13",
            "mm": "50",
            "congestionCar": [
              16,
              21,
              26,
              27,
              29,
              26,
              25,
              23,
              20,
              18
            ]
          }
        ]
      },
      {
        "startStationCode": "211",
        "startStationName": "성수역",
        "endStationCode": "234",
        "endStationName": "신도림역",
        "prevStationCode": "201",
        "prevStationName": "시청역",
        "updnLine": 0,
        "directAt": 0,
        "data": [
          {
            "dow": "MON",
            "hh": "13",
            "mm": "00",
            "congestionCar": [
              16,
              21,
              33,
              26,
              32,
              26,
              27,
              30,
              25,
              23
            ]
          },
          {
            "dow": "MON",
            "hh": "13",
            "mm": "10",
            "congestionCar": [
              17,
              21,
              27,
              32,
              29,
              30,
              23,
              29,
              22,
              20
            ]
          },
          {
            "dow": "MON",
            "hh": "13",
            "mm": "20",
            "congestionCar": [
              17,
              18,
              23,
              24,
              18,
              22,
              23,
              25,
              22,
              17
            ]
          },
          {
            "dow": "MON",
            "hh": "13",
            "mm": "30",
            "congestionCar": [
              18,
              24,
              32,
              38,
              25,
              31,
              25,
              29,
              26,
              22
            ]
          },
          {
            "dow": "MON",
            "hh": "13",
            "mm": "40",
            "congestionCar": [
              15,
              22,
              29,
              28,
              28,
              25,
              23,
              24,
              26,
              19
            ]
          },
          {
            "dow": "MON",
            "hh": "13",
            "mm": "50",
            "congestionCar": [
              16,
              21,
              26,
              27,
              29,
              26,
              25,
              23,
              20,
              18
            ]
          }
        ]
      },
      {
        "startStationCode": "211",
        "startStationName": "성수역",
        "endStationCode": "239",
        "endStationName": "홍대입구역",
        "prevStationCode": "201",
        "prevStationName": "시청역",
        "updnLine": 0,
        "directAt": 0,
        "data": [
          {
            "dow": "MON",
            "hh": "13",
            "mm": "00",
            "congestionCar": [
              16,
              21,
              33,
              26,
              32,
              26,
              27,
              30,
              25,
              23
            ]
          },
          {
            "dow": "MON",
            "hh": "13",
            "mm": "10",
            "congestionCar": [
              17,
              21,
              27,
              32,
              29,
              30,
              23,
              29,
              22,
              20
            ]
          },
          {
            "dow": "MON",
            "hh": "13",
            "mm": "20",
            "congestionCar": [
              17,
              18,
              23,
              24,
              18,
              22,
              23,
              25,
              22,
              17
            ]
          },
          {
            "dow": "MON",
            "hh": "13",
            "mm": "30",
            "congestionCar": [
              18,
              24,
              32,
              38,
              25,
              31,
              25,
              29,
              26,
              22
            ]
          },
          {
            "dow": "MON",
            "hh": "13",
            "mm": "40",
            "congestionCar": [
              15,
              22,
              29,
              28,
              28,
              25,
              23,
              24,
              26,
              19
            ]
          },
          {
            "dow": "MON",
            "hh": "13",
            "mm": "50",
            "congestionCar": [
              16,
              21,
              26,
              27,
              29,
              26,
              25,
              23,
              20,
              18
            ]
          }
        ]
      },
      {
        "startStationCode": "219",
        "startStationName": "삼성역",
        "endStationCode": "211-R",
        "endStationName": "성수역",
        "prevStationCode": "242",
        "prevStationName": "아현역",
        "updnLine": 1,
        "directAt": 0,
        "data": [
          {
            "dow": "MON",
            "hh": "13",
            "mm": "00",
            "congestionCar": [
              46,
              31,
              29,
              31,
              33,
              34,
              28,
              30,
              25,
              25
            ]
          },
          {
            "dow": "MON",
            "hh": "13",
            "mm": "10",
            "congestionCar": [
              41,
              29,
              27,
              34,
              32,
              34,
              31,
              27,
              23,
              22
            ]
          },
          {
            "dow": "MON",
            "hh": "13",
            "mm": "20",
            "congestionCar": [
              39,
              34,
              30,
              37,
              30,
              36,
              31,
              33,
              27,
              23
            ]
          },
          {
            "dow": "MON",
            "hh": "13",
            "mm": "30",
            "congestionCar": [
              37,
              32,
              30,
              32,
              34,
              33,
              33,
              27,
              24,
              16
            ]
          },
          {
            "dow": "MON",
            "hh": "13",
            "mm": "40",
            "congestionCar": [
              32,
              28,
              26,
              32,
              24,
              33,
              25,
              28,
              22,
              21
            ]
          },
          {
            "dow": "MON",
            "hh": "13",
            "mm": "50",
            "congestionCar": [
              26,
              29,
              27,
              27,
              30,
              29,
              28,
              25,
              20,
              20
            ]
          }
        ]
      },
      {
        "startStationCode": "228",
        "startStationName": "서울대입구역",
        "endStationCode": "211",
        "endStationName": "성수역",
        "prevStationCode": "242",
        "prevStationName": "아현역",
        "updnLine": 1,
        "directAt": 0,
        "data": [
          {
            "dow": "MON",
            "hh": "13",
            "mm": "00",
            "congestionCar": [
              46,
              31,
              29,
              31,
              33,
              34,
              28,
              30,
              25,
              25
            ]
          },
          {
            "dow": "MON",
            "hh": "13",
            "mm": "10",
            "congestionCar": [
              41,
              29,
              27,
              34,
              32,
              34,
              31,
              27,
              23,
              22
            ]
          },
          {
            "dow": "MON",
            "hh": "13",
            "mm": "20",
            "congestionCar": [
              39,
              34,
              30,
              37,
              30,
              36,
              31,
              33,
              27,
              23
            ]
          },
          {
            "dow": "MON",
            "hh": "13",
            "mm": "30",
            "congestionCar": [
              37,
              32,
              30,
              32,
              34,
              33,
              33,
              27,
              24,
              16
            ]
          },
          {
            "dow": "MON",
            "hh": "13",
            "mm": "40",
            "congestionCar": [
              32,
              28,
              26,
              32,
              24,
              33,
              25,
              28,
              22,
              21
            ]
          },
          {
            "dow": "MON",
            "hh": "13",
            "mm": "50",
            "congestionCar": [
              26,
              29,
              27,
              27,
              30,
              29,
              28,
              25,
              20,
              20
            ]
          }
        ]
      },
      {
        "startStationCode": "228",
        "startStationName": "서울대입구역",
        "endStationCode": "211-R",
        "endStationName": "성수역",
        "prevStationCode": "242",
        "prevStationName": "아현역",
        "updnLine": 1,
        "directAt": 0,
        "data": [
          {
            "dow": "MON",
            "hh": "13",
            "mm": "00",
            "congestionCar": [
              46,
              31,
              29,
              31,
              33,
              34,
              28,
              30,
              25,
              25
            ]
          },
          {
            "dow": "MON",
            "hh": "13",
            "mm": "10",
            "congestionCar": [
              41,
              29,
              27,
              34,
              32,
              34,
              31,
              27,
              23,
              22
            ]
          },
          {
            "dow": "MON",
            "hh": "13",
            "mm": "20",
            "congestionCar": [
              39,
              34,
              30,
              37,
              30,
              36,
              31,
              33,
              27,
              23
            ]
          },
          {
            "dow": "MON",
            "hh": "13",
            "mm": "30",
            "congestionCar": [
              37,
              32,
              30,
              32,
              34,
              33,
              33,
              27,
              24,
              16
            ]
          },
          {
            "dow": "MON",
            "hh": "13",
            "mm": "40",
            "congestionCar": [
              32,
              28,
              26,
              32,
              24,
              33,
              25,
              28,
              22,
              21
            ]
          },
          {
            "dow": "MON",
            "hh": "13",
            "mm": "50",
            "congestionCar": [
              26,
              29,
              27,
              27,
              30,
              29,
              28,
              25,
              20,
              20
            ]
          }
        ]
      },
      {
        "startStationCode": "234",
        "startStationName": "신도림역",
        "endStationCode": "211",
        "endStationName": "성수역",
        "prevStationCode": "242",
        "prevStationName": "아현역",
        "updnLine": 1,
        "directAt": 0,
        "data": [
          {
            "dow": "MON",
            "hh": "13",
            "mm": "00",
            "congestionCar": [
              46,
              31,
              29,
              31,
              33,
              34,
              28,
              30,
              25,
              25
            ]
          },
          {
            "dow": "MON",
            "hh": "13",
            "mm": "10",
            "congestionCar": [
              41,
              29,
              27,
              34,
              32,
              34,
              31,
              27,
              23,
              22
            ]
          },
          {
            "dow": "MON",
            "hh": "13",
            "mm": "20",
            "congestionCar": [
              39,
              34,
              30,
              37,
              30,
              36,
              31,
              33,
              27,
              23
            ]
          },
          {
            "dow": "MON",
            "hh": "13",
            "mm": "30",
            "congestionCar": [
              37,
              32,
              30,
              32,
              34,
              33,
              33,
              27,
              24,
              16
            ]
          },
          {
            "dow": "MON",
            "hh": "13",
            "mm": "40",
            "congestionCar": [
              32,
              28,
              26,
              32,
              24,
              33,
              25,
              28,
              22,
              21
            ]
          },
          {
            "dow": "MON",
            "hh": "13",
            "mm": "50",
            "congestionCar": [
              26,
              29,
              27,
              27,
              30,
              29,
              28,
              25,
              20,
              20
            ]
          }
        ]
      },
      {
        "startStationCode": "234",
        "startStationName": "신도림역",
        "endStationCode": "211-R",
        "endStationName": "성수역",
        "prevStationCode": "242",
        "prevStationName": "아현역",
        "updnLine": 1,
        "directAt": 0,
        "data": [
          {
            "dow": "MON",
            "hh": "13",
            "mm": "00",
            "congestionCar": [
              46,
              31,
              29,
              31,
              33,
              34,
              28,
              30,
              25,
              25
            ]
          },
          {
            "dow": "MON",
            "hh": "13",
            "mm": "10",
            "congestionCar": [
              41,
              29,
              27,
              34,
              32,
              34,
              31,
              27,
              23,
              22
            ]
          },
          {
            "dow": "MON",
            "hh": "13",
            "mm": "20",
            "congestionCar": [
              39,
              34,
              30,
              37,
              30,
              36,
              31,
              33,
              27,
              23
            ]
          },
          {
            "dow": "MON",
            "hh": "13",
            "mm": "30",
            "congestionCar": [
              37,
              32,
              30,
              32,
              34,
              33,
              33,
              27,
              24,
              16
            ]
          },
          {
            "dow": "MON",
            "hh": "13",
            "mm": "40",
            "congestionCar": [
              32,
              28,
              26,
              32,
              24,
              33,
              25,
              28,
              22,
              21
            ]
          },
          {
            "dow": "MON",
            "hh": "13",
            "mm": "50",
            "congestionCar": [
              26,
              29,
              27,
              27,
              30,
              29,
              28,
              25,
              20,
              20
            ]
          }
        ]
      },
      {
        "startStationCode": "239",
        "startStationName": "홍대입구역",
        "endStationCode": "211",
        "endStationName": "성수역",
        "prevStationCode": "242",
        "prevStationName": "아현역",
        "updnLine": 1,
        "directAt": 0,
        "data": [
          {
            "dow": "MON",
            "hh": "13",
            "mm": "00",
            "congestionCar": [
              46,
              31,
              29,
              31,
              33,
              34,
              28,
              30,
              25,
              25
            ]
          },
          {
            "dow": "MON",
            "hh": "13",
            "mm": "10",
            "congestionCar": [
              41,
              29,
              27,
              34,
              32,
              34,
              31,
              27,
              23,
              22
            ]
          },
          {
            "dow": "MON",
            "hh": "13",
            "mm": "20",
            "congestionCar": [
              39,
              34,
              30,
              37,
              30,
              36,
              31,
              33,
              27,
              23
            ]
          },
          {
            "dow": "MON",
            "hh": "13",
            "mm": "30",
            "congestionCar": [
              37,
              32,
              30,
              32,
              34,
              33,
              33,
              27,
              24,
              16
            ]
          },
          {
            "dow": "MON",
            "hh": "13",
            "mm": "40",
            "congestionCar": [
              32,
              28,
              26,
              32,
              24,
              33,
              25,
              28,
              22,
              21
            ]
          },
          {
            "dow": "MON",
            "hh": "13",
            "mm": "50",
            "congestionCar": [
              26,
              29,
              27,
              27,
              30,
              29,
              28,
              25,
              20,
              20
            ]
          }
        ]
      },
      {
        "startStationCode": "239",
        "startStationName": "홍대입구역",
        "endStationCode": "211-R",
        "endStationName": "성수역",
        "prevStationCode": "242",
        "prevStationName": "아현역",
        "updnLine": 1,
        "directAt": 0,
        "data": [
          {
            "dow": "MON",
            "hh": "13",
            "mm": "00",
            "congestionCar": [
              46,
              31,
              29,
              31,
              33,
              34,
              28,
              30,
              25,
              25
            ]
          },
          {
            "dow": "MON",
            "hh": "13",
            "mm": "10",
            "congestionCar": [
              41,
              29,
              27,
              34,
              32,
              34,
              31,
              27,
              23,
              22
            ]
          },
          {
            "dow": "MON",
            "hh": "13",
            "mm": "20",
            "congestionCar": [
              39,
              34,
              30,
              37,
              30,
              36,
              31,
              33,
              27,
              23
            ]
          },
          {
            "dow": "MON",
            "hh": "13",
            "mm": "30",
            "congestionCar": [
              37,
              32,
              30,
              32,
              34,
              33,
              33,
              27,
              24,
              16
            ]
          },
          {
            "dow": "MON",
            "hh": "13",
            "mm": "40",
            "congestionCar": [
              32,
              28,
              26,
              32,
              24,
              33,
              25,
              28,
              22,
              21
            ]
          },
          {
            "dow": "MON",
            "hh": "13",
            "mm": "50",
            "congestionCar": [
              26,
              29,
              27,
              27,
              30,
              29,
              28,
              25,
              20,
              20
            ]
          }
        ]
      }
    ],
    "statStartDate": "20230924",
    "statEndDate": "20231223"
  }
}