{
  "status": {
    "code": "00",
    "message": "success",
    "totalCount": 1
  },
  "contents": {
    "subwayLine": "2호선",
    "stationName": "신림역",
    "stationCode": "230",
    "stat": [
      {
        "startStationCode": "202",
        "startStationName": "을지로입구역",
        "endStationCode": "211",
        "endStationName": "성수역",
        "prevStationCode": "231",
        "prevStationName": "신대방역",
        "updnLine": 0,
        "directAt": 0,
        "data": [
          {
            "dow": "WED",
            "hh": "13",
            "mm": "00",
            "congestionCar": [
              25,
              29,
              41,
              45,
              46,
              41,
              37,
              32,
              28,
              27
            ]
          },
          {
            "dow": "WED",
            "hh": "13",
            "mm": "10",
            "congestionCar": [
              29,
              35,
              41,
              43,
              52,
              43,
              42,
              40,
              33,
              31
            ]
          },
          {
            "dow": "WED",
            "hh": "13",
            "mm": "20",
            "congestionCar": [
              30,
              32,
              47,
              48,
              47,
              44,
              43,
              44,
              34,
              39
            ]
          },
          {
            "dow": "WED",
            "hh": "13",
            "mm": "30",
            "congestionCar": [
              26,
              29,
              46,
              44,
              56,
              45,
              38,
              35,
              30,
              31
            ]
          },
          {
            "dow": "WED",
            "hh": "13",
            "mm": "40",
            "congestionCar": [
              25,
              30,
              40,
              41,
              49,
              38,
              37,
              34,
              30,
              27
            ]
          },
          {
            "dow": "WED",
            "hh": "13",
            "mm": "50",
            "congestionCar": [
              20,
              20,
              30,
              32,
              33,
              27,
              27,
              24,
              23,
              25
            ]
          }
        ]
      },
      {
        "startStationCode": "202",
        "startStationName": "을지로입구역",
        "endStationCode": "211-R",
        "endStationName": "성수역",
        "prevStationCode": "231",
        "prevStationName": "신대방역",
        "updnLine": 0,
        "directAt": 0,
        "data": [
          {
            "dow": "WED",
            "hh": "13",
            "mm": "00",
            "congestionCar": [
              25,
              29,
              41,
              45,
              46,
              41,
              37,
              32,
              28,
              27
            ]
          },
          {
            "dow": "WED",
            "hh": "13",
            "mm": "10",
            "congestionCar": [
              29,
              35,
              41,
              43,
              52,
              43,
              42,
              40,
              33,
              31
            ]
          },
          {
            "dow": "WED",
            "hh": "13",
            "mm": "20",
            "congestionCar": [
              30,
              32,
              47,
              48,
              47,
              44,
              43,
              44,
              34,
              39
            ]
          },
          {
            "dow": "WED",
            "hh": "13",
            "mm": "30",
            "congestionCar": [
              26,
              29,
              46,
              44,
              56,
              45,
              38,
              35,
              30,
              31
            ]
          },
          {
            "dow": "WED",
            "hh": "13",
            "mm": "40",
            "congestionCar": [
              25,
              30,
              40,
              41,
              49,
              38,
              37,
              34,
              30,
              27
            ]
          },
          {
            "dow": "WED",
            "hh": "13",
            "mm": "50",
            "congestionCar": [
              20,
              20,
              30,
              32,
              33,
              27,
              27,
              24,
              23,
              25
            ]
          }
        ]
      },
      {
        "startStationCode": "211",
        "startStationName": "성수역",
        "endStationCode": "202",
        "endStationName": "을지로입구역",
        "prevStationCode": "229",
        "prevStationName": "봉천역",
        "updnLine": 1,
        "directAt": 0,
        "data": [
          {
            "dow": "WED",
            "hh": "13",
            "mm": "00",
            "congestionCar": [
              31,
              30,
              43,
              52,
              40,
              38,
              46,
              33,
              23,
              22
            ]
          },
          {
            "dow": "WED",
            "hh": "13",
            "mm": "10",
            "congestionCar": [
              33,
              36,
              46,
              54,
              44,
              46,
              49,
              44,
              30,
              27
            ]
          },
          {
            "dow": "WED",
            "hh": "13",
            "mm": "20",
            "congestionCar": [
              34,
              41,
              50,
              51,
              50,
              47,
              54,
              40,
              35,
              27
            ]
          },
          {
            "dow": "WED",
            "hh": "13",
            "mm": "30",
            "congestionCar": [
              30,
              31,
              36,
              42,
              36,
              38,
              44,
              34,
              28,
              19
            ]
          },
          {
            "dow": "WED",
            "hh": "13",
            "mm": "40",
            "congestionCar": [
              25,
              35,
              35,
              44,
              37,
              46,
              40,
              35,
              24,
              19
            ]
          },
          {
            "dow": "WED",
            "hh": "13",
            "mm": "50",
            "congestionCar": [
              27,
              31,
              34,
              45,
              36,
              38,
              44,
              35,
              30,
              20
            ]
          }
        ]
      },
      {
        "startStationCode": "211",
        "startStationName": "성수역",
        "endStationCode": "211",
        "endStationName": "성수역",
        "prevStationCode": "231",
        "prevStationName": "신대방역",
        "updnLine": 0,
        "directAt": 0,
        "data": [
          {
            "dow": "WED",
            "hh": "13",
            "mm": "00",
            "congestionCar": [
              25,
              29,
              41,
              45,
              46,
              41,
              37,
              32,
              28,
              27
            ]
          },
          {
            "dow": "WED",
            "hh": "13",
            "mm": "10",
            "congestionCar": [
              29,
              35,
              41,
              43,
              52,
              43,
              42,
              40,
              33,
              31
            ]
          },
          {
            "dow": "WED",
            "hh": "13",
            "mm": "20",
            "congestionCar": [
              30,
              32,
              47,
              48,
              47,
              44,
              43,
              44,
              34,
              39
            ]
          },
          {
            "dow": "WED",
            "hh": "13",
            "mm": "30",
            "congestionCar": [
              26,
              29,
              46,
              44,
              56,
              45,
              38,
              35,
              30,
              31
            ]
          },
          {
            "dow": "WED",
            "hh": "13",
            "mm": "40",
            "congestionCar": [
              25,
              30,
              40,
              41,
              49,
              38,
              37,
              34,
              30,
              27
            ]
          },
          {
            "dow": "WED",
            "hh": "13",
            "mm": "50",
            "congestionCar": [
              20,
              20,
              30,
              32,
              33,
              27,
              27,
              24,
              23,
              25
            ]
          }
        ]
      },
      {
        "startStationCode": "211",
        "startStationName": "성수역",
        "endStationCode": "211",
        "endStationName": "성수역",
        "prevStationCode": "229",
        "prevStationName": "봉천역",
        "updnLine": 1,
        "directAt": 0,
        "data": [
          {
            "dow": "WED",
            "hh": "13",
            "mm": "00",
            "congestionCar": [
              31,
              30,
              43,
              52,
              40,
              38,
              46,
              33,
              23,
              22
            ]
          },
          {
            "dow": "WED",
            "hh": "13",
            "mm": "10",
            "congestionCar": [
              33,
              36,
              46,
              54,
              44,
              46,
              49,
              44,
              30,
              27
            ]
          },
          {
            "dow": "WED",
            "hh": "13",
            "mm": "20",
            "congestionCar": [
              34,
              41,
              50,
              51,
              50,
              47,
              54,
              40,
              35,
              27
            ]
          },
          {
            "dow": "WED",
            "hh": "13",
            "mm": "30",
            "congestionCar": [
              30,
              31,
              36,
              42,
              36,
              38,
              44,
              34,
              28,
              19
            ]
          },
          {
            "dow": "WED",
            "hh": "13",
            "mm": "40",
            "congestionCar": [
              25,
              35,
              35,
              44,
              37,
              46,
              40,
              35,
              24,
              19
            ]
          },
          {
            "dow": "WED",
            "hh": "13",
            "mm": "50",
            "congestionCar": [
              27,
              31,
              34,
              45,
              36,
              38,
              44,
              35,
              30,
              20
            ]
          }
        ]
      },
      {
        "startStationCode": "211",
        "startStationName": "성수역",
        "endStationCode": "211-R",
        "endStationName": "성수역",
        "prevStationCode": "231",
        "prevStationName": "신대방역",
        "updnLine": 0,
        "directAt": 0,
        "data": [
          {
            "dow": "WED",
            "hh": "13",
            "mm": "00",
            "congestionCar": [
              25,
              29,
              43,
              46,
              47,
              43,
              38,
              33,
              29,
              28
            ]
          },
          {
            "dow": "WED",
            "hh": "13",
            "mm": "10",
            "congestionCar": [
              30,
              37,
              43,
              46,
              55,
              45,
              44,
              42,
              35,
              33
            ]
          },
          {
            "dow": "WED",
            "hh": "13",
            "mm": "20",
            "congestionCar": [
              32,
              34,
              50,
              51,
              50,
              46,
              45,
              46,
              36,
              41
            ]
          },
          {
            "dow": "WED",
            "hh": "13",
            "mm": "30",
            "congestionCar": [
              26,
              29,
              46,
              44,
              56,
              45,
              38,
              35,
              30,
              31
            ]
          },
          {
            "dow": "WED",
            "hh": "13",
            "mm": "40",
            "congestionCar": [
              25,
              30,
              40,
              41,
              49,
              38,
              37,
              34,
              30,
              27
            ]
          },
          {
            "dow": "WED",
            "hh": "13",
            "mm": "50",
            "congestionCar": [
              20,
              20,
              30,
              32,
              33,
              27,
              27,
              24,
              23,
              25
            ]
          }
        ]
      },
      {
        "startStationCode": "211",
        "startStationName": "성수역",
        "endStationCode": "211-R",
        "endStationName": "성수역",
        "prevStationCode": "229",
        "prevStationName": "봉천역",
        "updnLine": 1,
        "directAt": 0,
        "data": [
          {
            "dow": "WED",
            "hh": "13",
            "mm": "00",
            "congestionCar": [
              31,
              30,
              43,
              52,
              40,
              38,
              46,
              33,
              23,
              22
            ]
          },
          {
            "dow": "WED",
            "hh": "13",
            "mm": "10",
            "congestionCar": [
              33,
              36,
              46,
              54,
              44,
              46,
              49,
              44,
              30,
              27
            ]
          },
          {
            "dow": "WED",
            "hh": "13",
            "mm": "20",
            "congestionCar": [
              34,
              41,
              50,
              51,
              50,
              47,
              54,
              40,
              35,
              27
            ]
          },
          {
            "dow": "WED",
            "hh": "13",
            "mm": "30",
            "congestionCar": [
              32,
              33,
              39,
              45,
              38,
              40,
              47,
              36,
              29,
              21
            ]
          },
          {
            "dow": "WED",
            "hh": "13",
            "mm": "40",
            "congestionCar": [
              27,
              37,
              37,
              46,
              39,
              48,
              43,
              37,
              26,
              21
            ]
          },
          {
            "dow": "WED",
            "hh": "13",
            "mm": "50",
            "congestionCar": [
              28,
              33,
              36,
              47,
              38,
              40,
              46,
              37,
              32,
              21
            ]
          }
        ]
      },
      {
        "startStationCode": "211",
        "startStationName": "성수역",
        "endStationCode": "219",
        "endStationName": "삼성역",
        "prevStationCode": "231",
        "prevStationName": "신대방역",
        "updnLine": 0,
        "directAt": 0,
        "data": [
          {
            "dow": "WED",
            "hh": "13",
            "mm": "00",
            "congestionCar": [
              25,
              29,
              41,
              45,
              46,
              41,
              37,
              32,
              28,
              27
            ]
          },
          {
            "dow": "WED",
            "hh": "13",
            "mm": "10",
            "congestionCar": [
              29,
              35,
              41,
              43,
              52,
              43,
              42,
              40,
              33,
              31
            ]
          },
          {
            "dow": "WED",
            "hh": "13",
            "mm": "20",
            "congestionCar": [
              30,
              32,
              47,
              48,
              47,
              44,
              43,
              44,
              34,
              39
            ]
          },
          {
            "dow": "WED",
            "hh": "13",
            "mm": "30",
            "congestionCar": [
              26,
              29,
              46,
              44,
              56,
              45,
              38,
              35,
              30,
              31
            ]
          },
          {
            "dow": "WED",
            "hh": "13",
            "mm": "40",
            "congestionCar": [
              25,
              30,
              40,
              41,
              49,
              38,
              37,
              34,
              30,
              27
            ]
          },
          {
            "dow": "WED",
            "hh": "13",
            "mm": "50",
            "congestionCar": [
              20,
              20,
              30,
              32,
              33,
              27,
              27,
              24,
              23,
              25
            ]
          }
        ]
      },
      {
        "startStationCode": "211",
        "startStationName": "성수역",
        "endStationCode": "228",
        "endStationName": "서울대입구역",
        "prevStationCode": "231",
        "prevStationName": "신대방역",
        "updnLine": 0,
        "directAt": 0,
        "data": [
          {
            "dow": "WED",
            "hh": "13",
            "mm": "00",
            "congestionCar": [
              25,
              29,
              41,
              45,
              46,
              41,
              37,
              32,
              28,
              27
            ]
          },
          {
            "dow": "WED",
            "hh": "13",
            "mm": "10",
            "congestionCar": [
              29,
              35,
              41,
              43,
              52,
              43,
              42,
              40,
              33,
              31
            ]
          },
          {
            "dow": "WED",
            "hh": "13",
            "mm": "20",
            "congestionCar": [
              30,
              32,
              47,
              48,
              47,
              44,
              43,
              44,
              34,
              39
            ]
          },
          {
            "dow": "WED",
            "hh": "13",
            "mm": "30",
            "congestionCar": [
              26,
              29,
              46,
              44,
              56,
              45,
              38,
              35,
              30,
              31
            ]
          },
          {
            "dow": "WED",
            "hh": "13",
            "mm": "40",
            "congestionCar": [
              25,
              30,
              40,
              41,
              49,
              38,
              37,
              34,
              30,
              27
            ]
          },
          {
            "dow": "WED",
            "hh": "13",
            "mm": "50",
            "congestionCar": [
              20,
              20,
              30,
              32,
              33,
              27,
              27,
              24,
              23,
              25
            ]
          }
        ]
      },
      {
        "startStationCode": "211",
        "startStationName": "성수역",
        "endStationCode": "234",
        "endStationName": "신도림역",
        "prevStationCode": "229",
        "prevStationName": "봉천역",
        "updnLine": 1,
        "directAt": 0,
        "data": [
          {
            "dow": "WED",
            "hh": "13",
            "mm": "00",
            "congestionCar": [
              31,
              30,
              43,
              52,
              40,
              38,
              46,
              33,
              23,
              22
            ]
          },
          {
            "dow": "WED",
            "hh": "13",
            "mm": "10",
            "congestionCar": [
              33,
              36,
              46,
              54,
              44,
              46,
              49,
              44,
              30,
              27
            ]
          },
          {
            "dow": "WED",
            "hh": "13",
            "mm": "20",
            "congestionCar": [
              34,
              41,
              50,
              51,
              50,
              47,
              54,
              40,
              35,
              27
            ]
          },
          {
            "dow": "WED",
            "hh": "13",
            "mm": "30",
            "congestionCar": [
              30,
              31,
              36,
              42,
              36,
              38,
              44,
              34,
              28,
              19
            ]
          },
          {
            "dow": "WED",
            "hh": "13",
            "mm": "40",
            "congestionCar": [
              25,
              35,
              35,
              44,
              37,
              46,
              40,
              35,
              24,
              19
            ]
          },
          {
            "dow": "WED",
            "hh": "13",
            "mm": "50",
            "congestionCar": [
              27,
              31,
              34,
              45,
              36,
              38,
              44,
              35,
              30,
              20
            ]
          }
        ]
      },
      {
        "startStationCode": "211",
        "startStationName": "성수역",
        "endStationCode": "239",
        "endStationName": "홍대입구역",
        "prevStationCode": "229",
        "prevStationName": "봉천역",
        "updnLine": 1,
        "directAt": 0,
        "data": [
          {
            "dow": "WED",
            "hh": "13",
            "mm": "00",
            "congestionCar": [
              31,
              30,
              43,
              52,
              40,
              38,
              46,
              33,
              23,
              22
            ]
          },
          {
            "dow": "WED",
            "hh": "13",
            "mm": "10",
            "congestionCar": [
              33,
              36,
              46,
              54,
              44,
              46,
              49,
              44,
              30,
              27
            ]
          },
          {
            "dow": "WED",
            "hh": "13",
            "mm": "20",
            "congestionCar": [
              34,
              41,
              50,
              51,
              50,
              47,
              54,
              40,
              35,
              27
            ]
          },
          {
            "dow": "WED",
            "hh": "13",
            "mm": "30",
            "congestionCar": [
              30,
              31,
              36,
              42,
              36,
              38,
              44,
              34,
              28,
              19
            ]
          },
          {
            "dow": "WED",
            "hh": "13",
            "mm": "40",
            "congestionCar": [
              25,
              35,
              35,
              44,
              37,
              46,
              40,
              35,
              24,
              19
            ]
          },
          {
            "dow": "WED",
            "hh": "13",
            "mm": "50",
            "congestionCar": [
              27,
              31,
              34,
              45,
              36,
              38,
              44,
              35,
              30,
              20
            ]
          }
        ]
      },
      {
        "startStationCode": "219",
        "startStationName": "삼성역",
        "endStationCode": "211-R",
        "endStationName": "성수역",
        "prevStationCode": "229",
        "prevStationName": "봉천역",
        "updnLine": 1,
        "directAt": 0,
        "data": [
          {
            "dow": "WED",
            "hh": "13",
            "mm": "00",
            "congestionCar": [
              31,
              30,
              43,
              52,
              40,
              38,
              46,
              33,
              23,
              22
            ]
          },
          {
            "dow": "WED",
            "hh": "13",
            "mm": "10",
            "congestionCar": [
              33,
              36,
              46,
              54,
              44,
              46,
              49,
              44,
              30,
              27
            ]
          },
          {
            "dow": "WED",
            "hh": "13",
            "mm": "20",
            "congestionCar": [
              34,
              41,
              50,
              51,
              50,
              47,
              54,
              40,
              35,
              27
            ]
          },
          {
            "dow": "WED",
            "hh": "13",
            "mm": "30",
            "congestionCar": [
              30,
              31,
              36,
              42,
              36,
              38,
              44,
              34,
              28,
              19
            ]
          },
          {
            "dow": "WED",
            "hh": "13",
            "mm": "40",
            "congestionCar": [
              25,
              35,
              35,
              44,
              37,
              46,
              40,
              35,
              24,
              19
            ]
          },
          {
            "dow": "WED",
            "hh": "13",
            "mm": "50",
            "congestionCar": [
              27,
              31,
              34,
              45,
              36,
              38,
              44,
              35,
              30,
              20
            ]
          }
        ]
      },
      {
        "startStationCode": "228",
        "startStationName": "서울대입구역",
        "endStationCode": "211",
        "endStationName": "성수역",
        "prevStationCode": "229",
        "prevStationName": "봉천역",
        "updnLine": 1,
        "directAt": 0,
        "data": [
          {
            "dow": "WED",
            "hh": "13",
            "mm": "00",
            "congestionCar": [
              31,
              30,
              43,
              52,
              40,
              38,
              46,
              33,
              23,
              22
            ]
          },
          {
            "dow": "WED",
            "hh": "13",
            "mm": "10",
            "congestionCar": [
              33,
              36,
              46,
              54,
              44,
              46,
              49,
              44,
              30,
              27
            ]
          },
          {
            "dow": "WED",
            "hh": "13",
            "mm": "20",
            "congestionCar": [
              34,
              41,
              50,
              51,
              50,
              47,
              54,
              40,
              35,
              27
            ]
          },
          {
            "dow": "WED",
            "hh": "13",
            "mm": "30",
            "congestionCar": [
              30,
              31,
              36,
              42,
              36,
              38,
              44,
              34,
              28,
              19
            ]
          },
          {
            "dow": "WED",
            "hh": "13",
            "mm": "40",
            "congestionCar": [
              25,
              35,
              35,
              44,
              37,
              46,
              40,
              35,
              24,
              19
            ]
          },
          {
            "dow": "WED",
            "hh": "13",
            "mm": "50",
            "congestionCar": [
              27,
              31,
              34,
              45,
              36,
              38,
              44,
              35,
              30,
              20
            ]
          }
        ]
      },
      {
        "startStationCode": "228",
        "startStationName": "서울대입구역",
        "endStationCode": "211-R",
        "endStationName": "성수역",
        "prevStationCode": "229",
        "prevStationName": "봉천역",
        "updnLine": 1,
        "directAt": 0,
        "data": [
          {
            "dow": "WED",
            "hh": "13",
            "mm": "00",
            "congestionCar": [
              31,
              30,
              43,
              52,
              40,
              38,
              46,
              33,
              23,
              22
            ]
          },
          {
            "dow": "WED",
            "hh": "13",
            "mm": "10",
            "congestionCar": [
              33,
              36,
              46,
              54,
              44,
              46,
              49,
              44,
              30,
              27
            ]
          },
          {
            "dow": "WED",
            "hh": "13",
            "mm": "20",
            "congestionCar": [
              34,
              41,
              50,
              51,
              50,
              47,
              54,
              40,
              35,
              27
            ]
          },
          {
            "dow": "WED",
            "hh": "13",
            "mm": "30",
            "congestionCar": [
              30,
              31,
              36,
              42,
              36,
              38,
              44,
              34,
              28,
              19
            ]
          },
          {
            "dow": "WED",
            "hh": "13",
            "mm": "40",
            "congestionCar": [
              25,
              35,
              35,
              44,
              37,
              46,
              40,
              35,
              24,
              19
            ]
          },
          {
            "dow": "WED",
            "hh": "13",
            "mm": "50",
            "congestionCar": [
              27,
              31,
              34,
              45,
              36,
              38,
              44,
              35,
              30,
              20
            ]
          }
        ]
      },
      {
        "startStationCode": "234",
        "startStationName": "신도림역",
        "endStationCode": "211",
        "endStationName": "성수역",
        "prevStationCode": "231",
        "prevStationName": "신대방역",
        "updnLine": 0,
        "directAt": 0,
        "data": [
          {
            "dow": "WED",
            "hh": "13",
            "mm": "00",
            "congestionCar": [
              25,
              29,
              41,
              45,
              46,
              41,
              37,
              32,
              28,
              27
            ]
          },
          {
            "dow": "WED",
            "hh": "13",
            "mm": "10",
            "congestionCar": [
              29,
              35,
              41,
              43,
              52,
              43,
              42,
              40,
              33,
              31
            ]
          },
          {
            "dow": "WED",
            "hh": "13",
            "mm": "20",
            "congestionCar": [
              30,
              32,
              47,
              48,
              47,
              44,
              43,
              44,
              34,
              39
            ]
          },
          {
            "dow": "WED",
            "hh": "13",
            "mm": "30",
            "congestionCar": [
              26,
              29,
              46,
              44,
              56,
              45,
              38,
              35,
              30,
              31
            ]
          },
          {
            "dow": "WED",
            "hh": "13",
            "mm": "40",
            "congestionCar": [
              25,
              30,
              40,
              41,
              49,
              38,
              37,
              34,
              30,
              27
            ]
          },
          {
            "dow": "WED",
            "hh": "13",
            "mm": "50",
            "congestionCar": [
              20,
              20,
              30,
              32,
              33,
              27,
              27,
              24,
              23,
              25
            ]
          }
        ]
      },
      {
        "startStationCode": "234",
        "startStationName": "신도림역",
        "endStationCode": "211-R",
        "endStationName": "성수역",
        "prevStationCode": "231",
        "prevStationName": "신대방역",
        "updnLine": 0,
        "directAt": 0,
        "data": [
          {
            "dow": "WED",
            "hh": "13",
            "mm": "00",
            "congestionCar": [
              20,
              24,
              34,
              37,
              38,
              34,
              30,
              27,
              23,
              22
            ]
          },
          {
            "dow": "WED",
            "hh": "13",
            "mm": "10",
            "congestionCar": [
              21,
              26,
              31,
              32,
              39,
              32,
              31,
              30,
              25,
              23
            ]
          },
          {
            "dow": "WED",
            "hh": "13",
            "mm": "20",
            "congestionCar": [
              21,
              23,
              33,
              34,
              33,
              31,
              30,
              31,
              24,
              28
            ]
          },
          {
            "dow": "WED",
            "hh": "13",
            "mm": "30",
            "congestionCar": [
              9,
              11,
              17,
              16,
              21,
              16,
              14,
              13,
              11,
              11
            ]
          },
          {
            "dow": "WED",
            "hh": "13",
            "mm": "40",
            "congestionCar": [
              25,
              30,
              40,
              41,
              49,
              38,
              37,
              34,
              30,
              27
            ]
          },
          {
            "dow": "WED",
            "hh": "13",
            "mm": "50",
            "congestionCar": [
              20,
              20,
              30,
              32,
              33,
              27,
              27,
              24,
              23,
              25
            ]
          }
        ]
      },
      {
        "startStationCode": "239",
        "startStationName": "홍대입구역",
        "endStationCode": "211",
        "endStationName": "성수역",
        "prevStationCode": "231",
        "prevStationName": "신대방역",
        "updnLine": 0,
        "directAt": 0,
        "data": [
          {
            "dow": "WED",
            "hh": "13",
            "mm": "00",
            "congestionCar": [
              25,
              29,
              41,
              45,
              46,
              41,
              37,
              32,
              28,
              27
            ]
          },
          {
            "dow": "WED",
            "hh": "13",
            "mm": "10",
            "congestionCar": [
              29,
              35,
              41,
              43,
              52,
              43,
              42,
              40,
              33,
              31
            ]
          },
          {
            "dow": "WED",
            "hh": "13",
            "mm": "20",
            "congestionCar": [
              30,
              32,
              47,
              48,
              47,
              44,
              43,
              44,
              34,
              39
            ]
          },
          {
            "dow": "WED",
            "hh": "13",
            "mm": "30",
            "congestionCar": [
              26,
              29,
              46,
              44,
              56,
              45,
              38,
              35,
              30,
              31
            ]
          },
          {
            "dow": "WED",
            "hh": "13",
            "mm": "40",
            "congestionCar": [
              25,
              30,
              40,
              41,
              49,
              38,
              37,
              34,
              30,
              27
            ]
          },
          {
            "dow": "WED",
            "hh": "13",
            "mm": "50",
            "congestionCar": [
              20,
              20,
              30,
              32,
              33,
              27,
              27,
              24,
              23,
              25
            ]
          }
        ]
      },
      {
        "startStationCode": "239",
        "startStationName": "홍대입구역",
        "endStationCode": "211-R",
        "endStationName": "성수역",
        "prevStationCode": "231",
        "prevStationName": "신대방역",
        "updnLine": 0,
        "directAt": 0,
        "data": [
          {
            "dow": "WED",
            "hh": "13",
            "mm": "00",
            "congestionCar": [
              25,
              29,
              41,
              45,
              46,
              41,
              37,
              32,
              28,
              27
            ]
          },
          {
            "dow": "WED",
            "hh": "13",
            "mm": "10",
            "congestionCar": [
              29,
              35,
              41,
              43,
              52,
              43,
              42,
              40,
              33,
              31
            ]
          },
          {
            "dow": "WED",
            "hh": "13",
            "mm": "20",
            "congestionCar": [
              30,
              32,
              47,
              48,
              47,
              44,
              43,
              44,
              34,
              39
            ]
          },
          {
            "dow": "WED",
            "hh": "13",
            "mm": "30",
            "congestionCar": [
              26,
              29,
              46,
              44,
              56,
              45,
              38,
              35,
              30,
              31
            ]
          },
          {
            "dow": "WED",
            "hh": "13",
            "mm": "40",
            "congestionCar": [
              25,
              30,
              40,
              41,
              49,
              38,
              37,
              34,
              30,
              27
            ]
          },
          {
            "dow": "WED",
            "hh": "13",
            "mm": "50",
            "congestionCar": [
              20,
              20,
              30,
              32,
              33,
              27,
              27,
              24,
              23,
              25
            ]
          }
        ]
      }
    ],
    "statStartDate": "20230924",
    "statEndDate": "20231223"
  }
}