{
  "status": {
    "code": "00",
    "message": "success",
    "totalCount": 1
  },
  "contents": {
    "subwayLine": "2호선",
    "stationName": "아현역",
    "stationCode": "242",
    "stat": [
      {
        "startStationCode": "202",
        "startStationName": "을지로입구역",
        "endStationCode": "211",
        "endStationName": "성수역",
        "prevStationCode": "243",
        "prevStationName": "충정로역",
        "updnLine": 0,
        "directAt": 0,
        "data": [
          {
            "dow": "MON",
            "hh": "13",
            "mm": "00",
            "congestionCar": [
              16,
              20,
              31,
              31,
              31,
              29,
              28,
              31,
              28,
              26
            ]
          },
          {
            "dow": "MON",
            "hh": "13",
            "mm": "10",
            "congestionCar": [
              16,
              22,
              29,
              30,
              28,
              27,
              22,
              27,
              20,
              19
            ]
          },
          {
            "dow": "MON",
            "hh": "13",
            "mm": "20",
            "congestionCar": [
              16,
              19,
              25,
              23,
              18,
              22,
              22,
              25,
              21,
              18
            ]
          },
          {
            "dow": "MON",
            "hh": "13",
            "mm": "30",
            "congestionCar": [
              19,
              22,
              28,
              35,
              24,
              28,
              23,
              27,
              24,
              21
            ]
          },
          {
            "dow": "MON",
            "hh": "13",
            "mm": "40",
            "congestionCar": [
              16,
              25,
              33,
              29,
              28,
              27,
              26,
              26,
              29,
              20
            ]
          },
          {
            "dow": "MON",
            "hh": "13",
            "mm": "50",
            "congestionCar": [
              16,
              22,
              27,
              27,
              27,
              26,
              23,
              23,
              23,
              18
            ]
          }
        ]
      },
      {
        "startStationCode": "202",
        "startStationName": "을지로입구역",
        "endStationCode": "211-R",
        "endStationName": "성수역",
        "prevStationCode": "243",
        "prevStationName": "충정로역",
        "updnLine": 0,
        "directAt": 0,
        "data": [
          {
            "dow": "MON",
            "hh": "13",
            "mm": "00",
            "congestionCar": [
              16,
              20,
              31,
              31,
              31,
              29,
              28,
              31,
              28,
              26
            ]
          },
          {
            "dow": "MON",
            "hh": "13",
            "mm": "10",
            "congestionCar": [
              16,
              22,
              29,
              30,
              28,
              27,
              22,
              27,
              20,
              19
            ]
          },
          {
            "dow": "MON",
            "hh": "13",
            "mm": "20",
            "congestionCar": [
              16,
              19,
              25,
              23,
              18,
              22,
              22,
              25,
              21,
              18
            ]
          },
          {
            "dow": "MON",
            "hh": "13",
            "mm": "30",
            "congestionCar": [
              19,
              22,
              28,
              35,
              24,
              28,
              23,
              27,
              24,
              21
            ]
          },
          {
            "dow": "MON",
            "hh": "13",
            "mm": "40",
            "congestionCar": [
              16,
              25,
              33,
              29,
              28,
              27,
              26,
              26,
              29,
              20
            ]
          },
          {
            "dow": "MON",
            "hh": "13",
            "mm": "50",
            "congestionCar": [
              16,
              22,
              27,
              27,
              27,
              26,
              23,
              23,
              23,
              18
            ]
          }
        ]
      },
      {
        "startStationCode": "211",
        "startStationName": "성수역",
        "endStationCode": "202",
        "endStationName": "을지로입구역",
        "prevStationCode": "241",
        "prevStationName": "이대역",
        "updnLine": 1,
        "directAt": 0,
        "data": [
          {
            "dow": "MON",
            "hh": "13",
            "mm": "00",
            "congestionCar": [
              41,
              29,
              26,
              29,
              32,
              33,
              25,
              28,
              24,
              24
            ]
          },
          {
            "dow": "MON",
            "hh": "13",
            "mm": "10",
            "congestionCar": [
              40,
              29,
              26,
              36,
              30,
              34,
              31,
              29,
              23,
              22
            ]
          },
          {
            "dow": "MON",
            "hh": "13",
            "mm": "20",
            "congestionCar": [
              34,
              34,
              30,
              36,
              33,
              35,
              32,
              32,
              29,
              25
            ]
          },
          {
            "dow": "MON",
            "hh": "13",
            "mm": "30",
            "congestionCar": [
              35,
              31,
              30,
              33,
              33,
              35,
              37,
              30,
              27,
              18
            ]
          },
          {
            "dow": "MON",
            "hh": "13",
            "mm": "40",
            "congestionCar": [
              35,
              28,
              26,
              31,
              29,
              35,
              27,
              27,
              20,
              23
            ]
          },
          {
            "dow": "MON",
            "hh": "13",
            "mm": "50",
            "congestionCar": [
              20,
              25,
              23,
              24,
              27,
              26,
              25,
              25,
              19,
              17
            ]
          }
        ]
      },
      {
        "startStationCode": "211",
        "startStationName": "성수역",
        "endStationCode": "211",
        "endStationName": "성수역",
        "prevStationCode": "243",
        "prevStationName": "충정로역",
        "updnLine": 0,
        "directAt": 0,
        "data": [
          {
            "dow": "MON",
            "hh": "13",
            "mm": "00",
            "congestionCar": [
              16,
              20,
              31,
              31,
              31,
              29,
              28,
              31,
              28,
              26
            ]
          },
          {
            "dow": "MON",
            "hh": "13",
            "mm": "10",
            "congestionCar": [
              16,
              22,
              29,
              30,
              28,
              27,
              22,
              27,
              20,
              19
            ]
          },
          {
            "dow": "MON",
            "hh": "13",
            "mm": "20",
            "congestionCar": [
              16,
              19,
              25,
              23,
              18,
              22,
              22,
              25,
              21,
              18
            ]
          },
          {
            "dow": "MON",
            "hh": "13",
            "mm": "30",
            "congestionCar": [
              19,
              22,
              28,
              35,
              24,
              28,
              23,
              27,
              24,
              21
            ]
          },
          {
            "dow": "MON",
            "hh": "13",
            "mm": "40",
            "congestionCar": [
              16,
              25,
              33,
              29,
              28,
              27,
              26,
              26,
              29,
              20
            ]
          },
          {
            "dow": "MON",
            "hh": "13",
            "mm": "50",
            "congestionCar": [
              16,
              22,
              27,
              27,
              27,
              26,
              23,
              23,
              23,
              18
            ]
          }
        ]
      },
      {
        "startStationCode": "211",
        "startStationName": "성수역",
        "endStationCode": "211",
        "endStationName": "성수역",
        "prevStationCode": "241",
        "prevStationName": "이대역",
        "updnLine": 1,
        "directAt": 0,
        "data": [
          {
            "dow": "MON",
            "hh": "13",
            "mm": "00",
            "congestionCar": [
              41,
              29,
              26,
              29,
              32,
              33,
              25,
              28,
              24,
              24
            ]
          },
          {
            "dow": "MON",
            "hh": "13",
            "mm": "10",
            "congestionCar": [
              40,
              29,
              26,
              36,
              30,
              34,
              31,
              29,
              23,
              22
            ]
          },
          {
            "dow": "MON",
            "hh": "13",
            "mm": "20",
            "congestionCar": [
              34,
              34,
              30,
              36,
              33,
              35,
              32,
              32,
              29,
              25
            ]
          },
          {
            "dow": "MON",
            "hh": "13",
            "mm": "30",
            "congestionCar": [
              35,
              31,
              30,
              33,
              33,
              35,
              37,
              30,
              27,
              18
            ]
          },
          {
            "dow": "MON",
            "hh": "13",
            "mm": "40",
            "congestionCar": [
              35,
              28,
              26,
              31,
              29,
              35,
              27,
              27,
              20,
              23
            ]
          },
          {
            "dow": "MON",
            "hh": "13",
            "mm": "50",
            "congestionCar": [
              20,
              25,
              23,
              24,
              27,
              26,
              25,
              25,
              19,
              17
            ]
          }
        ]
      },
      {
        "startStationCode": "211",
        "startStationName": "성수역",
        "endStationCode": "211-R",
        "endStationName": "성수역",
        "prevStationCode": "243",
        "prevStationName": "충정로역",
        "updnLine": 0,
        "directAt": 0,
        "data": [
          {
            "dow": "MON",
            "hh": "13",
            "mm": "00",
            "congestionCar": [
              18,
              21,
              34,
              33,
              33,
              31,
              30,
              33,
              30,
              27
            ]
          },
          {
            "dow": "MON",
            "hh": "13",
            "mm": "10",
            "congestionCar": [
              18,
              24,
              31,
              32,
              30,
              29,
              24,
              30,
              22,
              21
            ]
          },
          {
            "dow": "MON",
            "hh": "13",
            "mm": "20",
            "congestionCar": [
              18,
              21,
              28,
              25,
              20,
              24,
              24,
              28,
              23,
              19
            ]
          },
          {
            "dow": "MON",
            "hh": "13",
            "mm": "30",
            "congestionCar": [
              19,
              22,
              28,
              35,
              24,
              28,
              23,
              27,
              24,
              21
            ]
          },
          {
            "dow": "MON",
            "hh": "13",
            "mm": "40",
            "congestionCar": [
              18,
              27,
              36,
              32,
              30,
              29,
              28,
              28,
              31,
              22
            ]
          },
          {
            "dow": "MON",
            "hh": "13",
            "mm": "50",
            "congestionCar": [
              17,
              24,
              29,
              29,
              29,
              28,
              25,
              25,
              25,
              20
            ]
          }
        ]
      },
      {
        "startStationCode": "211",
        "startStationName": "성수역",
        "endStationCode": "211-R",
        "endStationName": "성수역",
        "prevStationCode": "241",
        "prevStationName": "이대역",
        "updnLine": 1,
        "directAt": 0,
        "data": [
          {
            "dow": "MON",
            "hh": "13",
            "mm": "00",
            "congestionCar": [
              45,
              32,
              29,
              32,
              35,
              36,
              28,
              31,
              27,
              26
            ]
          },
          {
            "dow": "MON",
            "hh": "13",
            "mm": "10",
            "congestionCar": [
              42,
              31,
              28,
              39,
              32,
              36,
              33,
              31,
              24,
              24
            ]
          },
          {
            "dow": "MON",
            "hh": "13",
            "mm": "20",
            "congestionCar": [
              37,
              37,
              33,
              40,
              36,
              38,
              35,
              35,
              32,
              27
            ]
          },
          {
            "dow": "MON",
            "hh": "13",
            "mm": "30",
            "congestionCar": [
              35,
              31,
              30,
              33,
              33,
              35,
              37,
              30,
              27,
              18
            ]
          },
          {
            "dow": "MON",
            "hh": "13",
            "mm": "40",
            "congestionCar": [
              39,
              32,
              29,
              35,
              33,
              40,
              31,
              31,
              23,
              26
            ]
          },
          {
            "dow": "MON",
            "hh": "13",
            "mm": "50",
            "congestionCar": [
              24,
              29,
              27,
              28,
              32,
              31,
              30,
              29,
              22,
              19
            ]
          }
        ]
      },
      {
        "startStationCode": "211",
        "startStationName": "성수역",
        "endStationCode": "219",
        "endStationName": "삼성역",
        "prevStationCode": "243",
        "prevStationName": "충정로역",
        "updnLine": 0,
        "directAt": 0,
        "data": [
          {
            "dow": "MON",
            "hh": "13",
            "mm": "00",
            "congestionCar": [
              16,
              20,
              31,
              31,
              31,
              29,
              28,
              31,
              28,
              26
            ]
          },
          {
            "dow": "MON",
            "hh": "13",
            "mm": "10",
            "congestionCar": [
              16,
              22,
              29,
              30,
              28,
              27,
              22,
              27,
              20,
              19
            ]
          },
          {
            "dow": "MON",
            "hh": "13",
            "mm": "20",
            "congestionCar": [
              16,
              19,
              25,
              23,
              18,
              22,
              22,
              25,
              21,
              18
            ]
          },
          {
            "dow": "MON",
            "hh": "13",
            "mm": "30",
            "congestionCar": [
              19,
              22,
              28,
              35,
              24,
              28,
              23,
              27,
              24,
              21
            ]
          },
          {
            "dow": "MON",
            "hh": "13",
            "mm": "40",
            "congestionCar": [
              16,
              25,
              33,
              29,
              28,
              27,
              26,
              26,
              29,
              20
            ]
          },
          {
            "dow": "MON",
            "hh": "13",
            "mm": "50",
            "congestionCar": [
              16,
              22,
              27,
              27,
              27,
              26,
              23,
              23,
              23,
              18
            ]
          }
        ]
      },
      {
        "startStationCode": "211",
        "startStationName": "성수역",
        "endStationCode": "228",
        "endStationName": "서울대입구역",
        "prevStationCode": "243",
        "prevStationName": "충정로역",
        "updnLine": 0,
        "directAt": 0,
        "data": [
          {
            "dow": "MON",
            "hh": "13",
            "mm": "00",
            "congestionCar": [
              16,
              20,
              31,
              31,
              31,
              29,
              28,
              31,
              28,
              26
            ]
          },
          {
            "dow": "MON",
            "hh": "13",
            "mm": "10",
            "congestionCar": [
              16,
              22,
              29,
              30,
              28,
              27,
              22,
              27,
              20,
              19
            ]
          },
          {
            "dow": "MON",
            "hh": "13",
            "mm": "20",
            "congestionCar": [
              16,
              19,
              25,
              23,
              18,
              22,
              22,
              25,
              21,
              18
            ]
          },
          {
            "dow": "MON",
            "hh": "13",
            "mm": "30",
            "congestionCar": [
              19,
              22,
              28,
              35,
              24,
              28,
              23,
              27,
              24,
              21
            ]
          },
          {
            "dow": "MON",
            "hh": "13",
            "mm": "40",
            "congestionCar": [
              16,
              25,
              33,
              29,
              28,
              27,
              26,
              26,
              29,
              20
            ]
          },
          {
            "dow": "MON",
            "hh": "13",
            "mm": "50",
            "congestionCar": [
              16,
              22,
              27,
              27,
              27,
              26,
              23,
              23,
              23,
              18
            ]
          }
        ]
      },
      {
        "startStationCode": "211",
        "startStationName": "성수역",
        "endStationCode": "234",
        "endStationName": "신도림역",
        "prevStationCode": "243",
        "prevStationName": "충정로역",
        "updnLine": 0,
        "directAt": 0,
        "data": [
          {
            "dow": "MON",
            "hh": "13",
            "mm": "00",
            "congestionCar": [
              16,
              20,
              31,
              31,
              31,
              29,
              28,
              31,
              28,
              26
            ]
          },
          {
            "dow": "MON",
            "hh": "13",
            "mm": "10",
            "congestionCar": [
              16,
              22,
              29,
              30,
              28,
              27,
              22,
              27,
              20,
              19
            ]
          },
          {
            "dow": "MON",
            "hh": "13",
            "mm": "20",
            "congestionCar": [
              16,
              19,
              25,
              23,
              18,
              22,
              22,
              25,
              21,
              18
            ]
          },
          {
            "dow": "MON",
            "hh": "13",
            "mm": "30",
            "congestionCar": [
              19,
              22,
              28,
              35,
              24,
              28,
              23,
              27,
              24,
              21
            ]
          },
          {
            "dow": "MON",
            "hh": "13",
            "mm": "40",
            "congestionCar": [
              16,
              25,
              33,
              29,
              28,
              27,
              26,
              26,
              29,
              20
            ]
          },
          {
            "dow": "MON",
            "hh": "13",
            "mm": "50",
            "congestionCar": [
              16,
              22,
              27,
              27,
              27,
              26,
              23,
              23,
              23,
              18
            ]
          }
        ]
      },
      {
        "startStationCode": "211",
        "startStationName": "성수역",
        "endStationCode": "239",
        "endStationName": "홍대입구역",
        "prevStationCode": "243",
        "prevStationName": "충정로역",
        "updnLine": 0,
        "directAt": 0,
        "data": [
          {
            "dow": "MON",
            "hh": "13",
            "mm": "00",
            "congestionCar": [
              16,
              20,
              31,
              31,
              31,
              29,
              28,
              31,
              28,
              26
            ]
          },
          {
            "dow": "MON",
            "hh": "13",
            "mm": "10",
            "congestionCar": [
              16,
              22,
              29,
              30,
              28,
              27,
              22,
              27,
              20,
              19
            ]
          },
          {
            "dow": "MON",
            "hh": "13",
            "mm": "20",
            "congestionCar": [
              16,
              19,
              25,
              23,
              18,
              22,
              22,
              25,
              21,
              18
            ]
          },
          {
            "dow": "MON",
            "hh": "13",
            "mm": "30",
            "congestionCar": [
              19,
              22,
              28,
              35,
              24,
              28,
              23,
              27,
              24,
              21
            ]
          },
          {
            "dow": "MON",
            "hh": "13",
            "mm": "40",
            "congestionCar": [
              16,
              25,
              33,
              29,
              28,
              27,
              26,
              26,
              29,
              20
            ]
          },
          {
            "dow": "MON",
            "hh": "13",
            "mm": "50",
            "congestionCar": [
              16,
              22,
              27,
              27,
              27,
              26,
              23,
              23,
              23,
              18
            ]
          }
        ]
      },
      {
        "startStationCode": "219",
        "startStationName": "삼성역",
        "endStationCode": "211-R",
        "endStationName": "성수역",
        "prevStationCode": "241",
        "prevStationName": "이대역",
        "updnLine": 1,
        "directAt": 0,
        "data": [
          {
            "dow": "MON",
            "hh": "13",
            "mm": "00",
            "congestionCar": [
              41,
              29,
              26,
              29,
              32,
              33,
              25,
              28,
              24,
              24
            ]
          },
          {
            "dow": "MON",
            "hh": "13",
            "mm": "10",
            "congestionCar": [
              40,
              29,
              26,
              36,
              30,
              34,
              31,
              29,
              23,
              22
            ]
          },
          {
            "dow": "MON",
            "hh": "13",
            "mm": "20",
            "congestionCar": [
              34,
              34,
              30,
              36,
              33,
              35,
              32,
              32,
              29,
              25
            ]
          },
          {
            "dow": "MON",
            "hh": "13",
            "mm": "30",
            "congestionCar": [
              35,
              31,
              30,
              33,
              33,
              35,
              37,
              30,
              27,
              18
            ]
          },
          {
            "dow": "MON",
            "hh": "13",
            "mm": "40",
            "congestionCar": [
              35,
              28,
              26,
              31,
              29,
              35,
              27,
              27,
              20,
              23
            ]
          },
          {
            "dow": "MON",
            "hh": "13",
            "mm": "50",
            "congestionCar": [
              20,
              25,
              23,
              24,
              27,
              26,
              25,
              25,
              19,
              17
            ]
          }
        ]
      },
      {
        "startStationCode": "228",
        "startStationName": "서울대입구역",
        "endStationCode": "211",
        "endStationName": "성수역",
        "prevStationCode": "241",
        "prevStationName": "이대역",
        "updnLine": 1,
        "directAt": 0,
        "data": [
          {
            "dow": "MON",
            "hh": "13",
            "mm": "00",
            "congestionCar": [
              41,
              29,
              26,
              29,
              32,
              33,
              25,
              28,
              24,
              24
            ]
          },
          {
            "dow": "MON",
            "hh": "13",
            "mm": "10",
            "congestionCar": [
              40,
              29,
              26,
              36,
              30,
              34,
              31,
              29,
              23,
              22
            ]
          },
          {
            "dow": "MON",
            "hh": "13",
            "mm": "20",
            "congestionCar": [
              34,
              34,
              30,
              36,
              33,
              35,
              32,
              32,
              29,
              25
            ]
          },
          {
            "dow": "MON",
            "hh": "13",
            "mm": "30",
            "congestionCar": [
              35,
              31,
              30,
              33,
              33,
              35,
              37,
              30,
              27,
              18
            ]
          },
          {
            "dow": "MON",
            "hh": "13",
            "mm": "40",
            "congestionCar": [
              35,
              28,
              26,
              31,
              29,
              35,
              27,
              27,
              20,
              23
            ]
          },
          {
            "dow": "MON",
            "hh": "13",
            "mm": "50",
            "congestionCar": [
              20,
              25,
              23,
              24,
              27,
              26,
              25,
              25,
              19,
              17
            ]
          }
        ]
      },
      {
        "startStationCode": "228",
        "startStationName": "서울대입구역",
        "endStationCode": "211-R",
        "endStationName": "성수역",
        "prevStationCode": "241",
        "prevStationName": "이대역",
        "updnLine": 1,
        "directAt": 0,
        "data": [
          {
            "dow": "MON",
            "hh": "13",
            "mm": "00",
            "congestionCar": [
              41,
              29,
              26,
              29,
              32,
              33,
              25,
              28,
              24,
              24
            ]
          },
          {
            "dow": "MON",
            "hh": "13",
            "mm": "10",
            "congestionCar": [
              40,
              29,
              26,
              36,
              30,
              34,
              31,
              29,
              23,
              22
            ]
          },
          {
            "dow": "MON",
            "hh": "13",
            "mm": "20",
            "congestionCar": [
              34,
              34,
              30,
              36,
              33,
              35,
              32,
              32,
              29,
              25
            ]
          },
          {
            "dow": "MON",
            "hh": "13",
            "mm": "30",
            "congestionCar": [
              35,
              31,
              30,
              33,
              33,
              35,
              37,
              30,
              27,
              18
            ]
          },
          {
            "dow": "MON",
            "hh": "13",
            "mm": "40",
            "congestionCar": [
              35,
              28,
              26,
              31,
              29,
              35,
              27,
              27,
              20,
              23
            ]
          },
          {
            "dow": "MON",
            "hh": "13",
            "mm": "50",
            "congestionCar": [
              20,
              25,
              23,
              24,
              27,
              26,
              25,
              25,
              19,
              17
            ]
          }
        ]
      },
      {
        "startStationCode": "234",
        "startStationName": "신도림역",
        "endStationCode": "211",
        "endStationName": "성수역",
        "prevStationCode": "241",
        "prevStationName": "이대역",
        "updnLine": 1,
        "directAt": 0,
        "data": [
          {
            "dow": "MON",
            "hh": "13",
            "mm": "00",
            "congestionCar": [
              41,
              29,
              26,
              29,
              32,
              33,
              25,
              28,
              24,
              24
            ]
          },
          {
            "dow": "MON",
            "hh": "13",
            "mm": "10",
            "congestionCar": [
              40,
              29,
              26,
              36,
              30,
              34,
              31,
              29,
              23,
              22
            ]
          },
          {
            "dow": "MON",
            "hh": "13",
            "mm": "20",
            "congestionCar": [
              34,
              34,
              30,
              36,
              33,
              35,
              32,
              32,
              29,
              25
            ]
          },
          {
            "dow": "MON",
            "hh": "13",
            "mm": "30",
            "congestionCar": [
              35,
              31,
              30,
              33,
              33,
              35,
              37,
              30,
              27,
              18
            ]
          },
          {
            "dow": "MON",
            "hh": "13",
            "mm": "40",
            "congestionCar": [
              35,
              28,
              26,
              31,
              29,
              35,
              27,
              27,
              20,
              23
            ]
          },
          {
            "dow": "MON",
            "hh": "13",
            "mm": "50",
            "congestionCar": [
              20,
              25,
              23,
              24,
              27,
              26,
              25,
              25,
              19,
              17
            ]
          }
        ]
      },
      {
        "startStationCode": "234",
        "startStationName": "신도림역",
        "endStationCode": "211-R",
        "endStationName": "성수역",
        "prevStationCode": "241",
        "prevStationName": "이대역",
        "updnLine": 1,
        "directAt": 0,
        "data": [
          {
            "dow": "MON",
            "hh": "13",
            "mm": "00",
            "congestionCar": [
              41,
              29,
              26,
              29,
              32,
              33,
              25,
              28,
              24,
              24
            ]
          },
          {
            "dow": "MON",
            "hh": "13",
            "mm": "10",
            "congestionCar": [
              40,
              29,
              26,
              36,
              30,
              34,
              31,
              29,
              23,
              22
            ]
          },
          {
            "dow": "MON",
            "hh": "13",
            "mm": "20",
            "congestionCar": [
              34,
              34,
              30,
              36,
              33,
              35,
              32,
              32,
              29,
              25
            ]
          },
          {
            "dow": "MON",
            "hh": "13",
            "mm": "30",
            "congestionCar": [
              35,
              31,
              30,
              33,
              33,
              35,
              37,
              30,
              27,
              18
            ]
          },
          {
            "dow": "MON",
            "hh": "13",
            "mm": "40",
            "congestionCar": [
              35,
              28,
              26,
              31,
              29,
              35,
              27,
              27,
              20,
              23
            ]
          },
          {
            "dow": "MON",
            "hh": "13",
            "mm": "50",
            "congestionCar": [
              20,
              25,
              23,
              24,
              27,
              26,
              25,
              25,
              19,
              17
            ]
          }
        ]
      },
      {
        "startStationCode": "239",
        "startStationName": "홍대입구역",
        "endStationCode": "211",
        "endStationName": "성수역",
        "prevStationCode": "241",
        "prevStationName": "이대역",
        "updnLine": 1,
        "directAt": 0,
        "data": [
          {
            "dow": "MON",
            "hh": "13",
            "mm": "00",
            "congestionCar": [
              41,
              29,
              26,
              29,
              32,
              33,
              25,
              28,
              24,
              24
            ]
          },
          {
            "dow": "MON",
            "hh": "13",
            "mm": "10",
            "congestionCar": [
              40,
              29,
              26,
              36,
              30,
              34,
              31,
              29,
              23,
              22
            ]
          },
          {
            "dow": "MON",
            "hh": "13",
            "mm": "20",
            "congestionCar": [
              34,
              34,
              30,
              36,
              33,
              35,
              32,
              32,
              29,
              25
            ]
          },
          {
            "dow": "MON",
            "hh": "13",
            "mm": "30",
            "congestionCar": [
              35,
              31,
              30,
              33,
              33,
              35,
              37,
              30,
              27,
              18
            ]
          },
          {
            "dow": "MON",
            "hh": "13",
            "mm": "40",
            "congestionCar": [
              35,
              28,
              26,
              31,
              29,
              35,
              27,
              27,
              20,
              23
            ]
          },
          {
            "dow": "MON",
            "hh": "13",
            "mm": "50",
            "congestionCar": [
              20,
              25,
              23,
              24,
              27,
              26,
              25,
              25,
              19,
              17
            ]
          }
        ]
      },
      {
        "startStationCode": "239",
        "startStationName": "홍대입구역",
        "endStationCode": "211-R",
        "endStationName": "성수역",
        "prevStationCode": "241",
        "prevStationName": "이대역",
        "updnLine": 1,
        "directAt": 0,
        "data": [
          {
            "dow": "MON",
            "hh": "13",
            "mm": "00",
            "congestionCar": [
              41,
              29,
              26,
              29,
              32,
              33,
              25,
              28,
              24,
              24
            ]
          },
          {
            "dow": "MON",
            "hh": "13",
            "mm": "10",
            "congestionCar": [
              40,
              29,
              26,
              36,
              30,
              34,
              31,
              29,
              23,
              22
            ]
          },
          {
            "dow": "MON",
            "hh": "13",
            "mm": "20",
            "congestionCar": [
              34,
              34,
              30,
              36,
              33,
              35,
              32,
              32,
              29,
              25
            ]
          },
          {
            "dow": "MON",
            "hh": "13",
            "mm": "30",
            "congestionCar": [
              35,
              31,
              30,
              33,
              33,
              35,
              37,
              30,
              27,
              18
            ]
          },
          {
            "dow": "MON",
            "hh": "13",
            "mm": "40",
            "congestionCar": [
              35,
              28,
              26,
              31,
              29,
              35,
              27,
              27,
              20,
              23
            ]
          },
          {
            "dow": "MON",
            "hh": "13",
            "mm": "50",
            "congestionCar": [
              20,
              25,
              23,
              24,
              27,
              26,
              25,
              25,
              19,
              17
            ]
          }
        ]
      }
    ],
    "statStartDate": "20230924",
    "statEndDate": "20231223"
  }
}