{
  "status": {
    "code": "00",
    "message": "success",
    "totalCount": 1
  },
  "contents": {
    "subwayLine": "2호선",
    "stationName": "당산역",
    "stationCode": "237",
    "stat": [
      {
        "startStationCode": "202",
        "startStationName": "을지로입구역",
        "endStationCode": "211",
        "endStationName": "성수역",
        "prevStationCode": "238",
        "prevStationName": "합정역",
        "updnLine": 0,
        "directAt": 0,
        "data": [
          {
            "dow": "MON",
            "hh": "08",
            "mm": "00",
            "congestionCar": [
              63,
              73,
              76,
              75,
              67,
              77,
              68,
              54,
              57,
              50
            ]
          },
          {
            "dow": "MON",
            "hh": "08",
            "mm": "10",
            "congestionCar": [
              54,
              69,
              72,
              80,
              65,
              65,
              64,
              65,
              47,
              49
            ]
          },
          {
            "dow": "MON",
            "hh": "08",
            "mm": "20",
            "congestionCar": [
              58,
              80,
              63,
              77,
              53,
              50,
              69,
              57,
              47,
              35
            ]
          },
          {
            "dow": "MON",
            "hh": "08",
            "mm": "30",
            "congestionCar": [
              61,
              72,
              62,
              68,
              51,
              49,
              52,
              51,
              47,
              37
            ]
          },
          {
            "dow": "MON",
            "hh": "08",
            "mm": "40",
            "congestionCar": [
              35,
              43,
              49,
              40,
              37,
              33,
              37,
              42,
              38,
              26
            ]
          },
          {
            "dow": "MON",
            "hh": "08",
            "mm": "50",
            "congestionCar": [
              31,
              39,
              39,
              34,
              32,
              31,
              30,
              33,
              24,
              19
            ]
          }
        ]
      },
      {
        "startStationCode": "202",
        "startStationName": "을지로입구역",
        "endStationCode": "211-R",
        "endStationName": "성수역",
        "prevStationCode": "238",
        "prevStationName": "합정역",
        "updnLine": 0,
        "directAt": 0,
        "data": [
          {
            "dow": "MON",
            "hh": "08",
            "mm": "00",
            "congestionCar": [
              63,
              73,
              76,
              75,
              67,
              77,
              68,
              54,
              57,
              50
            ]
          },
          {
            "dow": "MON",
            "hh": "08",
            "mm": "10",
            "congestionCar": [
              54,
              69,
              72,
              80,
              65,
              65,
              64,
              65,
              47,
              49
            ]
          },
          {
            "dow": "MON",
            "hh": "08",
            "mm": "20",
            "congestionCar": [
              58,
              80,
              63,
              77,
              53,
              50,
              69,
              57,
              47,
              35
            ]
          },
          {
            "dow": "MON",
            "hh": "08",
            "mm": "30",
            "congestionCar": [
              61,
              72,
              62,
              68,
              51,
              49,
              52,
              51,
              47,
              37
            ]
          },
          {
            "dow": "MON",
            "hh": "08",
            "mm": "40",
            "congestionCar": [
              35,
              43,
              49,
              40,
              37,
              33,
              37,
              42,
              38,
              26
            ]
          },
          {
            "dow": "MON",
            "hh": "08",
            "mm": "50",
            "congestionCar": [
              31,
              39,
              39,
              34,
              32,
              31,
              30,
              33,
              24,
              19
            ]
          }
        ]
      },
      {
        "startStationCode": "211",
        "startStationName": "성수역",
        "endStationCode": "202",
        "endStationName": "을지로입구역",
        "prevStationCode": "236",
        "prevStationName": "영등포구청역",
        "updnLine": 1,
        "directAt": 0,
        "data": [
          {
            "dow": "MON",
            "hh": "08",
            "mm": "00",
            "congestionCar": [
              111,
              95,
              96,
              111,
              126,
              110,
              124,
              124,
              103,
              101
            ]
          },
          {
            "dow": "MON",
            "hh": "08",
            "mm": "10",
            "congestionCar": [
              110,
              110,
              119,
              136,
              145,
              136,
              143,
              157,
              122,
              123
            ]
          },
          {
            "dow": "MON",
            "hh": "08",
            "mm": "20",
            "congestionCar": [
              137,
              112,
              130,
              137,
              147,
              151,
              138,
              142,
              110,
              95
            ]
          },
          {
            "dow": "MON",
            "hh": "08",
            "mm": "30",
            "congestionCar": [
              121,
              131,
              120,
              108,
              124,
              129,
              125,
              122,
              110,
              99
            ]
          },
          {
            "dow": "MON",
            "hh": "08",
            "mm": "40",
            "congestionCar": [
              87,
              76,
              70,
              67,
              87,
              96,
              91,
              104,
              73,
              69
            ]
          },
          {
            "dow": "MON",
            "hh": "08",
            "mm": "50",
            "congestionCar": [
              60,
              67,
              62,
              60,
              74,
              79,
              78,
              78,
              62,
              51
            ]
          }
        ]
      },
      {
        "startStationCode": "211",
        "startStationName": "성수역",
        "endStationCode": "211",
        "endStationName": "성수역",
        "prevStationCode": "238",
        "prevStationName": "합정역",
        "updnLine": 0,
        "directAt": 0,
        "data": [
          {
            "dow": "MON",
            "hh": "08",
            "mm": "00",
            "congestionCar": [
              65,
              75,
              78,
              77,
              69,
              79,
              70,
              56,
              59,
              52
            ]
          },
          {
            "dow": "MON",
            "hh": "08",
            "mm": "10",
            "congestionCar": [
              61,
              78,
              82,
              92,
              75,
              75,
              73,
              75,
              53,
              56
            ]
          },
          {
            "dow": "MON",
            "hh": "08",
            "mm": "20",
            "congestionCar": [
              54,
              73,
              57,
              70,
              48,
              46,
              63,
              52,
              43,
              32
            ]
          },
          {
            "dow": "MON",
            "hh": "08",
            "mm": "30",
            "congestionCar": [
              48,
              56,
              48,
              53,
              40,
              38,
              40,
              40,
              37,
              29
            ]
          },
          {
            "dow": "MON",
            "hh": "08",
            "mm": "40",
            "congestionCar": [
              40,
              50,
              56,
              46,
              43,
              39,
              43,
              48,
              44,
              30
            ]
          },
          {
            "dow": "MON",
            "hh": "08",
            "mm": "50",
            "congestionCar": [
              28,
              35,
              35,
              31,
              29,
              28,
              27,
              30,
              21,
              17
            ]
          }
        ]
      },
      {
        "startStationCode": "211",
        "startStationName": "성수역",
        "endStationCode": "211",
        "endStationName": "성수역",
        "prevStationCode": "236",
        "prevStationName": "영등포구청역",
        "updnLine": 1,
        "directAt": 0,
        "data": [
          {
            "dow": "MON",
            "hh": "08",
            "mm": "00",
            "congestionCar": [
              111,
              95,
              96,
              111,
              126,
              110,
              124,
              124,
              103,
              101
            ]
          },
          {
            "dow": "MON",
            "hh": "08",
            "mm": "10",
            "congestionCar": [
              110,
              110,
              119,
              136,
              145,
              136,
              143,
              157,
              122,
              123
            ]
          },
          {
            "dow": "MON",
            "hh": "08",
            "mm": "20",
            "congestionCar": [
              137,
              112,
              130,
              137,
              147,
              151,
              138,
              142,
              110,
              95
            ]
          },
          {
            "dow": "MON",
            "hh": "08",
            "mm": "30",
            "congestionCar": [
              46,
              49,
              45,
              41,
              47,
              49,
              47,
              46,
              42,
              38
            ]
          },
          {
            "dow": "MON",
            "hh": "08",
            "mm": "40",
            "congestionCar": [
              94,
              82,
              76,
              73,
              95,
              104,
              98,
              113,
              79,
              75
            ]
          },
          {
            "dow": "MON",
            "hh": "08",
            "mm": "50",
            "congestionCar": [
              60,
              67,
              62,
              60,
              74,
              79,
              78,
              78,
              62,
              51
            ]
          }
        ]
      },
      {
        "startStationCode": "211",
        "startStationName": "성수역",
        "endStationCode": "211-R",
        "endStationName": "성수역",
        "prevStationCode": "238",
        "prevStationName": "합정역",
        "updnLine": 0,
        "directAt": 0,
        "data": [
          {
            "dow": "MON",
            "hh": "08",
            "mm": "00",
            "congestionCar": [
              62,
              72,
              75,
              74,
              66,
              76,
              67,
              54,
              56,
              50
            ]
          },
          {
            "dow": "MON",
            "hh": "08",
            "mm": "10",
            "congestionCar": [
              53,
              67,
              71,
              79,
              64,
              64,
              63,
              64,
              46,
              48
            ]
          },
          {
            "dow": "MON",
            "hh": "08",
            "mm": "20",
            "congestionCar": [
              59,
              81,
              64,
              78,
              53,
              51,
              71,
              58,
              48,
              36
            ]
          },
          {
            "dow": "MON",
            "hh": "08",
            "mm": "30",
            "congestionCar": [
              64,
              75,
              64,
              70,
              53,
              50,
              53,
              53,
              49,
              38
            ]
          },
          {
            "dow": "MON",
            "hh": "08",
            "mm": "40",
            "congestionCar": [
              36,
              44,
              50,
              41,
              38,
              34,
              38,
              43,
              39,
              26
            ]
          },
          {
            "dow": "MON",
            "hh": "08",
            "mm": "50",
            "congestionCar": [
              35,
              44,
              44,
              38,
              36,
              35,
              33,
              37,
              27,
              21
            ]
          }
        ]
      },
      {
        "startStationCode": "211",
        "startStationName": "성수역",
        "endStationCode": "211-R",
        "endStationName": "성수역",
        "prevStationCode": "236",
        "prevStationName": "영등포구청역",
        "updnLine": 1,
        "directAt": 0,
        "data": [
          {
            "dow": "MON",
            "hh": "08",
            "mm": "00",
            "congestionCar": [
              111,
              95,
              96,
              111,
              126,
              110,
              124,
              124,
              103,
              101
            ]
          },
          {
            "dow": "MON",
            "hh": "08",
            "mm": "10",
            "congestionCar": [
              110,
              110,
              119,
              136,
              145,
              136,
              143,
              157,
              122,
              123
            ]
          },
          {
            "dow": "MON",
            "hh": "08",
            "mm": "20",
            "congestionCar": [
              144,
              117,
              136,
              144,
              154,
              158,
              145,
              148,
              115,
              99
            ]
          },
          {
            "dow": "MON",
            "hh": "08",
            "mm": "30",
            "congestionCar": [
              125,
              135,
              124,
              112,
              129,
              133,
              130,
              126,
              114,
              103
            ]
          },
          {
            "dow": "MON",
            "hh": "08",
            "mm": "40",
            "congestionCar": [
              87,
              76,
              70,
              67,
              87,
              96,
              91,
              104,
              73,
              69
            ]
          },
          {
            "dow": "MON",
            "hh": "08",
            "mm": "50",
            "congestionCar": [
              60,
              67,
              62,
              60,
              74,
              79,
              78,
              78,
              62,
              51
            ]
          }
        ]
      },
      {
        "startStationCode": "211",
        "startStationName": "성수역",
        "endStationCode": "219",
        "endStationName": "삼성역",
        "prevStationCode": "238",
        "prevStationName": "합정역",
        "updnLine": 0,
        "directAt": 0,
        "data": [
          {
            "dow": "MON",
            "hh": "08",
            "mm": "00",
            "congestionCar": [
              63,
              73,
              76,
              75,
              67,
              77,
              68,
              54,
              57,
              50
            ]
          },
          {
            "dow": "MON",
            "hh": "08",
            "mm": "10",
            "congestionCar": [
              54,
              69,
              72,
              80,
              65,
              65,
              64,
              65,
              47,
              49
            ]
          },
          {
            "dow": "MON",
            "hh": "08",
            "mm": "20",
            "congestionCar": [
              58,
              80,
              63,
              77,
              53,
              50,
              69,
              57,
              47,
              35
            ]
          },
          {
            "dow": "MON",
            "hh": "08",
            "mm": "30",
            "congestionCar": [
              61,
              72,
              62,
              68,
              51,
              49,
              52,
              51,
              47,
              37
            ]
          },
          {
            "dow": "MON",
            "hh": "08",
            "mm": "40",
            "congestionCar": [
              35,
              43,
              49,
              40,
              37,
              33,
              37,
              42,
              38,
              26
            ]
          },
          {
            "dow": "MON",
            "hh": "08",
            "mm": "50",
            "congestionCar": [
              31,
              39,
              39,
              34,
              32,
              31,
              30,
              33,
              24,
              19
            ]
          }
        ]
      },
      {
        "startStationCode": "211",
        "startStationName": "성수역",
        "endStationCode": "228",
        "endStationName": "서울대입구역",
        "prevStationCode": "238",
        "prevStationName": "합정역",
        "updnLine": 0,
        "directAt": 0,
        "data": [
          {
            "dow": "MON",
            "hh": "08",
            "mm": "00",
            "congestionCar": [
              63,
              73,
              76,
              75,
              67,
              77,
              68,
              54,
              57,
              50
            ]
          },
          {
            "dow": "MON",
            "hh": "08",
            "mm": "10",
            "congestionCar": [
              54,
              69,
              72,
              80,
              65,
              65,
              64,
              65,
              47,
              49
            ]
          },
          {
            "dow": "MON",
            "hh": "08",
            "mm": "20",
            "congestionCar": [
              58,
              80,
              63,
              77,
              53,
              50,
              69,
              57,
              47,
              35
            ]
          },
          {
            "dow": "MON",
            "hh": "08",
            "mm": "30",
            "congestionCar": [
              61,
              72,
              62,
              68,
              51,
              49,
              52,
              51,
              47,
              37
            ]
          },
          {
            "dow": "MON",
            "hh": "08",
            "mm": "40",
            "congestionCar": [
              35,
              43,
              49,
              40,
              37,
              33,
              37,
              42,
              38,
              26
            ]
          },
          {
            "dow": "MON",
            "hh": "08",
            "mm": "50",
            "congestionCar": [
              31,
              39,
              39,
              34,
              32,
              31,
              30,
              33,
              24,
              19
            ]
          }
        ]
      },
      {
        "startStationCode": "211",
        "startStationName": "성수역",
        "endStationCode": "234",
        "endStationName": "신도림역",
        "prevStationCode": "238",
        "prevStationName": "합정역",
        "updnLine": 0,
        "directAt": 0,
        "data": [
          {
            "dow": "MON",
            "hh": "08",
            "mm": "00",
            "congestionCar": [
              63,
              73,
              76,
              75,
              67,
              77,
              68,
              54,
              57,
              50
            ]
          },
          {
            "dow": "MON",
            "hh": "08",
            "mm": "10",
            "congestionCar": [
              54,
              69,
              72,
              80,
              65,
              65,
              64,
              65,
              47,
              49
            ]
          },
          {
            "dow": "MON",
            "hh": "08",
            "mm": "20",
            "congestionCar": [
              58,
              80,
              63,
              77,
              53,
              50,
              69,
              57,
              47,
              35
            ]
          },
          {
            "dow": "MON",
            "hh": "08",
            "mm": "30",
            "congestionCar": [
              7,
              8,
              7,
              7,
              6,
              5,
              6,
              6,
              5,
              4
            ]
          },
          {
            "dow": "MON",
            "hh": "08",
            "mm": "40",
            "congestionCar": [
              12,
              15,
              17,
              14,
              13,
              11,
              13,
              14,
              13,
              9
            ]
          },
          {
            "dow": "MON",
            "hh": "08",
            "mm": "50",
            "congestionCar": [
              13,
              16,
              16,
              14,
              13,
              13,
              12,
              14,
              10,
              8
            ]
          }
        ]
      },
      {
        "startStationCode": "211",
        "startStationName": "성수역",
        "endStationCode": "239",
        "endStationName": "홍대입구역",
        "prevStationCode": "236",
        "prevStationName": "영등포구청역",
        "updnLine": 1,
        "directAt": 0,
        "data": [
          {
            "dow": "MON",
            "hh": "08",
            "mm": "00",
            "congestionCar": [
              111,
              95,
              96,
              111,
              126,
              110,
              124,
              124,
              103,
              101
            ]
          },
          {
            "dow": "MON",
            "hh": "08",
            "mm": "10",
            "congestionCar": [
              110,
              110,
              119,
              136,
              145,
              136,
              143,
              157,
              122,
              123
            ]
          },
          {
            "dow": "MON",
            "hh": "08",
            "mm": "20",
            "congestionCar": [
              137,
              112,
              130,
              137,
              147,
              151,
              138,
              142,
              110,
              95
            ]
          },
          {
            "dow": "MON",
            "hh": "08",
            "mm": "30",
            "congestionCar": [
              121,
              131,
              120,
              108,
              124,
              129,
              125,
              122,
              110,
              99
            ]
          },
          {
            "dow": "MON",
            "hh": "08",
            "mm": "40",
            "congestionCar": [
              87,
              76,
              70,
              67,
              87,
              96,
              91,
              104,
              73,
              69
            ]
          },
          {
            "dow": "MON",
            "hh": "08",
            "mm": "50",
            "congestionCar": [
              60,
              67,
              62,
              60,
              74,
              79,
              78,
              78,
              62,
              51
            ]
          }
        ]
      },
      {
        "startStationCode": "219",
        "startStationName": "삼성역",
        "endStationCode": "211-R",
        "endStationName": "성수역",
        "prevStationCode": "236",
        "prevStationName": "영등포구청역",
        "updnLine": 1,
        "directAt": 0,
        "data": [
          {
            "dow": "MON",
            "hh": "08",
            "mm": "00",
            "congestionCar": [
              111,
              95,
              96,
              111,
              126,
              110,
              124,
              124,
              103,
              101
            ]
          },
          {
            "dow": "MON",
            "hh": "08",
            "mm": "10",
            "congestionCar": [
              110,
              110,
              119,
              136,
              145,
              136,
              143,
              157,
              122,
              123
            ]
          },
          {
            "dow": "MON",
            "hh": "08",
            "mm": "20",
            "congestionCar": [
              137,
              112,
              130,
              137,
              147,
              151,
              138,
              142,
              110,
              95
            ]
          },
          {
            "dow": "MON",
            "hh": "08",
            "mm": "30",
            "congestionCar": [
              121,
              131,
              120,
              108,
              124,
              129,
              125,
              122,
              110,
              99
            ]
          },
          {
            "dow": "MON",
            "hh": "08",
            "mm": "40",
            "congestionCar": [
              87,
              76,
              70,
              67,
              87,
              96,
              91,
              104,
              73,
              69
            ]
          },
          {
            "dow": "MON",
            "hh": "08",
            "mm": "50",
            "congestionCar": [
              60,
              67,
              62,
              60,
              74,
              79,
              78,
              78,
              62,
              51
            ]
          }
        ]
      },
      {
        "startStationCode": "228",
        "startStationName": "서울대입구역",
        "endStationCode": "211",
        "endStationName": "성수역",
        "prevStationCode": "236",
        "prevStationName": "영등포구청역",
        "updnLine": 1,
        "directAt": 0,
        "data": [
          {
            "dow": "MON",
            "hh": "08",
            "mm": "00",
            "congestionCar": [
              111,
              95,
              96,
              111,
              126,
              110,
              124,
              124,
              103,
              101
            ]
          },
          {
            "dow": "MON",
            "hh": "08",
            "mm": "10",
            "congestionCar": [
              110,
              110,
              119,
              136,
              145,
              136,
              143,
              157,
              122,
              123
            ]
          },
          {
            "dow": "MON",
            "hh": "08",
            "mm": "20",
            "congestionCar": [
              137,
              112,
              130,
              137,
              147,
              151,
              138,
              142,
              110,
              95
            ]
          },
          {
            "dow": "MON",
            "hh": "08",
            "mm": "30",
            "congestionCar": [
              121,
              131,
              120,
              108,
              124,
              129,
              125,
              122,
              110,
              99
            ]
          },
          {
            "dow": "MON",
            "hh": "08",
            "mm": "40",
            "congestionCar": [
              87,
              76,
              70,
              67,
              87,
              96,
              91,
              104,
              73,
              69
            ]
          },
          {
            "dow": "MON",
            "hh": "08",
            "mm": "50",
            "congestionCar": [
              60,
              67,
              62,
              60,
              74,
              79,
              78,
              78,
              62,
              51
            ]
          }
        ]
      },
      {
        "startStationCode": "228",
        "startStationName": "서울대입구역",
        "endStationCode": "211-R",
        "endStationName": "성수역",
        "prevStationCode": "236",
        "prevStationName": "영등포구청역",
        "updnLine": 1,
        "directAt": 0,
        "data": [
          {
            "dow": "MON",
            "hh": "08",
            "mm": "00",
            "congestionCar": [
              111,
              95,
              96,
              111,
              126,
              110,
              124,
              124,
              103,
              101
            ]
          },
          {
            "dow": "MON",
            "hh": "08",
            "mm": "10",
            "congestionCar": [
              110,
              110,
              119,
              136,
              145,
              136,
              143,
              157,
              122,
              123
            ]
          },
          {
            "dow": "MON",
            "hh": "08",
            "mm": "20",
            "congestionCar": [
              137,
              112,
              130,
              137,
              147,
              151,
              138,
              142,
              110,
              95
            ]
          },
          {
            "dow": "MON",
            "hh": "08",
            "mm": "30",
            "congestionCar": [
              121,
              131,
              120,
              108,
              124,
              129,
              125,
              122,
              110,
              99
            ]
          },
          {
            "dow": "MON",
            "hh": "08",
            "mm": "40",
            "congestionCar": [
              87,
              76,
              70,
              67,
              87,
              96,
              91,
              104,
              73,
              69
            ]
          },
          {
            "dow": "MON",
            "hh": "08",
            "mm": "50",
            "congestionCar": [
              60,
              67,
              62,
              60,
              74,
              79,
              78,
              78,
              62,
              51
            ]
          }
        ]
      },
      {
        "startStationCode": "234",
        "startStationName": "신도림역",
        "endStationCode": "211",
        "endStationName": "성수역",
        "prevStationCode": "236",
        "prevStationName": "영등포구청역",
        "updnLine": 1,
        "directAt": 0,
        "data": [
          {
            "dow": "MON",
            "hh": "08",
            "mm": "00",
            "congestionCar": [
              111,
              95,
              96,
              111,
              126,
              110,
              124,
              124,
              103,
              101
            ]
          },
          {
            "dow": "MON",
            "hh": "08",
            "mm": "10",
            "congestionCar": [
              110,
              110,
              119,
              136,
              145,
              136,
              143,
              157,
              122,
              123
            ]
          },
          {
            "dow": "MON",
            "hh": "08",
            "mm": "20",
            "congestionCar": [
              137,
              112,
              130,
              137,
              147,
              151,
              138,
              142,
              110,
              95
            ]
          },
          {
            "dow": "MON",
            "hh": "08",
            "mm": "30",
            "congestionCar": [
              121,
              131,
              120,
              108,
              124,
              129,
              125,
              122,
              110,
              99
            ]
          },
          {
            "dow": "MON",
            "hh": "08",
            "mm": "40",
            "congestionCar": [
              87,
              76,
              70,
              67,
              87,
              96,
              91,
              104,
              73,
              69
            ]
          },
          {
            "dow": "MON",
            "hh": "08",
            "mm": "50",
            "congestionCar": [
              60,
              67,
              62,
              60,
              74,
              79,
              78,
              78,
              62,
              51
            ]
          }
        ]
      },
      {
        "startStationCode": "234",
        "startStationName": "신도림역",
        "endStationCode": "211-R",
        "endStationName": "성수역",
        "prevStationCode": "236",
        "prevStationName": "영등포구청역",
        "updnLine": 1,
        "directAt": 0,
        "data": [
          {
            "dow": "MON",
            "hh": "08",
            "mm": "00",
            "congestionCar": [
              25,
              21,
              22,
              25,
              29,
              25,
              28,
              28,
              23,
              23
            ]
          },
          {
            "dow": "MON",
            "hh": "08",
            "mm": "10",
            "congestionCar": [
              110,
              110,
              119,
              136,
              145,
              136,
              143,
              157,
              122,
              123
            ]
          },
          {
            "dow": "MON",
            "hh": "08",
            "mm": "20",
            "congestionCar": [
              137,
              112,
              130,
              137,
              147,
              151,
              138,
              142,
              110,
              95
            ]
          },
          {
            "dow": "MON",
            "hh": "08",
            "mm": "30",
            "congestionCar": [
              121,
              131,
              120,
              108,
              124,
              129,
              125,
              122,
              110,
              99
            ]
          },
          {
            "dow": "MON",
            "hh": "08",
            "mm": "40",
            "congestionCar": [
              87,
              76,
              70,
              67,
              87,
              96,
              91,
              104,
              73,
              69
            ]
          },
          {
            "dow": "MON",
            "hh": "08",
            "mm": "50",
            "congestionCar": [
              60,
              67,
              62,
              60,
              74,
              79,
              78,
              78,
              62,
              51
            ]
          }
        ]
      },
      {
        "startStationCode": "239",
        "startStationName": "홍대입구역",
        "endStationCode": "211",
        "endStationName": "성수역",
        "prevStationCode": "238",
        "prevStationName": "합정역",
        "updnLine": 0,
        "directAt": 0,
        "data": [
          {
            "dow": "MON",
            "hh": "08",
            "mm": "00",
            "congestionCar": [
              63,
              73,
              76,
              75,
              67,
              77,
              68,
              54,
              57,
              50
            ]
          },
          {
            "dow": "MON",
            "hh": "08",
            "mm": "10",
            "congestionCar": [
              54,
              69,
              72,
              80,
              65,
              65,
              64,
              65,
              47,
              49
            ]
          },
          {
            "dow": "MON",
            "hh": "08",
            "mm": "20",
            "congestionCar": [
              58,
              80,
              63,
              77,
              53,
              50,
              69,
              57,
              47,
              35
            ]
          },
          {
            "dow": "MON",
            "hh": "08",
            "mm": "30",
            "congestionCar": [
              61,
              72,
              62,
              68,
              51,
              49,
              52,
              51,
              47,
              37
            ]
          },
          {
            "dow": "MON",
            "hh": "08",
            "mm": "40",
            "congestionCar": [
              35,
              43,
              49,
              40,
              37,
              33,
              37,
              42,
              38,
              26
            ]
          },
          {
            "dow": "MON",
            "hh": "08",
            "mm": "50",
            "congestionCar": [
              31,
              39,
              39,
              34,
              32,
              31,
              30,
              33,
              24,
              19
            ]
          }
        ]
      },
      {
        "startStationCode": "239",
        "startStationName": "홍대입구역",
        "endStationCode": "211-R",
        "endStationName": "성수역",
        "prevStationCode": "238",
        "prevStationName": "합정역",
        "updnLine": 0,
        "directAt": 0,
        "data": [
          {
            "dow": "MON",
            "hh": "08",
            "mm": "00",
            "congestionCar": [
              63,
              73,
              76,
              75,
              67,
              77,
              68,
              54,
              57,
              50
            ]
          },
          {
            "dow": "MON",
            "hh": "08",
            "mm": "10",
            "congestionCar": [
              54,
              69,
              72,
              80,
              65,
              65,
              64,
              65,
              47,
              49
            ]
          },
          {
            "dow": "MON",
            "hh": "08",
            "mm": "20",
            "congestionCar": [
              58,
              80,
              63,
              77,
              53,
              50,
              69,
              57,
              47,
              35
            ]
          },
          {
            "dow": "MON",
            "hh": "08",
            "mm": "30",
            "congestionCar": [
              61,
              72,
              62,
              68,
              51,
              49,
              52,
              51,
              47,
              37
            ]
          },
          {
            "dow": "MON",
            "hh": "08",
            "mm": "40",
            "congestionCar": [
              35,
              43,
              49,
              40,
              37,
              33,
              37,
              42,
              38,
              26
            ]
          },
          {
            "dow": "MON",
            "hh": "08",
            "mm": "50",
            "congestionCar": [
              31,
              39,
              39,
              34,
              32,
              31,
              30,
              33,
              24,
              19
            ]
          }
        ]
      }
    ],
    "statStartDate": "20230924",
    "statEndDate": "20231223"
  }
}