{
  "status": {
    "code": "00",
    "message": "success",
    "totalCount": 1
  },
  "contents": {
    "subwayLine": "2호선",
    "stationName": "문래역",
    "stationCode": "235",
    "stat": [
      {
        "startStationCode": "202",
        "startStationName": "을지로입구역",
        "endStationCode": "211",
        "endStationName": "성수역",
        "prevStationCode": "236",
        "prevStationName": "영등포구청역",
        "updnLine": 0,
        "directAt": 0,
        "data": [
          {
            "dow": "WED",
            "hh": "13",
            "mm": "00",
            "congestionCar": [
              31,
              38,
              37,
              39,
              31,
              24,
              33,
              23,
              21,
              13
            ]
          },
          {
            "dow": "WED",
            "hh": "13",
            "mm": "10",
            "congestionCar": [
              37,
              40,
              51,
              55,
              39,
              33,
              37,
              27,
              22,
              19
            ]
          },
          {
            "dow": "WED",
            "hh": "13",
            "mm": "20",
            "congestionCar": [
              31,
              39,
              53,
              39,
              42,
              32,
              35,
              27,
              22,
              20
            ]
          },
          {
            "dow": "WED",
            "hh": "13",
            "mm": "30",
            "congestionCar": [
              29,
              42,
              44,
              40,
              36,
              29,
              38,
              28,
              19,
              15
            ]
          },
          {
            "dow": "WED",
            "hh": "13",
            "mm": "40",
            "congestionCar": [
              27,
              28,
              35,
              39,
              29,
              23,
              26,
              22,
              15,
              16
            ]
          },
          {
            "dow": "WED",
            "hh": "13",
            "mm": "50",
            "congestionCar": [
              25,
              26,
              34,
              36,
              30,
              25,
              29,
              22,
              19,
              14
            ]
          }
        ]
      },
      {
        "startStationCode": "202",
        "startStationName": "을지로입구역",
        "endStationCode": "211-R",
        "endStationName": "성수역",
        "prevStationCode": "236",
        "prevStationName": "영등포구청역",
        "updnLine": 0,
        "directAt": 0,
        "data": [
          {
            "dow": "WED",
            "hh": "13",
            "mm": "00",
            "congestionCar": [
              31,
              38,
              37,
              39,
              31,
              24,
              33,
              23,
              21,
              13
            ]
          },
          {
            "dow": "WED",
            "hh": "13",
            "mm": "10",
            "congestionCar": [
              37,
              40,
              51,
              55,
              39,
              33,
              37,
              27,
              22,
              19
            ]
          },
          {
            "dow": "WED",
            "hh": "13",
            "mm": "20",
            "congestionCar": [
              31,
              39,
              53,
              39,
              42,
              32,
              35,
              27,
              22,
              20
            ]
          },
          {
            "dow": "WED",
            "hh": "13",
            "mm": "30",
            "congestionCar": [
              29,
              42,
              44,
              40,
              36,
              29,
              38,
              28,
              19,
              15
            ]
          },
          {
            "dow": "WED",
            "hh": "13",
            "mm": "40",
            "congestionCar": [
              27,
              28,
              35,
              39,
              29,
              23,
              26,
              22,
              15,
              16
            ]
          },
          {
            "dow": "WED",
            "hh": "13",
            "mm": "50",
            "congestionCar": [
              25,
              26,
              34,
              36,
              30,
              25,
              29,
              22,
              19,
              14
            ]
          }
        ]
      },
      {
        "startStationCode": "211",
        "startStationName": "성수역",
        "endStationCode": "202",
        "endStationName": "을지로입구역",
        "prevStationCode": "234",
        "prevStationName": "신도림역",
        "updnLine": 1,
        "directAt": 0,
        "data": [
          {
            "dow": "WED",
            "hh": "13",
            "mm": "00",
            "congestionCar": [
              31,
              36,
              36,
              44,
              50,
              45,
              52,
              42,
              39,
              36
            ]
          },
          {
            "dow": "WED",
            "hh": "13",
            "mm": "10",
            "congestionCar": [
              35,
              38,
              41,
              50,
              51,
              48,
              58,
              48,
              44,
              36
            ]
          },
          {
            "dow": "WED",
            "hh": "13",
            "mm": "20",
            "congestionCar": [
              31,
              39,
              40,
              53,
              45,
              50,
              54,
              56,
              45,
              36
            ]
          },
          {
            "dow": "WED",
            "hh": "13",
            "mm": "30",
            "congestionCar": [
              35,
              40,
              41,
              53,
              52,
              47,
              62,
              51,
              48,
              40
            ]
          },
          {
            "dow": "WED",
            "hh": "13",
            "mm": "40",
            "congestionCar": [
              22,
              27,
              32,
              38,
              44,
              42,
              42,
              43,
              31,
              30
            ]
          },
          {
            "dow": "WED",
            "hh": "13",
            "mm": "50",
            "congestionCar": [
              25,
              28,
              41,
              40,
              37,
              43,
              42,
              43,
              33,
              28
            ]
          }
        ]
      },
      {
        "startStationCode": "211",
        "startStationName": "성수역",
        "endStationCode": "211",
        "endStationName": "성수역",
        "prevStationCode": "236",
        "prevStationName": "영등포구청역",
        "updnLine": 0,
        "directAt": 0,
        "data": [
          {
            "dow": "WED",
            "hh": "13",
            "mm": "00",
            "congestionCar": [
              31,
              38,
              37,
              39,
              31,
              24,
              33,
              23,
              21,
              13
            ]
          },
          {
            "dow": "WED",
            "hh": "13",
            "mm": "10",
            "congestionCar": [
              37,
              40,
              51,
              55,
              39,
              33,
              37,
              27,
              22,
              19
            ]
          },
          {
            "dow": "WED",
            "hh": "13",
            "mm": "20",
            "congestionCar": [
              31,
              39,
              53,
              39,
              42,
              32,
              35,
              27,
              22,
              20
            ]
          },
          {
            "dow": "WED",
            "hh": "13",
            "mm": "30",
            "congestionCar": [
              29,
              42,
              44,
              40,
              36,
              29,
              38,
              28,
              19,
              15
            ]
          },
          {
            "dow": "WED",
            "hh": "13",
            "mm": "40",
            "congestionCar": [
              27,
              28,
              35,
              39,
              29,
              23,
              26,
              22,
              15,
              16
            ]
          },
          {
            "dow": "WED",
            "hh": "13",
            "mm": "50",
            "congestionCar": [
              25,
              26,
              34,
              36,
              30,
              25,
              29,
              22,
              19,
              14
            ]
          }
        ]
      },
      {
        "startStationCode": "211",
        "startStationName": "성수역",
        "endStationCode": "211",
        "endStationName": "성수역",
        "prevStationCode": "234",
        "prevStationName": "신도림역",
        "updnLine": 1,
        "directAt": 0,
        "data": [
          {
            "dow": "WED",
            "hh": "13",
            "mm": "00",
            "congestionCar": [
              31,
              36,
              36,
              44,
              50,
              45,
              52,
              42,
              39,
              36
            ]
          },
          {
            "dow": "WED",
            "hh": "13",
            "mm": "10",
            "congestionCar": [
              35,
              38,
              41,
              50,
              51,
              48,
              58,
              48,
              44,
              36
            ]
          },
          {
            "dow": "WED",
            "hh": "13",
            "mm": "20",
            "congestionCar": [
              31,
              39,
              40,
              53,
              45,
              50,
              54,
              56,
              45,
              36
            ]
          },
          {
            "dow": "WED",
            "hh": "13",
            "mm": "30",
            "congestionCar": [
              35,
              40,
              41,
              53,
              52,
              47,
              62,
              51,
              48,
              40
            ]
          },
          {
            "dow": "WED",
            "hh": "13",
            "mm": "40",
            "congestionCar": [
              22,
              27,
              32,
              38,
              44,
              42,
              42,
              43,
              31,
              30
            ]
          },
          {
            "dow": "WED",
            "hh": "13",
            "mm": "50",
            "congestionCar": [
              25,
              28,
              41,
              40,
              37,
              43,
              42,
              43,
              33,
              28
            ]
          }
        ]
      },
      {
        "startStationCode": "211",
        "startStationName": "성수역",
        "endStationCode": "211-R",
        "endStationName": "성수역",
        "prevStationCode": "236",
        "prevStationName": "영등포구청역",
        "updnLine": 0,
        "directAt": 0,
        "data": [
          {
            "dow": "WED",
            "hh": "13",
            "mm": "00",
            "congestionCar": [
              33,
              41,
              40,
              42,
              34,
              25,
              35,
              24,
              22,
              14
            ]
          },
          {
            "dow": "WED",
            "hh": "13",
            "mm": "10",
            "congestionCar": [
              39,
              43,
              54,
              58,
              41,
              35,
              39,
              29,
              23,
              20
            ]
          },
          {
            "dow": "WED",
            "hh": "13",
            "mm": "20",
            "congestionCar": [
              31,
              39,
              53,
              39,
              42,
              32,
              35,
              27,
              22,
              20
            ]
          },
          {
            "dow": "WED",
            "hh": "13",
            "mm": "30",
            "congestionCar": [
              29,
              42,
              44,
              40,
              36,
              29,
              38,
              28,
              19,
              15
            ]
          },
          {
            "dow": "WED",
            "hh": "13",
            "mm": "40",
            "congestionCar": [
              27,
              28,
              35,
              39,
              29,
              23,
              26,
              22,
              15,
              16
            ]
          },
          {
            "dow": "WED",
            "hh": "13",
            "mm": "50",
            "congestionCar": [
              25,
              26,
              34,
              36,
              30,
              25,
              29,
              22,
              19,
              14
            ]
          }
        ]
      },
      {
        "startStationCode": "211",
        "startStationName": "성수역",
        "endStationCode": "211-R",
        "endStationName": "성수역",
        "prevStationCode": "234",
        "prevStationName": "신도림역",
        "updnLine": 1,
        "directAt": 0,
        "data": [
          {
            "dow": "WED",
            "hh": "13",
            "mm": "00",
            "congestionCar": [
              31,
              36,
              36,
              44,
              50,
              45,
              52,
              42,
              39,
              36
            ]
          },
          {
            "dow": "WED",
            "hh": "13",
            "mm": "10",
            "congestionCar": [
              35,
              38,
              41,
              50,
              51,
              48,
              58,
              48,
              44,
              36
            ]
          },
          {
            "dow": "WED",
            "hh": "13",
            "mm": "20",
            "congestionCar": [
              31,
              39,
              40,
              53,
              45,
              50,
              54,
              56,
              45,
              36
            ]
          },
          {
            "dow": "WED",
            "hh": "13",
            "mm": "30",
            "congestionCar": [
              35,
              40,
              41,
              53,
              52,
              47,
              62,
              51,
              48,
              40
            ]
          },
          {
            "dow": "WED",
            "hh": "13",
            "mm": "40",
            "congestionCar": [
              23,
              28,
              34,
              40,
              46,
              45,
              44,
              45,
              33,
              31
            ]
          },
          {
            "dow": "WED",
            "hh": "13",
            "mm": "50",
            "congestionCar": [
              26,
              29,
              43,
              43,
              39,
              46,
              45,
              45,
              34,
              29
            ]
          }
        ]
      },
      {
        "startStationCode": "211",
        "startStationName": "성수역",
        "endStationCode": "219",
        "endStationName": "삼성역",
        "prevStationCode": "236",
        "prevStationName": "영등포구청역",
        "updnLine": 0,
        "directAt": 0,
        "data": [
          {
            "dow": "WED",
            "hh": "13",
            "mm": "00",
            "congestionCar": [
              31,
              38,
              37,
              39,
              31,
              24,
              33,
              23,
              21,
              13
            ]
          },
          {
            "dow": "WED",
            "hh": "13",
            "mm": "10",
            "congestionCar": [
              37,
              40,
              51,
              55,
              39,
              33,
              37,
              27,
              22,
              19
            ]
          },
          {
            "dow": "WED",
            "hh": "13",
            "mm": "20",
            "congestionCar": [
              31,
              39,
              53,
              39,
              42,
              32,
              35,
              27,
              22,
              20
            ]
          },
          {
            "dow": "WED",
            "hh": "13",
            "mm": "30",
            "congestionCar": [
              29,
              42,
              44,
              40,
              36,
              29,
              38,
              28,
              19,
              15
            ]
          },
          {
            "dow": "WED",
            "hh": "13",
            "mm": "40",
            "congestionCar": [
              27,
              28,
              35,
              39,
              29,
              23,
              26,
              22,
              15,
              16
            ]
          },
          {
            "dow": "WED",
            "hh": "13",
            "mm": "50",
            "congestionCar": [
              25,
              26,
              34,
              36,
              30,
              25,
              29,
              22,
              19,
              14
            ]
          }
        ]
      },
      {
        "startStationCode": "211",
        "startStationName": "성수역",
        "endStationCode": "228",
        "endStationName": "서울대입구역",
        "prevStationCode": "236",
        "prevStationName": "영등포구청역",
        "updnLine": 0,
        "directAt": 0,
        "data": [
          {
            "dow": "WED",
            "hh": "13",
            "mm": "00",
            "congestionCar": [
              31,
              38,
              37,
              39,
              31,
              24,
              33,
              23,
              21,
              13
            ]
          },
          {
            "dow": "WED",
            "hh": "13",
            "mm": "10",
            "congestionCar": [
              37,
              40,
              51,
              55,
              39,
              33,
              37,
              27,
              22,
              19
            ]
          },
          {
            "dow": "WED",
            "hh": "13",
            "mm": "20",
            "congestionCar": [
              31,
              39,
              53,
              39,
              42,
              32,
              35,
              27,
              22,
              20
            ]
          },
          {
            "dow": "WED",
            "hh": "13",
            "mm": "30",
            "congestionCar": [
              29,
              42,
              44,
              40,
              36,
              29,
              38,
              28,
              19,
              15
            ]
          },
          {
            "dow": "WED",
            "hh": "13",
            "mm": "40",
            "congestionCar": [
              27,
              28,
              35,
              39,
              29,
              23,
              26,
              22,
              15,
              16
            ]
          },
          {
            "dow": "WED",
            "hh": "13",
            "mm": "50",
            "congestionCar": [
              25,
              26,
              34,
              36,
              30,
              25,
              29,
              22,
              19,
              14
            ]
          }
        ]
      },
      {
        "startStationCode": "211",
        "startStationName": "성수역",
        "endStationCode": "234",
        "endStationName": "신도림역",
        "prevStationCode": "236",
        "prevStationName": "영등포구청역",
        "updnLine": 0,
        "directAt": 0,
        "data": [
          {
            "dow": "WED",
            "hh": "13",
            "mm": "00",
            "congestionCar": [
              31,
              38,
              37,
              39,
              31,
              24,
              33,
              23,
              21,
              13
            ]
          },
          {
            "dow": "WED",
            "hh": "13",
            "mm": "10",
            "congestionCar": [
              37,
              40,
              51,
              55,
              39,
              33,
              37,
              27,
              22,
              19
            ]
          },
          {
            "dow": "WED",
            "hh": "13",
            "mm": "20",
            "congestionCar": [
              31,
              39,
              53,
              39,
              42,
              32,
              35,
              27,
              22,
              20
            ]
          },
          {
            "dow": "WED",
            "hh": "13",
            "mm": "30",
            "congestionCar": [
              29,
              42,
              44,
              40,
              36,
              29,
              38,
              28,
              19,
              15
            ]
          },
          {
            "dow": "WED",
            "hh": "13",
            "mm": "40",
            "congestionCar": [
              27,
              28,
              35,
              39,
              29,
              23,
              26,
              22,
              15,
              16
            ]
          },
          {
            "dow": "WED",
            "hh": "13",
            "mm": "50",
            "congestionCar": [
              25,
              26,
              34,
              36,
              30,
              25,
              29,
              22,
              19,
              14
            ]
          }
        ]
      },
      {
        "startStationCode": "211",
        "startStationName": "성수역",
        "endStationCode": "239",
        "endStationName": "홍대입구역",
        "prevStationCode": "234",
        "prevStationName": "신도림역",
        "updnLine": 1,
        "directAt": 0,
        "data": [
          {
            "dow": "WED",
            "hh": "13",
            "mm": "00",
            "congestionCar": [
              31,
              36,
              36,
              44,
              50,
              45,
              52,
              42,
              39,
              36
            ]
          },
          {
            "dow": "WED",
            "hh": "13",
            "mm": "10",
            "congestionCar": [
              35,
              38,
              41,
              50,
              51,
              48,
              58,
              48,
              44,
              36
            ]
          },
          {
            "dow": "WED",
            "hh": "13",
            "mm": "20",
            "congestionCar": [
              31,
              39,
              40,
              53,
              45,
              50,
              54,
              56,
              45,
              36
            ]
          },
          {
            "dow": "WED",
            "hh": "13",
            "mm": "30",
            "congestionCar": [
              35,
              40,
              41,
              53,
              52,
              47,
              62,
              51,
              48,
              40
            ]
          },
          {
            "dow": "WED",
            "hh": "13",
            "mm": "40",
            "congestionCar": [
              22,
              27,
              32,
              38,
              44,
              42,
              42,
              43,
              31,
              30
            ]
          },
          {
            "dow": "WED",
            "hh": "13",
            "mm": "50",
            "congestionCar": [
              25,
              28,
              41,
              40,
              37,
              43,
              42,
              43,
              33,
              28
            ]
          }
        ]
      },
      {
        "startStationCode": "219",
        "startStationName": "삼성역",
        "endStationCode": "211-R",
        "endStationName": "성수역",
        "prevStationCode": "234",
        "prevStationName": "신도림역",
        "updnLine": 1,
        "directAt": 0,
        "data": [
          {
            "dow": "WED",
            "hh": "13",
            "mm": "00",
            "congestionCar": [
              31,
              36,
              36,
              44,
              50,
              45,
              52,
              42,
              39,
              36
            ]
          },
          {
            "dow": "WED",
            "hh": "13",
            "mm": "10",
            "congestionCar": [
              35,
              38,
              41,
              50,
              51,
              48,
              58,
              48,
              44,
              36
            ]
          },
          {
            "dow": "WED",
            "hh": "13",
            "mm": "20",
            "congestionCar": [
              31,
              39,
              40,
              53,
              45,
              50,
              54,
              56,
              45,
              36
            ]
          },
          {
            "dow": "WED",
            "hh": "13",
            "mm": "30",
            "congestionCar": [
              35,
              40,
              41,
              53,
              52,
              47,
              62,
              51,
              48,
              40
            ]
          },
          {
            "dow": "WED",
            "hh": "13",
            "mm": "40",
            "congestionCar": [
              22,
              27,
              32,
              38,
              44,
              42,
              42,
              43,
              31,
              30
            ]
          },
          {
            "dow": "WED",
            "hh": "13",
            "mm": "50",
            "congestionCar": [
              25,
              28,
              41,
              40,
              37,
              43,
              42,
              43,
              33,
              28
            ]
          }
        ]
      },
      {
        "startStationCode": "228",
        "startStationName": "서울대입구역",
        "endStationCode": "211",
        "endStationName": "성수역",
        "prevStationCode": "234",
        "prevStationName": "신도림역",
        "updnLine": 1,
        "directAt": 0,
        "data": [
          {
            "dow": "WED",
            "hh": "13",
            "mm": "00",
            "congestionCar": [
              31,
              36,
              36,
              44,
              50,
              45,
              52,
              42,
              39,
              36
            ]
          },
          {
            "dow": "WED",
            "hh": "13",
            "mm": "10",
            "congestionCar": [
              35,
              38,
              41,
              50,
              51,
              48,
              58,
              48,
              44,
              36
            ]
          },
          {
            "dow": "WED",
            "hh": "13",
            "mm": "20",
            "congestionCar": [
              31,
              39,
              40,
              53,
              45,
              50,
              54,
              56,
              45,
              36
            ]
          },
          {
            "dow": "WED",
            "hh": "13",
            "mm": "30",
            "congestionCar": [
              35,
              40,
              41,
              53,
              52,
              47,
              62,
              51,
              48,
              40
            ]
          },
          {
            "dow": "WED",
            "hh": "13",
            "mm": "40",
            "congestionCar": [
              22,
              27,
              32,
              38,
              44,
              42,
              42,
              43,
              31,
              30
            ]
          },
          {
            "dow": "WED",
            "hh": "13",
            "mm": "50",
            "congestionCar": [
              25,
              28,
              41,
              40,
              37,
              43,
              42,
              43,
              33,
              28
            ]
          }
        ]
      },
      {
        "startStationCode": "228",
        "startStationName": "서울대입구역",
        "endStationCode": "211-R",
        "endStationName": "성수역",
        "prevStationCode": "234",
        "prevStationName": "신도림역",
        "updnLine": 1,
        "directAt": 0,
        "data": [
          {
            "dow": "WED",
            "hh": "13",
            "mm": "00",
            "congestionCar": [
              31,
              36,
              36,
              44,
              50,
              45,
              52,
              42,
              39,
              36
            ]
          },
          {
            "dow": "WED",
            "hh": "13",
            "mm": "10",
            "congestionCar": [
              35,
              38,
              41,
              50,
              51,
              48,
              58,
              48,
              44,
              36
            ]
          },
          {
            "dow": "WED",
            "hh": "13",
            "mm": "20",
            "congestionCar": [
              31,
              39,
              40,
              53,
              45,
              50,
              54,
              56,
              45,
              36
            ]
          },
          {
            "dow": "WED",
            "hh": "13",
            "mm": "30",
            "congestionCar": [
              35,
              40,
              41,
              53,
              52,
              47,
              62,
              51,
              48,
              40
            ]
          },
          {
            "dow": "WED",
            "hh": "13",
            "mm": "40",
            "congestionCar": [
              22,
              27,
              32,
              38,
              44,
              42,
              42,
              43,
              31,
              30
            ]
          },
          {
            "dow": "WED",
            "hh": "13",
            "mm": "50",
            "congestionCar": [
              25,
              28,
              41,
              40,
              37,
              43,
              42,
              43,
              33,
              28
            ]
          }
        ]
      },
      {
        "startStationCode": "234",
        "startStationName": "신도림역",
        "endStationCode": "211",
        "endStationName": "성수역",
        "prevStationCode": "234",
        "prevStationName": "신도림역",
        "updnLine": 1,
        "directAt": 0,
        "data": [
          {
            "dow": "WED",
            "hh": "13",
            "mm": "00",
            "congestionCar": [
              31,
              36,
              36,
              44,
              50,
              45,
              52,
              42,
              39,
              36
            ]
          },
          {
            "dow": "WED",
            "hh": "13",
            "mm": "10",
            "congestionCar": [
              35,
              38,
              41,
              50,
              51,
              48,
              58,
              48,
              44,
              36
            ]
          },
          {
            "dow": "WED",
            "hh": "13",
            "mm": "20",
            "congestionCar": [
              31,
              39,
              40,
              53,
              45,
              50,
              54,
              56,
              45,
              36
            ]
          },
          {
            "dow": "WED",
            "hh": "13",
            "mm": "30",
            "congestionCar": [
              35,
              40,
              41,
              53,
              52,
              47,
              62,
              51,
              48,
              40
            ]
          },
          {
            "dow": "WED",
            "hh": "13",
            "mm": "40",
            "congestionCar": [
              22,
              27,
              32,
              38,
              44,
              42,
              42,
              43,
              31,
              30
            ]
          },
          {
            "dow": "WED",
            "hh": "13",
            "mm": "50",
            "congestionCar": [
              25,
              28,
              41,
              40,
              37,
              43,
              42,
              43,
              33,
              28
            ]
          }
        ]
      },
      {
        "startStationCode": "234",
        "startStationName": "신도림역",
        "endStationCode": "211-R",
        "endStationName": "성수역",
        "prevStationCode": "234",
        "prevStationName": "신도림역",
        "updnLine": 1,
        "directAt": 0,
        "data": [
          {
            "dow": "WED",
            "hh": "13",
            "mm": "00",
            "congestionCar": [
              31,
              36,
              36,
              44,
              50,
              45,
              52,
              42,
              39,
              36
            ]
          },
          {
            "dow": "WED",
            "hh": "13",
            "mm": "10",
            "congestionCar": [
              35,
              38,
              41,
              50,
              51,
              48,
              58,
              48,
              44,
              36
            ]
          },
          {
            "dow": "WED",
            "hh": "13",
            "mm": "20",
            "congestionCar": [
              31,
              39,
              40,
              53,
              45,
              50,
              54,
              56,
              45,
              36
            ]
          },
          {
            "dow": "WED",
            "hh": "13",
            "mm": "30",
            "congestionCar": [
              35,
              40,
              41,
              53,
              52,
              47,
              62,
              51,
              48,
              40
            ]
          },
          {
            "dow": "WED",
            "hh": "13",
            "mm": "40",
            "congestionCar": [
              22,
              27,
              32,
              38,
              44,
              42,
              42,
              43,
              31,
              30
            ]
          },
          {
            "dow": "WED",
            "hh": "13",
            "mm": "50",
            "congestionCar": [
              25,
              28,
              41,
              40,
              37,
              43,
              42,
              43,
              33,
              28
            ]
          }
        ]
      },
      {
        "startStationCode": "239",
        "startStationName": "홍대입구역",
        "endStationCode": "211",
        "endStationName": "성수역",
        "prevStationCode": "236",
        "prevStationName": "영등포구청역",
        "updnLine": 0,
        "directAt": 0,
        "data": [
          {
            "dow": "WED",
            "hh": "13",
            "mm": "00",
            "congestionCar": [
              31,
              38,
              37,
              39,
              31,
              24,
              33,
              23,
              21,
              13
            ]
          },
          {
            "dow": "WED",
            "hh": "13",
            "mm": "10",
            "congestionCar": [
              37,
              40,
              51,
              55,
              39,
              33,
              37,
              27,
              22,
              19
            ]
          },
          {
            "dow": "WED",
            "hh": "13",
            "mm": "20",
            "congestionCar": [
              31,
              39,
              53,
              39,
              42,
              32,
              35,
              27,
              22,
              20
            ]
          },
          {
            "dow": "WED",
            "hh": "13",
            "mm": "30",
            "congestionCar": [
              29,
              42,
              44,
              40,
              36,
              29,
              38,
              28,
              19,
              15
            ]
          },
          {
            "dow": "WED",
            "hh": "13",
            "mm": "40",
            "congestionCar": [
              27,
              28,
              35,
              39,
              29,
              23,
              26,
              22,
              15,
              16
            ]
          },
          {
            "dow": "WED",
            "hh": "13",
            "mm": "50",
            "congestionCar": [
              25,
              26,
              34,
              36,
              30,
              25,
              29,
              22,
              19,
              14
            ]
          }
        ]
      },
      {
        "startStationCode": "239",
        "startStationName": "홍대입구역",
        "endStationCode": "211-R",
        "endStationName": "성수역",
        "prevStationCode": "236",
        "prevStationName": "영등포구청역",
        "updnLine": 0,
        "directAt": 0,
        "data": [
          {
            "dow": "WED",
            "hh": "13",
            "mm": "00",
            "congestionCar": [
              31,
              38,
              37,
              39,
              31,
              24,
              33,
              23,
              21,
              13
            ]
          },
          {
            "dow": "WED",
            "hh": "13",
            "mm": "10",
            "congestionCar": [
              37,
              40,
              51,
              55,
              39,
              33,
              37,
              27,
              22,
              19
            ]
          },
          {
            "dow": "WED",
            "hh": "13",
            "mm": "20",
            "congestionCar": [
              31,
              39,
              53,
              39,
              42,
              32,
              35,
              27,
              22,
              20
            ]
          },
          {
            "dow": "WED",
            "hh": "13",
            "mm": "30",
            "congestionCar": [
              29,
              42,
              44,
              40,
              36,
              29,
              38,
              28,
              19,
              15
            ]
          },
          {
            "dow": "WED",
            "hh": "13",
            "mm": "40",
            "congestionCar": [
              27,
              28,
              35,
              39,
              29,
              23,
              26,
              22,
              15,
              16
            ]
          },
          {
            "dow": "WED",
            "hh": "13",
            "mm": "50",
            "congestionCar": [
              25,
              26,
              34,
              36,
              30,
              25,
              29,
              22,
              19,
              14
            ]
          }
        ]
      }
    ],
    "statStartDate": "20230924",
    "statEndDate": "20231223"
  }
}