{
  "status": {
    "code": "00",
    "message": "success",
    "totalCount": 1
  },
  "contents": {
    "subwayLine": "2호선",
    "stationName": "신림역",
    "stationCode": "230",
    "stat": [
      {
        "startStationCode": "202",
        "startStationName": "을지로입구역",
        "endStationCode": "211",
        "endStationName": "성수역",
        "prevStationCode": "231",
        "prevStationName": "신대방역",
        "updnLine": 0,
        "directAt": 0,
        "data": [
          {
            "dow": "FRI",
            "hh": "13",
            "mm": "00",
            "congestionCar": [
              25,
              29,
              43,
              46,
              47,
              43,
              38,
              33,
              29,
              28
            ]
          },
          {
            "dow": "FRI",
            "hh": "13",
            "mm": "10",
            "congestionCar": [
              32,
              40,
              47,
              49,
              59,
              48,
              48,
              46,
              37,
              35
            ]
          },
          {
            "dow": "FRI",
            "hh": "13",
            "mm": "20",
            "congestionCar": [
              34,
              36,
              53,
              54,
              53,
              50,
              48,
              49,
              38,
              44
            ]
          },
          {
            "dow": "FRI",
            "hh": "13",
            "mm": "30",
            "congestionCar": [
              28,
              31,
              50,
              48,
              60,
              48,
              41,
              37,
              33,
              34
            ]
          },
          {
            "dow": "FRI",
            "hh": "13",
            "mm": "40",
            "congestionCar": [
              26,
              32,
              43,
              43,
              52,
              40,
              39,
              36,
              31,
              28
            ]
          },
          {
            "dow": "FRI",
            "hh": "13",
            "mm": "50",
            "congestionCar": [
              27,
              28,
              41,
              45,
              45,
              37,
              38,
              33,
              32,
              34
            ]
          }
        ]
      },
      {
        "startStationCode": "202",
        "startStationName": "을지로입구역",
        "endStationCode": "211-R",
        "endStationName": "성수역",
        "prevStationCode": "231",
        "prevStationName": "신대방역",
        "updnLine": 0,
        "directAt": 0,
        "data": [
          {
            "dow": "FRI",
            "hh": "13",
            "mm": "00",
            "congestionCar": [
              25,
              29,
              43,
              46,
              47,
              43,
              38,
              33,
              29,
              28
            ]
          },
          {
            "dow": "FRI",
            "hh": "13",
            "mm": "10",
            "congestionCar": [
              32,
              40,
              47,
              49,
              59,
              48,
              48,
              46,
              37,
              35
            ]
          },
          {
            "dow": "FRI",
            "hh": "13",
            "mm": "20",
            "congestionCar": [
              34,
              36,
              53,
              54,
              53,
              50,
              48,
              49,
              38,
              44
            ]
          },
          {
            "dow": "FRI",
            "hh": "13",
            "mm": "30",
            "congestionCar": [
              28,
              31,
              50,
              48,
              60,
              48,
              41,
              37,
              33,
              34
            ]
          },
          {
            "dow": "FRI",
            "hh": "13",
            "mm": "40",
            "congestionCar": [
              26,
              32,
              43,
              43,
              52,
              40,
              39,
              36,
              31,
              28
            ]
          },
          {
            "dow": "FRI",
            "hh": "13",
            "mm": "50",
            "congestionCar": [
              27,
              28,
              41,
              45,
              45,
              37,
              38,
              33,
              32,
              34
            ]
          }
        ]
      },
      {
        "startStationCode": "211",
        "startStationName": "성수역",
        "endStationCode": "202",
        "endStationName": "을지로입구역",
        "prevStationCode": "229",
        "prevStationName": "봉천역",
        "updnLine": 1,
        "directAt": 0,
        "data": [
          {
            "dow": "FRI",
            "hh": "13",
            "mm": "00",
            "congestionCar": [
              38,
              38,
              54,
              65,
              50,
              48,
              58,
              41,
              29,
              28
            ]
          },
          {
            "dow": "FRI",
            "hh": "13",
            "mm": "10",
            "congestionCar": [
              33,
              36,
              46,
              54,
              44,
              46,
              49,
              44,
              30,
              27
            ]
          },
          {
            "dow": "FRI",
            "hh": "13",
            "mm": "20",
            "congestionCar": [
              32,
              39,
              48,
              49,
              47,
              45,
              52,
              38,
              33,
              26
            ]
          },
          {
            "dow": "FRI",
            "hh": "13",
            "mm": "30",
            "congestionCar": [
              41,
              42,
              49,
              57,
              49,
              52,
              60,
              46,
              37,
              26
            ]
          },
          {
            "dow": "FRI",
            "hh": "13",
            "mm": "40",
            "congestionCar": [
              30,
              42,
              42,
              53,
              44,
              55,
              49,
              42,
              29,
              23
            ]
          },
          {
            "dow": "FRI",
            "hh": "13",
            "mm": "50",
            "congestionCar": [
              35,
              41,
              44,
              58,
              47,
              49,
              57,
              45,
              39,
              26
            ]
          }
        ]
      },
      {
        "startStationCode": "211",
        "startStationName": "성수역",
        "endStationCode": "211",
        "endStationName": "성수역",
        "prevStationCode": "231",
        "prevStationName": "신대방역",
        "updnLine": 0,
        "directAt": 0,
        "data": [
          {
            "dow": "FRI",
            "hh": "13",
            "mm": "00",
            "congestionCar": [
              25,
              29,
              43,
              46,
              47,
              43,
              38,
              33,
              29,
              28
            ]
          },
          {
            "dow": "FRI",
            "hh": "13",
            "mm": "10",
            "congestionCar": [
              32,
              40,
              47,
              49,
              59,
              48,
              48,
              46,
              37,
              35
            ]
          },
          {
            "dow": "FRI",
            "hh": "13",
            "mm": "20",
            "congestionCar": [
              34,
              36,
              53,
              54,
              53,
              50,
              48,
              49,
              38,
              44
            ]
          },
          {
            "dow": "FRI",
            "hh": "13",
            "mm": "30",
            "congestionCar": [
              28,
              31,
              50,
              48,
              60,
              48,
              41,
              37,
              33,
              34
            ]
          },
          {
            "dow": "FRI",
            "hh": "13",
            "mm": "40",
            "congestionCar": [
              26,
              32,
              43,
              43,
              52,
              40,
              39,
              36,
              31,
              28
            ]
          },
          {
            "dow": "FRI",
            "hh": "13",
            "mm": "50",
            "congestionCar": [
              27,
              28,
              41,
              45,
              45,
              37,
              38,
              33,
              32,
              34
            ]
          }
        ]
      },
      {
        "startStationCode": "211",
        "startStationName": "성수역",
        "endStationCode": "211",
        "endStationName": "성수역",
        "prevStationCode": "229",
        "prevStationName": "봉천역",
        "updnLine": 1,
        "directAt": 0,
        "data": [
          {
            "dow": "FRI",
            "hh": "13",
            "mm": "00",
            "congestionCar": [
              38,
              38,
              54,
              65,
              50,
              48,
              58,
              41,
              29,
              28
            ]
          },
          {
            "dow": "FRI",
            "hh": "13",
            "mm": "10",
            "congestionCar": [
              33,
              36,
              46,
              54,
              44,
              46,
              49,
              44,
              30,
              27
            ]
          },
          {
            "dow": "FRI",
            "hh": "13",
            "mm": "20",
            "congestionCar": [
              32,
              39,
              48,
              49,
              47,
              45,
              52,
              38,
              33,
              26
            ]
          },
          {
            "dow": "FRI",
            "hh": "13",
            "mm": "30",
            "congestionCar": [
              41,
              42,
              49,
              57,
              49,
              52,
              60,
              46,
              37,
              26
            ]
          },
          {
            "dow": "FRI",
            "hh": "13",
            "mm": "40",
            "congestionCar": [
              30,
              42,
              42,
              53,
              44,
              55,
              49,
              42,
              29,
              23
            ]
          },
          {
            "dow": "FRI",
            "hh": "13",
            "mm": "50",
            "congestionCar": [
              35,
              41,
              44,
              58,
              47,
              49,
              57,
              45,
              39,
              26
            ]
          }
        ]
      },
      {
        "startStationCode": "211",
        "startStationName": "성수역",
        "endStationCode": "211-R",
        "endStationName": "성수역",
        "prevStationCode": "231",
        "prevStationName": "신대방역",
        "updnLine": 0,
        "directAt": 0,
        "data": [
          {
            "dow": "FRI",
            "hh": "13",
            "mm": "00",
            "congestionCar": [
              25,
              29,
              43,
              46,
              47,
              43,
              38,
              33,
              29,
              28
            ]
          },
          {
            "dow": "FRI",
            "hh": "13",
            "mm": "10",
            "congestionCar": [
              32,
              40,
              47,
              49,
              59,
              48,
              48,
              46,
              37,
              35
            ]
          },
          {
            "dow": "FRI",
            "hh": "13",
            "mm": "20",
            "congestionCar": [
              34,
              36,
              53,
              54,
              53,
              50,
              48,
              49,
              38,
              44
            ]
          },
          {
            "dow": "FRI",
            "hh": "13",
            "mm": "30",
            "congestionCar": [
              28,
              31,
              50,
              48,
              60,
              48,
              41,
              37,
              33,
              34
            ]
          },
          {
            "dow": "FRI",
            "hh": "13",
            "mm": "40",
            "congestionCar": [
              27,
              33,
              45,
              46,
              54,
              42,
              41,
              38,
              33,
              30
            ]
          },
          {
            "dow": "FRI",
            "hh": "13",
            "mm": "50",
            "congestionCar": [
              29,
              29,
              44,
              47,
              48,
              39,
              40,
              34,
              34,
              36
            ]
          }
        ]
      },
      {
        "startStationCode": "211",
        "startStationName": "성수역",
        "endStationCode": "211-R",
        "endStationName": "성수역",
        "prevStationCode": "229",
        "prevStationName": "봉천역",
        "updnLine": 1,
        "directAt": 0,
        "data": [
          {
            "dow": "FRI",
            "hh": "13",
            "mm": "00",
            "congestionCar": [
              42,
              41,
              59,
              71,
              55,
              52,
              63,
              45,
              32,
              31
            ]
          },
          {
            "dow": "FRI",
            "hh": "13",
            "mm": "10",
            "congestionCar": [
              36,
              39,
              50,
              58,
              48,
              49,
              53,
              48,
              32,
              29
            ]
          },
          {
            "dow": "FRI",
            "hh": "13",
            "mm": "20",
            "congestionCar": [
              34,
              41,
              50,
              51,
              50,
              47,
              54,
              40,
              35,
              27
            ]
          },
          {
            "dow": "FRI",
            "hh": "13",
            "mm": "30",
            "congestionCar": [
              41,
              42,
              49,
              57,
              49,
              52,
              60,
              46,
              37,
              26
            ]
          },
          {
            "dow": "FRI",
            "hh": "13",
            "mm": "40",
            "congestionCar": [
              30,
              42,
              42,
              53,
              44,
              55,
              49,
              42,
              29,
              23
            ]
          },
          {
            "dow": "FRI",
            "hh": "13",
            "mm": "50",
            "congestionCar": [
              35,
              41,
              44,
              58,
              47,
              49,
              57,
              45,
              39,
              26
            ]
          }
        ]
      },
      {
        "startStationCode": "211",
        "startStationName": "성수역",
        "endStationCode": "219",
        "endStationName": "삼성역",
        "prevStationCode": "231",
        "prevStationName": "신대방역",
        "updnLine": 0,
        "directAt": 0,
        "data": [
          {
            "dow": "FRI",
            "hh": "13",
            "mm": "00",
            "congestionCar": [
              25,
              29,
              43,
              46,
              47,
              43,
              38,
              33,
              29,
              28
            ]
          },
          {
            "dow": "FRI",
            "hh": "13",
            "mm": "10",
            "congestionCar": [
              32,
              40,
              47,
              49,
              59,
              48,
              48,
              46,
              37,
              35
            ]
          },
          {
            "dow": "FRI",
            "hh": "13",
            "mm": "20",
            "congestionCar": [
              34,
              36,
              53,
              54,
              53,
              50,
              48,
              49,
              38,
              44
            ]
          },
          {
            "dow": "FRI",
            "hh": "13",
            "mm": "30",
            "congestionCar": [
              28,
              31,
              50,
              48,
              60,
              48,
              41,
              37,
              33,
              34
            ]
          },
          {
            "dow": "FRI",
            "hh": "13",
            "mm": "40",
            "congestionCar": [
              26,
              32,
              43,
              43,
              52,
              40,
              39,
              36,
              31,
              28
            ]
          },
          {
            "dow": "FRI",
            "hh": "13",
            "mm": "50",
            "congestionCar": [
              27,
              28,
              41,
              45,
              45,
              37,
              38,
              33,
              32,
              34
            ]
          }
        ]
      },
      {
        "startStationCode": "211",
        "startStationName": "성수역",
        "endStationCode": "228",
        "endStationName": "서울대입구역",
        "prevStationCode": "231",
        "prevStationName": "신대방역",
        "updnLine": 0,
        "directAt": 0,
        "data": [
          {
            "dow": "FRI",
            "hh": "13",
            "mm": "00",
            "congestionCar": [
              25,
              29,
              43,
              46,
              47,
              43,
              38,
              33,
              29,
              28
            ]
          },
          {
            "dow": "FRI",
            "hh": "13",
            "mm": "10",
            "congestionCar": [
              32,
              40,
              47,
              49,
              59,
              48,
              48,
              46,
              37,
              35
            ]
          },
          {
            "dow": "FRI",
            "hh": "13",
            "mm": "20",
            "congestionCar": [
              34,
              36,
              53,
              54,
              53,
              50,
              48,
              49,
              38,
              44
            ]
          },
          {
            "dow": "FRI",
            "hh": "13",
            "mm": "30",
            "congestionCar": [
              28,
              31,
              50,
              48,
              60,
              48,
              41,
              37,
              33,
              34
            ]
          },
          {
            "dow": "FRI",
            "hh": "13",
            "mm": "40",
            "congestionCar": [
              26,
              32,
              43,
              43,
              52,
              40,
              39,
              36,
              31,
              28
            ]
          },
          {
            "dow": "FRI",
            "hh": "13",
            "mm": "50",
            "congestionCar": [
              27,
              28,
              41,
              45,
              45,
              37,
              38,
              33,
              32,
              34
            ]
          }
        ]
      },
      {
        "startStationCode": "211",
        "startStationName": "성수역",
        "endStationCode": "234",
        "endStationName": "신도림역",
        "prevStationCode": "229",
        "prevStationName": "봉천역",
        "updnLine": 1,
        "directAt": 0,
        "data": [
          {
            "dow": "FRI",
            "hh": "13",
            "mm": "00",
            "congestionCar": [
              38,
              38,
              54,
              65,
              50,
              48,
              58,
              41,
              29,
              28
            ]
          },
          {
            "dow": "FRI",
            "hh": "13",
            "mm": "10",
            "congestionCar": [
              33,
              36,
              46,
              54,
              44,
              46,
              49,
              44,
              30,
              27
            ]
          },
          {
            "dow": "FRI",
            "hh": "13",
            "mm": "20",
            "congestionCar": [
              32,
              39,
              48,
              49,
              47,
              45,
              52,
              38,
              33,
              26
            ]
          },
          {
            "dow": "FRI",
            "hh": "13",
            "mm": "30",
            "congestionCar": [
              41,
              42,
              49,
              57,
              49,
              52,
              60,
              46,
              37,
              26
            ]
          },
          {
            "dow": "FRI",
            "hh": "13",
            "mm": "40",
            "congestionCar": [
              30,
              42,
              42,
              53,
              44,
              55,
              49,
              42,
              29,
              23
            ]
          },
          {
            "dow": "FRI",
            "hh": "13",
            "mm": "50",
            "congestionCar": [
              35,
              41,
              44,
              58,
              47,
              49,
              57,
              45,
              39,
              26
            ]
          }
        ]
      },
      {
        "startStationCode": "211",
        "startStationName": "성수역",
        "endStationCode": "239",
        "endStationName": "홍대입구역",
        "prevStationCode": "229",
        "prevStationName": "봉천역",
        "updnLine": 1,
        "directAt": 0,
        "data": [
          {
            "dow": "FRI",
            "hh": "13",
            "mm": "00",
            "congestionCar": [
              38,
              38,
              54,
              65,
              50,
              48,
              58,
              41,
              29,
              28
            ]
          },
          {
            "dow": "FRI",
            "hh": "13",
            "mm": "10",
            "congestionCar": [
              33,
              36,
              46,
              54,
              44,
              46,
              49,
              44,
              30,
              27
            ]
          },
          {
            "dow": "FRI",
            "hh": "13",
            "mm": "20",
            "congestionCar": [
              32,
              39,
              48,
              49,
              47,
              45,
              52,
              38,
              33,
              26
            ]
          },
          {
            "dow": "FRI",
            "hh": "13",
            "mm": "30",
            "congestionCar": [
              41,
              42,
              49,
              57,
              49,
              52,
              60,
              46,
              37,
              26
            ]
          },
          {
            "dow": "FRI",
            "hh": "13",
            "mm": "40",
            "congestionCar": [
              30,
              42,
              42,
              53,
              44,
              55,
              49,
              42,
              29,
              23
            ]
          },
          {
            "dow": "FRI",
            "hh": "13",
            "mm": "50",
            "congestionCar": [
              35,
              41,
              44,
              58,
              47,
              49,
              57,
              45,
              39,
              26
            ]
          }
        ]
      },
      {
        "startStationCode": "219",
        "startStationName": "삼성역",
        "endStationCode": "211-R",
        "endStationName": "성수역",
        "prevStationCode": "229",
        "prevStationName": "봉천역",
        "updnLine": 1,
        "directAt": 0,
        "data": [
          {
            "dow": "FRI",
            "hh": "13",
            "mm": "00",
            "congestionCar": [
              38,
              38,
              54,
              65,
              50,
              48,
              58,
              41,
              29,
              28
            ]
          },
          {
            "dow": "FRI",
            "hh": "13",
            "mm": "10",
            "congestionCar": [
              33,
              36,
              46,
              54,
              44,
              46,
              49,
              44,
              30,
              27
            ]
          },
          {
            "dow": "FRI",
            "hh": "13",
            "mm": "20",
            "congestionCar": [
              32,
              39,
              48,
              49,
              47,
              45,
              52,
              38,
              33,
              26
            ]
          },
          {
            "dow": "FRI",
            "hh": "13",
            "mm": "30",
            "congestionCar": [
              41,
              42,
              49,
              57,
              49,
              52,
              60,
              46,
              37,
              26
            ]
          },
          {
            "dow": "FRI",
            "hh": "13",
            "mm": "40",
            "congestionCar": [
              30,
              42,
              42,
              53,
              44,
              55,
              49,
              42,
              29,
              23
            ]
          },
          {
            "dow": "FRI",
            "hh": "13",
            "mm": "50",
            "congestionCar": [
              35,
              41,
              44,
              58,
              47,
              49,
              57,
              45,
              39,
              26
            ]
          }
        ]
      },
      {
        "startStationCode": "228",
        "startStationName": "서울대입구역",
        "endStationCode": "211",
        "endStationName": "성수역",
        "prevStationCode": "229",
        "prevStationName": "봉천역",
        "updnLine": 1,
        "directAt": 0,
        "data": [
          {
            "dow": "FRI",
            "hh": "13",
            "mm": "00",
            "congestionCar": [
              38,
              38,
              54,
              65,
              50,
              48,
              58,
              41,
              29,
              28
            ]
          },
          {
            "dow": "FRI",
            "hh": "13",
            "mm": "10",
            "congestionCar": [
              33,
              36,
              46,
              54,
              44,
              46,
              49,
              44,
              30,
              27
            ]
          },
          {
            "dow": "FRI",
            "hh": "13",
            "mm": "20",
            "congestionCar": [
              32,
              39,
              48,
              49,
              47,
              45,
              52,
              38,
              33,
              26
            ]
          },
          {
            "dow": "FRI",
            "hh": "13",
            "mm": "30",
            "congestionCar": [
              41,
              42,
              49,
              57,
              49,
              52,
              60,
              46,
              37,
              26
            ]
          },
          {
            "dow": "FRI",
            "hh": "13",
            "mm": "40",
            "congestionCar": [
              30,
              42,
              42,
              53,
              44,
              55,
              49,
              42,
              29,
              23
            ]
          },
          {
            "dow": "FRI",
            "hh": "13",
            "mm": "50",
            "congestionCar": [
              35,
              41,
              44,
              58,
              47,
              49,
              57,
              45,
              39,
              26
            ]
          }
        ]
      },
      {
        "startStationCode": "228",
        "startStationName": "서울대입구역",
        "endStationCode": "211-R",
        "endStationName": "성수역",
        "prevStationCode": "229",
        "prevStationName": "봉천역",
        "updnLine": 1,
        "directAt": 0,
        "data": [
          {
            "dow": "FRI",
            "hh": "13",
            "mm": "00",
            "congestionCar": [
              38,
              38,
              54,
              65,
              50,
              48,
              58,
              41,
              29,
              28
            ]
          },
          {
            "dow": "FRI",
            "hh": "13",
            "mm": "10",
            "congestionCar": [
              33,
              36,
              46,
              54,
              44,
              46,
              49,
              44,
              30,
              27
            ]
          },
          {
            "dow": "FRI",
            "hh": "13",
            "mm": "20",
            "congestionCar": [
              32,
              39,
              48,
              49,
              47,
              45,
              52,
              38,
              33,
              26
            ]
          },
          {
            "dow": "FRI",
            "hh": "13",
            "mm": "30",
            "congestionCar": [
              41,
              42,
              49,
              57,
              49,
              52,
              60,
              46,
              37,
              26
            ]
          },
          {
            "dow": "FRI",
            "hh": "13",
            "mm": "40",
            "congestionCar": [
              30,
              42,
              42,
              53,
              44,
              55,
              49,
              42,
              29,
              23
            ]
          },
          {
            "dow": "FRI",
            "hh": "13",
            "mm": "50",
            "congestionCar": [
              35,
              41,
              44,
              58,
              47,
              49,
              57,
              45,
              39,
              26
            ]
          }
        ]
      },
      {
        "startStationCode": "234",
        "startStationName": "신도림역",
        "endStationCode": "211",
        "endStationName": "성수역",
        "prevStationCode": "231",
        "prevStationName": "신대방역",
        "updnLine": 0,
        "directAt": 0,
        "data": [
          {
            "dow": "FRI",
            "hh": "13",
            "mm": "00",
            "congestionCar": [
              25,
              29,
              43,
              46,
              47,
              43,
              38,
              33,
              29,
              28
            ]
          },
          {
            "dow": "FRI",
            "hh": "13",
            "mm": "10",
            "congestionCar": [
              32,
              40,
              47,
              49,
              59,
              48,
              48,
              46,
              37,
              35
            ]
          },
          {
            "dow": "FRI",
            "hh": "13",
            "mm": "20",
            "congestionCar": [
              34,
              36,
              53,
              54,
              53,
              50,
              48,
              49,
              38,
              44
            ]
          },
          {
            "dow": "FRI",
            "hh": "13",
            "mm": "30",
            "congestionCar": [
              28,
              31,
              50,
              48,
              60,
              48,
              41,
              37,
              33,
              34
            ]
          },
          {
            "dow": "FRI",
            "hh": "13",
            "mm": "40",
            "congestionCar": [
              26,
              32,
              43,
              43,
              52,
              40,
              39,
              36,
              31,
              28
            ]
          },
          {
            "dow": "FRI",
            "hh": "13",
            "mm": "50",
            "congestionCar": [
              27,
              28,
              41,
              45,
              45,
              37,
              38,
              33,
              32,
              34
            ]
          }
        ]
      },
      {
        "startStationCode": "234",
        "startStationName": "신도림역",
        "endStationCode": "211-R",
        "endStationName": "성수역",
        "prevStationCode": "231",
        "prevStationName": "신대방역",
        "updnLine": 0,
        "directAt": 0,
        "data": [
          {
            "dow": "FRI",
            "hh": "13",
            "mm": "00",
            "congestionCar": [
              25,
              29,
              43,
              46,
              47,
              43,
              38,
              33,
              29,
              28
            ]
          },
          {
            "dow": "FRI",
            "hh": "13",
            "mm": "10",
            "congestionCar": [
              32,
              40,
              47,
              49,
              59,
              48,
              48,
              46,
              37,
              35
            ]
          },
          {
            "dow": "FRI",
            "hh": "13",
            "mm": "20",
            "congestionCar": [
              34,
              36,
              53,
              54,
              53,
              50,
              48,
              49,
              38,
              44
            ]
          },
          {
            "dow": "FRI",
            "hh": "13",
            "mm": "30",
            "congestionCar": [
              28,
              31,
              50,
              48,
              60,
              48,
              41,
              37,
              33,
              34
            ]
          },
          {
            "dow": "FRI",
            "hh": "13",
            "mm": "40",
            "congestionCar": [
              26,
              32,
              43,
              43,
              52,
              40,
              39,
              36,
              31,
              28
            ]
          },
          {
            "dow": "FRI",
            "hh": "13",
            "mm": "50",
            "congestionCar": [
              27,
              28,
              41,
              45,
              45,
              37,
              38,
              33,
              32,
              34
            ]
          }
        ]
      },
      {
        "startStationCode": "239",
        "startStationName": "홍대입구역",
        "endStationCode": "211",
        "endStationName": "성수역",
        "prevStationCode": "231",
        "prevStationName": "신대방역",
        "updnLine": 0,
        "directAt": 0,
        "data": [
          {
            "dow": "FRI",
            "hh": "13",
            "mm": "00",
            "congestionCar": [
              25,
              29,
              43,
              46,
              47,
              43,
              38,
              33,
              29,
              28
            ]
          },
          {
            "dow": "FRI",
            "hh": "13",
            "mm": "10",
            "congestionCar": [
              32,
              40,
              47,
              49,
              59,
              48,
              48,
              46,
              37,
              35
            ]
          },
          {
            "dow": "FRI",
            "hh": "13",
            "mm": "20",
            "congestionCar": [
              34,
              36,
              53,
              54,
              53,
              50,
              48,
              49,
              38,
              44
            ]
          },
          {
            "dow": "FRI",
            "hh": "13",
            "mm": "30",
            "congestionCar": [
              28,
              31,
              50,
              48,
              60,
              48,
              41,
              37,
              33,
              34
            ]
          },
          {
            "dow": "FRI",
            "hh": "13",
            "mm": "40",
            "congestionCar": [
              26,
              32,
              43,
              43,
              52,
              40,
              39,
              36,
              31,
              28
            ]
          },
          {
            "dow": "FRI",
            "hh": "13",
            "mm": "50",
            "congestionCar": [
              27,
              28,
              41,
              45,
              45,
              37,
              38,
              33,
              32,
              34
            ]
          }
        ]
      },
      {
        "startStationCode": "239",
        "startStationName": "홍대입구역",
        "endStationCode": "211-R",
        "endStationName": "성수역",
        "prevStationCode": "231",
        "prevStationName": "신대방역",
        "updnLine": 0,
        "directAt": 0,
        "data": [
          {
            "dow": "FRI",
            "hh": "13",
            "mm": "00",
            "congestionCar": [
              25,
              29,
              43,
              46,
              47,
              43,
              38,
              33,
              29,
              28
            ]
          },
          {
            "dow": "FRI",
            "hh": "13",
            "mm": "10",
            "congestionCar": [
              32,
              40,
              47,
              49,
              59,
              48,
              48,
              46,
              37,
              35
            ]
          },
          {
            "dow": "FRI",
            "hh": "13",
            "mm": "20",
            "congestionCar": [
              34,
              36,
              53,
              54,
              53,
              50,
              48,
              49,
              38,
              44
            ]
          },
          {
            "dow": "FRI",
            "hh": "13",
            "mm": "30",
            "congestionCar": [
              28,
              31,
              50,
              48,
              60,
              48,
              41,
              37,
              33,
              34
            ]
          },
          {
            "dow": "FRI",
            "hh": "13",
            "mm": "40",
            "congestionCar": [
              26,
              32,
              43,
              43,
              52,
              40,
              39,
              36,
              31,
              28
            ]
          },
          {
            "dow": "FRI",
            "hh": "13",
            "mm": "50",
            "congestionCar": [
              27,
              28,
              41,
              45,
              45,
              37,
              38,
              33,
              32,
              34
            ]
          }
        ]
      }
    ],
    "statStartDate": "20230924",
    "statEndDate": "20231223"
  }
}