{
  "status": {
    "code": "00",
    "message": "success",
    "totalCount": 1
  },
  "contents": {
    "subwayLine": "2호선",
    "stationName": "을지로입구역",
    "stationCode": "202",
    "stat": [
      {
        "startStationCode": "211",
        "startStationName": "성수역",
        "endStationCode": "202",
        "endStationName": "을지로입구역",
        "prevStationCode": "203",
        "prevStationName": "을지로3가역",
        "updnLine": 0,
        "directAt": 0,
        "data": [
          {
            "dow": "WED",
            "hh": "13",
            "mm": "00",
            "congestionCar": [
              26,
              24,
              38,
              39,
              40,
              33,
              30,
              30,
              28,
              31
            ]
          },
          {
            "dow": "WED",
            "hh": "13",
            "mm": "10",
            "congestionCar": [
              25,
              29,
              35,
              43,
              39,
              42,
              33,
              33,
              26,
              25
            ]
          },
          {
            "dow": "WED",
            "hh": "13",
            "mm": "20",
            "congestionCar": [
              23,
              24,
              31,
              36,
              30,
              34,
              27,
              28,
              25,
              24
            ]
          },
          {
            "dow": "WED",
            "hh": "13",
            "mm": "30",
            "congestionCar": [
              19,
              25,
              36,
              39,
              31,
              33,
              29,
              26,
              25,
              26
            ]
          },
          {
            "dow": "WED",
            "hh": "13",
            "mm": "40",
            "congestionCar": [
              25,
              28,
              34,
              37,
              39,
              36,
              30,
              29,
              27,
              24
            ]
          },
          {
            "dow": "WED",
            "hh": "13",
            "mm": "50",
            "congestionCar": [
              21,
              22,
              34,
              35,
              37,
              31,
              32,
              27,
              25,
              25
            ]
          }
        ]
      },
      {
        "startStationCode": "211",
        "startStationName": "성수역",
        "endStationCode": "202",
        "endStationName": "을지로입구역",
        "prevStationCode": "201",
        "prevStationName": "시청역",
        "updnLine": 1,
        "directAt": 0,
        "data": [
          {
            "dow": "WED",
            "hh": "13",
            "mm": "00",
            "congestionCar": [
              47,
              35,
              29,
              37,
              32,
              36,
              31,
              33,
              22,
              28
            ]
          },
          {
            "dow": "WED",
            "hh": "13",
            "mm": "10",
            "congestionCar": [
              50,
              39,
              35,
              38,
              36,
              37,
              32,
              33,
              29,
              30
            ]
          },
          {
            "dow": "WED",
            "hh": "13",
            "mm": "20",
            "congestionCar": [
              38,
              44,
              35,
              43,
              33,
              41,
              34,
              36,
              27,
              30
            ]
          },
          {
            "dow": "WED",
            "hh": "13",
            "mm": "30",
            "congestionCar": [
              50,
              46,
              48,
              38,
              41,
              42,
              40,
              34,
              37,
              25
            ]
          },
          {
            "dow": "WED",
            "hh": "13",
            "mm": "40",
            "congestionCar": [
              43,
              46,
              35,
              38,
              36,
              39,
              33,
              32,
              31,
              26
            ]
          },
          {
            "dow": "WED",
            "hh": "13",
            "mm": "50",
            "congestionCar": [
              40,
              40,
              35,
              41,
              34,
              31,
              33,
              28,
              27,
              22
            ]
          }
        ]
      },
      {
        "startStationCode": "211",
        "startStationName": "성수역",
        "endStationCode": "211",
        "endStationName": "성수역",
        "prevStationCode": "203",
        "prevStationName": "을지로3가역",
        "updnLine": 0,
        "directAt": 0,
        "data": [
          {
            "dow": "WED",
            "hh": "13",
            "mm": "00",
            "congestionCar": [
              26,
              24,
              38,
              39,
              40,
              33,
              30,
              30,
              28,
              31
            ]
          },
          {
            "dow": "WED",
            "hh": "13",
            "mm": "10",
            "congestionCar": [
              25,
              29,
              35,
              43,
              39,
              42,
              33,
              33,
              26,
              25
            ]
          },
          {
            "dow": "WED",
            "hh": "13",
            "mm": "20",
            "congestionCar": [
              23,
              24,
              31,
              36,
              30,
              34,
              27,
              28,
              25,
              24
            ]
          },
          {
            "dow": "WED",
            "hh": "13",
            "mm": "30",
            "congestionCar": [
              19,
              25,
              36,
              39,
              31,
              33,
              29,
              26,
              25,
              26
            ]
          },
          {
            "dow": "WED",
            "hh": "13",
            "mm": "40",
            "congestionCar": [
              25,
              28,
              34,
              37,
              39,
              36,
              30,
              29,
              27,
              24
            ]
          },
          {
            "dow": "WED",
            "hh": "13",
            "mm": "50",
            "congestionCar": [
              21,
              22,
              34,
              35,
              37,
              31,
              32,
              27,
              25,
              25
            ]
          }
        ]
      },
      {
        "startStationCode": "211",
        "startStationName": "성수역",
        "endStationCode": "211",
        "endStationName": "성수역",
        "prevStationCode": "201",
        "prevStationName": "시청역",
        "updnLine": 1,
        "directAt": 0,
        "data": [
          {
            "dow": "WED",
            "hh": "13",
            "mm": "00",
            "congestionCar": [
              47,
              35,
              29,
              37,
              32,
              36,
              31,
              33,
              22,
              28
            ]
          },
          {
            "dow": "WED",
            "hh": "13",
            "mm": "10",
            "congestionCar": [
              50,
              39,
              35,
              38,
              36,
              37,
              32,
              33,
              29,
              30
            ]
          },
          {
            "dow": "WED",
            "hh": "13",
            "mm": "20",
            "congestionCar": [
              38,
              44,
              35,
              43,
              33,
              41,
              34,
              36,
              27,
              30
            ]
          },
          {
            "dow": "WED",
            "hh": "13",
            "mm": "30",
            "congestionCar": [
              50,
              46,
              48,
              38,
              41,
              42,
              40,
              34,
              37,
              25
            ]
          },
          {
            "dow": "WED",
            "hh": "13",
            "mm": "40",
            "congestionCar": [
              43,
              46,
              35,
              38,
              36,
              39,
              33,
              32,
              31,
              26
            ]
          },
          {
            "dow": "WED",
            "hh": "13",
            "mm": "50",
            "congestionCar": [
              40,
              40,
              35,
              41,
              34,
              31,
              33,
              28,
              27,
              22
            ]
          }
        ]
      },
      {
        "startStationCode": "211",
        "startStationName": "성수역",
        "endStationCode": "211-R",
        "endStationName": "성수역",
        "prevStationCode": "203",
        "prevStationName": "을지로3가역",
        "updnLine": 0,
        "directAt": 0,
        "data": [
          {
            "dow": "WED",
            "hh": "13",
            "mm": "00",
            "congestionCar": [
              26,
              24,
              38,
              39,
              40,
              33,
              30,
              30,
              28,
              31
            ]
          },
          {
            "dow": "WED",
            "hh": "13",
            "mm": "10",
            "congestionCar": [
              25,
              29,
              35,
              43,
              39,
              42,
              33,
              33,
              26,
              25
            ]
          },
          {
            "dow": "WED",
            "hh": "13",
            "mm": "20",
            "congestionCar": [
              23,
              24,
              31,
              36,
              30,
              34,
              27,
              28,
              25,
              24
            ]
          },
          {
            "dow": "WED",
            "hh": "13",
            "mm": "30",
            "congestionCar": [
              19,
              25,
              36,
              39,
              31,
              33,
              29,
              26,
              25,
              26
            ]
          },
          {
            "dow": "WED",
            "hh": "13",
            "mm": "40",
            "congestionCar": [
              25,
              28,
              34,
              37,
              39,
              36,
              30,
              29,
              27,
              24
            ]
          },
          {
            "dow": "WED",
            "hh": "13",
            "mm": "50",
            "congestionCar": [
              21,
              22,
              34,
              35,
              37,
              31,
              32,
              27,
              25,
              25
            ]
          }
        ]
      },
      {
        "startStationCode": "211",
        "startStationName": "성수역",
        "endStationCode": "211-R",
        "endStationName": "성수역",
        "prevStationCode": "201",
        "prevStationName": "시청역",
        "updnLine": 1,
        "directAt": 0,
        "data": [
          {
            "dow": "WED",
            "hh": "13",
            "mm": "00",
            "congestionCar": [
              47,
              35,
              29,
              37,
              32,
              36,
              31,
              33,
              22,
              28
            ]
          },
          {
            "dow": "WED",
            "hh": "13",
            "mm": "10",
            "congestionCar": [
              50,
              39,
              35,
              38,
              36,
              37,
              32,
              33,
              29,
              30
            ]
          },
          {
            "dow": "WED",
            "hh": "13",
            "mm": "20",
            "congestionCar": [
              38,
              44,
              35,
              43,
              33,
              41,
              34,
              36,
              27,
              30
            ]
          },
          {
            "dow": "WED",
            "hh": "13",
            "mm": "30",
            "congestionCar": [
              50,
              46,
              48,
              38,
              41,
              42,
              40,
              34,
              37,
              25
            ]
          },
          {
            "dow": "WED",
            "hh": "13",
            "mm": "40",
            "congestionCar": [
              43,
              46,
              35,
              38,
              36,
              39,
              33,
              32,
              31,
              26
            ]
          },
          {
            "dow": "WED",
            "hh": "13",
            "mm": "50",
            "congestionCar": [
              40,
              40,
              35,
              41,
              34,
              31,
              33,
              28,
              27,
              22
            ]
          }
        ]
      },
      {
        "startStationCode": "211",
        "startStationName": "성수역",
        "endStationCode": "219",
        "endStationName": "삼성역",
        "prevStationCode": "203",
        "prevStationName": "을지로3가역",
        "updnLine": 0,
        "directAt": 0,
        "data": [
          {
            "dow": "WED",
            "hh": "13",
            "mm": "00",
            "congestionCar": [
              26,
              24,
              38,
              39,
              40,
              33,
              30,
              30,
              28,
              31
            ]
          },
          {
            "dow": "WED",
            "hh": "13",
            "mm": "10",
            "congestionCar": [
              25,
              29,
              35,
              43,
              39,
              42,
              33,
              33,
              26,
              25
            ]
          },
          {
            "dow": "WED",
            "hh": "13",
            "mm": "20",
            "congestionCar": [
              23,
              24,
              31,
              36,
              30,
              34,
              27,
              28,
              25,
              24
            ]
          },
          {
            "dow": "WED",
            "hh": "13",
            "mm": "30",
            "congestionCar": [
              19,
              25,
              36,
              39,
              31,
              33,
              29,
              26,
              25,
              26
            ]
          },
          {
            "dow": "WED",
            "hh": "13",
            "mm": "40",
            "congestionCar": [
              25,
              28,
              34,
              37,
              39,
              36,
              30,
              29,
              27,
              24
            ]
          },
          {
            "dow": "WED",
            "hh": "13",
            "mm": "50",
            "congestionCar": [
              21,
              22,
              34,
              35,
              37,
              31,
              32,
              27,
              25,
              25
            ]
          }
        ]
      },
      {
        "startStationCode": "211",
        "startStationName": "성수역",
        "endStationCode": "228",
        "endStationName": "서울대입구역",
        "prevStationCode": "203",
        "prevStationName": "을지로3가역",
        "updnLine": 0,
        "directAt": 0,
        "data": [
          {
            "dow": "WED",
            "hh": "13",
            "mm": "00",
            "congestionCar": [
              26,
              24,
              38,
              39,
              40,
              33,
              30,
              30,
              28,
              31
            ]
          },
          {
            "dow": "WED",
            "hh": "13",
            "mm": "10",
            "congestionCar": [
              25,
              29,
              35,
              43,
              39,
              42,
              33,
              33,
              26,
              25
            ]
          },
          {
            "dow": "WED",
            "hh": "13",
            "mm": "20",
            "congestionCar": [
              23,
              24,
              31,
              36,
              30,
              34,
              27,
              28,
              25,
              24
            ]
          },
          {
            "dow": "WED",
            "hh": "13",
            "mm": "30",
            "congestionCar": [
              19,
              25,
              36,
              39,
              31,
              33,
              29,
              26,
              25,
              26
            ]
          },
          {
            "dow": "WED",
            "hh": "13",
            "mm": "40",
            "congestionCar": [
              25,
              28,
              34,
              37,
              39,
              36,
              30,
              29,
              27,
              24
            ]
          },
          {
            "dow": "WED",
            "hh": "13",
            "mm": "50",
            "congestionCar": [
              21,
              22,
              34,
              35,
              37,
              31,
              32,
              27,
              25,
              25
            ]
          }
        ]
      },
      {
        "startStationCode": "211",
        "startStationName": "성수역",
        "endStationCode": "234",
        "endStationName": "신도림역",
        "prevStationCode": "203",
        "prevStationName": "을지로3가역",
        "updnLine": 0,
        "directAt": 0,
        "data": [
          {
            "dow": "WED",
            "hh": "13",
            "mm": "00",
            "congestionCar": [
              26,
              24,
              38,
              39,
              40,
              33,
              30,
              30,
              28,
              31
            ]
          },
          {
            "dow": "WED",
            "hh": "13",
            "mm": "10",
            "congestionCar": [
              25,
              29,
              35,
              43,
              39,
              42,
              33,
              33,
              26,
              25
            ]
          },
          {
            "dow": "WED",
            "hh": "13",
            "mm": "20",
            "congestionCar": [
              23,
              24,
              31,
              36,
              30,
              34,
              27,
              28,
              25,
              24
            ]
          },
          {
            "dow": "WED",
            "hh": "13",
            "mm": "30",
            "congestionCar": [
              19,
              25,
              36,
              39,
              31,
              33,
              29,
              26,
              25,
              26
            ]
          },
          {
            "dow": "WED",
            "hh": "13",
            "mm": "40",
            "congestionCar": [
              25,
              28,
              34,
              37,
              39,
              36,
              30,
              29,
              27,
              24
            ]
          },
          {
            "dow": "WED",
            "hh": "13",
            "mm": "50",
            "congestionCar": [
              21,
              22,
              34,
              35,
              37,
              31,
              32,
              27,
              25,
              25
            ]
          }
        ]
      },
      {
        "startStationCode": "211",
        "startStationName": "성수역",
        "endStationCode": "239",
        "endStationName": "홍대입구역",
        "prevStationCode": "203",
        "prevStationName": "을지로3가역",
        "updnLine": 0,
        "directAt": 0,
        "data": [
          {
            "dow": "WED",
            "hh": "13",
            "mm": "00",
            "congestionCar": [
              26,
              24,
              38,
              39,
              40,
              33,
              30,
              30,
              28,
              31
            ]
          },
          {
            "dow": "WED",
            "hh": "13",
            "mm": "10",
            "congestionCar": [
              25,
              29,
              35,
              43,
              39,
              42,
              33,
              33,
              26,
              25
            ]
          },
          {
            "dow": "WED",
            "hh": "13",
            "mm": "20",
            "congestionCar": [
              23,
              24,
              31,
              36,
              30,
              34,
              27,
              28,
              25,
              24
            ]
          },
          {
            "dow": "WED",
            "hh": "13",
            "mm": "30",
            "congestionCar": [
              19,
              25,
              36,
              39,
              31,
              33,
              29,
              26,
              25,
              26
            ]
          },
          {
            "dow": "WED",
            "hh": "13",
            "mm": "40",
            "congestionCar": [
              25,
              28,
              34,
              37,
              39,
              36,
              30,
              29,
              27,
              24
            ]
          },
          {
            "dow": "WED",
            "hh": "13",
            "mm": "50",
            "congestionCar": [
              21,
              22,
              34,
              35,
              37,
              31,
              32,
              27,
              25,
              25
            ]
          }
        ]
      },
      {
        "startStationCode": "219",
        "startStationName": "삼성역",
        "endStationCode": "211-R",
        "endStationName": "성수역",
        "prevStationCode": "201",
        "prevStationName": "시청역",
        "updnLine": 1,
        "directAt": 0,
        "data": [
          {
            "dow": "WED",
            "hh": "13",
            "mm": "00",
            "congestionCar": [
              47,
              35,
              29,
              37,
              32,
              36,
              31,
              33,
              22,
              28
            ]
          },
          {
            "dow": "WED",
            "hh": "13",
            "mm": "10",
            "congestionCar": [
              50,
              39,
              35,
              38,
              36,
              37,
              32,
              33,
              29,
              30
            ]
          },
          {
            "dow": "WED",
            "hh": "13",
            "mm": "20",
            "congestionCar": [
              38,
              44,
              35,
              43,
              33,
              41,
              34,
              36,
              27,
              30
            ]
          },
          {
            "dow": "WED",
            "hh": "13",
            "mm": "30",
            "congestionCar": [
              50,
              46,
              48,
              38,
              41,
              42,
              40,
              34,
              37,
              25
            ]
          },
          {
            "dow": "WED",
            "hh": "13",
            "mm": "40",
            "congestionCar": [
              43,
              46,
              35,
              38,
              36,
              39,
              33,
              32,
              31,
              26
            ]
          },
          {
            "dow": "WED",
            "hh": "13",
            "mm": "50",
            "congestionCar": [
              40,
              40,
              35,
              41,
              34,
              31,
              33,
              28,
              27,
              22
            ]
          }
        ]
      },
      {
        "startStationCode": "228",
        "startStationName": "서울대입구역",
        "endStationCode": "211",
        "endStationName": "성수역",
        "prevStationCode": "201",
        "prevStationName": "시청역",
        "updnLine": 1,
        "directAt": 0,
        "data": [
          {
            "dow": "WED",
            "hh": "13",
            "mm": "00",
            "congestionCar": [
              47,
              35,
              29,
              37,
              32,
              36,
              31,
              33,
              22,
              28
            ]
          },
          {
            "dow": "WED",
            "hh": "13",
            "mm": "10",
            "congestionCar": [
              50,
              39,
              35,
              38,
              36,
              37,
              32,
              33,
              29,
              30
            ]
          },
          {
            "dow": "WED",
            "hh": "13",
            "mm": "20",
            "congestionCar": [
              38,
              44,
              35,
              43,
              33,
              41,
              34,
              36,
              27,
              30
            ]
          },
          {
            "dow": "WED",
            "hh": "13",
            "mm": "30",
            "congestionCar": [
              50,
              46,
              48,
              38,
              41,
              42,
              40,
              34,
              37,
              25
            ]
          },
          {
            "dow": "WED",
            "hh": "13",
            "mm": "40",
            "congestionCar": [
              43,
              46,
              35,
              38,
              36,
              39,
              33,
              32,
              31,
              26
            ]
          },
          {
            "dow": "WED",
            "hh": "13",
            "mm": "50",
            "congestionCar": [
              40,
              40,
              35,
              41,
              34,
              31,
              33,
              28,
              27,
              22
            ]
          }
        ]
      },
      {
        "startStationCode": "228",
        "startStationName": "서울대입구역",
        "endStationCode": "211-R",
        "endStationName": "성수역",
        "prevStationCode": "201",
        "prevStationName": "시청역",
        "updnLine": 1,
        "directAt": 0,
        "data": [
          {
            "dow": "WED",
            "hh": "13",
            "mm": "00",
            "congestionCar": [
              47,
              35,
              29,
              37,
              32,
              36,
              31,
              33,
              22,
              28
            ]
          },
          {
            "dow": "WED",
            "hh": "13",
            "mm": "10",
            "congestionCar": [
              50,
              39,
              35,
              38,
              36,
              37,
              32,
              33,
              29,
              30
            ]
          },
          {
            "dow": "WED",
            "hh": "13",
            "mm": "20",
            "congestionCar": [
              38,
              44,
              35,
              43,
              33,
              41,
              34,
              36,
              27,
              30
            ]
          },
          {
            "dow": "WED",
            "hh": "13",
            "mm": "30",
            "congestionCar": [
              50,
              46,
              48,
              38,
              41,
              42,
              40,
              34,
              37,
              25
            ]
          },
          {
            "dow": "WED",
            "hh": "13",
            "mm": "40",
            "congestionCar": [
              43,
              46,
              35,
              38,
              36,
              39,
              33,
              32,
              31,
              26
            ]
          },
          {
            "dow": "WED",
            "hh": "13",
            "mm": "50",
            "congestionCar": [
              40,
              40,
              35,
              41,
              34,
              31,
              33,
              28,
              27,
              22
            ]
          }
        ]
      },
      {
        "startStationCode": "234",
        "startStationName": "신도림역",
        "endStationCode": "211",
        "endStationName": "성수역",
        "prevStationCode": "201",
        "prevStationName": "시청역",
        "updnLine": 1,
        "directAt": 0,
        "data": [
          {
            "dow": "WED",
            "hh": "13",
            "mm": "00",
            "congestionCar": [
              47,
              35,
              29,
              37,
              32,
              36,
              31,
              33,
              22,
              28
            ]
          },
          {
            "dow": "WED",
            "hh": "13",
            "mm": "10",
            "congestionCar": [
              50,
              39,
              35,
              38,
              36,
              37,
              32,
              33,
              29,
              30
            ]
          },
          {
            "dow": "WED",
            "hh": "13",
            "mm": "20",
            "congestionCar": [
              38,
              44,
              35,
              43,
              33,
              41,
              34,
              36,
              27,
              30
            ]
          },
          {
            "dow": "WED",
            "hh": "13",
            "mm": "30",
            "congestionCar": [
              50,
              46,
              48,
              38,
              41,
              42,
              40,
              34,
              37,
              25
            ]
          },
          {
            "dow": "WED",
            "hh": "13",
            "mm": "40",
            "congestionCar": [
              43,
              46,
              35,
              38,
              36,
              39,
              33,
              32,
              31,
              26
            ]
          },
          {
            "dow": "WED",
            "hh": "13",
            "mm": "50",
            "congestionCar": [
              40,
              40,
              35,
              41,
              34,
              31,
              33,
              28,
              27,
              22
            ]
          }
        ]
      },
      {
        "startStationCode": "234",
        "startStationName": "신도림역",
        "endStationCode": "211-R",
        "endStationName": "성수역",
        "prevStationCode": "201",
        "prevStationName": "시청역",
        "updnLine": 1,
        "directAt": 0,
        "data": [
          {
            "dow": "WED",
            "hh": "13",
            "mm": "00",
            "congestionCar": [
              47,
              35,
              29,
              37,
              32,
              36,
              31,
              33,
              22,
              28
            ]
          },
          {
            "dow": "WED",
            "hh": "13",
            "mm": "10",
            "congestionCar": [
              50,
              39,
              35,
              38,
              36,
              37,
              32,
              33,
              29,
              30
            ]
          },
          {
            "dow": "WED",
            "hh": "13",
            "mm": "20",
            "congestionCar": [
              38,
              44,
              35,
              43,
              33,
              41,
              34,
              36,
              27,
              30
            ]
          },
          {
            "dow": "WED",
            "hh": "13",
            "mm": "30",
            "congestionCar": [
              50,
              46,
              48,
              38,
              41,
              42,
              40,
              34,
              37,
              25
            ]
          },
          {
            "dow": "WED",
            "hh": "13",
            "mm": "40",
            "congestionCar": [
              43,
              46,
              35,
              38,
              36,
              39,
              33,
              32,
              31,
              26
            ]
          },
          {
            "dow": "WED",
            "hh": "13",
            "mm": "50",
            "congestionCar": [
              40,
              40,
              35,
              41,
              34,
              31,
              33,
              28,
              27,
              22
            ]
          }
        ]
      },
      {
        "startStationCode": "239",
        "startStationName": "홍대입구역",
        "endStationCode": "211",
        "endStationName": "성수역",
        "prevStationCode": "201",
        "prevStationName": "시청역",
        "updnLine": 1,
        "directAt": 0,
        "data": [
          {
            "dow": "WED",
            "hh": "13",
            "mm": "00",
            "congestionCar": [
              47,
              35,
              29,
              37,
              32,
              36,
              31,
              33,
              22,
              28
            ]
          },
          {
            "dow": "WED",
            "hh": "13",
            "mm": "10",
            "congestionCar": [
              50,
              39,
              35,
              38,
              36,
              37,
              32,
              33,
              29,
              30
            ]
          },
          {
            "dow": "WED",
            "hh": "13",
            "mm": "20",
            "congestionCar": [
              38,
              44,
              35,
              43,
              33,
              41,
              34,
              36,
              27,
              30
            ]
          },
          {
            "dow": "WED",
            "hh": "13",
            "mm": "30",
            "congestionCar": [
              50,
              46,
              48,
              38,
              41,
              42,
              40,
              34,
              37,
              25
            ]
          },
          {
            "dow": "WED",
            "hh": "13",
            "mm": "40",
            "congestionCar": [
              43,
              46,
              35,
              38,
              36,
              39,
              33,
              32,
              31,
              26
            ]
          },
          {
            "dow": "WED",
            "hh": "13",
            "mm": "50",
            "congestionCar": [
              40,
              40,
              35,
              41,
              34,
              31,
              33,
              28,
              27,
              22
            ]
          }
        ]
      },
      {
        "startStationCode": "239",
        "startStationName": "홍대입구역",
        "endStationCode": "211-R",
        "endStationName": "성수역",
        "prevStationCode": "201",
        "prevStationName": "시청역",
        "updnLine": 1,
        "directAt": 0,
        "data": [
          {
            "dow": "WED",
            "hh": "13",
            "mm": "00",
            "congestionCar": [
              47,
              35,
              29,
              37,
              32,
              36,
              31,
              33,
              22,
              28
            ]
          },
          {
            "dow": "WED",
            "hh": "13",
            "mm": "10",
            "congestionCar": [
              50,
              39,
              35,
              38,
              36,
              37,
              32,
              33,
              29,
              30
            ]
          },
          {
            "dow": "WED",
            "hh": "13",
            "mm": "20",
            "congestionCar": [
              38,
              44,
              35,
              43,
              33,
              41,
              34,
              36,
              27,
              30
            ]
          },
          {
            "dow": "WED",
            "hh": "13",
            "mm": "30",
            "congestionCar": [
              50,
              46,
              48,
              38,
              41,
              42,
              40,
              34,
              37,
              25
            ]
          },
          {
            "dow": "WED",
            "hh": "13",
            "mm": "40",
            "congestionCar": [
              43,
              46,
              35,
              38,
              36,
              39,
              33,
              32,
              31,
              26
            ]
          },
          {
            "dow": "WED",
            "hh": "13",
            "mm": "50",
            "congestionCar": [
              40,
              40,
              35,
              41,
              34,
              31,
              33,
              28,
              27,
              22
            ]
          }
        ]
      }
    ],
    "statStartDate": "20230924",
    "statEndDate": "20231223"
  }
}