{
  "status": {
    "code": "00",
    "message": "success",
    "totalCount": 1
  },
  "contents": {
    "subwayLine": "2호선",
    "stationName": "삼성역",
    "stationCode": "219",
    "stat": [
      {
        "startStationCode": "202",
        "startStationName": "을지로입구역",
        "endStationCode": "211",
        "endStationName": "성수역",
        "prevStationCode": "220",
        "prevStationName": "선릉역",
        "updnLine": 0,
        "directAt": 0,
        "data": [
          {
            "dow": "MON",
            "hh": "08",
            "mm": "00",
            "congestionCar": [
              71,
              65,
              69,
              73,
              64,
              66,
              63,
              68,
              46,
              55
            ]
          },
          {
            "dow": "MON",
            "hh": "08",
            "mm": "10",
            "congestionCar": [
              90,
              85,
              84,
              76,
              71,
              75,
              85,
              79,
              65,
              71
            ]
          },
          {
            "dow": "MON",
            "hh": "08",
            "mm": "20",
            "congestionCar": [
              83,
              77,
              81,
              92,
              78,
              80,
              80,
              80,
              70,
              69
            ]
          },
          {
            "dow": "MON",
            "hh": "08",
            "mm": "30",
            "congestionCar": [
              81,
              83,
              96,
              87,
              78,
              80,
              75,
              92,
              68,
              72
            ]
          },
          {
            "dow": "MON",
            "hh": "08",
            "mm": "40",
            "congestionCar": [
              72,
              58,
              82,
              78,
              68,
              64,
              75,
              78,
              59,
              66
            ]
          },
          {
            "dow": "MON",
            "hh": "08",
            "mm": "50",
            "congestionCar": [
              52,
              49,
              54,
              70,
              72,
              54,
              64,
              80,
              56,
              59
            ]
          }
        ]
      },
      {
        "startStationCode": "202",
        "startStationName": "을지로입구역",
        "endStationCode": "211-R",
        "endStationName": "성수역",
        "prevStationCode": "220",
        "prevStationName": "선릉역",
        "updnLine": 0,
        "directAt": 0,
        "data": [
          {
            "dow": "MON",
            "hh": "08",
            "mm": "00",
            "congestionCar": [
              71,
              65,
              69,
              73,
              64,
              66,
              63,
              68,
              46,
              55
            ]
          },
          {
            "dow": "MON",
            "hh": "08",
            "mm": "10",
            "congestionCar": [
              90,
              85,
              84,
              76,
              71,
              75,
              85,
              79,
              65,
              71
            ]
          },
          {
            "dow": "MON",
            "hh": "08",
            "mm": "20",
            "congestionCar": [
              83,
              77,
              81,
              92,
              78,
              80,
              80,
              80,
              70,
              69
            ]
          },
          {
            "dow": "MON",
            "hh": "08",
            "mm": "30",
            "congestionCar": [
              81,
              83,
              96,
              87,
              78,
              80,
              75,
              92,
              68,
              72
            ]
          },
          {
            "dow": "MON",
            "hh": "08",
            "mm": "40",
            "congestionCar": [
              72,
              58,
              82,
              78,
              68,
              64,
              75,
              78,
              59,
              66
            ]
          },
          {
            "dow": "MON",
            "hh": "08",
            "mm": "50",
            "congestionCar": [
              52,
              49,
              54,
              70,
              72,
              54,
              64,
              80,
              56,
              59
            ]
          }
        ]
      },
      {
        "startStationCode": "211",
        "startStationName": "성수역",
        "endStationCode": "202",
        "endStationName": "을지로입구역",
        "prevStationCode": "218",
        "prevStationName": "종합운동장역",
        "updnLine": 1,
        "directAt": 0,
        "data": [
          {
            "dow": "MON",
            "hh": "08",
            "mm": "00",
            "congestionCar": [
              79,
              92,
              102,
              111,
              101,
              116,
              119,
              100,
              91,
              99
            ]
          },
          {
            "dow": "MON",
            "hh": "08",
            "mm": "10",
            "congestionCar": [
              82,
              100,
              119,
              116,
              124,
              118,
              131,
              124,
              97,
              88
            ]
          },
          {
            "dow": "MON",
            "hh": "08",
            "mm": "20",
            "congestionCar": [
              118,
              107,
              145,
              148,
              159,
              131,
              151,
              138,
              102,
              100
            ]
          },
          {
            "dow": "MON",
            "hh": "08",
            "mm": "30",
            "congestionCar": [
              133,
              139,
              159,
              164,
              161,
              179,
              160,
              155,
              123,
              126
            ]
          },
          {
            "dow": "MON",
            "hh": "08",
            "mm": "40",
            "congestionCar": [
              129,
              135,
              143,
              142,
              147,
              162,
              155,
              140,
              114,
              103
            ]
          },
          {
            "dow": "MON",
            "hh": "08",
            "mm": "50",
            "congestionCar": [
              96,
              99,
              101,
              121,
              102,
              129,
              127,
              99,
              80,
              77
            ]
          }
        ]
      },
      {
        "startStationCode": "211",
        "startStationName": "성수역",
        "endStationCode": "211",
        "endStationName": "성수역",
        "prevStationCode": "220",
        "prevStationName": "선릉역",
        "updnLine": 0,
        "directAt": 0,
        "data": [
          {
            "dow": "MON",
            "hh": "08",
            "mm": "00",
            "congestionCar": [
              71,
              65,
              69,
              73,
              64,
              66,
              63,
              68,
              46,
              55
            ]
          },
          {
            "dow": "MON",
            "hh": "08",
            "mm": "10",
            "congestionCar": [
              90,
              85,
              84,
              76,
              71,
              75,
              85,
              79,
              65,
              71
            ]
          },
          {
            "dow": "MON",
            "hh": "08",
            "mm": "20",
            "congestionCar": [
              83,
              77,
              81,
              92,
              78,
              80,
              80,
              80,
              70,
              69
            ]
          },
          {
            "dow": "MON",
            "hh": "08",
            "mm": "30",
            "congestionCar": [
              28,
              29,
              33,
              30,
              27,
              28,
              26,
              32,
              24,
              25
            ]
          },
          {
            "dow": "MON",
            "hh": "08",
            "mm": "40",
            "congestionCar": [
              58,
              47,
              67,
              63,
              55,
              52,
              61,
              64,
              48,
              54
            ]
          },
          {
            "dow": "MON",
            "hh": "08",
            "mm": "50",
            "congestionCar": [
              49,
              46,
              51,
              65,
              67,
              50,
              60,
              75,
              52,
              55
            ]
          }
        ]
      },
      {
        "startStationCode": "211",
        "startStationName": "성수역",
        "endStationCode": "211",
        "endStationName": "성수역",
        "prevStationCode": "218",
        "prevStationName": "종합운동장역",
        "updnLine": 1,
        "directAt": 0,
        "data": [
          {
            "dow": "MON",
            "hh": "08",
            "mm": "00",
            "congestionCar": [
              85,
              99,
              110,
              119,
              109,
              125,
              129,
              107,
              99,
              107
            ]
          },
          {
            "dow": "MON",
            "hh": "08",
            "mm": "10",
            "congestionCar": [
              82,
              99,
              118,
              115,
              123,
              117,
              130,
              123,
              96,
              87
            ]
          },
          {
            "dow": "MON",
            "hh": "08",
            "mm": "20",
            "congestionCar": [
              123,
              112,
              152,
              155,
              167,
              138,
              158,
              144,
              106,
              105
            ]
          },
          {
            "dow": "MON",
            "hh": "08",
            "mm": "30",
            "congestionCar": [
              145,
              152,
              173,
              179,
              175,
              195,
              174,
              169,
              134,
              137
            ]
          },
          {
            "dow": "MON",
            "hh": "08",
            "mm": "40",
            "congestionCar": [
              137,
              144,
              152,
              152,
              157,
              173,
              165,
              150,
              121,
              110
            ]
          },
          {
            "dow": "MON",
            "hh": "08",
            "mm": "50",
            "congestionCar": [
              120,
              124,
              127,
              151,
              128,
              161,
              159,
              124,
              100,
              96
            ]
          }
        ]
      },
      {
        "startStationCode": "211",
        "startStationName": "성수역",
        "endStationCode": "211-R",
        "endStationName": "성수역",
        "prevStationCode": "220",
        "prevStationName": "선릉역",
        "updnLine": 0,
        "directAt": 0,
        "data": [
          {
            "dow": "MON",
            "hh": "08",
            "mm": "00",
            "congestionCar": [
              69,
              63,
              67,
              70,
              62,
              64,
              61,
              66,
              44,
              53
            ]
          },
          {
            "dow": "MON",
            "hh": "08",
            "mm": "10",
            "congestionCar": [
              88,
              83,
              81,
              75,
              69,
              73,
              82,
              77,
              64,
              69
            ]
          },
          {
            "dow": "MON",
            "hh": "08",
            "mm": "20",
            "congestionCar": [
              80,
              74,
              78,
              89,
              75,
              77,
              77,
              77,
              68,
              67
            ]
          },
          {
            "dow": "MON",
            "hh": "08",
            "mm": "30",
            "congestionCar": [
              78,
              80,
              92,
              83,
              75,
              77,
              72,
              89,
              65,
              69
            ]
          },
          {
            "dow": "MON",
            "hh": "08",
            "mm": "40",
            "congestionCar": [
              75,
              60,
              85,
              81,
              71,
              67,
              78,
              81,
              62,
              69
            ]
          },
          {
            "dow": "MON",
            "hh": "08",
            "mm": "50",
            "congestionCar": [
              52,
              49,
              54,
              70,
              72,
              54,
              64,
              80,
              56,
              59
            ]
          }
        ]
      },
      {
        "startStationCode": "211",
        "startStationName": "성수역",
        "endStationCode": "211-R",
        "endStationName": "성수역",
        "prevStationCode": "218",
        "prevStationName": "종합운동장역",
        "updnLine": 1,
        "directAt": 0,
        "data": [
          {
            "dow": "MON",
            "hh": "08",
            "mm": "00",
            "congestionCar": [
              78,
              90,
              100,
              108,
              99,
              114,
              117,
              98,
              90,
              97
            ]
          },
          {
            "dow": "MON",
            "hh": "08",
            "mm": "10",
            "congestionCar": [
              83,
              101,
              120,
              117,
              125,
              119,
              132,
              126,
              98,
              89
            ]
          },
          {
            "dow": "MON",
            "hh": "08",
            "mm": "20",
            "congestionCar": [
              118,
              107,
              145,
              148,
              159,
              131,
              151,
              138,
              102,
              100
            ]
          },
          {
            "dow": "MON",
            "hh": "08",
            "mm": "30",
            "congestionCar": [
              126,
              132,
              151,
              156,
              152,
              170,
              151,
              147,
              117,
              119
            ]
          },
          {
            "dow": "MON",
            "hh": "08",
            "mm": "40",
            "congestionCar": [
              129,
              135,
              143,
              142,
              147,
              162,
              155,
              140,
              114,
              103
            ]
          },
          {
            "dow": "MON",
            "hh": "08",
            "mm": "50",
            "congestionCar": [
              84,
              86,
              88,
              106,
              89,
              112,
              111,
              86,
              70,
              67
            ]
          }
        ]
      },
      {
        "startStationCode": "211",
        "startStationName": "성수역",
        "endStationCode": "219",
        "endStationName": "삼성역",
        "prevStationCode": "220",
        "prevStationName": "선릉역",
        "updnLine": 0,
        "directAt": 0,
        "data": [
          {
            "dow": "MON",
            "hh": "08",
            "mm": "00",
            "congestionCar": [
              71,
              65,
              69,
              73,
              64,
              66,
              63,
              68,
              46,
              55
            ]
          },
          {
            "dow": "MON",
            "hh": "08",
            "mm": "10",
            "congestionCar": [
              90,
              85,
              84,
              76,
              71,
              75,
              85,
              79,
              65,
              71
            ]
          },
          {
            "dow": "MON",
            "hh": "08",
            "mm": "20",
            "congestionCar": [
              83,
              77,
              81,
              92,
              78,
              80,
              80,
              80,
              70,
              69
            ]
          },
          {
            "dow": "MON",
            "hh": "08",
            "mm": "30",
            "congestionCar": [
              81,
              83,
              96,
              87,
              78,
              80,
              75,
              92,
              68,
              72
            ]
          },
          {
            "dow": "MON",
            "hh": "08",
            "mm": "40",
            "congestionCar": [
              72,
              58,
              82,
              78,
              68,
              64,
              75,
              78,
              59,
              66
            ]
          },
          {
            "dow": "MON",
            "hh": "08",
            "mm": "50",
            "congestionCar": [
              52,
              49,
              54,
              70,
              72,
              54,
              64,
              80,
              56,
              59
            ]
          }
        ]
      },
      {
        "startStationCode": "211",
        "startStationName": "성수역",
        "endStationCode": "219",
        "endStationName": "삼성역",
        "prevStationCode": "218",
        "prevStationName": "종합운동장역",
        "updnLine": 1,
        "directAt": 0,
        "data": [
          {
            "dow": "MON",
            "hh": "08",
            "mm": "00",
            "congestionCar": [
              79,
              92,
              102,
              111,
              101,
              116,
              119,
              100,
              91,
              99
            ]
          },
          {
            "dow": "MON",
            "hh": "08",
            "mm": "10",
            "congestionCar": [
              82,
              100,
              119,
              116,
              124,
              118,
              131,
              124,
              97,
              88
            ]
          },
          {
            "dow": "MON",
            "hh": "08",
            "mm": "20",
            "congestionCar": [
              118,
              107,
              145,
              148,
              159,
              131,
              151,
              138,
              102,
              100
            ]
          },
          {
            "dow": "MON",
            "hh": "08",
            "mm": "30",
            "congestionCar": [
              133,
              139,
              159,
              164,
              161,
              179,
              160,
              155,
              123,
              126
            ]
          },
          {
            "dow": "MON",
            "hh": "08",
            "mm": "40",
            "congestionCar": [
              129,
              135,
              143,
              142,
              147,
              162,
              155,
              140,
              114,
              103
            ]
          },
          {
            "dow": "MON",
            "hh": "08",
            "mm": "50",
            "congestionCar": [
              96,
              99,
              101,
              121,
              102,
              129,
              127,
              99,
              80,
              77
            ]
          }
        ]
      },
      {
        "startStationCode": "211",
        "startStationName": "성수역",
        "endStationCode": "228",
        "endStationName": "서울대입구역",
        "prevStationCode": "218",
        "prevStationName": "종합운동장역",
        "updnLine": 1,
        "directAt": 0,
        "data": [
          {
            "dow": "MON",
            "hh": "08",
            "mm": "00",
            "congestionCar": [
              79,
              92,
              102,
              111,
              101,
              116,
              119,
              100,
              91,
              99
            ]
          },
          {
            "dow": "MON",
            "hh": "08",
            "mm": "10",
            "congestionCar": [
              82,
              100,
              119,
              116,
              124,
              118,
              131,
              124,
              97,
              88
            ]
          },
          {
            "dow": "MON",
            "hh": "08",
            "mm": "20",
            "congestionCar": [
              118,
              107,
              145,
              148,
              159,
              131,
              151,
              138,
              102,
              100
            ]
          },
          {
            "dow": "MON",
            "hh": "08",
            "mm": "30",
            "congestionCar": [
              133,
              139,
              159,
              164,
              161,
              179,
              160,
              155,
              123,
              126
            ]
          },
          {
            "dow": "MON",
            "hh": "08",
            "mm": "40",
            "congestionCar": [
              129,
              135,
              143,
              142,
              147,
              162,
              155,
              140,
              114,
              103
            ]
          },
          {
            "dow": "MON",
            "hh": "08",
            "mm": "50",
            "congestionCar": [
              96,
              99,
              101,
              121,
              102,
              129,
              127,
              99,
              80,
              77
            ]
          }
        ]
      },
      {
        "startStationCode": "211",
        "startStationName": "성수역",
        "endStationCode": "234",
        "endStationName": "신도림역",
        "prevStationCode": "218",
        "prevStationName": "종합운동장역",
        "updnLine": 1,
        "directAt": 0,
        "data": [
          {
            "dow": "MON",
            "hh": "08",
            "mm": "00",
            "congestionCar": [
              79,
              92,
              102,
              111,
              101,
              116,
              119,
              100,
              91,
              99
            ]
          },
          {
            "dow": "MON",
            "hh": "08",
            "mm": "10",
            "congestionCar": [
              82,
              100,
              119,
              116,
              124,
              118,
              131,
              124,
              97,
              88
            ]
          },
          {
            "dow": "MON",
            "hh": "08",
            "mm": "20",
            "congestionCar": [
              118,
              107,
              145,
              148,
              159,
              131,
              151,
              138,
              102,
              100
            ]
          },
          {
            "dow": "MON",
            "hh": "08",
            "mm": "30",
            "congestionCar": [
              133,
              139,
              159,
              164,
              161,
              179,
              160,
              155,
              123,
              126
            ]
          },
          {
            "dow": "MON",
            "hh": "08",
            "mm": "40",
            "congestionCar": [
              129,
              135,
              143,
              142,
              147,
              162,
              155,
              140,
              114,
              103
            ]
          },
          {
            "dow": "MON",
            "hh": "08",
            "mm": "50",
            "congestionCar": [
              96,
              99,
              101,
              121,
              102,
              129,
              127,
              99,
              80,
              77
            ]
          }
        ]
      },
      {
        "startStationCode": "211",
        "startStationName": "성수역",
        "endStationCode": "239",
        "endStationName": "홍대입구역",
        "prevStationCode": "218",
        "prevStationName": "종합운동장역",
        "updnLine": 1,
        "directAt": 0,
        "data": [
          {
            "dow": "MON",
            "hh": "08",
            "mm": "00",
            "congestionCar": [
              79,
              92,
              102,
              111,
              101,
              116,
              119,
              100,
              91,
              99
            ]
          },
          {
            "dow": "MON",
            "hh": "08",
            "mm": "10",
            "congestionCar": [
              82,
              100,
              119,
              116,
              124,
              118,
              131,
              124,
              97,
              88
            ]
          },
          {
            "dow": "MON",
            "hh": "08",
            "mm": "20",
            "congestionCar": [
              118,
              107,
              145,
              148,
              159,
              131,
              151,
              138,
              102,
              100
            ]
          },
          {
            "dow": "MON",
            "hh": "08",
            "mm": "30",
            "congestionCar": [
              133,
              139,
              159,
              164,
              161,
              179,
              160,
              155,
              123,
              126
            ]
          },
          {
            "dow": "MON",
            "hh": "08",
            "mm": "40",
            "congestionCar": [
              129,
              135,
              143,
              142,
              147,
              162,
              155,
              140,
              114,
              103
            ]
          },
          {
            "dow": "MON",
            "hh": "08",
            "mm": "50",
            "congestionCar": [
              96,
              99,
              101,
              121,
              102,
              129,
              127,
              99,
              80,
              77
            ]
          }
        ]
      },
      {
        "startStationCode": "228",
        "startStationName": "서울대입구역",
        "endStationCode": "211",
        "endStationName": "성수역",
        "prevStationCode": "220",
        "prevStationName": "선릉역",
        "updnLine": 0,
        "directAt": 0,
        "data": [
          {
            "dow": "MON",
            "hh": "08",
            "mm": "00",
            "congestionCar": [
              71,
              65,
              69,
              73,
              64,
              66,
              63,
              68,
              46,
              55
            ]
          },
          {
            "dow": "MON",
            "hh": "08",
            "mm": "10",
            "congestionCar": [
              90,
              85,
              84,
              76,
              71,
              75,
              85,
              79,
              65,
              71
            ]
          },
          {
            "dow": "MON",
            "hh": "08",
            "mm": "20",
            "congestionCar": [
              83,
              77,
              81,
              92,
              78,
              80,
              80,
              80,
              70,
              69
            ]
          },
          {
            "dow": "MON",
            "hh": "08",
            "mm": "30",
            "congestionCar": [
              81,
              83,
              96,
              87,
              78,
              80,
              75,
              92,
              68,
              72
            ]
          },
          {
            "dow": "MON",
            "hh": "08",
            "mm": "40",
            "congestionCar": [
              72,
              58,
              82,
              78,
              68,
              64,
              75,
              78,
              59,
              66
            ]
          },
          {
            "dow": "MON",
            "hh": "08",
            "mm": "50",
            "congestionCar": [
              52,
              49,
              54,
              70,
              72,
              54,
              64,
              80,
              56,
              59
            ]
          }
        ]
      },
      {
        "startStationCode": "228",
        "startStationName": "서울대입구역",
        "endStationCode": "211-R",
        "endStationName": "성수역",
        "prevStationCode": "220",
        "prevStationName": "선릉역",
        "updnLine": 0,
        "directAt": 0,
        "data": [
          {
            "dow": "MON",
            "hh": "08",
            "mm": "00",
            "congestionCar": [
              71,
              65,
              69,
              73,
              64,
              66,
              63,
              68,
              46,
              55
            ]
          },
          {
            "dow": "MON",
            "hh": "08",
            "mm": "10",
            "congestionCar": [
              90,
              85,
              84,
              76,
              71,
              75,
              85,
              79,
              65,
              71
            ]
          },
          {
            "dow": "MON",
            "hh": "08",
            "mm": "20",
            "congestionCar": [
              83,
              77,
              81,
              92,
              78,
              80,
              80,
              80,
              70,
              69
            ]
          },
          {
            "dow": "MON",
            "hh": "08",
            "mm": "30",
            "congestionCar": [
              81,
              83,
              96,
              87,
              78,
              80,
              75,
              92,
              68,
              72
            ]
          },
          {
            "dow": "MON",
            "hh": "08",
            "mm": "40",
            "congestionCar": [
              72,
              58,
              82,
              78,
              68,
              64,
              75,
              78,
              59,
              66
            ]
          },
          {
            "dow": "MON",
            "hh": "08",
            "mm": "50",
            "congestionCar": [
              52,
              49,
              54,
              70,
              72,
              54,
              64,
              80,
              56,
              59
            ]
          }
        ]
      },
      {
        "startStationCode": "234",
        "startStationName": "신도림역",
        "endStationCode": "211",
        "endStationName": "성수역",
        "prevStationCode": "220",
        "prevStationName": "선릉역",
        "updnLine": 0,
        "directAt": 0,
        "data": [
          {
            "dow": "MON",
            "hh": "08",
            "mm": "00",
            "congestionCar": [
              71,
              65,
              69,
              73,
              64,
              66,
              63,
              68,
              46,
              55
            ]
          },
          {
            "dow": "MON",
            "hh": "08",
            "mm": "10",
            "congestionCar": [
              90,
              85,
              84,
              76,
              71,
              75,
              85,
              79,
              65,
              71
            ]
          },
          {
            "dow": "MON",
            "hh": "08",
            "mm": "20",
            "congestionCar": [
              83,
              77,
              81,
              92,
              78,
              80,
              80,
              80,
              70,
              69
            ]
          },
          {
            "dow": "MON",
            "hh": "08",
            "mm": "30",
            "congestionCar": [
              81,
              83,
              96,
              87,
              78,
              80,
              75,
              92,
              68,
              72
            ]
          },
          {
            "dow": "MON",
            "hh": "08",
            "mm": "40",
            "congestionCar": [
              72,
              58,
              82,
              78,
              68,
              64,
              75,
              78,
              59,
              66
            ]
          },
          {
            "dow": "MON",
            "hh": "08",
            "mm": "50",
            "congestionCar": [
              52,
              49,
              54,
              70,
              72,
              54,
              64,
              80,
              56,
              59
            ]
          }
        ]
      },
      {
        "startStationCode": "234",
        "startStationName": "신도림역",
        "endStationCode": "211-R",
        "endStationName": "성수역",
        "prevStationCode": "220",
        "prevStationName": "선릉역",
        "updnLine": 0,
        "directAt": 0,
        "data": [
          {
            "dow": "MON",
            "hh": "08",
            "mm": "00",
            "congestionCar": [
              91,
              84,
              88,
              93,
              82,
              84,
              81,
              87,
              59,
              71
            ]
          },
          {
            "dow": "MON",
            "hh": "08",
            "mm": "10",
            "congestionCar": [
              104,
              98,
              96,
              88,
              81,
              86,
              98,
              91,
              75,
              82
            ]
          },
          {
            "dow": "MON",
            "hh": "08",
            "mm": "20",
            "congestionCar": [
              91,
              84,
              88,
              100,
              85,
              87,
              87,
              87,
              76,
              75
            ]
          },
          {
            "dow": "MON",
            "hh": "08",
            "mm": "30",
            "congestionCar": [
              84,
              86,
              99,
              90,
              81,
              83,
              77,
              95,
              71,
              75
            ]
          },
          {
            "dow": "MON",
            "hh": "08",
            "mm": "40",
            "congestionCar": [
              79,
              64,
              90,
              86,
              75,
              71,
              83,
              86,
              65,
              73
            ]
          },
          {
            "dow": "MON",
            "hh": "08",
            "mm": "50",
            "congestionCar": [
              54,
              51,
              56,
              72,
              74,
              56,
              66,
              82,
              57,
              61
            ]
          }
        ]
      },
      {
        "startStationCode": "239",
        "startStationName": "홍대입구역",
        "endStationCode": "211",
        "endStationName": "성수역",
        "prevStationCode": "220",
        "prevStationName": "선릉역",
        "updnLine": 0,
        "directAt": 0,
        "data": [
          {
            "dow": "MON",
            "hh": "08",
            "mm": "00",
            "congestionCar": [
              71,
              65,
              69,
              73,
              64,
              66,
              63,
              68,
              46,
              55
            ]
          },
          {
            "dow": "MON",
            "hh": "08",
            "mm": "10",
            "congestionCar": [
              90,
              85,
              84,
              76,
              71,
              75,
              85,
              79,
              65,
              71
            ]
          },
          {
            "dow": "MON",
            "hh": "08",
            "mm": "20",
            "congestionCar": [
              83,
              77,
              81,
              92,
              78,
              80,
              80,
              80,
              70,
              69
            ]
          },
          {
            "dow": "MON",
            "hh": "08",
            "mm": "30",
            "congestionCar": [
              81,
              83,
              96,
              87,
              78,
              80,
              75,
              92,
              68,
              72
            ]
          },
          {
            "dow": "MON",
            "hh": "08",
            "mm": "40",
            "congestionCar": [
              72,
              58,
              82,
              78,
              68,
              64,
              75,
              78,
              59,
              66
            ]
          },
          {
            "dow": "MON",
            "hh": "08",
            "mm": "50",
            "congestionCar": [
              52,
              49,
              54,
              70,
              72,
              54,
              64,
              80,
              56,
              59
            ]
          }
        ]
      },
      {
        "startStationCode": "239",
        "startStationName": "홍대입구역",
        "endStationCode": "211-R",
        "endStationName": "성수역",
        "prevStationCode": "220",
        "prevStationName": "선릉역",
        "updnLine": 0,
        "directAt": 0,
        "data": [
          {
            "dow": "MON",
            "hh": "08",
            "mm": "00",
            "congestionCar": [
              71,
              65,
              69,
              73,
              64,
              66,
              63,
              68,
              46,
              55
            ]
          },
          {
            "dow": "MON",
            "hh": "08",
            "mm": "10",
            "congestionCar": [
              90,
              85,
              84,
              76,
              71,
              75,
              85,
              79,
              65,
              71
            ]
          },
          {
            "dow": "MON",
            "hh": "08",
            "mm": "20",
            "congestionCar": [
              83,
              77,
              81,
              92,
              78,
              80,
              80,
              80,
              70,
              69
            ]
          },
          {
            "dow": "MON",
            "hh": "08",
            "mm": "30",
            "congestionCar": [
              81,
              83,
              96,
              87,
              78,
              80,
              75,
              92,
              68,
              72
            ]
          },
          {
            "dow": "MON",
            "hh": "08",
            "mm": "40",
            "congestionCar": [
              72,
              58,
              82,
              78,
              68,
              64,
              75,
              78,
              59,
              66
            ]
          },
          {
            "dow": "MON",
            "hh": "08",
            "mm": "50",
            "congestionCar": [
              52,
              49,
              54,
              70,
              72,
              54,
              64,
              80,
              56,
              59
            ]
          }
        ]
      }
    ],
    "statStartDate": "20230923",
    "statEndDate": "20231222"
  }
}