{
  "status": {
    "code": "00",
    "message": "success",
    "totalCount": 1
  },
  "contents": {
    "subwayLine": "2호선",
    "stationName": "을지로4가역",
    "stationCode": "204",
    "stat": [
      {
        "startStationCode": "202",
        "startStationName": "을지로입구역",
        "endStationCode": "211",
        "endStationName": "성수역",
        "prevStationCode": "203",
        "prevStationName": "을지로3가역",
        "updnLine": 1,
        "directAt": 0,
        "data": [
          {
            "dow": "FRI",
            "hh": "13",
            "mm": "00",
            "congestionCar": [
              40,
              47,
              40,
              47,
              42,
              35,
              34,
              33,
              26,
              26
            ]
          },
          {
            "dow": "FRI",
            "hh": "13",
            "mm": "10",
            "congestionCar": [
              56,
              55,
              51,
              54,
              47,
              47,
              38,
              45,
              37,
              39
            ]
          },
          {
            "dow": "FRI",
            "hh": "13",
            "mm": "20",
            "congestionCar": [
              51,
              61,
              55,
              63,
              44,
              56,
              41,
              42,
              36,
              40
            ]
          },
          {
            "dow": "FRI",
            "hh": "13",
            "mm": "30",
            "congestionCar": [
              39,
              55,
              52,
              45,
              49,
              39,
              43,
              39,
              35,
              32
            ]
          },
          {
            "dow": "FRI",
            "hh": "13",
            "mm": "40",
            "congestionCar": [
              43,
              58,
              56,
              49,
              43,
              45,
              39,
              38,
              41,
              29
            ]
          },
          {
            "dow": "FRI",
            "hh": "13",
            "mm": "50",
            "congestionCar": [
              38,
              44,
              38,
              43,
              30,
              33,
              29,
              25,
              25,
              24
            ]
          }
        ]
      },
      {
        "startStationCode": "202",
        "startStationName": "을지로입구역",
        "endStationCode": "211-R",
        "endStationName": "성수역",
        "prevStationCode": "203",
        "prevStationName": "을지로3가역",
        "updnLine": 1,
        "directAt": 0,
        "data": [
          {
            "dow": "FRI",
            "hh": "13",
            "mm": "00",
            "congestionCar": [
              40,
              47,
              40,
              47,
              42,
              35,
              34,
              33,
              26,
              26
            ]
          },
          {
            "dow": "FRI",
            "hh": "13",
            "mm": "10",
            "congestionCar": [
              56,
              55,
              51,
              54,
              47,
              47,
              38,
              45,
              37,
              39
            ]
          },
          {
            "dow": "FRI",
            "hh": "13",
            "mm": "20",
            "congestionCar": [
              51,
              61,
              55,
              63,
              44,
              56,
              41,
              42,
              36,
              40
            ]
          },
          {
            "dow": "FRI",
            "hh": "13",
            "mm": "30",
            "congestionCar": [
              39,
              55,
              52,
              45,
              49,
              39,
              43,
              39,
              35,
              32
            ]
          },
          {
            "dow": "FRI",
            "hh": "13",
            "mm": "40",
            "congestionCar": [
              43,
              58,
              56,
              49,
              43,
              45,
              39,
              38,
              41,
              29
            ]
          },
          {
            "dow": "FRI",
            "hh": "13",
            "mm": "50",
            "congestionCar": [
              38,
              44,
              38,
              43,
              30,
              33,
              29,
              25,
              25,
              24
            ]
          }
        ]
      },
      {
        "startStationCode": "211",
        "startStationName": "성수역",
        "endStationCode": "202",
        "endStationName": "을지로입구역",
        "prevStationCode": "205",
        "prevStationName": "동대문역사문화공원역",
        "updnLine": 0,
        "directAt": 0,
        "data": [
          {
            "dow": "FRI",
            "hh": "13",
            "mm": "00",
            "congestionCar": [
              26,
              25,
              39,
              44,
              42,
              37,
              31,
              28,
              25,
              32
            ]
          },
          {
            "dow": "FRI",
            "hh": "13",
            "mm": "10",
            "congestionCar": [
              27,
              29,
              37,
              42,
              41,
              46,
              35,
              32,
              30,
              31
            ]
          },
          {
            "dow": "FRI",
            "hh": "13",
            "mm": "20",
            "congestionCar": [
              24,
              28,
              40,
              50,
              43,
              40,
              38,
              36,
              28,
              33
            ]
          },
          {
            "dow": "FRI",
            "hh": "13",
            "mm": "30",
            "congestionCar": [
              24,
              31,
              41,
              43,
              40,
              42,
              33,
              30,
              26,
              30
            ]
          },
          {
            "dow": "FRI",
            "hh": "13",
            "mm": "40",
            "congestionCar": [
              28,
              32,
              35,
              40,
              40,
              38,
              35,
              28,
              31,
              32
            ]
          },
          {
            "dow": "FRI",
            "hh": "13",
            "mm": "50",
            "congestionCar": [
              23,
              21,
              34,
              36,
              39,
              33,
              34,
              25,
              23,
              32
            ]
          }
        ]
      },
      {
        "startStationCode": "211",
        "startStationName": "성수역",
        "endStationCode": "211",
        "endStationName": "성수역",
        "prevStationCode": "205",
        "prevStationName": "동대문역사문화공원역",
        "updnLine": 0,
        "directAt": 0,
        "data": [
          {
            "dow": "FRI",
            "hh": "13",
            "mm": "00",
            "congestionCar": [
              26,
              25,
              39,
              44,
              42,
              37,
              31,
              28,
              25,
              32
            ]
          },
          {
            "dow": "FRI",
            "hh": "13",
            "mm": "10",
            "congestionCar": [
              27,
              29,
              37,
              42,
              41,
              46,
              35,
              32,
              30,
              31
            ]
          },
          {
            "dow": "FRI",
            "hh": "13",
            "mm": "20",
            "congestionCar": [
              24,
              28,
              40,
              50,
              43,
              40,
              38,
              36,
              28,
              33
            ]
          },
          {
            "dow": "FRI",
            "hh": "13",
            "mm": "30",
            "congestionCar": [
              24,
              31,
              41,
              43,
              40,
              42,
              33,
              30,
              26,
              30
            ]
          },
          {
            "dow": "FRI",
            "hh": "13",
            "mm": "40",
            "congestionCar": [
              28,
              32,
              35,
              40,
              40,
              38,
              35,
              28,
              31,
              32
            ]
          },
          {
            "dow": "FRI",
            "hh": "13",
            "mm": "50",
            "congestionCar": [
              23,
              21,
              34,
              36,
              39,
              33,
              34,
              25,
              23,
              32
            ]
          }
        ]
      },
      {
        "startStationCode": "211",
        "startStationName": "성수역",
        "endStationCode": "211",
        "endStationName": "성수역",
        "prevStationCode": "203",
        "prevStationName": "을지로3가역",
        "updnLine": 1,
        "directAt": 0,
        "data": [
          {
            "dow": "FRI",
            "hh": "13",
            "mm": "00",
            "congestionCar": [
              27,
              32,
              27,
              32,
              29,
              24,
              23,
              22,
              18,
              18
            ]
          },
          {
            "dow": "FRI",
            "hh": "13",
            "mm": "10",
            "congestionCar": [
              60,
              59,
              55,
              58,
              50,
              50,
              40,
              48,
              40,
              41
            ]
          },
          {
            "dow": "FRI",
            "hh": "13",
            "mm": "20",
            "congestionCar": [
              52,
              63,
              56,
              65,
              45,
              57,
              42,
              43,
              37,
              41
            ]
          },
          {
            "dow": "FRI",
            "hh": "13",
            "mm": "30",
            "congestionCar": [
              35,
              50,
              48,
              41,
              44,
              36,
              39,
              36,
              32,
              29
            ]
          },
          {
            "dow": "FRI",
            "hh": "13",
            "mm": "40",
            "congestionCar": [
              28,
              38,
              37,
              32,
              28,
              30,
              25,
              25,
              27,
              19
            ]
          },
          {
            "dow": "FRI",
            "hh": "13",
            "mm": "50",
            "congestionCar": [
              33,
              38,
              33,
              38,
              27,
              29,
              26,
              22,
              22,
              21
            ]
          }
        ]
      },
      {
        "startStationCode": "211",
        "startStationName": "성수역",
        "endStationCode": "211-R",
        "endStationName": "성수역",
        "prevStationCode": "205",
        "prevStationName": "동대문역사문화공원역",
        "updnLine": 0,
        "directAt": 0,
        "data": [
          {
            "dow": "FRI",
            "hh": "13",
            "mm": "00",
            "congestionCar": [
              26,
              25,
              39,
              44,
              42,
              37,
              31,
              28,
              25,
              32
            ]
          },
          {
            "dow": "FRI",
            "hh": "13",
            "mm": "10",
            "congestionCar": [
              29,
              31,
              39,
              45,
              43,
              49,
              37,
              34,
              31,
              33
            ]
          },
          {
            "dow": "FRI",
            "hh": "13",
            "mm": "20",
            "congestionCar": [
              26,
              30,
              42,
              52,
              45,
              42,
              40,
              38,
              29,
              35
            ]
          },
          {
            "dow": "FRI",
            "hh": "13",
            "mm": "30",
            "congestionCar": [
              27,
              35,
              46,
              48,
              45,
              46,
              37,
              34,
              29,
              34
            ]
          },
          {
            "dow": "FRI",
            "hh": "13",
            "mm": "40",
            "congestionCar": [
              31,
              36,
              40,
              45,
              45,
              43,
              39,
              31,
              35,
              36
            ]
          },
          {
            "dow": "FRI",
            "hh": "13",
            "mm": "50",
            "congestionCar": [
              26,
              24,
              39,
              40,
              44,
              38,
              38,
              28,
              26,
              36
            ]
          }
        ]
      },
      {
        "startStationCode": "211",
        "startStationName": "성수역",
        "endStationCode": "211-R",
        "endStationName": "성수역",
        "prevStationCode": "203",
        "prevStationName": "을지로3가역",
        "updnLine": 1,
        "directAt": 0,
        "data": [
          {
            "dow": "FRI",
            "hh": "13",
            "mm": "00",
            "congestionCar": [
              40,
              47,
              40,
              47,
              42,
              35,
              34,
              33,
              26,
              26
            ]
          },
          {
            "dow": "FRI",
            "hh": "13",
            "mm": "10",
            "congestionCar": [
              56,
              55,
              51,
              54,
              47,
              47,
              38,
              45,
              37,
              39
            ]
          },
          {
            "dow": "FRI",
            "hh": "13",
            "mm": "20",
            "congestionCar": [
              51,
              61,
              55,
              63,
              44,
              56,
              41,
              42,
              36,
              40
            ]
          },
          {
            "dow": "FRI",
            "hh": "13",
            "mm": "30",
            "congestionCar": [
              41,
              59,
              56,
              48,
              52,
              42,
              46,
              42,
              38,
              35
            ]
          },
          {
            "dow": "FRI",
            "hh": "13",
            "mm": "40",
            "congestionCar": [
              48,
              64,
              62,
              55,
              48,
              51,
              43,
              42,
              45,
              32
            ]
          },
          {
            "dow": "FRI",
            "hh": "13",
            "mm": "50",
            "congestionCar": [
              40,
              46,
              40,
              46,
              32,
              35,
              31,
              27,
              26,
              26
            ]
          }
        ]
      },
      {
        "startStationCode": "211",
        "startStationName": "성수역",
        "endStationCode": "219",
        "endStationName": "삼성역",
        "prevStationCode": "205",
        "prevStationName": "동대문역사문화공원역",
        "updnLine": 0,
        "directAt": 0,
        "data": [
          {
            "dow": "FRI",
            "hh": "13",
            "mm": "00",
            "congestionCar": [
              26,
              25,
              39,
              44,
              42,
              37,
              31,
              28,
              25,
              32
            ]
          },
          {
            "dow": "FRI",
            "hh": "13",
            "mm": "10",
            "congestionCar": [
              27,
              29,
              37,
              42,
              41,
              46,
              35,
              32,
              30,
              31
            ]
          },
          {
            "dow": "FRI",
            "hh": "13",
            "mm": "20",
            "congestionCar": [
              24,
              28,
              40,
              50,
              43,
              40,
              38,
              36,
              28,
              33
            ]
          },
          {
            "dow": "FRI",
            "hh": "13",
            "mm": "30",
            "congestionCar": [
              24,
              31,
              41,
              43,
              40,
              42,
              33,
              30,
              26,
              30
            ]
          },
          {
            "dow": "FRI",
            "hh": "13",
            "mm": "40",
            "congestionCar": [
              28,
              32,
              35,
              40,
              40,
              38,
              35,
              28,
              31,
              32
            ]
          },
          {
            "dow": "FRI",
            "hh": "13",
            "mm": "50",
            "congestionCar": [
              23,
              21,
              34,
              36,
              39,
              33,
              34,
              25,
              23,
              32
            ]
          }
        ]
      },
      {
        "startStationCode": "211",
        "startStationName": "성수역",
        "endStationCode": "228",
        "endStationName": "서울대입구역",
        "prevStationCode": "205",
        "prevStationName": "동대문역사문화공원역",
        "updnLine": 0,
        "directAt": 0,
        "data": [
          {
            "dow": "FRI",
            "hh": "13",
            "mm": "00",
            "congestionCar": [
              26,
              25,
              39,
              44,
              42,
              37,
              31,
              28,
              25,
              32
            ]
          },
          {
            "dow": "FRI",
            "hh": "13",
            "mm": "10",
            "congestionCar": [
              27,
              29,
              37,
              42,
              41,
              46,
              35,
              32,
              30,
              31
            ]
          },
          {
            "dow": "FRI",
            "hh": "13",
            "mm": "20",
            "congestionCar": [
              24,
              28,
              40,
              50,
              43,
              40,
              38,
              36,
              28,
              33
            ]
          },
          {
            "dow": "FRI",
            "hh": "13",
            "mm": "30",
            "congestionCar": [
              24,
              31,
              41,
              43,
              40,
              42,
              33,
              30,
              26,
              30
            ]
          },
          {
            "dow": "FRI",
            "hh": "13",
            "mm": "40",
            "congestionCar": [
              28,
              32,
              35,
              40,
              40,
              38,
              35,
              28,
              31,
              32
            ]
          },
          {
            "dow": "FRI",
            "hh": "13",
            "mm": "50",
            "congestionCar": [
              23,
              21,
              34,
              36,
              39,
              33,
              34,
              25,
              23,
              32
            ]
          }
        ]
      },
      {
        "startStationCode": "211",
        "startStationName": "성수역",
        "endStationCode": "234",
        "endStationName": "신도림역",
        "prevStationCode": "205",
        "prevStationName": "동대문역사문화공원역",
        "updnLine": 0,
        "directAt": 0,
        "data": [
          {
            "dow": "FRI",
            "hh": "13",
            "mm": "00",
            "congestionCar": [
              26,
              25,
              39,
              44,
              42,
              37,
              31,
              28,
              25,
              32
            ]
          },
          {
            "dow": "FRI",
            "hh": "13",
            "mm": "10",
            "congestionCar": [
              27,
              29,
              37,
              42,
              41,
              46,
              35,
              32,
              30,
              31
            ]
          },
          {
            "dow": "FRI",
            "hh": "13",
            "mm": "20",
            "congestionCar": [
              24,
              28,
              40,
              50,
              43,
              40,
              38,
              36,
              28,
              33
            ]
          },
          {
            "dow": "FRI",
            "hh": "13",
            "mm": "30",
            "congestionCar": [
              24,
              31,
              41,
              43,
              40,
              42,
              33,
              30,
              26,
              30
            ]
          },
          {
            "dow": "FRI",
            "hh": "13",
            "mm": "40",
            "congestionCar": [
              28,
              32,
              35,
              40,
              40,
              38,
              35,
              28,
              31,
              32
            ]
          },
          {
            "dow": "FRI",
            "hh": "13",
            "mm": "50",
            "congestionCar": [
              23,
              21,
              34,
              36,
              39,
              33,
              34,
              25,
              23,
              32
            ]
          }
        ]
      },
      {
        "startStationCode": "211",
        "startStationName": "성수역",
        "endStationCode": "239",
        "endStationName": "홍대입구역",
        "prevStationCode": "205",
        "prevStationName": "동대문역사문화공원역",
        "updnLine": 0,
        "directAt": 0,
        "data": [
          {
            "dow": "FRI",
            "hh": "13",
            "mm": "00",
            "congestionCar": [
              26,
              25,
              39,
              44,
              42,
              37,
              31,
              28,
              25,
              32
            ]
          },
          {
            "dow": "FRI",
            "hh": "13",
            "mm": "10",
            "congestionCar": [
              27,
              29,
              37,
              42,
              41,
              46,
              35,
              32,
              30,
              31
            ]
          },
          {
            "dow": "FRI",
            "hh": "13",
            "mm": "20",
            "congestionCar": [
              24,
              28,
              40,
              50,
              43,
              40,
              38,
              36,
              28,
              33
            ]
          },
          {
            "dow": "FRI",
            "hh": "13",
            "mm": "30",
            "congestionCar": [
              24,
              31,
              41,
              43,
              40,
              42,
              33,
              30,
              26,
              30
            ]
          },
          {
            "dow": "FRI",
            "hh": "13",
            "mm": "40",
            "congestionCar": [
              28,
              32,
              35,
              40,
              40,
              38,
              35,
              28,
              31,
              32
            ]
          },
          {
            "dow": "FRI",
            "hh": "13",
            "mm": "50",
            "congestionCar": [
              23,
              21,
              34,
              36,
              39,
              33,
              34,
              25,
              23,
              32
            ]
          }
        ]
      },
      {
        "startStationCode": "219",
        "startStationName": "삼성역",
        "endStationCode": "211-R",
        "endStationName": "성수역",
        "prevStationCode": "203",
        "prevStationName": "을지로3가역",
        "updnLine": 1,
        "directAt": 0,
        "data": [
          {
            "dow": "FRI",
            "hh": "13",
            "mm": "00",
            "congestionCar": [
              40,
              47,
              40,
              47,
              42,
              35,
              34,
              33,
              26,
              26
            ]
          },
          {
            "dow": "FRI",
            "hh": "13",
            "mm": "10",
            "congestionCar": [
              56,
              55,
              51,
              54,
              47,
              47,
              38,
              45,
              37,
              39
            ]
          },
          {
            "dow": "FRI",
            "hh": "13",
            "mm": "20",
            "congestionCar": [
              51,
              61,
              55,
              63,
              44,
              56,
              41,
              42,
              36,
              40
            ]
          },
          {
            "dow": "FRI",
            "hh": "13",
            "mm": "30",
            "congestionCar": [
              39,
              55,
              52,
              45,
              49,
              39,
              43,
              39,
              35,
              32
            ]
          },
          {
            "dow": "FRI",
            "hh": "13",
            "mm": "40",
            "congestionCar": [
              43,
              58,
              56,
              49,
              43,
              45,
              39,
              38,
              41,
              29
            ]
          },
          {
            "dow": "FRI",
            "hh": "13",
            "mm": "50",
            "congestionCar": [
              38,
              44,
              38,
              43,
              30,
              33,
              29,
              25,
              25,
              24
            ]
          }
        ]
      },
      {
        "startStationCode": "228",
        "startStationName": "서울대입구역",
        "endStationCode": "211",
        "endStationName": "성수역",
        "prevStationCode": "203",
        "prevStationName": "을지로3가역",
        "updnLine": 1,
        "directAt": 0,
        "data": [
          {
            "dow": "FRI",
            "hh": "13",
            "mm": "00",
            "congestionCar": [
              40,
              47,
              40,
              47,
              42,
              35,
              34,
              33,
              26,
              26
            ]
          },
          {
            "dow": "FRI",
            "hh": "13",
            "mm": "10",
            "congestionCar": [
              56,
              55,
              51,
              54,
              47,
              47,
              38,
              45,
              37,
              39
            ]
          },
          {
            "dow": "FRI",
            "hh": "13",
            "mm": "20",
            "congestionCar": [
              51,
              61,
              55,
              63,
              44,
              56,
              41,
              42,
              36,
              40
            ]
          },
          {
            "dow": "FRI",
            "hh": "13",
            "mm": "30",
            "congestionCar": [
              39,
              55,
              52,
              45,
              49,
              39,
              43,
              39,
              35,
              32
            ]
          },
          {
            "dow": "FRI",
            "hh": "13",
            "mm": "40",
            "congestionCar": [
              43,
              58,
              56,
              49,
              43,
              45,
              39,
              38,
              41,
              29
            ]
          },
          {
            "dow": "FRI",
            "hh": "13",
            "mm": "50",
            "congestionCar": [
              38,
              44,
              38,
              43,
              30,
              33,
              29,
              25,
              25,
              24
            ]
          }
        ]
      },
      {
        "startStationCode": "228",
        "startStationName": "서울대입구역",
        "endStationCode": "211-R",
        "endStationName": "성수역",
        "prevStationCode": "203",
        "prevStationName": "을지로3가역",
        "updnLine": 1,
        "directAt": 0,
        "data": [
          {
            "dow": "FRI",
            "hh": "13",
            "mm": "00",
            "congestionCar": [
              40,
              47,
              40,
              47,
              42,
              35,
              34,
              33,
              26,
              26
            ]
          },
          {
            "dow": "FRI",
            "hh": "13",
            "mm": "10",
            "congestionCar": [
              56,
              55,
              51,
              54,
              47,
              47,
              38,
              45,
              37,
              39
            ]
          },
          {
            "dow": "FRI",
            "hh": "13",
            "mm": "20",
            "congestionCar": [
              51,
              61,
              55,
              63,
              44,
              56,
              41,
              42,
              36,
              40
            ]
          },
          {
            "dow": "FRI",
            "hh": "13",
            "mm": "30",
            "congestionCar": [
              39,
              55,
              52,
              45,
              49,
              39,
              43,
              39,
              35,
              32
            ]
          },
          {
            "dow": "FRI",
            "hh": "13",
            "mm": "40",
            "congestionCar": [
              43,
              58,
              56,
              49,
              43,
              45,
              39,
              38,
              41,
              29
            ]
          },
          {
            "dow": "FRI",
            "hh": "13",
            "mm": "50",
            "congestionCar": [
              38,
              44,
              38,
              43,
              30,
              33,
              29,
              25,
              25,
              24
            ]
          }
        ]
      },
      {
        "startStationCode": "234",
        "startStationName": "신도림역",
        "endStationCode": "211",
        "endStationName": "성수역",
        "prevStationCode": "203",
        "prevStationName": "을지로3가역",
        "updnLine": 1,
        "directAt": 0,
        "data": [
          {
            "dow": "FRI",
            "hh": "13",
            "mm": "00",
            "congestionCar": [
              40,
              47,
              40,
              47,
              42,
              35,
              34,
              33,
              26,
              26
            ]
          },
          {
            "dow": "FRI",
            "hh": "13",
            "mm": "10",
            "congestionCar": [
              56,
              55,
              51,
              54,
              47,
              47,
              38,
              45,
              37,
              39
            ]
          },
          {
            "dow": "FRI",
            "hh": "13",
            "mm": "20",
            "congestionCar": [
              51,
              61,
              55,
              63,
              44,
              56,
              41,
              42,
              36,
              40
            ]
          },
          {
            "dow": "FRI",
            "hh": "13",
            "mm": "30",
            "congestionCar": [
              39,
              55,
              52,
              45,
              49,
              39,
              43,
              39,
              35,
              32
            ]
          },
          {
            "dow": "FRI",
            "hh": "13",
            "mm": "40",
            "congestionCar": [
              43,
              58,
              56,
              49,
              43,
              45,
              39,
              38,
              41,
              29
            ]
          },
          {
            "dow": "FRI",
            "hh": "13",
            "mm": "50",
            "congestionCar": [
              38,
              44,
              38,
              43,
              30,
              33,
              29,
              25,
              25,
              24
            ]
          }
        ]
      },
      {
        "startStationCode": "234",
        "startStationName": "신도림역",
        "endStationCode": "211-R",
        "endStationName": "성수역",
        "prevStationCode": "203",
        "prevStationName": "을지로3가역",
        "updnLine": 1,
        "directAt": 0,
        "data": [
          {
            "dow": "FRI",
            "hh": "13",
            "mm": "00",
            "congestionCar": [
              40,
              47,
              40,
              47,
              42,
              35,
              34,
              33,
              26,
              26
            ]
          },
          {
            "dow": "FRI",
            "hh": "13",
            "mm": "10",
            "congestionCar": [
              56,
              55,
              51,
              54,
              47,
              47,
              38,
              45,
              37,
              39
            ]
          },
          {
            "dow": "FRI",
            "hh": "13",
            "mm": "20",
            "congestionCar": [
              51,
              61,
              55,
              63,
              44,
              56,
              41,
              42,
              36,
              40
            ]
          },
          {
            "dow": "FRI",
            "hh": "13",
            "mm": "30",
            "congestionCar": [
              39,
              55,
              52,
              45,
              49,
              39,
              43,
              39,
              35,
              32
            ]
          },
          {
            "dow": "FRI",
            "hh": "13",
            "mm": "40",
            "congestionCar": [
              43,
              58,
              56,
              49,
              43,
              45,
              39,
              38,
              41,
              29
            ]
          },
          {
            "dow": "FRI",
            "hh": "13",
            "mm": "50",
            "congestionCar": [
              38,
              44,
              38,
              43,
              30,
              33,
              29,
              25,
              25,
              24
            ]
          }
        ]
      },
      {
        "startStationCode": "239",
        "startStationName": "홍대입구역",
        "endStationCode": "211",
        "endStationName": "성수역",
        "prevStationCode": "203",
        "prevStationName": "을지로3가역",
        "updnLine": 1,
        "directAt": 0,
        "data": [
          {
            "dow": "FRI",
            "hh": "13",
            "mm": "00",
            "congestionCar": [
              40,
              47,
              40,
              47,
              42,
              35,
              34,
              33,
              26,
              26
            ]
          },
          {
            "dow": "FRI",
            "hh": "13",
            "mm": "10",
            "congestionCar": [
              56,
              55,
              51,
              54,
              47,
              47,
              38,
              45,
              37,
              39
            ]
          },
          {
            "dow": "FRI",
            "hh": "13",
            "mm": "20",
            "congestionCar": [
              51,
              61,
              55,
              63,
              44,
              56,
              41,
              42,
              36,
              40
            ]
          },
          {
            "dow": "FRI",
            "hh": "13",
            "mm": "30",
            "congestionCar": [
              39,
              55,
              52,
              45,
              49,
              39,
              43,
              39,
              35,
              32
            ]
          },
          {
            "dow": "FRI",
            "hh": "13",
            "mm": "40",
            "congestionCar": [
              43,
              58,
              56,
              49,
              43,
              45,
              39,
              38,
              41,
              29
            ]
          },
          {
            "dow": "FRI",
            "hh": "13",
            "mm": "50",
            "congestionCar": [
              38,
              44,
              38,
              43,
              30,
              33,
              29,
              25,
              25,
              24
            ]
          }
        ]
      },
      {
        "startStationCode": "239",
        "startStationName": "홍대입구역",
        "endStationCode": "211-R",
        "endStationName": "성수역",
        "prevStationCode": "203",
        "prevStationName": "을지로3가역",
        "updnLine": 1,
        "directAt": 0,
        "data": [
          {
            "dow": "FRI",
            "hh": "13",
            "mm": "00",
            "congestionCar": [
              40,
              47,
              40,
              47,
              42,
              35,
              34,
              33,
              26,
              26
            ]
          },
          {
            "dow": "FRI",
            "hh": "13",
            "mm": "10",
            "congestionCar": [
              56,
              55,
              51,
              54,
              47,
              47,
              38,
              45,
              37,
              39
            ]
          },
          {
            "dow": "FRI",
            "hh": "13",
            "mm": "20",
            "congestionCar": [
              51,
              61,
              55,
              63,
              44,
              56,
              41,
              42,
              36,
              40
            ]
          },
          {
            "dow": "FRI",
            "hh": "13",
            "mm": "30",
            "congestionCar": [
              39,
              55,
              52,
              45,
              49,
              39,
              43,
              39,
              35,
              32
            ]
          },
          {
            "dow": "FRI",
            "hh": "13",
            "mm": "40",
            "congestionCar": [
              43,
              58,
              56,
              49,
              43,
              45,
              39,
              38,
              41,
              29
            ]
          },
          {
            "dow": "FRI",
            "hh": "13",
            "mm": "50",
            "congestionCar": [
              38,
              44,
              38,
              43,
              30,
              33,
              29,
              25,
              25,
              24
            ]
          }
        ]
      }
    ],
    "statStartDate": "20230924",
    "statEndDate": "20231223"
  }
}