{
  "status": {
    "code": "00",
    "message": "success",
    "totalCount": 1
  },
  "contents": {
    "subwayLine": "2호선",
    "stationName": "신대방역",
    "stationCode": "231",
    "stat": [
      {
        "startStationCode": "202",
        "startStationName": "을지로입구역",
        "endStationCode": "211",
        "endStationName": "성수역",
        "prevStationCode": "232",
        "prevStationName": "구로디지털단지역",
        "updnLine": 0,
        "directAt": 0,
        "data": [
          {
            "dow": "FRI",
            "hh": "08",
            "mm": "00",
            "congestionCar": [
              70,
              85,
              97,
              91,
              99,
              90,
              90,
              70,
              80,
              88
            ]
          },
          {
            "dow": "FRI",
            "hh": "08",
            "mm": "10",
            "congestionCar": [
              75,
              78,
              91,
              93,
              111,
              82,
              92,
              74,
              76,
              77
            ]
          },
          {
            "dow": "FRI",
            "hh": "08",
            "mm": "20",
            "congestionCar": [
              61,
              79,
              90,
              92,
              90,
              76,
              75,
              68,
              73,
              66
            ]
          },
          {
            "dow": "FRI",
            "hh": "08",
            "mm": "30",
            "congestionCar": [
              52,
              72,
              79,
              93,
              83,
              61,
              70,
              67,
              68,
              64
            ]
          },
          {
            "dow": "FRI",
            "hh": "08",
            "mm": "40",
            "congestionCar": [
              60,
              67,
              71,
              78,
              76,
              49,
              68,
              58,
              65,
              49
            ]
          },
          {
            "dow": "FRI",
            "hh": "08",
            "mm": "50",
            "congestionCar": [
              49,
              66,
              72,
              80,
              80,
              62,
              65,
              57,
              59,
              60
            ]
          }
        ]
      },
      {
        "startStationCode": "202",
        "startStationName": "을지로입구역",
        "endStationCode": "211-R",
        "endStationName": "성수역",
        "prevStationCode": "232",
        "prevStationName": "구로디지털단지역",
        "updnLine": 0,
        "directAt": 0,
        "data": [
          {
            "dow": "FRI",
            "hh": "08",
            "mm": "00",
            "congestionCar": [
              70,
              85,
              97,
              91,
              99,
              90,
              90,
              70,
              80,
              88
            ]
          },
          {
            "dow": "FRI",
            "hh": "08",
            "mm": "10",
            "congestionCar": [
              75,
              78,
              91,
              93,
              111,
              82,
              92,
              74,
              76,
              77
            ]
          },
          {
            "dow": "FRI",
            "hh": "08",
            "mm": "20",
            "congestionCar": [
              61,
              79,
              90,
              92,
              90,
              76,
              75,
              68,
              73,
              66
            ]
          },
          {
            "dow": "FRI",
            "hh": "08",
            "mm": "30",
            "congestionCar": [
              52,
              72,
              79,
              93,
              83,
              61,
              70,
              67,
              68,
              64
            ]
          },
          {
            "dow": "FRI",
            "hh": "08",
            "mm": "40",
            "congestionCar": [
              60,
              67,
              71,
              78,
              76,
              49,
              68,
              58,
              65,
              49
            ]
          },
          {
            "dow": "FRI",
            "hh": "08",
            "mm": "50",
            "congestionCar": [
              49,
              66,
              72,
              80,
              80,
              62,
              65,
              57,
              59,
              60
            ]
          }
        ]
      },
      {
        "startStationCode": "211",
        "startStationName": "성수역",
        "endStationCode": "202",
        "endStationName": "을지로입구역",
        "prevStationCode": "230",
        "prevStationName": "신림역",
        "updnLine": 1,
        "directAt": 0,
        "data": [
          {
            "dow": "FRI",
            "hh": "08",
            "mm": "00",
            "congestionCar": [
              46,
              48,
              56,
              81,
              64,
              70,
              81,
              60,
              59,
              55
            ]
          },
          {
            "dow": "FRI",
            "hh": "08",
            "mm": "10",
            "congestionCar": [
              63,
              60,
              69,
              85,
              75,
              75,
              81,
              65,
              66,
              51
            ]
          },
          {
            "dow": "FRI",
            "hh": "08",
            "mm": "20",
            "congestionCar": [
              51,
              57,
              53,
              72,
              64,
              61,
              73,
              63,
              54,
              52
            ]
          },
          {
            "dow": "FRI",
            "hh": "08",
            "mm": "30",
            "congestionCar": [
              55,
              54,
              49,
              63,
              54,
              49,
              71,
              59,
              55,
              39
            ]
          },
          {
            "dow": "FRI",
            "hh": "08",
            "mm": "40",
            "congestionCar": [
              37,
              43,
              40,
              51,
              39,
              34,
              46,
              37,
              37,
              34
            ]
          },
          {
            "dow": "FRI",
            "hh": "08",
            "mm": "50",
            "congestionCar": [
              39,
              31,
              29,
              43,
              42,
              42,
              53,
              45,
              36,
              31
            ]
          }
        ]
      },
      {
        "startStationCode": "211",
        "startStationName": "성수역",
        "endStationCode": "211",
        "endStationName": "성수역",
        "prevStationCode": "232",
        "prevStationName": "구로디지털단지역",
        "updnLine": 0,
        "directAt": 0,
        "data": [
          {
            "dow": "FRI",
            "hh": "08",
            "mm": "00",
            "congestionCar": [
              39,
              47,
              54,
              51,
              55,
              50,
              50,
              39,
              44,
              49
            ]
          },
          {
            "dow": "FRI",
            "hh": "08",
            "mm": "10",
            "congestionCar": [
              85,
              88,
              103,
              105,
              125,
              93,
              103,
              84,
              86,
              87
            ]
          },
          {
            "dow": "FRI",
            "hh": "08",
            "mm": "20",
            "congestionCar": [
              82,
              106,
              121,
              123,
              121,
              101,
              101,
              91,
              97,
              88
            ]
          },
          {
            "dow": "FRI",
            "hh": "08",
            "mm": "30",
            "congestionCar": [
              63,
              86,
              94,
              111,
              99,
              74,
              84,
              80,
              82,
              77
            ]
          },
          {
            "dow": "FRI",
            "hh": "08",
            "mm": "40",
            "congestionCar": [
              62,
              70,
              74,
              82,
              79,
              51,
              71,
              61,
              68,
              52
            ]
          },
          {
            "dow": "FRI",
            "hh": "08",
            "mm": "50",
            "congestionCar": [
              45,
              61,
              66,
              74,
              74,
              58,
              60,
              53,
              54,
              55
            ]
          }
        ]
      },
      {
        "startStationCode": "211",
        "startStationName": "성수역",
        "endStationCode": "211",
        "endStationName": "성수역",
        "prevStationCode": "230",
        "prevStationName": "신림역",
        "updnLine": 1,
        "directAt": 0,
        "data": [
          {
            "dow": "FRI",
            "hh": "08",
            "mm": "00",
            "congestionCar": [
              46,
              48,
              56,
              81,
              64,
              70,
              81,
              60,
              59,
              55
            ]
          },
          {
            "dow": "FRI",
            "hh": "08",
            "mm": "10",
            "congestionCar": [
              63,
              60,
              69,
              85,
              75,
              75,
              81,
              65,
              66,
              51
            ]
          },
          {
            "dow": "FRI",
            "hh": "08",
            "mm": "20",
            "congestionCar": [
              51,
              57,
              53,
              72,
              64,
              61,
              73,
              63,
              54,
              52
            ]
          },
          {
            "dow": "FRI",
            "hh": "08",
            "mm": "30",
            "congestionCar": [
              17,
              17,
              15,
              20,
              17,
              15,
              22,
              18,
              17,
              12
            ]
          },
          {
            "dow": "FRI",
            "hh": "08",
            "mm": "40",
            "congestionCar": [
              33,
              38,
              35,
              45,
              34,
              30,
              40,
              33,
              32,
              30
            ]
          },
          {
            "dow": "FRI",
            "hh": "08",
            "mm": "50",
            "congestionCar": [
              40,
              32,
              30,
              44,
              43,
              43,
              54,
              46,
              36,
              32
            ]
          }
        ]
      },
      {
        "startStationCode": "211",
        "startStationName": "성수역",
        "endStationCode": "211-R",
        "endStationName": "성수역",
        "prevStationCode": "232",
        "prevStationName": "구로디지털단지역",
        "updnLine": 0,
        "directAt": 0,
        "data": [
          {
            "dow": "FRI",
            "hh": "08",
            "mm": "00",
            "congestionCar": [
              83,
              101,
              115,
              108,
              118,
              106,
              107,
              83,
              95,
              104
            ]
          },
          {
            "dow": "FRI",
            "hh": "08",
            "mm": "10",
            "congestionCar": [
              94,
              97,
              114,
              116,
              138,
              102,
              114,
              93,
              95,
              96
            ]
          },
          {
            "dow": "FRI",
            "hh": "08",
            "mm": "20",
            "congestionCar": [
              73,
              94,
              108,
              110,
              108,
              90,
              90,
              81,
              87,
              79
            ]
          },
          {
            "dow": "FRI",
            "hh": "08",
            "mm": "30",
            "congestionCar": [
              55,
              76,
              83,
              98,
              87,
              65,
              74,
              71,
              72,
              68
            ]
          },
          {
            "dow": "FRI",
            "hh": "08",
            "mm": "40",
            "congestionCar": [
              61,
              69,
              73,
              80,
              78,
              51,
              70,
              60,
              67,
              51
            ]
          },
          {
            "dow": "FRI",
            "hh": "08",
            "mm": "50",
            "congestionCar": [
              51,
              69,
              75,
              84,
              84,
              65,
              68,
              60,
              61,
              63
            ]
          }
        ]
      },
      {
        "startStationCode": "211",
        "startStationName": "성수역",
        "endStationCode": "211-R",
        "endStationName": "성수역",
        "prevStationCode": "230",
        "prevStationName": "신림역",
        "updnLine": 1,
        "directAt": 0,
        "data": [
          {
            "dow": "FRI",
            "hh": "08",
            "mm": "00",
            "congestionCar": [
              48,
              50,
              58,
              84,
              66,
              72,
              83,
              62,
              61,
              57
            ]
          },
          {
            "dow": "FRI",
            "hh": "08",
            "mm": "10",
            "congestionCar": [
              65,
              63,
              72,
              89,
              78,
              78,
              84,
              68,
              69,
              54
            ]
          },
          {
            "dow": "FRI",
            "hh": "08",
            "mm": "20",
            "congestionCar": [
              53,
              60,
              56,
              75,
              67,
              64,
              77,
              66,
              57,
              55
            ]
          },
          {
            "dow": "FRI",
            "hh": "08",
            "mm": "30",
            "congestionCar": [
              59,
              58,
              53,
              68,
              58,
              53,
              77,
              64,
              59,
              42
            ]
          },
          {
            "dow": "FRI",
            "hh": "08",
            "mm": "40",
            "congestionCar": [
              42,
              49,
              46,
              57,
              44,
              39,
              52,
              42,
              41,
              39
            ]
          },
          {
            "dow": "FRI",
            "hh": "08",
            "mm": "50",
            "congestionCar": [
              41,
              32,
              31,
              45,
              44,
              44,
              56,
              47,
              37,
              33
            ]
          }
        ]
      },
      {
        "startStationCode": "211",
        "startStationName": "성수역",
        "endStationCode": "219",
        "endStationName": "삼성역",
        "prevStationCode": "232",
        "prevStationName": "구로디지털단지역",
        "updnLine": 0,
        "directAt": 0,
        "data": [
          {
            "dow": "FRI",
            "hh": "08",
            "mm": "00",
            "congestionCar": [
              70,
              85,
              97,
              91,
              99,
              90,
              90,
              70,
              80,
              88
            ]
          },
          {
            "dow": "FRI",
            "hh": "08",
            "mm": "10",
            "congestionCar": [
              75,
              78,
              91,
              93,
              111,
              82,
              92,
              74,
              76,
              77
            ]
          },
          {
            "dow": "FRI",
            "hh": "08",
            "mm": "20",
            "congestionCar": [
              61,
              79,
              90,
              92,
              90,
              76,
              75,
              68,
              73,
              66
            ]
          },
          {
            "dow": "FRI",
            "hh": "08",
            "mm": "30",
            "congestionCar": [
              52,
              72,
              79,
              93,
              83,
              61,
              70,
              67,
              68,
              64
            ]
          },
          {
            "dow": "FRI",
            "hh": "08",
            "mm": "40",
            "congestionCar": [
              60,
              67,
              71,
              78,
              76,
              49,
              68,
              58,
              65,
              49
            ]
          },
          {
            "dow": "FRI",
            "hh": "08",
            "mm": "50",
            "congestionCar": [
              49,
              66,
              72,
              80,
              80,
              62,
              65,
              57,
              59,
              60
            ]
          }
        ]
      },
      {
        "startStationCode": "211",
        "startStationName": "성수역",
        "endStationCode": "228",
        "endStationName": "서울대입구역",
        "prevStationCode": "232",
        "prevStationName": "구로디지털단지역",
        "updnLine": 0,
        "directAt": 0,
        "data": [
          {
            "dow": "FRI",
            "hh": "08",
            "mm": "00",
            "congestionCar": [
              70,
              85,
              97,
              91,
              99,
              90,
              90,
              70,
              80,
              88
            ]
          },
          {
            "dow": "FRI",
            "hh": "08",
            "mm": "10",
            "congestionCar": [
              75,
              78,
              91,
              93,
              111,
              82,
              92,
              74,
              76,
              77
            ]
          },
          {
            "dow": "FRI",
            "hh": "08",
            "mm": "20",
            "congestionCar": [
              61,
              79,
              90,
              92,
              90,
              76,
              75,
              68,
              73,
              66
            ]
          },
          {
            "dow": "FRI",
            "hh": "08",
            "mm": "30",
            "congestionCar": [
              52,
              72,
              79,
              93,
              83,
              61,
              70,
              67,
              68,
              64
            ]
          },
          {
            "dow": "FRI",
            "hh": "08",
            "mm": "40",
            "congestionCar": [
              60,
              67,
              71,
              78,
              76,
              49,
              68,
              58,
              65,
              49
            ]
          },
          {
            "dow": "FRI",
            "hh": "08",
            "mm": "50",
            "congestionCar": [
              49,
              66,
              72,
              80,
              80,
              62,
              65,
              57,
              59,
              60
            ]
          }
        ]
      },
      {
        "startStationCode": "211",
        "startStationName": "성수역",
        "endStationCode": "234",
        "endStationName": "신도림역",
        "prevStationCode": "230",
        "prevStationName": "신림역",
        "updnLine": 1,
        "directAt": 0,
        "data": [
          {
            "dow": "FRI",
            "hh": "08",
            "mm": "00",
            "congestionCar": [
              46,
              48,
              56,
              81,
              64,
              70,
              81,
              60,
              59,
              55
            ]
          },
          {
            "dow": "FRI",
            "hh": "08",
            "mm": "10",
            "congestionCar": [
              63,
              60,
              69,
              85,
              75,
              75,
              81,
              65,
              66,
              51
            ]
          },
          {
            "dow": "FRI",
            "hh": "08",
            "mm": "20",
            "congestionCar": [
              51,
              57,
              53,
              72,
              64,
              61,
              73,
              63,
              54,
              52
            ]
          },
          {
            "dow": "FRI",
            "hh": "08",
            "mm": "30",
            "congestionCar": [
              55,
              54,
              49,
              63,
              54,
              49,
              71,
              59,
              55,
              39
            ]
          },
          {
            "dow": "FRI",
            "hh": "08",
            "mm": "40",
            "congestionCar": [
              37,
              43,
              40,
              51,
              39,
              34,
              46,
              37,
              37,
              34
            ]
          },
          {
            "dow": "FRI",
            "hh": "08",
            "mm": "50",
            "congestionCar": [
              39,
              31,
              29,
              43,
              42,
              42,
              53,
              45,
              36,
              31
            ]
          }
        ]
      },
      {
        "startStationCode": "211",
        "startStationName": "성수역",
        "endStationCode": "239",
        "endStationName": "홍대입구역",
        "prevStationCode": "230",
        "prevStationName": "신림역",
        "updnLine": 1,
        "directAt": 0,
        "data": [
          {
            "dow": "FRI",
            "hh": "08",
            "mm": "00",
            "congestionCar": [
              46,
              48,
              56,
              81,
              64,
              70,
              81,
              60,
              59,
              55
            ]
          },
          {
            "dow": "FRI",
            "hh": "08",
            "mm": "10",
            "congestionCar": [
              63,
              60,
              69,
              85,
              75,
              75,
              81,
              65,
              66,
              51
            ]
          },
          {
            "dow": "FRI",
            "hh": "08",
            "mm": "20",
            "congestionCar": [
              51,
              57,
              53,
              72,
              64,
              61,
              73,
              63,
              54,
              52
            ]
          },
          {
            "dow": "FRI",
            "hh": "08",
            "mm": "30",
            "congestionCar": [
              55,
              54,
              49,
              63,
              54,
              49,
              71,
              59,
              55,
              39
            ]
          },
          {
            "dow": "FRI",
            "hh": "08",
            "mm": "40",
            "congestionCar": [
              37,
              43,
              40,
              51,
              39,
              34,
              46,
              37,
              37,
              34
            ]
          },
          {
            "dow": "FRI",
            "hh": "08",
            "mm": "50",
            "congestionCar": [
              39,
              31,
              29,
              43,
              42,
              42,
              53,
              45,
              36,
              31
            ]
          }
        ]
      },
      {
        "startStationCode": "219",
        "startStationName": "삼성역",
        "endStationCode": "211-R",
        "endStationName": "성수역",
        "prevStationCode": "230",
        "prevStationName": "신림역",
        "updnLine": 1,
        "directAt": 0,
        "data": [
          {
            "dow": "FRI",
            "hh": "08",
            "mm": "00",
            "congestionCar": [
              46,
              48,
              56,
              81,
              64,
              70,
              81,
              60,
              59,
              55
            ]
          },
          {
            "dow": "FRI",
            "hh": "08",
            "mm": "10",
            "congestionCar": [
              63,
              60,
              69,
              85,
              75,
              75,
              81,
              65,
              66,
              51
            ]
          },
          {
            "dow": "FRI",
            "hh": "08",
            "mm": "20",
            "congestionCar": [
              51,
              57,
              53,
              72,
              64,
              61,
              73,
              63,
              54,
              52
            ]
          },
          {
            "dow": "FRI",
            "hh": "08",
            "mm": "30",
            "congestionCar": [
              55,
              54,
              49,
              63,
              54,
              49,
              71,
              59,
              55,
              39
            ]
          },
          {
            "dow": "FRI",
            "hh": "08",
            "mm": "40",
            "congestionCar": [
              37,
              43,
              40,
              51,
              39,
              34,
              46,
              37,
              37,
              34
            ]
          },
          {
            "dow": "FRI",
            "hh": "08",
            "mm": "50",
            "congestionCar": [
              39,
              31,
              29,
              43,
              42,
              42,
              53,
              45,
              36,
              31
            ]
          }
        ]
      },
      {
        "startStationCode": "228",
        "startStationName": "서울대입구역",
        "endStationCode": "211",
        "endStationName": "성수역",
        "prevStationCode": "230",
        "prevStationName": "신림역",
        "updnLine": 1,
        "directAt": 0,
        "data": [
          {
            "dow": "FRI",
            "hh": "08",
            "mm": "00",
            "congestionCar": [
              46,
              48,
              56,
              81,
              64,
              70,
              81,
              60,
              59,
              55
            ]
          },
          {
            "dow": "FRI",
            "hh": "08",
            "mm": "10",
            "congestionCar": [
              63,
              60,
              69,
              85,
              75,
              75,
              81,
              65,
              66,
              51
            ]
          },
          {
            "dow": "FRI",
            "hh": "08",
            "mm": "20",
            "congestionCar": [
              51,
              57,
              53,
              72,
              64,
              61,
              73,
              63,
              54,
              52
            ]
          },
          {
            "dow": "FRI",
            "hh": "08",
            "mm": "30",
            "congestionCar": [
              55,
              54,
              49,
              63,
              54,
              49,
              71,
              59,
              55,
              39
            ]
          },
          {
            "dow": "FRI",
            "hh": "08",
            "mm": "40",
            "congestionCar": [
              37,
              43,
              40,
              51,
              39,
              34,
              46,
              37,
              37,
              34
            ]
          },
          {
            "dow": "FRI",
            "hh": "08",
            "mm": "50",
            "congestionCar": [
              39,
              31,
              29,
              43,
              42,
              42,
              53,
              45,
              36,
              31
            ]
          }
        ]
      },
      {
        "startStationCode": "228",
        "startStationName": "서울대입구역",
        "endStationCode": "211-R",
        "endStationName": "성수역",
        "prevStationCode": "230",
        "prevStationName": "신림역",
        "updnLine": 1,
        "directAt": 0,
        "data": [
          {
            "dow": "FRI",
            "hh": "08",
            "mm": "00",
            "congestionCar": [
              46,
              48,
              56,
              81,
              64,
              70,
              81,
              60,
              59,
              55
            ]
          },
          {
            "dow": "FRI",
            "hh": "08",
            "mm": "10",
            "congestionCar": [
              63,
              60,
              69,
              85,
              75,
              75,
              81,
              65,
              66,
              51
            ]
          },
          {
            "dow": "FRI",
            "hh": "08",
            "mm": "20",
            "congestionCar": [
              51,
              57,
              53,
              72,
              64,
              61,
              73,
              63,
              54,
              52
            ]
          },
          {
            "dow": "FRI",
            "hh": "08",
            "mm": "30",
            "congestionCar": [
              55,
              54,
              49,
              63,
              54,
              49,
              71,
              59,
              55,
              39
            ]
          },
          {
            "dow": "FRI",
            "hh": "08",
            "mm": "40",
            "congestionCar": [
              37,
              43,
              40,
              51,
              39,
              34,
              46,
              37,
              37,
              34
            ]
          },
          {
            "dow": "FRI",
            "hh": "08",
            "mm": "50",
            "congestionCar": [
              39,
              31,
              29,
              43,
              42,
              42,
              53,
              45,
              36,
              31
            ]
          }
        ]
      },
      {
        "startStationCode": "234",
        "startStationName": "신도림역",
        "endStationCode": "211",
        "endStationName": "성수역",
        "prevStationCode": "232",
        "prevStationName": "구로디지털단지역",
        "updnLine": 0,
        "directAt": 0,
        "data": [
          {
            "dow": "FRI",
            "hh": "08",
            "mm": "00",
            "congestionCar": [
              70,
              85,
              97,
              91,
              99,
              90,
              90,
              70,
              80,
              88
            ]
          },
          {
            "dow": "FRI",
            "hh": "08",
            "mm": "10",
            "congestionCar": [
              75,
              78,
              91,
              93,
              111,
              82,
              92,
              74,
              76,
              77
            ]
          },
          {
            "dow": "FRI",
            "hh": "08",
            "mm": "20",
            "congestionCar": [
              61,
              79,
              90,
              92,
              90,
              76,
              75,
              68,
              73,
              66
            ]
          },
          {
            "dow": "FRI",
            "hh": "08",
            "mm": "30",
            "congestionCar": [
              52,
              72,
              79,
              93,
              83,
              61,
              70,
              67,
              68,
              64
            ]
          },
          {
            "dow": "FRI",
            "hh": "08",
            "mm": "40",
            "congestionCar": [
              60,
              67,
              71,
              78,
              76,
              49,
              68,
              58,
              65,
              49
            ]
          },
          {
            "dow": "FRI",
            "hh": "08",
            "mm": "50",
            "congestionCar": [
              49,
              66,
              72,
              80,
              80,
              62,
              65,
              57,
              59,
              60
            ]
          }
        ]
      },
      {
        "startStationCode": "234",
        "startStationName": "신도림역",
        "endStationCode": "211-R",
        "endStationName": "성수역",
        "prevStationCode": "232",
        "prevStationName": "구로디지털단지역",
        "updnLine": 0,
        "directAt": 0,
        "data": [
          {
            "dow": "FRI",
            "hh": "08",
            "mm": "00",
            "congestionCar": [
              59,
              72,
              82,
              77,
              84,
              76,
              77,
              60,
              68,
              75
            ]
          },
          {
            "dow": "FRI",
            "hh": "08",
            "mm": "10",
            "congestionCar": [
              61,
              63,
              74,
              76,
              90,
              67,
              74,
              60,
              62,
              63
            ]
          },
          {
            "dow": "FRI",
            "hh": "08",
            "mm": "20",
            "congestionCar": [
              49,
              64,
              73,
              74,
              73,
              61,
              61,
              55,
              59,
              53
            ]
          },
          {
            "dow": "FRI",
            "hh": "08",
            "mm": "30",
            "congestionCar": [
              33,
              45,
              49,
              58,
              51,
              38,
              43,
              42,
              42,
              40
            ]
          },
          {
            "dow": "FRI",
            "hh": "08",
            "mm": "40",
            "congestionCar": [
              41,
              46,
              49,
              54,
              52,
              34,
              47,
              40,
              45,
              34
            ]
          },
          {
            "dow": "FRI",
            "hh": "08",
            "mm": "50",
            "congestionCar": [
              17,
              22,
              24,
              27,
              27,
              21,
              22,
              19,
              20,
              20
            ]
          }
        ]
      },
      {
        "startStationCode": "239",
        "startStationName": "홍대입구역",
        "endStationCode": "211",
        "endStationName": "성수역",
        "prevStationCode": "232",
        "prevStationName": "구로디지털단지역",
        "updnLine": 0,
        "directAt": 0,
        "data": [
          {
            "dow": "FRI",
            "hh": "08",
            "mm": "00",
            "congestionCar": [
              70,
              85,
              97,
              91,
              99,
              90,
              90,
              70,
              80,
              88
            ]
          },
          {
            "dow": "FRI",
            "hh": "08",
            "mm": "10",
            "congestionCar": [
              75,
              78,
              91,
              93,
              111,
              82,
              92,
              74,
              76,
              77
            ]
          },
          {
            "dow": "FRI",
            "hh": "08",
            "mm": "20",
            "congestionCar": [
              61,
              79,
              90,
              92,
              90,
              76,
              75,
              68,
              73,
              66
            ]
          },
          {
            "dow": "FRI",
            "hh": "08",
            "mm": "30",
            "congestionCar": [
              52,
              72,
              79,
              93,
              83,
              61,
              70,
              67,
              68,
              64
            ]
          },
          {
            "dow": "FRI",
            "hh": "08",
            "mm": "40",
            "congestionCar": [
              60,
              67,
              71,
              78,
              76,
              49,
              68,
              58,
              65,
              49
            ]
          },
          {
            "dow": "FRI",
            "hh": "08",
            "mm": "50",
            "congestionCar": [
              49,
              66,
              72,
              80,
              80,
              62,
              65,
              57,
              59,
              60
            ]
          }
        ]
      },
      {
        "startStationCode": "239",
        "startStationName": "홍대입구역",
        "endStationCode": "211-R",
        "endStationName": "성수역",
        "prevStationCode": "232",
        "prevStationName": "구로디지털단지역",
        "updnLine": 0,
        "directAt": 0,
        "data": [
          {
            "dow": "FRI",
            "hh": "08",
            "mm": "00",
            "congestionCar": [
              70,
              85,
              97,
              91,
              99,
              90,
              90,
              70,
              80,
              88
            ]
          },
          {
            "dow": "FRI",
            "hh": "08",
            "mm": "10",
            "congestionCar": [
              75,
              78,
              91,
              93,
              111,
              82,
              92,
              74,
              76,
              77
            ]
          },
          {
            "dow": "FRI",
            "hh": "08",
            "mm": "20",
            "congestionCar": [
              61,
              79,
              90,
              92,
              90,
              76,
              75,
              68,
              73,
              66
            ]
          },
          {
            "dow": "FRI",
            "hh": "08",
            "mm": "30",
            "congestionCar": [
              52,
              72,
              79,
              93,
              83,
              61,
              70,
              67,
              68,
              64
            ]
          },
          {
            "dow": "FRI",
            "hh": "08",
            "mm": "40",
            "congestionCar": [
              60,
              67,
              71,
              78,
              76,
              49,
              68,
              58,
              65,
              49
            ]
          },
          {
            "dow": "FRI",
            "hh": "08",
            "mm": "50",
            "congestionCar": [
              49,
              66,
              72,
              80,
              80,
              62,
              65,
              57,
              59,
              60
            ]
          }
        ]
      }
    ],
    "statStartDate": "20230924",
    "statEndDate": "20231223"
  }
}