{
  "status": {
    "code": "00",
    "message": "success",
    "totalCount": 1
  },
  "contents": {
    "subwayLine": "2호선",
    "stationName": "삼성역",
    "stationCode": "219",
    "stat": [
      {
        "startStationCode": "202",
        "startStationName": "을지로입구역",
        "endStationCode": "211",
        "endStationName": "성수역",
        "prevStationCode": "220",
        "prevStationName": "선릉역",
        "updnLine": 0,
        "directAt": 0,
        "data": [
          {
            "dow": "WED",
            "hh": "08",
            "mm": "00",
            "congestionCar": [
              69,
              63,
              67,
              70,
              62,
              64,
              61,
              66,
              44,
              53
            ]
          },
          {
            "dow": "WED",
            "hh": "08",
            "mm": "10",
            "congestionCar": [
              87,
              82,
              80,
              74,
              68,
              72,
              81,
              76,
              63,
              68
            ]
          },
          {
            "dow": "WED",
            "hh": "08",
            "mm": "20",
            "congestionCar": [
              86,
              80,
              84,
              96,
              81,
              83,
              83,
              83,
              73,
              72
            ]
          },
          {
            "dow": "WED",
            "hh": "08",
            "mm": "30",
            "congestionCar": [
              81,
              83,
              96,
              87,
              78,
              80,
              75,
              92,
              68,
              72
            ]
          },
          {
            "dow": "WED",
            "hh": "08",
            "mm": "40",
            "congestionCar": [
              72,
              58,
              82,
              78,
              68,
              64,
              75,
              78,
              59,
              66
            ]
          },
          {
            "dow": "WED",
            "hh": "08",
            "mm": "50",
            "congestionCar": [
              50,
              47,
              52,
              66,
              68,
              51,
              61,
              76,
              53,
              56
            ]
          }
        ]
      },
      {
        "startStationCode": "202",
        "startStationName": "을지로입구역",
        "endStationCode": "211-R",
        "endStationName": "성수역",
        "prevStationCode": "220",
        "prevStationName": "선릉역",
        "updnLine": 0,
        "directAt": 0,
        "data": [
          {
            "dow": "WED",
            "hh": "08",
            "mm": "00",
            "congestionCar": [
              69,
              63,
              67,
              70,
              62,
              64,
              61,
              66,
              44,
              53
            ]
          },
          {
            "dow": "WED",
            "hh": "08",
            "mm": "10",
            "congestionCar": [
              87,
              82,
              80,
              74,
              68,
              72,
              81,
              76,
              63,
              68
            ]
          },
          {
            "dow": "WED",
            "hh": "08",
            "mm": "20",
            "congestionCar": [
              86,
              80,
              84,
              96,
              81,
              83,
              83,
              83,
              73,
              72
            ]
          },
          {
            "dow": "WED",
            "hh": "08",
            "mm": "30",
            "congestionCar": [
              81,
              83,
              96,
              87,
              78,
              80,
              75,
              92,
              68,
              72
            ]
          },
          {
            "dow": "WED",
            "hh": "08",
            "mm": "40",
            "congestionCar": [
              72,
              58,
              82,
              78,
              68,
              64,
              75,
              78,
              59,
              66
            ]
          },
          {
            "dow": "WED",
            "hh": "08",
            "mm": "50",
            "congestionCar": [
              50,
              47,
              52,
              66,
              68,
              51,
              61,
              76,
              53,
              56
            ]
          }
        ]
      },
      {
        "startStationCode": "211",
        "startStationName": "성수역",
        "endStationCode": "202",
        "endStationName": "을지로입구역",
        "prevStationCode": "218",
        "prevStationName": "종합운동장역",
        "updnLine": 1,
        "directAt": 0,
        "data": [
          {
            "dow": "WED",
            "hh": "08",
            "mm": "00",
            "congestionCar": [
              78,
              91,
              101,
              110,
              100,
              115,
              118,
              99,
              91,
              98
            ]
          },
          {
            "dow": "WED",
            "hh": "08",
            "mm": "10",
            "congestionCar": [
              84,
              102,
              121,
              118,
              126,
              120,
              133,
              127,
              99,
              90
            ]
          },
          {
            "dow": "WED",
            "hh": "08",
            "mm": "20",
            "congestionCar": [
              115,
              104,
              142,
              145,
              156,
              128,
              148,
              135,
              99,
              98
            ]
          },
          {
            "dow": "WED",
            "hh": "08",
            "mm": "30",
            "congestionCar": [
              124,
              130,
              149,
              153,
              150,
              167,
              149,
              145,
              115,
              117
            ]
          },
          {
            "dow": "WED",
            "hh": "08",
            "mm": "40",
            "congestionCar": [
              128,
              134,
              141,
              141,
              146,
              161,
              154,
              139,
              113,
              102
            ]
          },
          {
            "dow": "WED",
            "hh": "08",
            "mm": "50",
            "congestionCar": [
              97,
              100,
              102,
              122,
              103,
              130,
              128,
              100,
              81,
              78
            ]
          }
        ]
      },
      {
        "startStationCode": "211",
        "startStationName": "성수역",
        "endStationCode": "211",
        "endStationName": "성수역",
        "prevStationCode": "220",
        "prevStationName": "선릉역",
        "updnLine": 0,
        "directAt": 0,
        "data": [
          {
            "dow": "WED",
            "hh": "08",
            "mm": "00",
            "congestionCar": [
              71,
              65,
              69,
              73,
              64,
              66,
              63,
              68,
              46,
              55
            ]
          },
          {
            "dow": "WED",
            "hh": "08",
            "mm": "10",
            "congestionCar": [
              37,
              35,
              34,
              31,
              29,
              31,
              35,
              32,
              27,
              29
            ]
          },
          {
            "dow": "WED",
            "hh": "08",
            "mm": "20",
            "congestionCar": [
              86,
              80,
              84,
              96,
              81,
              83,
              83,
              83,
              73,
              72
            ]
          },
          {
            "dow": "WED",
            "hh": "08",
            "mm": "30",
            "congestionCar": [
              28,
              29,
              33,
              30,
              27,
              28,
              26,
              32,
              24,
              25
            ]
          },
          {
            "dow": "WED",
            "hh": "08",
            "mm": "40",
            "congestionCar": [
              57,
              46,
              65,
              62,
              54,
              51,
              60,
              62,
              47,
              53
            ]
          },
          {
            "dow": "WED",
            "hh": "08",
            "mm": "50",
            "congestionCar": [
              48,
              45,
              50,
              64,
              66,
              49,
              59,
              73,
              51,
              54
            ]
          }
        ]
      },
      {
        "startStationCode": "211",
        "startStationName": "성수역",
        "endStationCode": "211",
        "endStationName": "성수역",
        "prevStationCode": "218",
        "prevStationName": "종합운동장역",
        "updnLine": 1,
        "directAt": 0,
        "data": [
          {
            "dow": "WED",
            "hh": "08",
            "mm": "00",
            "congestionCar": [
              85,
              99,
              110,
              119,
              109,
              125,
              129,
              107,
              99,
              107
            ]
          },
          {
            "dow": "WED",
            "hh": "08",
            "mm": "10",
            "congestionCar": [
              82,
              99,
              118,
              115,
              123,
              117,
              130,
              123,
              96,
              87
            ]
          },
          {
            "dow": "WED",
            "hh": "08",
            "mm": "20",
            "congestionCar": [
              110,
              99,
              135,
              138,
              148,
              122,
              141,
              128,
              95,
              93
            ]
          },
          {
            "dow": "WED",
            "hh": "08",
            "mm": "30",
            "congestionCar": [
              130,
              137,
              156,
              161,
              157,
              176,
              157,
              152,
              121,
              123
            ]
          },
          {
            "dow": "WED",
            "hh": "08",
            "mm": "40",
            "congestionCar": [
              114,
              119,
              126,
              126,
              130,
              143,
              137,
              124,
              100,
              91
            ]
          },
          {
            "dow": "WED",
            "hh": "08",
            "mm": "50",
            "congestionCar": [
              117,
              120,
              123,
              147,
              124,
              156,
              154,
              120,
              97,
              93
            ]
          }
        ]
      },
      {
        "startStationCode": "211",
        "startStationName": "성수역",
        "endStationCode": "211-R",
        "endStationName": "성수역",
        "prevStationCode": "220",
        "prevStationName": "선릉역",
        "updnLine": 0,
        "directAt": 0,
        "data": [
          {
            "dow": "WED",
            "hh": "08",
            "mm": "00",
            "congestionCar": [
              65,
              59,
              62,
              66,
              58,
              60,
              57,
              62,
              41,
              50
            ]
          },
          {
            "dow": "WED",
            "hh": "08",
            "mm": "10",
            "congestionCar": [
              83,
              78,
              77,
              71,
              65,
              69,
              78,
              73,
              60,
              66
            ]
          },
          {
            "dow": "WED",
            "hh": "08",
            "mm": "20",
            "congestionCar": [
              82,
              76,
              80,
              91,
              77,
              79,
              79,
              79,
              69,
              68
            ]
          },
          {
            "dow": "WED",
            "hh": "08",
            "mm": "30",
            "congestionCar": [
              74,
              76,
              87,
              79,
              71,
              73,
              68,
              84,
              62,
              66
            ]
          },
          {
            "dow": "WED",
            "hh": "08",
            "mm": "40",
            "congestionCar": [
              74,
              60,
              84,
              80,
              70,
              66,
              77,
              80,
              61,
              68
            ]
          },
          {
            "dow": "WED",
            "hh": "08",
            "mm": "50",
            "congestionCar": [
              50,
              47,
              52,
              66,
              68,
              51,
              61,
              76,
              53,
              56
            ]
          }
        ]
      },
      {
        "startStationCode": "211",
        "startStationName": "성수역",
        "endStationCode": "211-R",
        "endStationName": "성수역",
        "prevStationCode": "218",
        "prevStationName": "종합운동장역",
        "updnLine": 1,
        "directAt": 0,
        "data": [
          {
            "dow": "WED",
            "hh": "08",
            "mm": "00",
            "congestionCar": [
              77,
              89,
              99,
              107,
              98,
              112,
              116,
              97,
              89,
              97
            ]
          },
          {
            "dow": "WED",
            "hh": "08",
            "mm": "10",
            "congestionCar": [
              85,
              103,
              123,
              121,
              128,
              122,
              136,
              129,
              101,
              91
            ]
          },
          {
            "dow": "WED",
            "hh": "08",
            "mm": "20",
            "congestionCar": [
              116,
              105,
              143,
              146,
              157,
              129,
              149,
              136,
              100,
              99
            ]
          },
          {
            "dow": "WED",
            "hh": "08",
            "mm": "30",
            "congestionCar": [
              128,
              134,
              153,
              158,
              154,
              172,
              153,
              149,
              119,
              121
            ]
          },
          {
            "dow": "WED",
            "hh": "08",
            "mm": "40",
            "congestionCar": [
              135,
              142,
              150,
              150,
              155,
              171,
              163,
              148,
              119,
              108
            ]
          },
          {
            "dow": "WED",
            "hh": "08",
            "mm": "50",
            "congestionCar": [
              96,
              99,
              101,
              121,
              102,
              129,
              127,
              99,
              80,
              77
            ]
          }
        ]
      },
      {
        "startStationCode": "211",
        "startStationName": "성수역",
        "endStationCode": "219",
        "endStationName": "삼성역",
        "prevStationCode": "220",
        "prevStationName": "선릉역",
        "updnLine": 0,
        "directAt": 0,
        "data": [
          {
            "dow": "WED",
            "hh": "08",
            "mm": "00",
            "congestionCar": [
              69,
              63,
              67,
              70,
              62,
              64,
              61,
              66,
              44,
              53
            ]
          },
          {
            "dow": "WED",
            "hh": "08",
            "mm": "10",
            "congestionCar": [
              87,
              82,
              80,
              74,
              68,
              72,
              81,
              76,
              63,
              68
            ]
          },
          {
            "dow": "WED",
            "hh": "08",
            "mm": "20",
            "congestionCar": [
              86,
              80,
              84,
              96,
              81,
              83,
              83,
              83,
              73,
              72
            ]
          },
          {
            "dow": "WED",
            "hh": "08",
            "mm": "30",
            "congestionCar": [
              81,
              83,
              96,
              87,
              78,
              80,
              75,
              92,
              68,
              72
            ]
          },
          {
            "dow": "WED",
            "hh": "08",
            "mm": "40",
            "congestionCar": [
              72,
              58,
              82,
              78,
              68,
              64,
              75,
              78,
              59,
              66
            ]
          },
          {
            "dow": "WED",
            "hh": "08",
            "mm": "50",
            "congestionCar": [
              50,
              47,
              52,
              66,
              68,
              51,
              61,
              76,
              53,
              56
            ]
          }
        ]
      },
      {
        "startStationCode": "211",
        "startStationName": "성수역",
        "endStationCode": "219",
        "endStationName": "삼성역",
        "prevStationCode": "218",
        "prevStationName": "종합운동장역",
        "updnLine": 1,
        "directAt": 0,
        "data": [
          {
            "dow": "WED",
            "hh": "08",
            "mm": "00",
            "congestionCar": [
              78,
              91,
              101,
              110,
              100,
              115,
              118,
              99,
              91,
              98
            ]
          },
          {
            "dow": "WED",
            "hh": "08",
            "mm": "10",
            "congestionCar": [
              84,
              102,
              121,
              118,
              126,
              120,
              133,
              127,
              99,
              90
            ]
          },
          {
            "dow": "WED",
            "hh": "08",
            "mm": "20",
            "congestionCar": [
              115,
              104,
              142,
              145,
              156,
              128,
              148,
              135,
              99,
              98
            ]
          },
          {
            "dow": "WED",
            "hh": "08",
            "mm": "30",
            "congestionCar": [
              124,
              130,
              149,
              153,
              150,
              167,
              149,
              145,
              115,
              117
            ]
          },
          {
            "dow": "WED",
            "hh": "08",
            "mm": "40",
            "congestionCar": [
              128,
              134,
              141,
              141,
              146,
              161,
              154,
              139,
              113,
              102
            ]
          },
          {
            "dow": "WED",
            "hh": "08",
            "mm": "50",
            "congestionCar": [
              97,
              100,
              102,
              122,
              103,
              130,
              128,
              100,
              81,
              78
            ]
          }
        ]
      },
      {
        "startStationCode": "211",
        "startStationName": "성수역",
        "endStationCode": "228",
        "endStationName": "서울대입구역",
        "prevStationCode": "218",
        "prevStationName": "종합운동장역",
        "updnLine": 1,
        "directAt": 0,
        "data": [
          {
            "dow": "WED",
            "hh": "08",
            "mm": "00",
            "congestionCar": [
              78,
              91,
              101,
              110,
              100,
              115,
              118,
              99,
              91,
              98
            ]
          },
          {
            "dow": "WED",
            "hh": "08",
            "mm": "10",
            "congestionCar": [
              84,
              102,
              121,
              118,
              126,
              120,
              133,
              127,
              99,
              90
            ]
          },
          {
            "dow": "WED",
            "hh": "08",
            "mm": "20",
            "congestionCar": [
              115,
              104,
              142,
              145,
              156,
              128,
              148,
              135,
              99,
              98
            ]
          },
          {
            "dow": "WED",
            "hh": "08",
            "mm": "30",
            "congestionCar": [
              124,
              130,
              149,
              153,
              150,
              167,
              149,
              145,
              115,
              117
            ]
          },
          {
            "dow": "WED",
            "hh": "08",
            "mm": "40",
            "congestionCar": [
              128,
              134,
              141,
              141,
              146,
              161,
              154,
              139,
              113,
              102
            ]
          },
          {
            "dow": "WED",
            "hh": "08",
            "mm": "50",
            "congestionCar": [
              97,
              100,
              102,
              122,
              103,
              130,
              128,
              100,
              81,
              78
            ]
          }
        ]
      },
      {
        "startStationCode": "211",
        "startStationName": "성수역",
        "endStationCode": "234",
        "endStationName": "신도림역",
        "prevStationCode": "218",
        "prevStationName": "종합운동장역",
        "updnLine": 1,
        "directAt": 0,
        "data": [
          {
            "dow": "WED",
            "hh": "08",
            "mm": "00",
            "congestionCar": [
              78,
              91,
              101,
              110,
              100,
              115,
              118,
              99,
              91,
              98
            ]
          },
          {
            "dow": "WED",
            "hh": "08",
            "mm": "10",
            "congestionCar": [
              84,
              102,
              121,
              118,
              126,
              120,
              133,
              127,
              99,
              90
            ]
          },
          {
            "dow": "WED",
            "hh": "08",
            "mm": "20",
            "congestionCar": [
              115,
              104,
              142,
              145,
              156,
              128,
              148,
              135,
              99,
              98
            ]
          },
          {
            "dow": "WED",
            "hh": "08",
            "mm": "30",
            "congestionCar": [
              124,
              130,
              149,
              153,
              150,
              167,
              149,
              145,
              115,
              117
            ]
          },
          {
            "dow": "WED",
            "hh": "08",
            "mm": "40",
            "congestionCar": [
              128,
              134,
              141,
              141,
              146,
              161,
              154,
              139,
              113,
              102
            ]
          },
          {
            "dow": "WED",
            "hh": "08",
            "mm": "50",
            "congestionCar": [
              97,
              100,
              102,
              122,
              103,
              130,
              128,
              100,
              81,
              78
            ]
          }
        ]
      },
      {
        "startStationCode": "211",
        "startStationName": "성수역",
        "endStationCode": "239",
        "endStationName": "홍대입구역",
        "prevStationCode": "218",
        "prevStationName": "종합운동장역",
        "updnLine": 1,
        "directAt": 0,
        "data": [
          {
            "dow": "WED",
            "hh": "08",
            "mm": "00",
            "congestionCar": [
              78,
              91,
              101,
              110,
              100,
              115,
              118,
              99,
              91,
              98
            ]
          },
          {
            "dow": "WED",
            "hh": "08",
            "mm": "10",
            "congestionCar": [
              84,
              102,
              121,
              118,
              126,
              120,
              133,
              127,
              99,
              90
            ]
          },
          {
            "dow": "WED",
            "hh": "08",
            "mm": "20",
            "congestionCar": [
              115,
              104,
              142,
              145,
              156,
              128,
              148,
              135,
              99,
              98
            ]
          },
          {
            "dow": "WED",
            "hh": "08",
            "mm": "30",
            "congestionCar": [
              124,
              130,
              149,
              153,
              150,
              167,
              149,
              145,
              115,
              117
            ]
          },
          {
            "dow": "WED",
            "hh": "08",
            "mm": "40",
            "congestionCar": [
              128,
              134,
              141,
              141,
              146,
              161,
              154,
              139,
              113,
              102
            ]
          },
          {
            "dow": "WED",
            "hh": "08",
            "mm": "50",
            "congestionCar": [
              97,
              100,
              102,
              122,
              103,
              130,
              128,
              100,
              81,
              78
            ]
          }
        ]
      },
      {
        "startStationCode": "228",
        "startStationName": "서울대입구역",
        "endStationCode": "211",
        "endStationName": "성수역",
        "prevStationCode": "220",
        "prevStationName": "선릉역",
        "updnLine": 0,
        "directAt": 0,
        "data": [
          {
            "dow": "WED",
            "hh": "08",
            "mm": "00",
            "congestionCar": [
              69,
              63,
              67,
              70,
              62,
              64,
              61,
              66,
              44,
              53
            ]
          },
          {
            "dow": "WED",
            "hh": "08",
            "mm": "10",
            "congestionCar": [
              87,
              82,
              80,
              74,
              68,
              72,
              81,
              76,
              63,
              68
            ]
          },
          {
            "dow": "WED",
            "hh": "08",
            "mm": "20",
            "congestionCar": [
              86,
              80,
              84,
              96,
              81,
              83,
              83,
              83,
              73,
              72
            ]
          },
          {
            "dow": "WED",
            "hh": "08",
            "mm": "30",
            "congestionCar": [
              81,
              83,
              96,
              87,
              78,
              80,
              75,
              92,
              68,
              72
            ]
          },
          {
            "dow": "WED",
            "hh": "08",
            "mm": "40",
            "congestionCar": [
              72,
              58,
              82,
              78,
              68,
              64,
              75,
              78,
              59,
              66
            ]
          },
          {
            "dow": "WED",
            "hh": "08",
            "mm": "50",
            "congestionCar": [
              50,
              47,
              52,
              66,
              68,
              51,
              61,
              76,
              53,
              56
            ]
          }
        ]
      },
      {
        "startStationCode": "228",
        "startStationName": "서울대입구역",
        "endStationCode": "211-R",
        "endStationName": "성수역",
        "prevStationCode": "220",
        "prevStationName": "선릉역",
        "updnLine": 0,
        "directAt": 0,
        "data": [
          {
            "dow": "WED",
            "hh": "08",
            "mm": "00",
            "congestionCar": [
              69,
              63,
              67,
              70,
              62,
              64,
              61,
              66,
              44,
              53
            ]
          },
          {
            "dow": "WED",
            "hh": "08",
            "mm": "10",
            "congestionCar": [
              87,
              82,
              80,
              74,
              68,
              72,
              81,
              76,
              63,
              68
            ]
          },
          {
            "dow": "WED",
            "hh": "08",
            "mm": "20",
            "congestionCar": [
              86,
              80,
              84,
              96,
              81,
              83,
              83,
              83,
              73,
              72
            ]
          },
          {
            "dow": "WED",
            "hh": "08",
            "mm": "30",
            "congestionCar": [
              81,
              83,
              96,
              87,
              78,
              80,
              75,
              92,
              68,
              72
            ]
          },
          {
            "dow": "WED",
            "hh": "08",
            "mm": "40",
            "congestionCar": [
              72,
              58,
              82,
              78,
              68,
              64,
              75,
              78,
              59,
              66
            ]
          },
          {
            "dow": "WED",
            "hh": "08",
            "mm": "50",
            "congestionCar": [
              50,
              47,
              52,
              66,
              68,
              51,
              61,
              76,
              53,
              56
            ]
          }
        ]
      },
      {
        "startStationCode": "234",
        "startStationName": "신도림역",
        "endStationCode": "211",
        "endStationName": "성수역",
        "prevStationCode": "220",
        "prevStationName": "선릉역",
        "updnLine": 0,
        "directAt": 0,
        "data": [
          {
            "dow": "WED",
            "hh": "08",
            "mm": "00",
            "congestionCar": [
              69,
              63,
              67,
              70,
              62,
              64,
              61,
              66,
              44,
              53
            ]
          },
          {
            "dow": "WED",
            "hh": "08",
            "mm": "10",
            "congestionCar": [
              87,
              82,
              80,
              74,
              68,
              72,
              81,
              76,
              63,
              68
            ]
          },
          {
            "dow": "WED",
            "hh": "08",
            "mm": "20",
            "congestionCar": [
              86,
              80,
              84,
              96,
              81,
              83,
              83,
              83,
              73,
              72
            ]
          },
          {
            "dow": "WED",
            "hh": "08",
            "mm": "30",
            "congestionCar": [
              81,
              83,
              96,
              87,
              78,
              80,
              75,
              92,
              68,
              72
            ]
          },
          {
            "dow": "WED",
            "hh": "08",
            "mm": "40",
            "congestionCar": [
              72,
              58,
              82,
              78,
              68,
              64,
              75,
              78,
              59,
              66
            ]
          },
          {
            "dow": "WED",
            "hh": "08",
            "mm": "50",
            "congestionCar": [
              50,
              47,
              52,
              66,
              68,
              51,
              61,
              76,
              53,
              56
            ]
          }
        ]
      },
      {
        "startStationCode": "234",
        "startStationName": "신도림역",
        "endStationCode": "211-R",
        "endStationName": "성수역",
        "prevStationCode": "220",
        "prevStationName": "선릉역",
        "updnLine": 0,
        "directAt": 0,
        "data": [
          {
            "dow": "WED",
            "hh": "08",
            "mm": "00",
            "congestionCar": [
              80,
              74,
              77,
              82,
              72,
              74,
              71,
              77,
              51,
              62
            ]
          },
          {
            "dow": "WED",
            "hh": "08",
            "mm": "10",
            "congestionCar": [
              95,
              89,
              88,
              80,
              74,
              78,
              89,
              83,
              69,
              75
            ]
          },
          {
            "dow": "WED",
            "hh": "08",
            "mm": "20",
            "congestionCar": [
              93,
              86,
              90,
              103,
              87,
              89,
              89,
              89,
              78,
              77
            ]
          },
          {
            "dow": "WED",
            "hh": "08",
            "mm": "30",
            "congestionCar": [
              89,
              91,
              105,
              95,
              85,
              87,
              82,
              101,
              75,
              79
            ]
          },
          {
            "dow": "WED",
            "hh": "08",
            "mm": "40",
            "congestionCar": [
              81,
              65,
              92,
              88,
              77,
              72,
              85,
              88,
              67,
              75
            ]
          },
          {
            "dow": "WED",
            "hh": "08",
            "mm": "50",
            "congestionCar": [
              52,
              48,
              53,
              69,
              71,
              53,
              63,
              78,
              55,
              58
            ]
          }
        ]
      },
      {
        "startStationCode": "239",
        "startStationName": "홍대입구역",
        "endStationCode": "211",
        "endStationName": "성수역",
        "prevStationCode": "220",
        "prevStationName": "선릉역",
        "updnLine": 0,
        "directAt": 0,
        "data": [
          {
            "dow": "WED",
            "hh": "08",
            "mm": "00",
            "congestionCar": [
              69,
              63,
              67,
              70,
              62,
              64,
              61,
              66,
              44,
              53
            ]
          },
          {
            "dow": "WED",
            "hh": "08",
            "mm": "10",
            "congestionCar": [
              87,
              82,
              80,
              74,
              68,
              72,
              81,
              76,
              63,
              68
            ]
          },
          {
            "dow": "WED",
            "hh": "08",
            "mm": "20",
            "congestionCar": [
              86,
              80,
              84,
              96,
              81,
              83,
              83,
              83,
              73,
              72
            ]
          },
          {
            "dow": "WED",
            "hh": "08",
            "mm": "30",
            "congestionCar": [
              81,
              83,
              96,
              87,
              78,
              80,
              75,
              92,
              68,
              72
            ]
          },
          {
            "dow": "WED",
            "hh": "08",
            "mm": "40",
            "congestionCar": [
              72,
              58,
              82,
              78,
              68,
              64,
              75,
              78,
              59,
              66
            ]
          },
          {
            "dow": "WED",
            "hh": "08",
            "mm": "50",
            "congestionCar": [
              50,
              47,
              52,
              66,
              68,
              51,
              61,
              76,
              53,
              56
            ]
          }
        ]
      },
      {
        "startStationCode": "239",
        "startStationName": "홍대입구역",
        "endStationCode": "211-R",
        "endStationName": "성수역",
        "prevStationCode": "220",
        "prevStationName": "선릉역",
        "updnLine": 0,
        "directAt": 0,
        "data": [
          {
            "dow": "WED",
            "hh": "08",
            "mm": "00",
            "congestionCar": [
              69,
              63,
              67,
              70,
              62,
              64,
              61,
              66,
              44,
              53
            ]
          },
          {
            "dow": "WED",
            "hh": "08",
            "mm": "10",
            "congestionCar": [
              87,
              82,
              80,
              74,
              68,
              72,
              81,
              76,
              63,
              68
            ]
          },
          {
            "dow": "WED",
            "hh": "08",
            "mm": "20",
            "congestionCar": [
              86,
              80,
              84,
              96,
              81,
              83,
              83,
              83,
              73,
              72
            ]
          },
          {
            "dow": "WED",
            "hh": "08",
            "mm": "30",
            "congestionCar": [
              81,
              83,
              96,
              87,
              78,
              80,
              75,
              92,
              68,
              72
            ]
          },
          {
            "dow": "WED",
            "hh": "08",
            "mm": "40",
            "congestionCar": [
              72,
              58,
              82,
              78,
              68,
              64,
              75,
              78,
              59,
              66
            ]
          },
          {
            "dow": "WED",
            "hh": "08",
            "mm": "50",
            "congestionCar": [
              50,
              47,
              52,
              66,
              68,
              51,
              61,
              76,
              53,
              56
            ]
          }
        ]
      }
    ],
    "statStartDate": "20230923",
    "statEndDate": "20231222"
  }
}