{
  "status": {
    "code": "00",
    "message": "success",
    "totalCount": 1
  },
  "contents": {
    "subwayLine": "2호선",
    "stationName": "신촌역",
    "stationCode": "240",
    "stat": [
      {
        "startStationCode": "202",
        "startStationName": "을지로입구역",
        "endStationCode": "211",
        "endStationName": "성수역",
        "prevStationCode": "241",
        "prevStationName": "이대역",
        "updnLine": 0,
        "directAt": 0,
        "data": [
          {
            "dow": "WED",
            "hh": "13",
            "mm": "00",
            "congestionCar": [
              24,
              27,
              36,
              39,
              38,
              34,
              33,
              31,
              30,
              28
            ]
          },
          {
            "dow": "WED",
            "hh": "13",
            "mm": "10",
            "congestionCar": [
              21,
              24,
              40,
              36,
              35,
              29,
              27,
              34,
              27,
              25
            ]
          },
          {
            "dow": "WED",
            "hh": "13",
            "mm": "20",
            "congestionCar": [
              24,
              31,
              40,
              35,
              31,
              39,
              33,
              36,
              29,
              22
            ]
          },
          {
            "dow": "WED",
            "hh": "13",
            "mm": "30",
            "congestionCar": [
              17,
              23,
              29,
              35,
              24,
              28,
              25,
              27,
              21,
              22
            ]
          },
          {
            "dow": "WED",
            "hh": "13",
            "mm": "40",
            "congestionCar": [
              17,
              23,
              33,
              35,
              24,
              27,
              26,
              26,
              21,
              19
            ]
          },
          {
            "dow": "WED",
            "hh": "13",
            "mm": "50",
            "congestionCar": [
              19,
              29,
              35,
              29,
              32,
              31,
              27,
              26,
              32,
              19
            ]
          }
        ]
      },
      {
        "startStationCode": "202",
        "startStationName": "을지로입구역",
        "endStationCode": "211-R",
        "endStationName": "성수역",
        "prevStationCode": "241",
        "prevStationName": "이대역",
        "updnLine": 0,
        "directAt": 0,
        "data": [
          {
            "dow": "WED",
            "hh": "13",
            "mm": "00",
            "congestionCar": [
              24,
              27,
              36,
              39,
              38,
              34,
              33,
              31,
              30,
              28
            ]
          },
          {
            "dow": "WED",
            "hh": "13",
            "mm": "10",
            "congestionCar": [
              21,
              24,
              40,
              36,
              35,
              29,
              27,
              34,
              27,
              25
            ]
          },
          {
            "dow": "WED",
            "hh": "13",
            "mm": "20",
            "congestionCar": [
              24,
              31,
              40,
              35,
              31,
              39,
              33,
              36,
              29,
              22
            ]
          },
          {
            "dow": "WED",
            "hh": "13",
            "mm": "30",
            "congestionCar": [
              17,
              23,
              29,
              35,
              24,
              28,
              25,
              27,
              21,
              22
            ]
          },
          {
            "dow": "WED",
            "hh": "13",
            "mm": "40",
            "congestionCar": [
              17,
              23,
              33,
              35,
              24,
              27,
              26,
              26,
              21,
              19
            ]
          },
          {
            "dow": "WED",
            "hh": "13",
            "mm": "50",
            "congestionCar": [
              19,
              29,
              35,
              29,
              32,
              31,
              27,
              26,
              32,
              19
            ]
          }
        ]
      },
      {
        "startStationCode": "211",
        "startStationName": "성수역",
        "endStationCode": "202",
        "endStationName": "을지로입구역",
        "prevStationCode": "239",
        "prevStationName": "홍대입구역",
        "updnLine": 1,
        "directAt": 0,
        "data": [
          {
            "dow": "WED",
            "hh": "13",
            "mm": "00",
            "congestionCar": [
              39,
              29,
              28,
              28,
              35,
              38,
              29,
              31,
              25,
              27
            ]
          },
          {
            "dow": "WED",
            "hh": "13",
            "mm": "10",
            "congestionCar": [
              39,
              34,
              30,
              44,
              36,
              42,
              34,
              42,
              26,
              33
            ]
          },
          {
            "dow": "WED",
            "hh": "13",
            "mm": "20",
            "congestionCar": [
              37,
              36,
              40,
              40,
              39,
              42,
              44,
              41,
              35,
              25
            ]
          },
          {
            "dow": "WED",
            "hh": "13",
            "mm": "30",
            "congestionCar": [
              37,
              38,
              35,
              40,
              37,
              44,
              39,
              42,
              32,
              26
            ]
          },
          {
            "dow": "WED",
            "hh": "13",
            "mm": "40",
            "congestionCar": [
              35,
              33,
              32,
              39,
              35,
              39,
              38,
              32,
              28,
              28
            ]
          },
          {
            "dow": "WED",
            "hh": "13",
            "mm": "50",
            "congestionCar": [
              24,
              25,
              25,
              25,
              31,
              30,
              28,
              30,
              21,
              21
            ]
          }
        ]
      },
      {
        "startStationCode": "211",
        "startStationName": "성수역",
        "endStationCode": "211",
        "endStationName": "성수역",
        "prevStationCode": "241",
        "prevStationName": "이대역",
        "updnLine": 0,
        "directAt": 0,
        "data": [
          {
            "dow": "WED",
            "hh": "13",
            "mm": "00",
            "congestionCar": [
              24,
              27,
              36,
              39,
              38,
              34,
              33,
              31,
              30,
              28
            ]
          },
          {
            "dow": "WED",
            "hh": "13",
            "mm": "10",
            "congestionCar": [
              21,
              24,
              40,
              36,
              35,
              29,
              27,
              34,
              27,
              25
            ]
          },
          {
            "dow": "WED",
            "hh": "13",
            "mm": "20",
            "congestionCar": [
              24,
              31,
              40,
              35,
              31,
              39,
              33,
              36,
              29,
              22
            ]
          },
          {
            "dow": "WED",
            "hh": "13",
            "mm": "30",
            "congestionCar": [
              17,
              23,
              29,
              35,
              24,
              28,
              25,
              27,
              21,
              22
            ]
          },
          {
            "dow": "WED",
            "hh": "13",
            "mm": "40",
            "congestionCar": [
              17,
              23,
              33,
              35,
              24,
              27,
              26,
              26,
              21,
              19
            ]
          },
          {
            "dow": "WED",
            "hh": "13",
            "mm": "50",
            "congestionCar": [
              19,
              29,
              35,
              29,
              32,
              31,
              27,
              26,
              32,
              19
            ]
          }
        ]
      },
      {
        "startStationCode": "211",
        "startStationName": "성수역",
        "endStationCode": "211",
        "endStationName": "성수역",
        "prevStationCode": "239",
        "prevStationName": "홍대입구역",
        "updnLine": 1,
        "directAt": 0,
        "data": [
          {
            "dow": "WED",
            "hh": "13",
            "mm": "00",
            "congestionCar": [
              39,
              29,
              28,
              28,
              35,
              38,
              29,
              31,
              25,
              27
            ]
          },
          {
            "dow": "WED",
            "hh": "13",
            "mm": "10",
            "congestionCar": [
              39,
              34,
              30,
              44,
              36,
              42,
              34,
              42,
              26,
              33
            ]
          },
          {
            "dow": "WED",
            "hh": "13",
            "mm": "20",
            "congestionCar": [
              37,
              36,
              40,
              40,
              39,
              42,
              44,
              41,
              35,
              25
            ]
          },
          {
            "dow": "WED",
            "hh": "13",
            "mm": "30",
            "congestionCar": [
              37,
              38,
              35,
              40,
              37,
              44,
              39,
              42,
              32,
              26
            ]
          },
          {
            "dow": "WED",
            "hh": "13",
            "mm": "40",
            "congestionCar": [
              35,
              33,
              32,
              39,
              35,
              39,
              38,
              32,
              28,
              28
            ]
          },
          {
            "dow": "WED",
            "hh": "13",
            "mm": "50",
            "congestionCar": [
              24,
              25,
              25,
              25,
              31,
              30,
              28,
              30,
              21,
              21
            ]
          }
        ]
      },
      {
        "startStationCode": "211",
        "startStationName": "성수역",
        "endStationCode": "211-R",
        "endStationName": "성수역",
        "prevStationCode": "241",
        "prevStationName": "이대역",
        "updnLine": 0,
        "directAt": 0,
        "data": [
          {
            "dow": "WED",
            "hh": "13",
            "mm": "00",
            "congestionCar": [
              24,
              27,
              36,
              39,
              38,
              34,
              33,
              31,
              30,
              28
            ]
          },
          {
            "dow": "WED",
            "hh": "13",
            "mm": "10",
            "congestionCar": [
              21,
              24,
              40,
              36,
              35,
              29,
              27,
              34,
              27,
              25
            ]
          },
          {
            "dow": "WED",
            "hh": "13",
            "mm": "20",
            "congestionCar": [
              24,
              31,
              40,
              35,
              31,
              39,
              33,
              36,
              29,
              22
            ]
          },
          {
            "dow": "WED",
            "hh": "13",
            "mm": "30",
            "congestionCar": [
              17,
              23,
              29,
              35,
              24,
              28,
              25,
              27,
              21,
              22
            ]
          },
          {
            "dow": "WED",
            "hh": "13",
            "mm": "40",
            "congestionCar": [
              17,
              23,
              33,
              35,
              24,
              27,
              26,
              26,
              21,
              19
            ]
          },
          {
            "dow": "WED",
            "hh": "13",
            "mm": "50",
            "congestionCar": [
              19,
              29,
              35,
              29,
              32,
              31,
              27,
              26,
              32,
              19
            ]
          }
        ]
      },
      {
        "startStationCode": "211",
        "startStationName": "성수역",
        "endStationCode": "211-R",
        "endStationName": "성수역",
        "prevStationCode": "239",
        "prevStationName": "홍대입구역",
        "updnLine": 1,
        "directAt": 0,
        "data": [
          {
            "dow": "WED",
            "hh": "13",
            "mm": "00",
            "congestionCar": [
              39,
              29,
              28,
              28,
              35,
              38,
              29,
              31,
              25,
              27
            ]
          },
          {
            "dow": "WED",
            "hh": "13",
            "mm": "10",
            "congestionCar": [
              39,
              34,
              30,
              44,
              36,
              42,
              34,
              42,
              26,
              33
            ]
          },
          {
            "dow": "WED",
            "hh": "13",
            "mm": "20",
            "congestionCar": [
              37,
              36,
              40,
              40,
              39,
              42,
              44,
              41,
              35,
              25
            ]
          },
          {
            "dow": "WED",
            "hh": "13",
            "mm": "30",
            "congestionCar": [
              37,
              38,
              35,
              40,
              37,
              44,
              39,
              42,
              32,
              26
            ]
          },
          {
            "dow": "WED",
            "hh": "13",
            "mm": "40",
            "congestionCar": [
              35,
              33,
              32,
              39,
              35,
              39,
              38,
              32,
              28,
              28
            ]
          },
          {
            "dow": "WED",
            "hh": "13",
            "mm": "50",
            "congestionCar": [
              26,
              27,
              26,
              27,
              33,
              33,
              30,
              32,
              23,
              22
            ]
          }
        ]
      },
      {
        "startStationCode": "211",
        "startStationName": "성수역",
        "endStationCode": "219",
        "endStationName": "삼성역",
        "prevStationCode": "241",
        "prevStationName": "이대역",
        "updnLine": 0,
        "directAt": 0,
        "data": [
          {
            "dow": "WED",
            "hh": "13",
            "mm": "00",
            "congestionCar": [
              24,
              27,
              36,
              39,
              38,
              34,
              33,
              31,
              30,
              28
            ]
          },
          {
            "dow": "WED",
            "hh": "13",
            "mm": "10",
            "congestionCar": [
              21,
              24,
              40,
              36,
              35,
              29,
              27,
              34,
              27,
              25
            ]
          },
          {
            "dow": "WED",
            "hh": "13",
            "mm": "20",
            "congestionCar": [
              24,
              31,
              40,
              35,
              31,
              39,
              33,
              36,
              29,
              22
            ]
          },
          {
            "dow": "WED",
            "hh": "13",
            "mm": "30",
            "congestionCar": [
              17,
              23,
              29,
              35,
              24,
              28,
              25,
              27,
              21,
              22
            ]
          },
          {
            "dow": "WED",
            "hh": "13",
            "mm": "40",
            "congestionCar": [
              17,
              23,
              33,
              35,
              24,
              27,
              26,
              26,
              21,
              19
            ]
          },
          {
            "dow": "WED",
            "hh": "13",
            "mm": "50",
            "congestionCar": [
              19,
              29,
              35,
              29,
              32,
              31,
              27,
              26,
              32,
              19
            ]
          }
        ]
      },
      {
        "startStationCode": "211",
        "startStationName": "성수역",
        "endStationCode": "228",
        "endStationName": "서울대입구역",
        "prevStationCode": "241",
        "prevStationName": "이대역",
        "updnLine": 0,
        "directAt": 0,
        "data": [
          {
            "dow": "WED",
            "hh": "13",
            "mm": "00",
            "congestionCar": [
              24,
              27,
              36,
              39,
              38,
              34,
              33,
              31,
              30,
              28
            ]
          },
          {
            "dow": "WED",
            "hh": "13",
            "mm": "10",
            "congestionCar": [
              21,
              24,
              40,
              36,
              35,
              29,
              27,
              34,
              27,
              25
            ]
          },
          {
            "dow": "WED",
            "hh": "13",
            "mm": "20",
            "congestionCar": [
              24,
              31,
              40,
              35,
              31,
              39,
              33,
              36,
              29,
              22
            ]
          },
          {
            "dow": "WED",
            "hh": "13",
            "mm": "30",
            "congestionCar": [
              17,
              23,
              29,
              35,
              24,
              28,
              25,
              27,
              21,
              22
            ]
          },
          {
            "dow": "WED",
            "hh": "13",
            "mm": "40",
            "congestionCar": [
              17,
              23,
              33,
              35,
              24,
              27,
              26,
              26,
              21,
              19
            ]
          },
          {
            "dow": "WED",
            "hh": "13",
            "mm": "50",
            "congestionCar": [
              19,
              29,
              35,
              29,
              32,
              31,
              27,
              26,
              32,
              19
            ]
          }
        ]
      },
      {
        "startStationCode": "211",
        "startStationName": "성수역",
        "endStationCode": "234",
        "endStationName": "신도림역",
        "prevStationCode": "241",
        "prevStationName": "이대역",
        "updnLine": 0,
        "directAt": 0,
        "data": [
          {
            "dow": "WED",
            "hh": "13",
            "mm": "00",
            "congestionCar": [
              24,
              27,
              36,
              39,
              38,
              34,
              33,
              31,
              30,
              28
            ]
          },
          {
            "dow": "WED",
            "hh": "13",
            "mm": "10",
            "congestionCar": [
              21,
              24,
              40,
              36,
              35,
              29,
              27,
              34,
              27,
              25
            ]
          },
          {
            "dow": "WED",
            "hh": "13",
            "mm": "20",
            "congestionCar": [
              24,
              31,
              40,
              35,
              31,
              39,
              33,
              36,
              29,
              22
            ]
          },
          {
            "dow": "WED",
            "hh": "13",
            "mm": "30",
            "congestionCar": [
              17,
              23,
              29,
              35,
              24,
              28,
              25,
              27,
              21,
              22
            ]
          },
          {
            "dow": "WED",
            "hh": "13",
            "mm": "40",
            "congestionCar": [
              17,
              23,
              33,
              35,
              24,
              27,
              26,
              26,
              21,
              19
            ]
          },
          {
            "dow": "WED",
            "hh": "13",
            "mm": "50",
            "congestionCar": [
              19,
              29,
              35,
              29,
              32,
              31,
              27,
              26,
              32,
              19
            ]
          }
        ]
      },
      {
        "startStationCode": "211",
        "startStationName": "성수역",
        "endStationCode": "239",
        "endStationName": "홍대입구역",
        "prevStationCode": "241",
        "prevStationName": "이대역",
        "updnLine": 0,
        "directAt": 0,
        "data": [
          {
            "dow": "WED",
            "hh": "13",
            "mm": "00",
            "congestionCar": [
              24,
              27,
              36,
              39,
              38,
              34,
              33,
              31,
              30,
              28
            ]
          },
          {
            "dow": "WED",
            "hh": "13",
            "mm": "10",
            "congestionCar": [
              21,
              24,
              40,
              36,
              35,
              29,
              27,
              34,
              27,
              25
            ]
          },
          {
            "dow": "WED",
            "hh": "13",
            "mm": "20",
            "congestionCar": [
              24,
              31,
              40,
              35,
              31,
              39,
              33,
              36,
              29,
              22
            ]
          },
          {
            "dow": "WED",
            "hh": "13",
            "mm": "30",
            "congestionCar": [
              17,
              23,
              29,
              35,
              24,
              28,
              25,
              27,
              21,
              22
            ]
          },
          {
            "dow": "WED",
            "hh": "13",
            "mm": "40",
            "congestionCar": [
              17,
              23,
              33,
              35,
              24,
              27,
              26,
              26,
              21,
              19
            ]
          },
          {
            "dow": "WED",
            "hh": "13",
            "mm": "50",
            "congestionCar": [
              19,
              29,
              35,
              29,
              32,
              31,
              27,
              26,
              32,
              19
            ]
          }
        ]
      },
      {
        "startStationCode": "219",
        "startStationName": "삼성역",
        "endStationCode": "211-R",
        "endStationName": "성수역",
        "prevStationCode": "239",
        "prevStationName": "홍대입구역",
        "updnLine": 1,
        "directAt": 0,
        "data": [
          {
            "dow": "WED",
            "hh": "13",
            "mm": "00",
            "congestionCar": [
              39,
              29,
              28,
              28,
              35,
              38,
              29,
              31,
              25,
              27
            ]
          },
          {
            "dow": "WED",
            "hh": "13",
            "mm": "10",
            "congestionCar": [
              39,
              34,
              30,
              44,
              36,
              42,
              34,
              42,
              26,
              33
            ]
          },
          {
            "dow": "WED",
            "hh": "13",
            "mm": "20",
            "congestionCar": [
              37,
              36,
              40,
              40,
              39,
              42,
              44,
              41,
              35,
              25
            ]
          },
          {
            "dow": "WED",
            "hh": "13",
            "mm": "30",
            "congestionCar": [
              37,
              38,
              35,
              40,
              37,
              44,
              39,
              42,
              32,
              26
            ]
          },
          {
            "dow": "WED",
            "hh": "13",
            "mm": "40",
            "congestionCar": [
              35,
              33,
              32,
              39,
              35,
              39,
              38,
              32,
              28,
              28
            ]
          },
          {
            "dow": "WED",
            "hh": "13",
            "mm": "50",
            "congestionCar": [
              24,
              25,
              25,
              25,
              31,
              30,
              28,
              30,
              21,
              21
            ]
          }
        ]
      },
      {
        "startStationCode": "228",
        "startStationName": "서울대입구역",
        "endStationCode": "211",
        "endStationName": "성수역",
        "prevStationCode": "239",
        "prevStationName": "홍대입구역",
        "updnLine": 1,
        "directAt": 0,
        "data": [
          {
            "dow": "WED",
            "hh": "13",
            "mm": "00",
            "congestionCar": [
              39,
              29,
              28,
              28,
              35,
              38,
              29,
              31,
              25,
              27
            ]
          },
          {
            "dow": "WED",
            "hh": "13",
            "mm": "10",
            "congestionCar": [
              39,
              34,
              30,
              44,
              36,
              42,
              34,
              42,
              26,
              33
            ]
          },
          {
            "dow": "WED",
            "hh": "13",
            "mm": "20",
            "congestionCar": [
              37,
              36,
              40,
              40,
              39,
              42,
              44,
              41,
              35,
              25
            ]
          },
          {
            "dow": "WED",
            "hh": "13",
            "mm": "30",
            "congestionCar": [
              37,
              38,
              35,
              40,
              37,
              44,
              39,
              42,
              32,
              26
            ]
          },
          {
            "dow": "WED",
            "hh": "13",
            "mm": "40",
            "congestionCar": [
              35,
              33,
              32,
              39,
              35,
              39,
              38,
              32,
              28,
              28
            ]
          },
          {
            "dow": "WED",
            "hh": "13",
            "mm": "50",
            "congestionCar": [
              24,
              25,
              25,
              25,
              31,
              30,
              28,
              30,
              21,
              21
            ]
          }
        ]
      },
      {
        "startStationCode": "228",
        "startStationName": "서울대입구역",
        "endStationCode": "211-R",
        "endStationName": "성수역",
        "prevStationCode": "239",
        "prevStationName": "홍대입구역",
        "updnLine": 1,
        "directAt": 0,
        "data": [
          {
            "dow": "WED",
            "hh": "13",
            "mm": "00",
            "congestionCar": [
              39,
              29,
              28,
              28,
              35,
              38,
              29,
              31,
              25,
              27
            ]
          },
          {
            "dow": "WED",
            "hh": "13",
            "mm": "10",
            "congestionCar": [
              39,
              34,
              30,
              44,
              36,
              42,
              34,
              42,
              26,
              33
            ]
          },
          {
            "dow": "WED",
            "hh": "13",
            "mm": "20",
            "congestionCar": [
              37,
              36,
              40,
              40,
              39,
              42,
              44,
              41,
              35,
              25
            ]
          },
          {
            "dow": "WED",
            "hh": "13",
            "mm": "30",
            "congestionCar": [
              37,
              38,
              35,
              40,
              37,
              44,
              39,
              42,
              32,
              26
            ]
          },
          {
            "dow": "WED",
            "hh": "13",
            "mm": "40",
            "congestionCar": [
              35,
              33,
              32,
              39,
              35,
              39,
              38,
              32,
              28,
              28
            ]
          },
          {
            "dow": "WED",
            "hh": "13",
            "mm": "50",
            "congestionCar": [
              24,
              25,
              25,
              25,
              31,
              30,
              28,
              30,
              21,
              21
            ]
          }
        ]
      },
      {
        "startStationCode": "234",
        "startStationName": "신도림역",
        "endStationCode": "211",
        "endStationName": "성수역",
        "prevStationCode": "239",
        "prevStationName": "홍대입구역",
        "updnLine": 1,
        "directAt": 0,
        "data": [
          {
            "dow": "WED",
            "hh": "13",
            "mm": "00",
            "congestionCar": [
              39,
              29,
              28,
              28,
              35,
              38,
              29,
              31,
              25,
              27
            ]
          },
          {
            "dow": "WED",
            "hh": "13",
            "mm": "10",
            "congestionCar": [
              39,
              34,
              30,
              44,
              36,
              42,
              34,
              42,
              26,
              33
            ]
          },
          {
            "dow": "WED",
            "hh": "13",
            "mm": "20",
            "congestionCar": [
              37,
              36,
              40,
              40,
              39,
              42,
              44,
              41,
              35,
              25
            ]
          },
          {
            "dow": "WED",
            "hh": "13",
            "mm": "30",
            "congestionCar": [
              37,
              38,
              35,
              40,
              37,
              44,
              39,
              42,
              32,
              26
            ]
          },
          {
            "dow": "WED",
            "hh": "13",
            "mm": "40",
            "congestionCar": [
              35,
              33,
              32,
              39,
              35,
              39,
              38,
              32,
              28,
              28
            ]
          },
          {
            "dow": "WED",
            "hh": "13",
            "mm": "50",
            "congestionCar": [
              24,
              25,
              25,
              25,
              31,
              30,
              28,
              30,
              21,
              21
            ]
          }
        ]
      },
      {
        "startStationCode": "234",
        "startStationName": "신도림역",
        "endStationCode": "211-R",
        "endStationName": "성수역",
        "prevStationCode": "239",
        "prevStationName": "홍대입구역",
        "updnLine": 1,
        "directAt": 0,
        "data": [
          {
            "dow": "WED",
            "hh": "13",
            "mm": "00",
            "congestionCar": [
              39,
              29,
              28,
              28,
              35,
              38,
              29,
              31,
              25,
              27
            ]
          },
          {
            "dow": "WED",
            "hh": "13",
            "mm": "10",
            "congestionCar": [
              39,
              34,
              30,
              44,
              36,
              42,
              34,
              42,
              26,
              33
            ]
          },
          {
            "dow": "WED",
            "hh": "13",
            "mm": "20",
            "congestionCar": [
              37,
              36,
              40,
              40,
              39,
              42,
              44,
              41,
              35,
              25
            ]
          },
          {
            "dow": "WED",
            "hh": "13",
            "mm": "30",
            "congestionCar": [
              37,
              38,
              35,
              40,
              37,
              44,
              39,
              42,
              32,
              26
            ]
          },
          {
            "dow": "WED",
            "hh": "13",
            "mm": "40",
            "congestionCar": [
              35,
              33,
              32,
              39,
              35,
              39,
              38,
              32,
              28,
              28
            ]
          },
          {
            "dow": "WED",
            "hh": "13",
            "mm": "50",
            "congestionCar": [
              24,
              25,
              25,
              25,
              31,
              30,
              28,
              30,
              21,
              21
            ]
          }
        ]
      },
      {
        "startStationCode": "239",
        "startStationName": "홍대입구역",
        "endStationCode": "211",
        "endStationName": "성수역",
        "prevStationCode": "239",
        "prevStationName": "홍대입구역",
        "updnLine": 1,
        "directAt": 0,
        "data": [
          {
            "dow": "WED",
            "hh": "13",
            "mm": "00",
            "congestionCar": [
              39,
              29,
              28,
              28,
              35,
              38,
              29,
              31,
              25,
              27
            ]
          },
          {
            "dow": "WED",
            "hh": "13",
            "mm": "10",
            "congestionCar": [
              39,
              34,
              30,
              44,
              36,
              42,
              34,
              42,
              26,
              33
            ]
          },
          {
            "dow": "WED",
            "hh": "13",
            "mm": "20",
            "congestionCar": [
              37,
              36,
              40,
              40,
              39,
              42,
              44,
              41,
              35,
              25
            ]
          },
          {
            "dow": "WED",
            "hh": "13",
            "mm": "30",
            "congestionCar": [
              37,
              38,
              35,
              40,
              37,
              44,
              39,
              42,
              32,
              26
            ]
          },
          {
            "dow": "WED",
            "hh": "13",
            "mm": "40",
            "congestionCar": [
              35,
              33,
              32,
              39,
              35,
              39,
              38,
              32,
              28,
              28
            ]
          },
          {
            "dow": "WED",
            "hh": "13",
            "mm": "50",
            "congestionCar": [
              24,
              25,
              25,
              25,
              31,
              30,
              28,
              30,
              21,
              21
            ]
          }
        ]
      },
      {
        "startStationCode": "239",
        "startStationName": "홍대입구역",
        "endStationCode": "211-R",
        "endStationName": "성수역",
        "prevStationCode": "239",
        "prevStationName": "홍대입구역",
        "updnLine": 1,
        "directAt": 0,
        "data": [
          {
            "dow": "WED",
            "hh": "13",
            "mm": "00",
            "congestionCar": [
              39,
              29,
              28,
              28,
              35,
              38,
              29,
              31,
              25,
              27
            ]
          },
          {
            "dow": "WED",
            "hh": "13",
            "mm": "10",
            "congestionCar": [
              39,
              34,
              30,
              44,
              36,
              42,
              34,
              42,
              26,
              33
            ]
          },
          {
            "dow": "WED",
            "hh": "13",
            "mm": "20",
            "congestionCar": [
              37,
              36,
              40,
              40,
              39,
              42,
              44,
              41,
              35,
              25
            ]
          },
          {
            "dow": "WED",
            "hh": "13",
            "mm": "30",
            "congestionCar": [
              37,
              38,
              35,
              40,
              37,
              44,
              39,
              42,
              32,
              26
            ]
          },
          {
            "dow": "WED",
            "hh": "13",
            "mm": "40",
            "congestionCar": [
              35,
              33,
              32,
              39,
              35,
              39,
              38,
              32,
              28,
              28
            ]
          },
          {
            "dow": "WED",
            "hh": "13",
            "mm": "50",
            "congestionCar": [
              24,
              25,
              25,
              25,
              31,
              30,
              28,
              30,
              21,
              21
            ]
          }
        ]
      }
    ],
    "statStartDate": "20230924",
    "statEndDate": "20231223"
  }
}