{
  "status": {
    "code": "00",
    "message": "success",
    "totalCount": 1
  },
  "contents": {
    "subwayLine": "2호선",
    "stationName": "아현역",
    "stationCode": "242",
    "stat": [
      {
        "startStationCode": "202",
        "startStationName": "을지로입구역",
        "endStationCode": "211",
        "endStationName": "성수역",
        "prevStationCode": "243",
        "prevStationName": "충정로역",
        "updnLine": 0,
        "directAt": 0,
        "data": [
          {
            "dow": "WED",
            "hh": "08",
            "mm": "00",
            "congestionCar": [
              24,
              36,
              40,
              39,
              37,
              36,
              28,
              39,
              29,
              22
            ]
          },
          {
            "dow": "WED",
            "hh": "08",
            "mm": "10",
            "congestionCar": [
              30,
              47,
              46,
              48,
              44,
              46,
              39,
              44,
              30,
              26
            ]
          },
          {
            "dow": "WED",
            "hh": "08",
            "mm": "20",
            "congestionCar": [
              33,
              39,
              48,
              49,
              42,
              46,
              36,
              51,
              51,
              35
            ]
          },
          {
            "dow": "WED",
            "hh": "08",
            "mm": "30",
            "congestionCar": [
              27,
              27,
              36,
              31,
              38,
              37,
              29,
              47,
              39,
              28
            ]
          },
          {
            "dow": "WED",
            "hh": "08",
            "mm": "40",
            "congestionCar": [
              21,
              25,
              35,
              36,
              31,
              38,
              29,
              35,
              29,
              21
            ]
          },
          {
            "dow": "WED",
            "hh": "08",
            "mm": "50",
            "congestionCar": [
              20,
              21,
              29,
              24,
              25,
              28,
              26,
              26,
              26,
              15
            ]
          }
        ]
      },
      {
        "startStationCode": "202",
        "startStationName": "을지로입구역",
        "endStationCode": "211-R",
        "endStationName": "성수역",
        "prevStationCode": "243",
        "prevStationName": "충정로역",
        "updnLine": 0,
        "directAt": 0,
        "data": [
          {
            "dow": "WED",
            "hh": "08",
            "mm": "00",
            "congestionCar": [
              24,
              36,
              40,
              39,
              37,
              36,
              28,
              39,
              29,
              22
            ]
          },
          {
            "dow": "WED",
            "hh": "08",
            "mm": "10",
            "congestionCar": [
              30,
              47,
              46,
              48,
              44,
              46,
              39,
              44,
              30,
              26
            ]
          },
          {
            "dow": "WED",
            "hh": "08",
            "mm": "20",
            "congestionCar": [
              33,
              39,
              48,
              49,
              42,
              46,
              36,
              51,
              51,
              35
            ]
          },
          {
            "dow": "WED",
            "hh": "08",
            "mm": "30",
            "congestionCar": [
              27,
              27,
              36,
              31,
              38,
              37,
              29,
              47,
              39,
              28
            ]
          },
          {
            "dow": "WED",
            "hh": "08",
            "mm": "40",
            "congestionCar": [
              21,
              25,
              35,
              36,
              31,
              38,
              29,
              35,
              29,
              21
            ]
          },
          {
            "dow": "WED",
            "hh": "08",
            "mm": "50",
            "congestionCar": [
              20,
              21,
              29,
              24,
              25,
              28,
              26,
              26,
              26,
              15
            ]
          }
        ]
      },
      {
        "startStationCode": "211",
        "startStationName": "성수역",
        "endStationCode": "202",
        "endStationName": "을지로입구역",
        "prevStationCode": "241",
        "prevStationName": "이대역",
        "updnLine": 1,
        "directAt": 0,
        "data": [
          {
            "dow": "WED",
            "hh": "08",
            "mm": "00",
            "congestionCar": [
              131,
              107,
              105,
              131,
              118,
              108,
              113,
              93,
              81,
              83
            ]
          },
          {
            "dow": "WED",
            "hh": "08",
            "mm": "10",
            "congestionCar": [
              163,
              137,
              150,
              165,
              162,
              145,
              139,
              145,
              129,
              125
            ]
          },
          {
            "dow": "WED",
            "hh": "08",
            "mm": "20",
            "congestionCar": [
              157,
              138,
              156,
              172,
              157,
              155,
              143,
              167,
              135,
              150
            ]
          },
          {
            "dow": "WED",
            "hh": "08",
            "mm": "30",
            "congestionCar": [
              177,
              152,
              156,
              193,
              169,
              171,
              174,
              171,
              147,
              129
            ]
          },
          {
            "dow": "WED",
            "hh": "08",
            "mm": "40",
            "congestionCar": [
              164,
              136,
              126,
              127,
              118,
              122,
              126,
              108,
              102,
              100
            ]
          },
          {
            "dow": "WED",
            "hh": "08",
            "mm": "50",
            "congestionCar": [
              96,
              71,
              56,
              60,
              65,
              63,
              59,
              61,
              59,
              49
            ]
          }
        ]
      },
      {
        "startStationCode": "211",
        "startStationName": "성수역",
        "endStationCode": "211",
        "endStationName": "성수역",
        "prevStationCode": "243",
        "prevStationName": "충정로역",
        "updnLine": 0,
        "directAt": 0,
        "data": [
          {
            "dow": "WED",
            "hh": "08",
            "mm": "00",
            "congestionCar": [
              24,
              36,
              40,
              39,
              37,
              36,
              28,
              39,
              29,
              22
            ]
          },
          {
            "dow": "WED",
            "hh": "08",
            "mm": "10",
            "congestionCar": [
              34,
              53,
              52,
              54,
              50,
              51,
              44,
              49,
              34,
              30
            ]
          },
          {
            "dow": "WED",
            "hh": "08",
            "mm": "20",
            "congestionCar": [
              34,
              40,
              50,
              52,
              44,
              48,
              38,
              53,
              54,
              37
            ]
          },
          {
            "dow": "WED",
            "hh": "08",
            "mm": "30",
            "congestionCar": [
              34,
              34,
              46,
              40,
              48,
              46,
              37,
              60,
              50,
              36
            ]
          },
          {
            "dow": "WED",
            "hh": "08",
            "mm": "40",
            "congestionCar": [
              22,
              25,
              36,
              37,
              33,
              40,
              30,
              37,
              30,
              22
            ]
          },
          {
            "dow": "WED",
            "hh": "08",
            "mm": "50",
            "congestionCar": [
              20,
              22,
              31,
              25,
              26,
              29,
              27,
              28,
              27,
              16
            ]
          }
        ]
      },
      {
        "startStationCode": "211",
        "startStationName": "성수역",
        "endStationCode": "211",
        "endStationName": "성수역",
        "prevStationCode": "241",
        "prevStationName": "이대역",
        "updnLine": 1,
        "directAt": 0,
        "data": [
          {
            "dow": "WED",
            "hh": "08",
            "mm": "00",
            "congestionCar": [
              131,
              107,
              105,
              131,
              118,
              108,
              113,
              93,
              81,
              83
            ]
          },
          {
            "dow": "WED",
            "hh": "08",
            "mm": "10",
            "congestionCar": [
              163,
              137,
              150,
              165,
              162,
              145,
              139,
              145,
              129,
              125
            ]
          },
          {
            "dow": "WED",
            "hh": "08",
            "mm": "20",
            "congestionCar": [
              157,
              138,
              156,
              172,
              157,
              155,
              143,
              167,
              135,
              150
            ]
          },
          {
            "dow": "WED",
            "hh": "08",
            "mm": "30",
            "congestionCar": [
              177,
              152,
              156,
              193,
              169,
              171,
              174,
              171,
              147,
              129
            ]
          },
          {
            "dow": "WED",
            "hh": "08",
            "mm": "40",
            "congestionCar": [
              164,
              136,
              126,
              127,
              118,
              122,
              126,
              108,
              102,
              100
            ]
          },
          {
            "dow": "WED",
            "hh": "08",
            "mm": "50",
            "congestionCar": [
              47,
              34,
              27,
              29,
              32,
              31,
              28,
              30,
              29,
              24
            ]
          }
        ]
      },
      {
        "startStationCode": "211",
        "startStationName": "성수역",
        "endStationCode": "211-R",
        "endStationName": "성수역",
        "prevStationCode": "243",
        "prevStationName": "충정로역",
        "updnLine": 0,
        "directAt": 0,
        "data": [
          {
            "dow": "WED",
            "hh": "08",
            "mm": "00",
            "congestionCar": [
              25,
              37,
              41,
              40,
              38,
              37,
              29,
              40,
              30,
              23
            ]
          },
          {
            "dow": "WED",
            "hh": "08",
            "mm": "10",
            "congestionCar": [
              29,
              46,
              45,
              47,
              43,
              44,
              38,
              43,
              29,
              26
            ]
          },
          {
            "dow": "WED",
            "hh": "08",
            "mm": "20",
            "congestionCar": [
              33,
              39,
              48,
              49,
              42,
              46,
              36,
              51,
              51,
              35
            ]
          },
          {
            "dow": "WED",
            "hh": "08",
            "mm": "30",
            "congestionCar": [
              27,
              27,
              36,
              31,
              38,
              37,
              29,
              47,
              39,
              28
            ]
          },
          {
            "dow": "WED",
            "hh": "08",
            "mm": "40",
            "congestionCar": [
              21,
              24,
              34,
              34,
              30,
              37,
              28,
              34,
              28,
              21
            ]
          },
          {
            "dow": "WED",
            "hh": "08",
            "mm": "50",
            "congestionCar": [
              20,
              21,
              29,
              24,
              25,
              28,
              26,
              26,
              26,
              15
            ]
          }
        ]
      },
      {
        "startStationCode": "211",
        "startStationName": "성수역",
        "endStationCode": "211-R",
        "endStationName": "성수역",
        "prevStationCode": "241",
        "prevStationName": "이대역",
        "updnLine": 1,
        "directAt": 0,
        "data": [
          {
            "dow": "WED",
            "hh": "08",
            "mm": "00",
            "congestionCar": [
              145,
              118,
              115,
              144,
              130,
              119,
              125,
              103,
              90,
              92
            ]
          },
          {
            "dow": "WED",
            "hh": "08",
            "mm": "10",
            "congestionCar": [
              163,
              137,
              150,
              165,
              162,
              145,
              139,
              145,
              129,
              125
            ]
          },
          {
            "dow": "WED",
            "hh": "08",
            "mm": "20",
            "congestionCar": [
              157,
              138,
              156,
              172,
              157,
              155,
              143,
              167,
              135,
              150
            ]
          },
          {
            "dow": "WED",
            "hh": "08",
            "mm": "30",
            "congestionCar": [
              177,
              152,
              156,
              193,
              169,
              171,
              174,
              171,
              147,
              129
            ]
          },
          {
            "dow": "WED",
            "hh": "08",
            "mm": "40",
            "congestionCar": [
              164,
              136,
              126,
              127,
              118,
              122,
              126,
              108,
              102,
              100
            ]
          },
          {
            "dow": "WED",
            "hh": "08",
            "mm": "50",
            "congestionCar": [
              96,
              71,
              56,
              60,
              65,
              63,
              59,
              61,
              59,
              49
            ]
          }
        ]
      },
      {
        "startStationCode": "211",
        "startStationName": "성수역",
        "endStationCode": "219",
        "endStationName": "삼성역",
        "prevStationCode": "243",
        "prevStationName": "충정로역",
        "updnLine": 0,
        "directAt": 0,
        "data": [
          {
            "dow": "WED",
            "hh": "08",
            "mm": "00",
            "congestionCar": [
              24,
              36,
              40,
              39,
              37,
              36,
              28,
              39,
              29,
              22
            ]
          },
          {
            "dow": "WED",
            "hh": "08",
            "mm": "10",
            "congestionCar": [
              30,
              47,
              46,
              48,
              44,
              46,
              39,
              44,
              30,
              26
            ]
          },
          {
            "dow": "WED",
            "hh": "08",
            "mm": "20",
            "congestionCar": [
              33,
              39,
              48,
              49,
              42,
              46,
              36,
              51,
              51,
              35
            ]
          },
          {
            "dow": "WED",
            "hh": "08",
            "mm": "30",
            "congestionCar": [
              27,
              27,
              36,
              31,
              38,
              37,
              29,
              47,
              39,
              28
            ]
          },
          {
            "dow": "WED",
            "hh": "08",
            "mm": "40",
            "congestionCar": [
              21,
              25,
              35,
              36,
              31,
              38,
              29,
              35,
              29,
              21
            ]
          },
          {
            "dow": "WED",
            "hh": "08",
            "mm": "50",
            "congestionCar": [
              20,
              21,
              29,
              24,
              25,
              28,
              26,
              26,
              26,
              15
            ]
          }
        ]
      },
      {
        "startStationCode": "211",
        "startStationName": "성수역",
        "endStationCode": "228",
        "endStationName": "서울대입구역",
        "prevStationCode": "243",
        "prevStationName": "충정로역",
        "updnLine": 0,
        "directAt": 0,
        "data": [
          {
            "dow": "WED",
            "hh": "08",
            "mm": "00",
            "congestionCar": [
              24,
              36,
              40,
              39,
              37,
              36,
              28,
              39,
              29,
              22
            ]
          },
          {
            "dow": "WED",
            "hh": "08",
            "mm": "10",
            "congestionCar": [
              30,
              47,
              46,
              48,
              44,
              46,
              39,
              44,
              30,
              26
            ]
          },
          {
            "dow": "WED",
            "hh": "08",
            "mm": "20",
            "congestionCar": [
              33,
              39,
              48,
              49,
              42,
              46,
              36,
              51,
              51,
              35
            ]
          },
          {
            "dow": "WED",
            "hh": "08",
            "mm": "30",
            "congestionCar": [
              27,
              27,
              36,
              31,
              38,
              37,
              29,
              47,
              39,
              28
            ]
          },
          {
            "dow": "WED",
            "hh": "08",
            "mm": "40",
            "congestionCar": [
              21,
              25,
              35,
              36,
              31,
              38,
              29,
              35,
              29,
              21
            ]
          },
          {
            "dow": "WED",
            "hh": "08",
            "mm": "50",
            "congestionCar": [
              20,
              21,
              29,
              24,
              25,
              28,
              26,
              26,
              26,
              15
            ]
          }
        ]
      },
      {
        "startStationCode": "211",
        "startStationName": "성수역",
        "endStationCode": "234",
        "endStationName": "신도림역",
        "prevStationCode": "243",
        "prevStationName": "충정로역",
        "updnLine": 0,
        "directAt": 0,
        "data": [
          {
            "dow": "WED",
            "hh": "08",
            "mm": "00",
            "congestionCar": [
              24,
              36,
              40,
              39,
              37,
              36,
              28,
              39,
              29,
              22
            ]
          },
          {
            "dow": "WED",
            "hh": "08",
            "mm": "10",
            "congestionCar": [
              30,
              47,
              46,
              48,
              44,
              46,
              39,
              44,
              30,
              26
            ]
          },
          {
            "dow": "WED",
            "hh": "08",
            "mm": "20",
            "congestionCar": [
              12,
              14,
              18,
              18,
              16,
              17,
              13,
              19,
              19,
              13
            ]
          },
          {
            "dow": "WED",
            "hh": "08",
            "mm": "30",
            "congestionCar": [
              26,
              26,
              35,
              30,
              37,
              36,
              28,
              46,
              38,
              27
            ]
          },
          {
            "dow": "WED",
            "hh": "08",
            "mm": "40",
            "congestionCar": [
              23,
              27,
              38,
              39,
              35,
              42,
              32,
              39,
              31,
              23
            ]
          },
          {
            "dow": "WED",
            "hh": "08",
            "mm": "50",
            "congestionCar": [
              20,
              22,
              31,
              25,
              26,
              29,
              27,
              28,
              27,
              16
            ]
          }
        ]
      },
      {
        "startStationCode": "211",
        "startStationName": "성수역",
        "endStationCode": "239",
        "endStationName": "홍대입구역",
        "prevStationCode": "243",
        "prevStationName": "충정로역",
        "updnLine": 0,
        "directAt": 0,
        "data": [
          {
            "dow": "WED",
            "hh": "08",
            "mm": "00",
            "congestionCar": [
              24,
              36,
              40,
              39,
              37,
              36,
              28,
              39,
              29,
              22
            ]
          },
          {
            "dow": "WED",
            "hh": "08",
            "mm": "10",
            "congestionCar": [
              30,
              47,
              46,
              48,
              44,
              46,
              39,
              44,
              30,
              26
            ]
          },
          {
            "dow": "WED",
            "hh": "08",
            "mm": "20",
            "congestionCar": [
              33,
              39,
              48,
              49,
              42,
              46,
              36,
              51,
              51,
              35
            ]
          },
          {
            "dow": "WED",
            "hh": "08",
            "mm": "30",
            "congestionCar": [
              27,
              27,
              36,
              31,
              38,
              37,
              29,
              47,
              39,
              28
            ]
          },
          {
            "dow": "WED",
            "hh": "08",
            "mm": "40",
            "congestionCar": [
              21,
              25,
              35,
              36,
              31,
              38,
              29,
              35,
              29,
              21
            ]
          },
          {
            "dow": "WED",
            "hh": "08",
            "mm": "50",
            "congestionCar": [
              20,
              21,
              29,
              24,
              25,
              28,
              26,
              26,
              26,
              15
            ]
          }
        ]
      },
      {
        "startStationCode": "219",
        "startStationName": "삼성역",
        "endStationCode": "211-R",
        "endStationName": "성수역",
        "prevStationCode": "241",
        "prevStationName": "이대역",
        "updnLine": 1,
        "directAt": 0,
        "data": [
          {
            "dow": "WED",
            "hh": "08",
            "mm": "00",
            "congestionCar": [
              131,
              107,
              105,
              131,
              118,
              108,
              113,
              93,
              81,
              83
            ]
          },
          {
            "dow": "WED",
            "hh": "08",
            "mm": "10",
            "congestionCar": [
              163,
              137,
              150,
              165,
              162,
              145,
              139,
              145,
              129,
              125
            ]
          },
          {
            "dow": "WED",
            "hh": "08",
            "mm": "20",
            "congestionCar": [
              157,
              138,
              156,
              172,
              157,
              155,
              143,
              167,
              135,
              150
            ]
          },
          {
            "dow": "WED",
            "hh": "08",
            "mm": "30",
            "congestionCar": [
              177,
              152,
              156,
              193,
              169,
              171,
              174,
              171,
              147,
              129
            ]
          },
          {
            "dow": "WED",
            "hh": "08",
            "mm": "40",
            "congestionCar": [
              164,
              136,
              126,
              127,
              118,
              122,
              126,
              108,
              102,
              100
            ]
          },
          {
            "dow": "WED",
            "hh": "08",
            "mm": "50",
            "congestionCar": [
              96,
              71,
              56,
              60,
              65,
              63,
              59,
              61,
              59,
              49
            ]
          }
        ]
      },
      {
        "startStationCode": "228",
        "startStationName": "서울대입구역",
        "endStationCode": "211",
        "endStationName": "성수역",
        "prevStationCode": "241",
        "prevStationName": "이대역",
        "updnLine": 1,
        "directAt": 0,
        "data": [
          {
            "dow": "WED",
            "hh": "08",
            "mm": "00",
            "congestionCar": [
              131,
              107,
              105,
              131,
              118,
              108,
              113,
              93,
              81,
              83
            ]
          },
          {
            "dow": "WED",
            "hh": "08",
            "mm": "10",
            "congestionCar": [
              163,
              137,
              150,
              165,
              162,
              145,
              139,
              145,
              129,
              125
            ]
          },
          {
            "dow": "WED",
            "hh": "08",
            "mm": "20",
            "congestionCar": [
              157,
              138,
              156,
              172,
              157,
              155,
              143,
              167,
              135,
              150
            ]
          },
          {
            "dow": "WED",
            "hh": "08",
            "mm": "30",
            "congestionCar": [
              177,
              152,
              156,
              193,
              169,
              171,
              174,
              171,
              147,
              129
            ]
          },
          {
            "dow": "WED",
            "hh": "08",
            "mm": "40",
            "congestionCar": [
              164,
              136,
              126,
              127,
              118,
              122,
              126,
              108,
              102,
              100
            ]
          },
          {
            "dow": "WED",
            "hh": "08",
            "mm": "50",
            "congestionCar": [
              96,
              71,
              56,
              60,
              65,
              63,
              59,
              61,
              59,
              49
            ]
          }
        ]
      },
      {
        "startStationCode": "228",
        "startStationName": "서울대입구역",
        "endStationCode": "211-R",
        "endStationName": "성수역",
        "prevStationCode": "241",
        "prevStationName": "이대역",
        "updnLine": 1,
        "directAt": 0,
        "data": [
          {
            "dow": "WED",
            "hh": "08",
            "mm": "00",
            "congestionCar": [
              131,
              107,
              105,
              131,
              118,
              108,
              113,
              93,
              81,
              83
            ]
          },
          {
            "dow": "WED",
            "hh": "08",
            "mm": "10",
            "congestionCar": [
              163,
              137,
              150,
              165,
              162,
              145,
              139,
              145,
              129,
              125
            ]
          },
          {
            "dow": "WED",
            "hh": "08",
            "mm": "20",
            "congestionCar": [
              157,
              138,
              156,
              172,
              157,
              155,
              143,
              167,
              135,
              150
            ]
          },
          {
            "dow": "WED",
            "hh": "08",
            "mm": "30",
            "congestionCar": [
              177,
              152,
              156,
              193,
              169,
              171,
              174,
              171,
              147,
              129
            ]
          },
          {
            "dow": "WED",
            "hh": "08",
            "mm": "40",
            "congestionCar": [
              164,
              136,
              126,
              127,
              118,
              122,
              126,
              108,
              102,
              100
            ]
          },
          {
            "dow": "WED",
            "hh": "08",
            "mm": "50",
            "congestionCar": [
              96,
              71,
              56,
              60,
              65,
              63,
              59,
              61,
              59,
              49
            ]
          }
        ]
      },
      {
        "startStationCode": "234",
        "startStationName": "신도림역",
        "endStationCode": "211",
        "endStationName": "성수역",
        "prevStationCode": "241",
        "prevStationName": "이대역",
        "updnLine": 1,
        "directAt": 0,
        "data": [
          {
            "dow": "WED",
            "hh": "08",
            "mm": "00",
            "congestionCar": [
              131,
              107,
              105,
              131,
              118,
              108,
              113,
              93,
              81,
              83
            ]
          },
          {
            "dow": "WED",
            "hh": "08",
            "mm": "10",
            "congestionCar": [
              163,
              137,
              150,
              165,
              162,
              145,
              139,
              145,
              129,
              125
            ]
          },
          {
            "dow": "WED",
            "hh": "08",
            "mm": "20",
            "congestionCar": [
              157,
              138,
              156,
              172,
              157,
              155,
              143,
              167,
              135,
              150
            ]
          },
          {
            "dow": "WED",
            "hh": "08",
            "mm": "30",
            "congestionCar": [
              177,
              152,
              156,
              193,
              169,
              171,
              174,
              171,
              147,
              129
            ]
          },
          {
            "dow": "WED",
            "hh": "08",
            "mm": "40",
            "congestionCar": [
              164,
              136,
              126,
              127,
              118,
              122,
              126,
              108,
              102,
              100
            ]
          },
          {
            "dow": "WED",
            "hh": "08",
            "mm": "50",
            "congestionCar": [
              96,
              71,
              56,
              60,
              65,
              63,
              59,
              61,
              59,
              49
            ]
          }
        ]
      },
      {
        "startStationCode": "234",
        "startStationName": "신도림역",
        "endStationCode": "211-R",
        "endStationName": "성수역",
        "prevStationCode": "241",
        "prevStationName": "이대역",
        "updnLine": 1,
        "directAt": 0,
        "data": [
          {
            "dow": "WED",
            "hh": "08",
            "mm": "00",
            "congestionCar": [
              94,
              77,
              75,
              94,
              85,
              77,
              82,
              67,
              59,
              60
            ]
          },
          {
            "dow": "WED",
            "hh": "08",
            "mm": "10",
            "congestionCar": [
              44,
              37,
              40,
              44,
              43,
              39,
              37,
              39,
              34,
              33
            ]
          },
          {
            "dow": "WED",
            "hh": "08",
            "mm": "20",
            "congestionCar": [
              157,
              138,
              156,
              172,
              157,
              155,
              143,
              167,
              135,
              150
            ]
          },
          {
            "dow": "WED",
            "hh": "08",
            "mm": "30",
            "congestionCar": [
              177,
              152,
              156,
              193,
              169,
              171,
              174,
              171,
              147,
              129
            ]
          },
          {
            "dow": "WED",
            "hh": "08",
            "mm": "40",
            "congestionCar": [
              164,
              136,
              126,
              127,
              118,
              122,
              126,
              108,
              102,
              100
            ]
          },
          {
            "dow": "WED",
            "hh": "08",
            "mm": "50",
            "congestionCar": [
              96,
              71,
              56,
              60,
              65,
              63,
              59,
              61,
              59,
              49
            ]
          }
        ]
      },
      {
        "startStationCode": "239",
        "startStationName": "홍대입구역",
        "endStationCode": "211",
        "endStationName": "성수역",
        "prevStationCode": "241",
        "prevStationName": "이대역",
        "updnLine": 1,
        "directAt": 0,
        "data": [
          {
            "dow": "WED",
            "hh": "08",
            "mm": "00",
            "congestionCar": [
              131,
              107,
              105,
              131,
              118,
              108,
              113,
              93,
              81,
              83
            ]
          },
          {
            "dow": "WED",
            "hh": "08",
            "mm": "10",
            "congestionCar": [
              163,
              137,
              150,
              165,
              162,
              145,
              139,
              145,
              129,
              125
            ]
          },
          {
            "dow": "WED",
            "hh": "08",
            "mm": "20",
            "congestionCar": [
              157,
              138,
              156,
              172,
              157,
              155,
              143,
              167,
              135,
              150
            ]
          },
          {
            "dow": "WED",
            "hh": "08",
            "mm": "30",
            "congestionCar": [
              177,
              152,
              156,
              193,
              169,
              171,
              174,
              171,
              147,
              129
            ]
          },
          {
            "dow": "WED",
            "hh": "08",
            "mm": "40",
            "congestionCar": [
              164,
              136,
              126,
              127,
              118,
              122,
              126,
              108,
              102,
              100
            ]
          },
          {
            "dow": "WED",
            "hh": "08",
            "mm": "50",
            "congestionCar": [
              96,
              71,
              56,
              60,
              65,
              63,
              59,
              61,
              59,
              49
            ]
          }
        ]
      },
      {
        "startStationCode": "239",
        "startStationName": "홍대입구역",
        "endStationCode": "211-R",
        "endStationName": "성수역",
        "prevStationCode": "241",
        "prevStationName": "이대역",
        "updnLine": 1,
        "directAt": 0,
        "data": [
          {
            "dow": "WED",
            "hh": "08",
            "mm": "00",
            "congestionCar": [
              131,
              107,
              105,
              131,
              118,
              108,
              113,
              93,
              81,
              83
            ]
          },
          {
            "dow": "WED",
            "hh": "08",
            "mm": "10",
            "congestionCar": [
              163,
              137,
              150,
              165,
              162,
              145,
              139,
              145,
              129,
              125
            ]
          },
          {
            "dow": "WED",
            "hh": "08",
            "mm": "20",
            "congestionCar": [
              157,
              138,
              156,
              172,
              157,
              155,
              143,
              167,
              135,
              150
            ]
          },
          {
            "dow": "WED",
            "hh": "08",
            "mm": "30",
            "congestionCar": [
              177,
              152,
              156,
              193,
              169,
              171,
              174,
              171,
              147,
              129
            ]
          },
          {
            "dow": "WED",
            "hh": "08",
            "mm": "40",
            "congestionCar": [
              164,
              136,
              126,
              127,
              118,
              122,
              126,
              108,
              102,
              100
            ]
          },
          {
            "dow": "WED",
            "hh": "08",
            "mm": "50",
            "congestionCar": [
              96,
              71,
              56,
              60,
              65,
              63,
              59,
              61,
              59,
              49
            ]
          }
        ]
      }
    ],
    "statStartDate": "20230924",
    "statEndDate": "20231223"
  }
}