{
  "status": {
    "code": "00",
    "message": "success",
    "totalCount": 1
  },
  "contents": {
    "subwayLine": "2호선",
    "stationName": "신촌역",
    "stationCode": "240",
    "stat": [
      {
        "startStationCode": "202",
        "startStationName": "을지로입구역",
        "endStationCode": "211",
        "endStationName": "성수역",
        "prevStationCode": "241",
        "prevStationName": "이대역",
        "updnLine": 0,
        "directAt": 0,
        "data": [
          {
            "dow": "FRI",
            "hh": "08",
            "mm": "00",
            "congestionCar": [
              27,
              33,
              42,
              37,
              37,
              34,
              29,
              37,
              30,
              23
            ]
          },
          {
            "dow": "FRI",
            "hh": "08",
            "mm": "10",
            "congestionCar": [
              31,
              43,
              41,
              44,
              34,
              40,
              32,
              35,
              28,
              23
            ]
          },
          {
            "dow": "FRI",
            "hh": "08",
            "mm": "20",
            "congestionCar": [
              32,
              37,
              41,
              43,
              36,
              32,
              30,
              37,
              28,
              24
            ]
          },
          {
            "dow": "FRI",
            "hh": "08",
            "mm": "30",
            "congestionCar": [
              26,
              30,
              34,
              37,
              35,
              32,
              29,
              37,
              34,
              25
            ]
          },
          {
            "dow": "FRI",
            "hh": "08",
            "mm": "40",
            "congestionCar": [
              23,
              24,
              34,
              33,
              31,
              34,
              27,
              36,
              22,
              16
            ]
          },
          {
            "dow": "FRI",
            "hh": "08",
            "mm": "50",
            "congestionCar": [
              14,
              19,
              27,
              23,
              24,
              27,
              24,
              22,
              18,
              11
            ]
          }
        ]
      },
      {
        "startStationCode": "202",
        "startStationName": "을지로입구역",
        "endStationCode": "211-R",
        "endStationName": "성수역",
        "prevStationCode": "241",
        "prevStationName": "이대역",
        "updnLine": 0,
        "directAt": 0,
        "data": [
          {
            "dow": "FRI",
            "hh": "08",
            "mm": "00",
            "congestionCar": [
              27,
              33,
              42,
              37,
              37,
              34,
              29,
              37,
              30,
              23
            ]
          },
          {
            "dow": "FRI",
            "hh": "08",
            "mm": "10",
            "congestionCar": [
              31,
              43,
              41,
              44,
              34,
              40,
              32,
              35,
              28,
              23
            ]
          },
          {
            "dow": "FRI",
            "hh": "08",
            "mm": "20",
            "congestionCar": [
              32,
              37,
              41,
              43,
              36,
              32,
              30,
              37,
              28,
              24
            ]
          },
          {
            "dow": "FRI",
            "hh": "08",
            "mm": "30",
            "congestionCar": [
              26,
              30,
              34,
              37,
              35,
              32,
              29,
              37,
              34,
              25
            ]
          },
          {
            "dow": "FRI",
            "hh": "08",
            "mm": "40",
            "congestionCar": [
              23,
              24,
              34,
              33,
              31,
              34,
              27,
              36,
              22,
              16
            ]
          },
          {
            "dow": "FRI",
            "hh": "08",
            "mm": "50",
            "congestionCar": [
              14,
              19,
              27,
              23,
              24,
              27,
              24,
              22,
              18,
              11
            ]
          }
        ]
      },
      {
        "startStationCode": "211",
        "startStationName": "성수역",
        "endStationCode": "202",
        "endStationName": "을지로입구역",
        "prevStationCode": "239",
        "prevStationName": "홍대입구역",
        "updnLine": 1,
        "directAt": 0,
        "data": [
          {
            "dow": "FRI",
            "hh": "08",
            "mm": "00",
            "congestionCar": [
              106,
              88,
              99,
              113,
              115,
              103,
              106,
              88,
              71,
              72
            ]
          },
          {
            "dow": "FRI",
            "hh": "08",
            "mm": "10",
            "congestionCar": [
              137,
              127,
              143,
              152,
              146,
              146,
              141,
              152,
              127,
              128
            ]
          },
          {
            "dow": "FRI",
            "hh": "08",
            "mm": "20",
            "congestionCar": [
              141,
              137,
              155,
              187,
              167,
              168,
              151,
              166,
              144,
              135
            ]
          },
          {
            "dow": "FRI",
            "hh": "08",
            "mm": "30",
            "congestionCar": [
              160,
              144,
              162,
              169,
              159,
              170,
              169,
              163,
              122,
              112
            ]
          },
          {
            "dow": "FRI",
            "hh": "08",
            "mm": "40",
            "congestionCar": [
              107,
              104,
              99,
              88,
              89,
              88,
              88,
              82,
              82,
              72
            ]
          },
          {
            "dow": "FRI",
            "hh": "08",
            "mm": "50",
            "congestionCar": [
              78,
              66,
              55,
              56,
              62,
              64,
              65,
              59,
              58,
              46
            ]
          }
        ]
      },
      {
        "startStationCode": "211",
        "startStationName": "성수역",
        "endStationCode": "211",
        "endStationName": "성수역",
        "prevStationCode": "241",
        "prevStationName": "이대역",
        "updnLine": 0,
        "directAt": 0,
        "data": [
          {
            "dow": "FRI",
            "hh": "08",
            "mm": "00",
            "congestionCar": [
              11,
              14,
              18,
              16,
              16,
              15,
              12,
              16,
              13,
              10
            ]
          },
          {
            "dow": "FRI",
            "hh": "08",
            "mm": "10",
            "congestionCar": [
              31,
              43,
              41,
              44,
              34,
              40,
              32,
              35,
              28,
              23
            ]
          },
          {
            "dow": "FRI",
            "hh": "08",
            "mm": "20",
            "congestionCar": [
              17,
              20,
              22,
              23,
              19,
              17,
              16,
              20,
              15,
              13
            ]
          },
          {
            "dow": "FRI",
            "hh": "08",
            "mm": "30",
            "congestionCar": [
              31,
              35,
              40,
              43,
              41,
              37,
              34,
              43,
              39,
              29
            ]
          },
          {
            "dow": "FRI",
            "hh": "08",
            "mm": "40",
            "congestionCar": [
              24,
              25,
              35,
              34,
              32,
              36,
              28,
              37,
              23,
              17
            ]
          },
          {
            "dow": "FRI",
            "hh": "08",
            "mm": "50",
            "congestionCar": [
              12,
              15,
              22,
              18,
              19,
              22,
              20,
              18,
              14,
              9
            ]
          }
        ]
      },
      {
        "startStationCode": "211",
        "startStationName": "성수역",
        "endStationCode": "211",
        "endStationName": "성수역",
        "prevStationCode": "239",
        "prevStationName": "홍대입구역",
        "updnLine": 1,
        "directAt": 0,
        "data": [
          {
            "dow": "FRI",
            "hh": "08",
            "mm": "00",
            "congestionCar": [
              106,
              88,
              99,
              113,
              115,
              103,
              106,
              88,
              71,
              72
            ]
          },
          {
            "dow": "FRI",
            "hh": "08",
            "mm": "10",
            "congestionCar": [
              137,
              127,
              143,
              152,
              146,
              146,
              141,
              152,
              127,
              128
            ]
          },
          {
            "dow": "FRI",
            "hh": "08",
            "mm": "20",
            "congestionCar": [
              141,
              137,
              155,
              187,
              167,
              168,
              151,
              166,
              144,
              135
            ]
          },
          {
            "dow": "FRI",
            "hh": "08",
            "mm": "30",
            "congestionCar": [
              160,
              144,
              162,
              169,
              159,
              170,
              169,
              163,
              122,
              112
            ]
          },
          {
            "dow": "FRI",
            "hh": "08",
            "mm": "40",
            "congestionCar": [
              107,
              104,
              99,
              88,
              89,
              88,
              88,
              82,
              82,
              72
            ]
          },
          {
            "dow": "FRI",
            "hh": "08",
            "mm": "50",
            "congestionCar": [
              36,
              30,
              25,
              26,
              28,
              30,
              30,
              27,
              27,
              21
            ]
          }
        ]
      },
      {
        "startStationCode": "211",
        "startStationName": "성수역",
        "endStationCode": "211-R",
        "endStationName": "성수역",
        "prevStationCode": "241",
        "prevStationName": "이대역",
        "updnLine": 0,
        "directAt": 0,
        "data": [
          {
            "dow": "FRI",
            "hh": "08",
            "mm": "00",
            "congestionCar": [
              28,
              34,
              43,
              38,
              38,
              35,
              29,
              38,
              31,
              24
            ]
          },
          {
            "dow": "FRI",
            "hh": "08",
            "mm": "10",
            "congestionCar": [
              33,
              46,
              43,
              47,
              36,
              42,
              34,
              37,
              29,
              24
            ]
          },
          {
            "dow": "FRI",
            "hh": "08",
            "mm": "20",
            "congestionCar": [
              33,
              39,
              42,
              44,
              37,
              33,
              31,
              38,
              29,
              25
            ]
          },
          {
            "dow": "FRI",
            "hh": "08",
            "mm": "30",
            "congestionCar": [
              25,
              28,
              32,
              35,
              33,
              30,
              28,
              35,
              32,
              23
            ]
          },
          {
            "dow": "FRI",
            "hh": "08",
            "mm": "40",
            "congestionCar": [
              24,
              25,
              35,
              34,
              32,
              36,
              28,
              37,
              23,
              17
            ]
          },
          {
            "dow": "FRI",
            "hh": "08",
            "mm": "50",
            "congestionCar": [
              15,
              20,
              28,
              24,
              25,
              29,
              26,
              23,
              18,
              12
            ]
          }
        ]
      },
      {
        "startStationCode": "211",
        "startStationName": "성수역",
        "endStationCode": "211-R",
        "endStationName": "성수역",
        "prevStationCode": "239",
        "prevStationName": "홍대입구역",
        "updnLine": 1,
        "directAt": 0,
        "data": [
          {
            "dow": "FRI",
            "hh": "08",
            "mm": "00",
            "congestionCar": [
              118,
              98,
              110,
              127,
              128,
              114,
              118,
              98,
              79,
              80
            ]
          },
          {
            "dow": "FRI",
            "hh": "08",
            "mm": "10",
            "congestionCar": [
              137,
              127,
              143,
              152,
              146,
              146,
              141,
              152,
              127,
              128
            ]
          },
          {
            "dow": "FRI",
            "hh": "08",
            "mm": "20",
            "congestionCar": [
              141,
              137,
              155,
              187,
              167,
              168,
              151,
              166,
              144,
              135
            ]
          },
          {
            "dow": "FRI",
            "hh": "08",
            "mm": "30",
            "congestionCar": [
              160,
              144,
              162,
              169,
              159,
              170,
              169,
              163,
              122,
              112
            ]
          },
          {
            "dow": "FRI",
            "hh": "08",
            "mm": "40",
            "congestionCar": [
              111,
              107,
              102,
              91,
              92,
              91,
              91,
              85,
              85,
              75
            ]
          },
          {
            "dow": "FRI",
            "hh": "08",
            "mm": "50",
            "congestionCar": [
              79,
              67,
              56,
              57,
              63,
              65,
              66,
              60,
              59,
              47
            ]
          }
        ]
      },
      {
        "startStationCode": "211",
        "startStationName": "성수역",
        "endStationCode": "219",
        "endStationName": "삼성역",
        "prevStationCode": "241",
        "prevStationName": "이대역",
        "updnLine": 0,
        "directAt": 0,
        "data": [
          {
            "dow": "FRI",
            "hh": "08",
            "mm": "00",
            "congestionCar": [
              27,
              33,
              42,
              37,
              37,
              34,
              29,
              37,
              30,
              23
            ]
          },
          {
            "dow": "FRI",
            "hh": "08",
            "mm": "10",
            "congestionCar": [
              31,
              43,
              41,
              44,
              34,
              40,
              32,
              35,
              28,
              23
            ]
          },
          {
            "dow": "FRI",
            "hh": "08",
            "mm": "20",
            "congestionCar": [
              32,
              37,
              41,
              43,
              36,
              32,
              30,
              37,
              28,
              24
            ]
          },
          {
            "dow": "FRI",
            "hh": "08",
            "mm": "30",
            "congestionCar": [
              26,
              30,
              34,
              37,
              35,
              32,
              29,
              37,
              34,
              25
            ]
          },
          {
            "dow": "FRI",
            "hh": "08",
            "mm": "40",
            "congestionCar": [
              23,
              24,
              34,
              33,
              31,
              34,
              27,
              36,
              22,
              16
            ]
          },
          {
            "dow": "FRI",
            "hh": "08",
            "mm": "50",
            "congestionCar": [
              14,
              19,
              27,
              23,
              24,
              27,
              24,
              22,
              18,
              11
            ]
          }
        ]
      },
      {
        "startStationCode": "211",
        "startStationName": "성수역",
        "endStationCode": "228",
        "endStationName": "서울대입구역",
        "prevStationCode": "241",
        "prevStationName": "이대역",
        "updnLine": 0,
        "directAt": 0,
        "data": [
          {
            "dow": "FRI",
            "hh": "08",
            "mm": "00",
            "congestionCar": [
              27,
              33,
              42,
              37,
              37,
              34,
              29,
              37,
              30,
              23
            ]
          },
          {
            "dow": "FRI",
            "hh": "08",
            "mm": "10",
            "congestionCar": [
              31,
              43,
              41,
              44,
              34,
              40,
              32,
              35,
              28,
              23
            ]
          },
          {
            "dow": "FRI",
            "hh": "08",
            "mm": "20",
            "congestionCar": [
              32,
              37,
              41,
              43,
              36,
              32,
              30,
              37,
              28,
              24
            ]
          },
          {
            "dow": "FRI",
            "hh": "08",
            "mm": "30",
            "congestionCar": [
              26,
              30,
              34,
              37,
              35,
              32,
              29,
              37,
              34,
              25
            ]
          },
          {
            "dow": "FRI",
            "hh": "08",
            "mm": "40",
            "congestionCar": [
              23,
              24,
              34,
              33,
              31,
              34,
              27,
              36,
              22,
              16
            ]
          },
          {
            "dow": "FRI",
            "hh": "08",
            "mm": "50",
            "congestionCar": [
              14,
              19,
              27,
              23,
              24,
              27,
              24,
              22,
              18,
              11
            ]
          }
        ]
      },
      {
        "startStationCode": "211",
        "startStationName": "성수역",
        "endStationCode": "234",
        "endStationName": "신도림역",
        "prevStationCode": "241",
        "prevStationName": "이대역",
        "updnLine": 0,
        "directAt": 0,
        "data": [
          {
            "dow": "FRI",
            "hh": "08",
            "mm": "00",
            "congestionCar": [
              27,
              33,
              42,
              37,
              37,
              34,
              29,
              37,
              30,
              23
            ]
          },
          {
            "dow": "FRI",
            "hh": "08",
            "mm": "10",
            "congestionCar": [
              31,
              43,
              41,
              44,
              34,
              40,
              32,
              35,
              28,
              23
            ]
          },
          {
            "dow": "FRI",
            "hh": "08",
            "mm": "20",
            "congestionCar": [
              16,
              19,
              21,
              21,
              18,
              16,
              15,
              19,
              14,
              12
            ]
          },
          {
            "dow": "FRI",
            "hh": "08",
            "mm": "30",
            "congestionCar": [
              29,
              33,
              38,
              40,
              38,
              35,
              32,
              40,
              37,
              27
            ]
          },
          {
            "dow": "FRI",
            "hh": "08",
            "mm": "40",
            "congestionCar": [
              21,
              22,
              31,
              31,
              29,
              32,
              25,
              33,
              20,
              15
            ]
          },
          {
            "dow": "FRI",
            "hh": "08",
            "mm": "50",
            "congestionCar": [
              18,
              23,
              34,
              28,
              30,
              34,
              30,
              28,
              22,
              14
            ]
          }
        ]
      },
      {
        "startStationCode": "211",
        "startStationName": "성수역",
        "endStationCode": "239",
        "endStationName": "홍대입구역",
        "prevStationCode": "241",
        "prevStationName": "이대역",
        "updnLine": 0,
        "directAt": 0,
        "data": [
          {
            "dow": "FRI",
            "hh": "08",
            "mm": "00",
            "congestionCar": [
              27,
              33,
              42,
              37,
              37,
              34,
              29,
              37,
              30,
              23
            ]
          },
          {
            "dow": "FRI",
            "hh": "08",
            "mm": "10",
            "congestionCar": [
              31,
              43,
              41,
              44,
              34,
              40,
              32,
              35,
              28,
              23
            ]
          },
          {
            "dow": "FRI",
            "hh": "08",
            "mm": "20",
            "congestionCar": [
              32,
              37,
              41,
              43,
              36,
              32,
              30,
              37,
              28,
              24
            ]
          },
          {
            "dow": "FRI",
            "hh": "08",
            "mm": "30",
            "congestionCar": [
              26,
              30,
              34,
              37,
              35,
              32,
              29,
              37,
              34,
              25
            ]
          },
          {
            "dow": "FRI",
            "hh": "08",
            "mm": "40",
            "congestionCar": [
              23,
              24,
              34,
              33,
              31,
              34,
              27,
              36,
              22,
              16
            ]
          },
          {
            "dow": "FRI",
            "hh": "08",
            "mm": "50",
            "congestionCar": [
              14,
              19,
              27,
              23,
              24,
              27,
              24,
              22,
              18,
              11
            ]
          }
        ]
      },
      {
        "startStationCode": "219",
        "startStationName": "삼성역",
        "endStationCode": "211-R",
        "endStationName": "성수역",
        "prevStationCode": "239",
        "prevStationName": "홍대입구역",
        "updnLine": 1,
        "directAt": 0,
        "data": [
          {
            "dow": "FRI",
            "hh": "08",
            "mm": "00",
            "congestionCar": [
              106,
              88,
              99,
              113,
              115,
              103,
              106,
              88,
              71,
              72
            ]
          },
          {
            "dow": "FRI",
            "hh": "08",
            "mm": "10",
            "congestionCar": [
              137,
              127,
              143,
              152,
              146,
              146,
              141,
              152,
              127,
              128
            ]
          },
          {
            "dow": "FRI",
            "hh": "08",
            "mm": "20",
            "congestionCar": [
              141,
              137,
              155,
              187,
              167,
              168,
              151,
              166,
              144,
              135
            ]
          },
          {
            "dow": "FRI",
            "hh": "08",
            "mm": "30",
            "congestionCar": [
              160,
              144,
              162,
              169,
              159,
              170,
              169,
              163,
              122,
              112
            ]
          },
          {
            "dow": "FRI",
            "hh": "08",
            "mm": "40",
            "congestionCar": [
              107,
              104,
              99,
              88,
              89,
              88,
              88,
              82,
              82,
              72
            ]
          },
          {
            "dow": "FRI",
            "hh": "08",
            "mm": "50",
            "congestionCar": [
              78,
              66,
              55,
              56,
              62,
              64,
              65,
              59,
              58,
              46
            ]
          }
        ]
      },
      {
        "startStationCode": "228",
        "startStationName": "서울대입구역",
        "endStationCode": "211",
        "endStationName": "성수역",
        "prevStationCode": "239",
        "prevStationName": "홍대입구역",
        "updnLine": 1,
        "directAt": 0,
        "data": [
          {
            "dow": "FRI",
            "hh": "08",
            "mm": "00",
            "congestionCar": [
              106,
              88,
              99,
              113,
              115,
              103,
              106,
              88,
              71,
              72
            ]
          },
          {
            "dow": "FRI",
            "hh": "08",
            "mm": "10",
            "congestionCar": [
              137,
              127,
              143,
              152,
              146,
              146,
              141,
              152,
              127,
              128
            ]
          },
          {
            "dow": "FRI",
            "hh": "08",
            "mm": "20",
            "congestionCar": [
              141,
              137,
              155,
              187,
              167,
              168,
              151,
              166,
              144,
              135
            ]
          },
          {
            "dow": "FRI",
            "hh": "08",
            "mm": "30",
            "congestionCar": [
              160,
              144,
              162,
              169,
              159,
              170,
              169,
              163,
              122,
              112
            ]
          },
          {
            "dow": "FRI",
            "hh": "08",
            "mm": "40",
            "congestionCar": [
              107,
              104,
              99,
              88,
              89,
              88,
              88,
              82,
              82,
              72
            ]
          },
          {
            "dow": "FRI",
            "hh": "08",
            "mm": "50",
            "congestionCar": [
              78,
              66,
              55,
              56,
              62,
              64,
              65,
              59,
              58,
              46
            ]
          }
        ]
      },
      {
        "startStationCode": "228",
        "startStationName": "서울대입구역",
        "endStationCode": "211-R",
        "endStationName": "성수역",
        "prevStationCode": "239",
        "prevStationName": "홍대입구역",
        "updnLine": 1,
        "directAt": 0,
        "data": [
          {
            "dow": "FRI",
            "hh": "08",
            "mm": "00",
            "congestionCar": [
              106,
              88,
              99,
              113,
              115,
              103,
              106,
              88,
              71,
              72
            ]
          },
          {
            "dow": "FRI",
            "hh": "08",
            "mm": "10",
            "congestionCar": [
              137,
              127,
              143,
              152,
              146,
              146,
              141,
              152,
              127,
              128
            ]
          },
          {
            "dow": "FRI",
            "hh": "08",
            "mm": "20",
            "congestionCar": [
              141,
              137,
              155,
              187,
              167,
              168,
              151,
              166,
              144,
              135
            ]
          },
          {
            "dow": "FRI",
            "hh": "08",
            "mm": "30",
            "congestionCar": [
              160,
              144,
              162,
              169,
              159,
              170,
              169,
              163,
              122,
              112
            ]
          },
          {
            "dow": "FRI",
            "hh": "08",
            "mm": "40",
            "congestionCar": [
              107,
              104,
              99,
              88,
              89,
              88,
              88,
              82,
              82,
              72
            ]
          },
          {
            "dow": "FRI",
            "hh": "08",
            "mm": "50",
            "congestionCar": [
              78,
              66,
              55,
              56,
              62,
              64,
              65,
              59,
              58,
              46
            ]
          }
        ]
      },
      {
        "startStationCode": "234",
        "startStationName": "신도림역",
        "endStationCode": "211",
        "endStationName": "성수역",
        "prevStationCode": "239",
        "prevStationName": "홍대입구역",
        "updnLine": 1,
        "directAt": 0,
        "data": [
          {
            "dow": "FRI",
            "hh": "08",
            "mm": "00",
            "congestionCar": [
              106,
              88,
              99,
              113,
              115,
              103,
              106,
              88,
              71,
              72
            ]
          },
          {
            "dow": "FRI",
            "hh": "08",
            "mm": "10",
            "congestionCar": [
              137,
              127,
              143,
              152,
              146,
              146,
              141,
              152,
              127,
              128
            ]
          },
          {
            "dow": "FRI",
            "hh": "08",
            "mm": "20",
            "congestionCar": [
              141,
              137,
              155,
              187,
              167,
              168,
              151,
              166,
              144,
              135
            ]
          },
          {
            "dow": "FRI",
            "hh": "08",
            "mm": "30",
            "congestionCar": [
              160,
              144,
              162,
              169,
              159,
              170,
              169,
              163,
              122,
              112
            ]
          },
          {
            "dow": "FRI",
            "hh": "08",
            "mm": "40",
            "congestionCar": [
              107,
              104,
              99,
              88,
              89,
              88,
              88,
              82,
              82,
              72
            ]
          },
          {
            "dow": "FRI",
            "hh": "08",
            "mm": "50",
            "congestionCar": [
              78,
              66,
              55,
              56,
              62,
              64,
              65,
              59,
              58,
              46
            ]
          }
        ]
      },
      {
        "startStationCode": "234",
        "startStationName": "신도림역",
        "endStationCode": "211-R",
        "endStationName": "성수역",
        "prevStationCode": "239",
        "prevStationName": "홍대입구역",
        "updnLine": 1,
        "directAt": 0,
        "data": [
          {
            "dow": "FRI",
            "hh": "08",
            "mm": "00",
            "congestionCar": [
              70,
              59,
              66,
              76,
              77,
              68,
              70,
              59,
              47,
              48
            ]
          },
          {
            "dow": "FRI",
            "hh": "08",
            "mm": "10",
            "congestionCar": [
              31,
              29,
              33,
              35,
              33,
              33,
              32,
              35,
              29,
              29
            ]
          },
          {
            "dow": "FRI",
            "hh": "08",
            "mm": "20",
            "congestionCar": [
              141,
              137,
              155,
              187,
              167,
              168,
              151,
              166,
              144,
              135
            ]
          },
          {
            "dow": "FRI",
            "hh": "08",
            "mm": "30",
            "congestionCar": [
              160,
              144,
              162,
              169,
              159,
              170,
              169,
              163,
              122,
              112
            ]
          },
          {
            "dow": "FRI",
            "hh": "08",
            "mm": "40",
            "congestionCar": [
              107,
              104,
              99,
              88,
              89,
              88,
              88,
              82,
              82,
              72
            ]
          },
          {
            "dow": "FRI",
            "hh": "08",
            "mm": "50",
            "congestionCar": [
              78,
              66,
              55,
              56,
              62,
              64,
              65,
              59,
              58,
              46
            ]
          }
        ]
      },
      {
        "startStationCode": "239",
        "startStationName": "홍대입구역",
        "endStationCode": "211",
        "endStationName": "성수역",
        "prevStationCode": "239",
        "prevStationName": "홍대입구역",
        "updnLine": 1,
        "directAt": 0,
        "data": [
          {
            "dow": "FRI",
            "hh": "08",
            "mm": "00",
            "congestionCar": [
              106,
              88,
              99,
              113,
              115,
              103,
              106,
              88,
              71,
              72
            ]
          },
          {
            "dow": "FRI",
            "hh": "08",
            "mm": "10",
            "congestionCar": [
              137,
              127,
              143,
              152,
              146,
              146,
              141,
              152,
              127,
              128
            ]
          },
          {
            "dow": "FRI",
            "hh": "08",
            "mm": "20",
            "congestionCar": [
              141,
              137,
              155,
              187,
              167,
              168,
              151,
              166,
              144,
              135
            ]
          },
          {
            "dow": "FRI",
            "hh": "08",
            "mm": "30",
            "congestionCar": [
              160,
              144,
              162,
              169,
              159,
              170,
              169,
              163,
              122,
              112
            ]
          },
          {
            "dow": "FRI",
            "hh": "08",
            "mm": "40",
            "congestionCar": [
              107,
              104,
              99,
              88,
              89,
              88,
              88,
              82,
              82,
              72
            ]
          },
          {
            "dow": "FRI",
            "hh": "08",
            "mm": "50",
            "congestionCar": [
              78,
              66,
              55,
              56,
              62,
              64,
              65,
              59,
              58,
              46
            ]
          }
        ]
      },
      {
        "startStationCode": "239",
        "startStationName": "홍대입구역",
        "endStationCode": "211-R",
        "endStationName": "성수역",
        "prevStationCode": "239",
        "prevStationName": "홍대입구역",
        "updnLine": 1,
        "directAt": 0,
        "data": [
          {
            "dow": "FRI",
            "hh": "08",
            "mm": "00",
            "congestionCar": [
              106,
              88,
              99,
              113,
              115,
              103,
              106,
              88,
              71,
              72
            ]
          },
          {
            "dow": "FRI",
            "hh": "08",
            "mm": "10",
            "congestionCar": [
              137,
              127,
              143,
              152,
              146,
              146,
              141,
              152,
              127,
              128
            ]
          },
          {
            "dow": "FRI",
            "hh": "08",
            "mm": "20",
            "congestionCar": [
              141,
              137,
              155,
              187,
              167,
              168,
              151,
              166,
              144,
              135
            ]
          },
          {
            "dow": "FRI",
            "hh": "08",
            "mm": "30",
            "congestionCar": [
              160,
              144,
              162,
              169,
              159,
              170,
              169,
              163,
              122,
              112
            ]
          },
          {
            "dow": "FRI",
            "hh": "08",
            "mm": "40",
            "congestionCar": [
              107,
              104,
              99,
              88,
              89,
              88,
              88,
              82,
              82,
              72
            ]
          },
          {
            "dow": "FRI",
            "hh": "08",
            "mm": "50",
            "congestionCar": [
              78,
              66,
              55,
              56,
              62,
              64,
              65,
              59,
              58,
              46
            ]
          }
        ]
      }
    ],
    "statStartDate": "20230924",
    "statEndDate": "20231223"
  }
}