{
  "status": {
    "code": "00",
    "message": "success",
    "totalCount": 1
  },
  "contents": {
    "subwayLine": "2호선",
    "stationName": "신도림역",
    "stationCode": "234",
    "stat": [
      {
        "startStationCode": "202",
        "startStationName": "을지로입구역",
        "endStationCode": "211",
        "endStationName": "성수역",
        "prevStationCode": "235",
        "prevStationName": "문래역",
        "updnLine": 0,
        "directAt": 0,
        "data": [
          {
            "dow": "FRI",
            "hh": "08",
            "mm": "00",
            "congestionCar": [
              105,
              111,
              114,
              125,
              102,
              81,
              93,
              67,
              71,
              90
            ]
          },
          {
            "dow": "FRI",
            "hh": "08",
            "mm": "10",
            "congestionCar": [
              74,
              98,
              102,
              99,
              78,
              80,
              73,
              61,
              61,
              53
            ]
          },
          {
            "dow": "FRI",
            "hh": "08",
            "mm": "20",
            "congestionCar": [
              73,
              82,
              83,
              92,
              76,
              70,
              65,
              63,
              48,
              48
            ]
          },
          {
            "dow": "FRI",
            "hh": "08",
            "mm": "30",
            "congestionCar": [
              72,
              81,
              68,
              79,
              49,
              50,
              54,
              47,
              38,
              33
            ]
          },
          {
            "dow": "FRI",
            "hh": "08",
            "mm": "40",
            "congestionCar": [
              54,
              66,
              61,
              54,
              43,
              40,
              38,
              37,
              29,
              28
            ]
          },
          {
            "dow": "FRI",
            "hh": "08",
            "mm": "50",
            "congestionCar": [
              39,
              46,
              59,
              39,
              34,
              28,
              28,
              30,
              27,
              21
            ]
          }
        ]
      },
      {
        "startStationCode": "202",
        "startStationName": "을지로입구역",
        "endStationCode": "211-R",
        "endStationName": "성수역",
        "prevStationCode": "235",
        "prevStationName": "문래역",
        "updnLine": 0,
        "directAt": 0,
        "data": [
          {
            "dow": "FRI",
            "hh": "08",
            "mm": "00",
            "congestionCar": [
              105,
              111,
              114,
              125,
              102,
              81,
              93,
              67,
              71,
              90
            ]
          },
          {
            "dow": "FRI",
            "hh": "08",
            "mm": "10",
            "congestionCar": [
              74,
              98,
              102,
              99,
              78,
              80,
              73,
              61,
              61,
              53
            ]
          },
          {
            "dow": "FRI",
            "hh": "08",
            "mm": "20",
            "congestionCar": [
              73,
              82,
              83,
              92,
              76,
              70,
              65,
              63,
              48,
              48
            ]
          },
          {
            "dow": "FRI",
            "hh": "08",
            "mm": "30",
            "congestionCar": [
              72,
              81,
              68,
              79,
              49,
              50,
              54,
              47,
              38,
              33
            ]
          },
          {
            "dow": "FRI",
            "hh": "08",
            "mm": "40",
            "congestionCar": [
              54,
              66,
              61,
              54,
              43,
              40,
              38,
              37,
              29,
              28
            ]
          },
          {
            "dow": "FRI",
            "hh": "08",
            "mm": "50",
            "congestionCar": [
              39,
              46,
              59,
              39,
              34,
              28,
              28,
              30,
              27,
              21
            ]
          }
        ]
      },
      {
        "startStationCode": "211",
        "startStationName": "성수역",
        "endStationCode": "202",
        "endStationName": "을지로입구역",
        "prevStationCode": "233",
        "prevStationName": "대림역",
        "updnLine": 1,
        "directAt": 0,
        "data": [
          {
            "dow": "FRI",
            "hh": "08",
            "mm": "00",
            "congestionCar": [
              68,
              72,
              80,
              110,
              100,
              104,
              122,
              122,
              95,
              87
            ]
          },
          {
            "dow": "FRI",
            "hh": "08",
            "mm": "10",
            "congestionCar": [
              70,
              78,
              90,
              129,
              118,
              117,
              115,
              110,
              104,
              89
            ]
          },
          {
            "dow": "FRI",
            "hh": "08",
            "mm": "20",
            "congestionCar": [
              85,
              99,
              105,
              112,
              98,
              108,
              118,
              107,
              100,
              78
            ]
          },
          {
            "dow": "FRI",
            "hh": "08",
            "mm": "30",
            "congestionCar": [
              60,
              66,
              70,
              84,
              68,
              87,
              90,
              84,
              67,
              65
            ]
          },
          {
            "dow": "FRI",
            "hh": "08",
            "mm": "40",
            "congestionCar": [
              49,
              53,
              55,
              67,
              58,
              69,
              93,
              75,
              65,
              46
            ]
          },
          {
            "dow": "FRI",
            "hh": "08",
            "mm": "50",
            "congestionCar": [
              38,
              41,
              43,
              52,
              45,
              49,
              63,
              52,
              44,
              41
            ]
          }
        ]
      },
      {
        "startStationCode": "211",
        "startStationName": "성수역",
        "endStationCode": "211",
        "endStationName": "성수역",
        "prevStationCode": "235",
        "prevStationName": "문래역",
        "updnLine": 0,
        "directAt": 0,
        "data": [
          {
            "dow": "FRI",
            "hh": "08",
            "mm": "00",
            "congestionCar": [
              95,
              101,
              104,
              113,
              92,
              73,
              84,
              61,
              65,
              82
            ]
          },
          {
            "dow": "FRI",
            "hh": "08",
            "mm": "10",
            "congestionCar": [
              74,
              98,
              102,
              99,
              78,
              80,
              73,
              61,
              61,
              53
            ]
          },
          {
            "dow": "FRI",
            "hh": "08",
            "mm": "20",
            "congestionCar": [
              65,
              72,
              74,
              81,
              67,
              62,
              57,
              56,
              43,
              43
            ]
          },
          {
            "dow": "FRI",
            "hh": "08",
            "mm": "30",
            "congestionCar": [
              57,
              64,
              54,
              62,
              39,
              39,
              42,
              37,
              30,
              26
            ]
          },
          {
            "dow": "FRI",
            "hh": "08",
            "mm": "40",
            "congestionCar": [
              49,
              60,
              55,
              49,
              40,
              37,
              34,
              34,
              27,
              26
            ]
          },
          {
            "dow": "FRI",
            "hh": "08",
            "mm": "50",
            "congestionCar": [
              43,
              49,
              64,
              43,
              37,
              31,
              30,
              32,
              29,
              23
            ]
          }
        ]
      },
      {
        "startStationCode": "211",
        "startStationName": "성수역",
        "endStationCode": "211",
        "endStationName": "성수역",
        "prevStationCode": "233",
        "prevStationName": "대림역",
        "updnLine": 1,
        "directAt": 0,
        "data": [
          {
            "dow": "FRI",
            "hh": "08",
            "mm": "00",
            "congestionCar": [
              68,
              72,
              80,
              110,
              100,
              104,
              122,
              122,
              95,
              87
            ]
          },
          {
            "dow": "FRI",
            "hh": "08",
            "mm": "10",
            "congestionCar": [
              70,
              78,
              90,
              129,
              118,
              117,
              115,
              110,
              104,
              89
            ]
          },
          {
            "dow": "FRI",
            "hh": "08",
            "mm": "20",
            "congestionCar": [
              85,
              99,
              105,
              112,
              98,
              108,
              118,
              107,
              100,
              78
            ]
          },
          {
            "dow": "FRI",
            "hh": "08",
            "mm": "30",
            "congestionCar": [
              60,
              66,
              70,
              84,
              68,
              87,
              90,
              84,
              67,
              65
            ]
          },
          {
            "dow": "FRI",
            "hh": "08",
            "mm": "40",
            "congestionCar": [
              16,
              18,
              18,
              22,
              19,
              23,
              31,
              25,
              22,
              15
            ]
          },
          {
            "dow": "FRI",
            "hh": "08",
            "mm": "50",
            "congestionCar": [
              35,
              38,
              39,
              48,
              42,
              45,
              58,
              48,
              41,
              38
            ]
          }
        ]
      },
      {
        "startStationCode": "211",
        "startStationName": "성수역",
        "endStationCode": "211-R",
        "endStationName": "성수역",
        "prevStationCode": "235",
        "prevStationName": "문래역",
        "updnLine": 0,
        "directAt": 0,
        "data": [
          {
            "dow": "FRI",
            "hh": "08",
            "mm": "00",
            "congestionCar": [
              107,
              114,
              117,
              127,
              104,
              83,
              95,
              68,
              73,
              92
            ]
          },
          {
            "dow": "FRI",
            "hh": "08",
            "mm": "10",
            "congestionCar": [
              75,
              99,
              103,
              101,
              79,
              81,
              74,
              61,
              62,
              53
            ]
          },
          {
            "dow": "FRI",
            "hh": "08",
            "mm": "20",
            "congestionCar": [
              74,
              83,
              85,
              93,
              77,
              71,
              65,
              64,
              49,
              49
            ]
          },
          {
            "dow": "FRI",
            "hh": "08",
            "mm": "30",
            "congestionCar": [
              77,
              86,
              73,
              84,
              53,
              53,
              58,
              51,
              41,
              35
            ]
          },
          {
            "dow": "FRI",
            "hh": "08",
            "mm": "40",
            "congestionCar": [
              58,
              71,
              66,
              58,
              47,
              44,
              41,
              41,
              32,
              31
            ]
          },
          {
            "dow": "FRI",
            "hh": "08",
            "mm": "50",
            "congestionCar": [
              43,
              49,
              64,
              43,
              37,
              31,
              30,
              32,
              29,
              23
            ]
          }
        ]
      },
      {
        "startStationCode": "211",
        "startStationName": "성수역",
        "endStationCode": "211-R",
        "endStationName": "성수역",
        "prevStationCode": "233",
        "prevStationName": "대림역",
        "updnLine": 1,
        "directAt": 0,
        "data": [
          {
            "dow": "FRI",
            "hh": "08",
            "mm": "00",
            "congestionCar": [
              68,
              72,
              80,
              110,
              100,
              104,
              122,
              122,
              95,
              87
            ]
          },
          {
            "dow": "FRI",
            "hh": "08",
            "mm": "10",
            "congestionCar": [
              73,
              81,
              94,
              134,
              123,
              121,
              119,
              114,
              108,
              93
            ]
          },
          {
            "dow": "FRI",
            "hh": "08",
            "mm": "20",
            "congestionCar": [
              88,
              102,
              108,
              116,
              101,
              112,
              121,
              110,
              103,
              81
            ]
          },
          {
            "dow": "FRI",
            "hh": "08",
            "mm": "30",
            "congestionCar": [
              64,
              70,
              74,
              89,
              73,
              93,
              96,
              89,
              72,
              69
            ]
          },
          {
            "dow": "FRI",
            "hh": "08",
            "mm": "40",
            "congestionCar": [
              52,
              56,
              59,
              71,
              62,
              73,
              99,
              80,
              69,
              49
            ]
          },
          {
            "dow": "FRI",
            "hh": "08",
            "mm": "50",
            "congestionCar": [
              41,
              45,
              46,
              57,
              49,
              53,
              69,
              57,
              48,
              45
            ]
          }
        ]
      },
      {
        "startStationCode": "211",
        "startStationName": "성수역",
        "endStationCode": "219",
        "endStationName": "삼성역",
        "prevStationCode": "235",
        "prevStationName": "문래역",
        "updnLine": 0,
        "directAt": 0,
        "data": [
          {
            "dow": "FRI",
            "hh": "08",
            "mm": "00",
            "congestionCar": [
              105,
              111,
              114,
              125,
              102,
              81,
              93,
              67,
              71,
              90
            ]
          },
          {
            "dow": "FRI",
            "hh": "08",
            "mm": "10",
            "congestionCar": [
              74,
              98,
              102,
              99,
              78,
              80,
              73,
              61,
              61,
              53
            ]
          },
          {
            "dow": "FRI",
            "hh": "08",
            "mm": "20",
            "congestionCar": [
              73,
              82,
              83,
              92,
              76,
              70,
              65,
              63,
              48,
              48
            ]
          },
          {
            "dow": "FRI",
            "hh": "08",
            "mm": "30",
            "congestionCar": [
              72,
              81,
              68,
              79,
              49,
              50,
              54,
              47,
              38,
              33
            ]
          },
          {
            "dow": "FRI",
            "hh": "08",
            "mm": "40",
            "congestionCar": [
              54,
              66,
              61,
              54,
              43,
              40,
              38,
              37,
              29,
              28
            ]
          },
          {
            "dow": "FRI",
            "hh": "08",
            "mm": "50",
            "congestionCar": [
              39,
              46,
              59,
              39,
              34,
              28,
              28,
              30,
              27,
              21
            ]
          }
        ]
      },
      {
        "startStationCode": "211",
        "startStationName": "성수역",
        "endStationCode": "228",
        "endStationName": "서울대입구역",
        "prevStationCode": "235",
        "prevStationName": "문래역",
        "updnLine": 0,
        "directAt": 0,
        "data": [
          {
            "dow": "FRI",
            "hh": "08",
            "mm": "00",
            "congestionCar": [
              105,
              111,
              114,
              125,
              102,
              81,
              93,
              67,
              71,
              90
            ]
          },
          {
            "dow": "FRI",
            "hh": "08",
            "mm": "10",
            "congestionCar": [
              74,
              98,
              102,
              99,
              78,
              80,
              73,
              61,
              61,
              53
            ]
          },
          {
            "dow": "FRI",
            "hh": "08",
            "mm": "20",
            "congestionCar": [
              73,
              82,
              83,
              92,
              76,
              70,
              65,
              63,
              48,
              48
            ]
          },
          {
            "dow": "FRI",
            "hh": "08",
            "mm": "30",
            "congestionCar": [
              72,
              81,
              68,
              79,
              49,
              50,
              54,
              47,
              38,
              33
            ]
          },
          {
            "dow": "FRI",
            "hh": "08",
            "mm": "40",
            "congestionCar": [
              54,
              66,
              61,
              54,
              43,
              40,
              38,
              37,
              29,
              28
            ]
          },
          {
            "dow": "FRI",
            "hh": "08",
            "mm": "50",
            "congestionCar": [
              39,
              46,
              59,
              39,
              34,
              28,
              28,
              30,
              27,
              21
            ]
          }
        ]
      },
      {
        "startStationCode": "211",
        "startStationName": "성수역",
        "endStationCode": "234",
        "endStationName": "신도림역",
        "prevStationCode": "235",
        "prevStationName": "문래역",
        "updnLine": 0,
        "directAt": 0,
        "data": [
          {
            "dow": "FRI",
            "hh": "08",
            "mm": "00",
            "congestionCar": [
              105,
              111,
              114,
              125,
              102,
              81,
              93,
              67,
              71,
              90
            ]
          },
          {
            "dow": "FRI",
            "hh": "08",
            "mm": "10",
            "congestionCar": [
              74,
              98,
              102,
              99,
              78,
              80,
              73,
              61,
              61,
              53
            ]
          },
          {
            "dow": "FRI",
            "hh": "08",
            "mm": "20",
            "congestionCar": [
              73,
              82,
              83,
              92,
              76,
              70,
              65,
              63,
              48,
              48
            ]
          },
          {
            "dow": "FRI",
            "hh": "08",
            "mm": "30",
            "congestionCar": [
              72,
              81,
              68,
              79,
              49,
              50,
              54,
              47,
              38,
              33
            ]
          },
          {
            "dow": "FRI",
            "hh": "08",
            "mm": "40",
            "congestionCar": [
              7,
              9,
              8,
              7,
              6,
              5,
              5,
              5,
              4,
              4
            ]
          },
          {
            "dow": "FRI",
            "hh": "08",
            "mm": "50",
            "congestionCar": [
              15,
              17,
              22,
              15,
              13,
              11,
              10,
              11,
              10,
              8
            ]
          }
        ]
      },
      {
        "startStationCode": "211",
        "startStationName": "성수역",
        "endStationCode": "234",
        "endStationName": "신도림역",
        "prevStationCode": "233",
        "prevStationName": "대림역",
        "updnLine": 1,
        "directAt": 0,
        "data": [
          {
            "dow": "FRI",
            "hh": "08",
            "mm": "00",
            "congestionCar": [
              68,
              72,
              80,
              110,
              100,
              104,
              122,
              122,
              95,
              87
            ]
          },
          {
            "dow": "FRI",
            "hh": "08",
            "mm": "10",
            "congestionCar": [
              70,
              78,
              90,
              129,
              118,
              117,
              115,
              110,
              104,
              89
            ]
          },
          {
            "dow": "FRI",
            "hh": "08",
            "mm": "20",
            "congestionCar": [
              85,
              99,
              105,
              112,
              98,
              108,
              118,
              107,
              100,
              78
            ]
          },
          {
            "dow": "FRI",
            "hh": "08",
            "mm": "30",
            "congestionCar": [
              60,
              66,
              70,
              84,
              68,
              87,
              90,
              84,
              67,
              65
            ]
          },
          {
            "dow": "FRI",
            "hh": "08",
            "mm": "40",
            "congestionCar": [
              49,
              53,
              55,
              67,
              58,
              69,
              93,
              75,
              65,
              46
            ]
          },
          {
            "dow": "FRI",
            "hh": "08",
            "mm": "50",
            "congestionCar": [
              38,
              41,
              43,
              52,
              45,
              49,
              63,
              52,
              44,
              41
            ]
          }
        ]
      },
      {
        "startStationCode": "211",
        "startStationName": "성수역",
        "endStationCode": "239",
        "endStationName": "홍대입구역",
        "prevStationCode": "233",
        "prevStationName": "대림역",
        "updnLine": 1,
        "directAt": 0,
        "data": [
          {
            "dow": "FRI",
            "hh": "08",
            "mm": "00",
            "congestionCar": [
              68,
              72,
              80,
              110,
              100,
              104,
              122,
              122,
              95,
              87
            ]
          },
          {
            "dow": "FRI",
            "hh": "08",
            "mm": "10",
            "congestionCar": [
              70,
              78,
              90,
              129,
              118,
              117,
              115,
              110,
              104,
              89
            ]
          },
          {
            "dow": "FRI",
            "hh": "08",
            "mm": "20",
            "congestionCar": [
              85,
              99,
              105,
              112,
              98,
              108,
              118,
              107,
              100,
              78
            ]
          },
          {
            "dow": "FRI",
            "hh": "08",
            "mm": "30",
            "congestionCar": [
              60,
              66,
              70,
              84,
              68,
              87,
              90,
              84,
              67,
              65
            ]
          },
          {
            "dow": "FRI",
            "hh": "08",
            "mm": "40",
            "congestionCar": [
              49,
              53,
              55,
              67,
              58,
              69,
              93,
              75,
              65,
              46
            ]
          },
          {
            "dow": "FRI",
            "hh": "08",
            "mm": "50",
            "congestionCar": [
              38,
              41,
              43,
              52,
              45,
              49,
              63,
              52,
              44,
              41
            ]
          }
        ]
      },
      {
        "startStationCode": "219",
        "startStationName": "삼성역",
        "endStationCode": "211-R",
        "endStationName": "성수역",
        "prevStationCode": "233",
        "prevStationName": "대림역",
        "updnLine": 1,
        "directAt": 0,
        "data": [
          {
            "dow": "FRI",
            "hh": "08",
            "mm": "00",
            "congestionCar": [
              68,
              72,
              80,
              110,
              100,
              104,
              122,
              122,
              95,
              87
            ]
          },
          {
            "dow": "FRI",
            "hh": "08",
            "mm": "10",
            "congestionCar": [
              70,
              78,
              90,
              129,
              118,
              117,
              115,
              110,
              104,
              89
            ]
          },
          {
            "dow": "FRI",
            "hh": "08",
            "mm": "20",
            "congestionCar": [
              85,
              99,
              105,
              112,
              98,
              108,
              118,
              107,
              100,
              78
            ]
          },
          {
            "dow": "FRI",
            "hh": "08",
            "mm": "30",
            "congestionCar": [
              60,
              66,
              70,
              84,
              68,
              87,
              90,
              84,
              67,
              65
            ]
          },
          {
            "dow": "FRI",
            "hh": "08",
            "mm": "40",
            "congestionCar": [
              49,
              53,
              55,
              67,
              58,
              69,
              93,
              75,
              65,
              46
            ]
          },
          {
            "dow": "FRI",
            "hh": "08",
            "mm": "50",
            "congestionCar": [
              38,
              41,
              43,
              52,
              45,
              49,
              63,
              52,
              44,
              41
            ]
          }
        ]
      },
      {
        "startStationCode": "228",
        "startStationName": "서울대입구역",
        "endStationCode": "211",
        "endStationName": "성수역",
        "prevStationCode": "233",
        "prevStationName": "대림역",
        "updnLine": 1,
        "directAt": 0,
        "data": [
          {
            "dow": "FRI",
            "hh": "08",
            "mm": "00",
            "congestionCar": [
              68,
              72,
              80,
              110,
              100,
              104,
              122,
              122,
              95,
              87
            ]
          },
          {
            "dow": "FRI",
            "hh": "08",
            "mm": "10",
            "congestionCar": [
              70,
              78,
              90,
              129,
              118,
              117,
              115,
              110,
              104,
              89
            ]
          },
          {
            "dow": "FRI",
            "hh": "08",
            "mm": "20",
            "congestionCar": [
              85,
              99,
              105,
              112,
              98,
              108,
              118,
              107,
              100,
              78
            ]
          },
          {
            "dow": "FRI",
            "hh": "08",
            "mm": "30",
            "congestionCar": [
              60,
              66,
              70,
              84,
              68,
              87,
              90,
              84,
              67,
              65
            ]
          },
          {
            "dow": "FRI",
            "hh": "08",
            "mm": "40",
            "congestionCar": [
              49,
              53,
              55,
              67,
              58,
              69,
              93,
              75,
              65,
              46
            ]
          },
          {
            "dow": "FRI",
            "hh": "08",
            "mm": "50",
            "congestionCar": [
              38,
              41,
              43,
              52,
              45,
              49,
              63,
              52,
              44,
              41
            ]
          }
        ]
      },
      {
        "startStationCode": "228",
        "startStationName": "서울대입구역",
        "endStationCode": "211-R",
        "endStationName": "성수역",
        "prevStationCode": "233",
        "prevStationName": "대림역",
        "updnLine": 1,
        "directAt": 0,
        "data": [
          {
            "dow": "FRI",
            "hh": "08",
            "mm": "00",
            "congestionCar": [
              68,
              72,
              80,
              110,
              100,
              104,
              122,
              122,
              95,
              87
            ]
          },
          {
            "dow": "FRI",
            "hh": "08",
            "mm": "10",
            "congestionCar": [
              70,
              78,
              90,
              129,
              118,
              117,
              115,
              110,
              104,
              89
            ]
          },
          {
            "dow": "FRI",
            "hh": "08",
            "mm": "20",
            "congestionCar": [
              85,
              99,
              105,
              112,
              98,
              108,
              118,
              107,
              100,
              78
            ]
          },
          {
            "dow": "FRI",
            "hh": "08",
            "mm": "30",
            "congestionCar": [
              60,
              66,
              70,
              84,
              68,
              87,
              90,
              84,
              67,
              65
            ]
          },
          {
            "dow": "FRI",
            "hh": "08",
            "mm": "40",
            "congestionCar": [
              49,
              53,
              55,
              67,
              58,
              69,
              93,
              75,
              65,
              46
            ]
          },
          {
            "dow": "FRI",
            "hh": "08",
            "mm": "50",
            "congestionCar": [
              38,
              41,
              43,
              52,
              45,
              49,
              63,
              52,
              44,
              41
            ]
          }
        ]
      },
      {
        "startStationCode": "239",
        "startStationName": "홍대입구역",
        "endStationCode": "211",
        "endStationName": "성수역",
        "prevStationCode": "235",
        "prevStationName": "문래역",
        "updnLine": 0,
        "directAt": 0,
        "data": [
          {
            "dow": "FRI",
            "hh": "08",
            "mm": "00",
            "congestionCar": [
              105,
              111,
              114,
              125,
              102,
              81,
              93,
              67,
              71,
              90
            ]
          },
          {
            "dow": "FRI",
            "hh": "08",
            "mm": "10",
            "congestionCar": [
              74,
              98,
              102,
              99,
              78,
              80,
              73,
              61,
              61,
              53
            ]
          },
          {
            "dow": "FRI",
            "hh": "08",
            "mm": "20",
            "congestionCar": [
              73,
              82,
              83,
              92,
              76,
              70,
              65,
              63,
              48,
              48
            ]
          },
          {
            "dow": "FRI",
            "hh": "08",
            "mm": "30",
            "congestionCar": [
              72,
              81,
              68,
              79,
              49,
              50,
              54,
              47,
              38,
              33
            ]
          },
          {
            "dow": "FRI",
            "hh": "08",
            "mm": "40",
            "congestionCar": [
              54,
              66,
              61,
              54,
              43,
              40,
              38,
              37,
              29,
              28
            ]
          },
          {
            "dow": "FRI",
            "hh": "08",
            "mm": "50",
            "congestionCar": [
              39,
              46,
              59,
              39,
              34,
              28,
              28,
              30,
              27,
              21
            ]
          }
        ]
      },
      {
        "startStationCode": "239",
        "startStationName": "홍대입구역",
        "endStationCode": "211-R",
        "endStationName": "성수역",
        "prevStationCode": "235",
        "prevStationName": "문래역",
        "updnLine": 0,
        "directAt": 0,
        "data": [
          {
            "dow": "FRI",
            "hh": "08",
            "mm": "00",
            "congestionCar": [
              105,
              111,
              114,
              125,
              102,
              81,
              93,
              67,
              71,
              90
            ]
          },
          {
            "dow": "FRI",
            "hh": "08",
            "mm": "10",
            "congestionCar": [
              74,
              98,
              102,
              99,
              78,
              80,
              73,
              61,
              61,
              53
            ]
          },
          {
            "dow": "FRI",
            "hh": "08",
            "mm": "20",
            "congestionCar": [
              73,
              82,
              83,
              92,
              76,
              70,
              65,
              63,
              48,
              48
            ]
          },
          {
            "dow": "FRI",
            "hh": "08",
            "mm": "30",
            "congestionCar": [
              72,
              81,
              68,
              79,
              49,
              50,
              54,
              47,
              38,
              33
            ]
          },
          {
            "dow": "FRI",
            "hh": "08",
            "mm": "40",
            "congestionCar": [
              54,
              66,
              61,
              54,
              43,
              40,
              38,
              37,
              29,
              28
            ]
          },
          {
            "dow": "FRI",
            "hh": "08",
            "mm": "50",
            "congestionCar": [
              39,
              46,
              59,
              39,
              34,
              28,
              28,
              30,
              27,
              21
            ]
          }
        ]
      }
    ],
    "statStartDate": "20230924",
    "statEndDate": "20231223"
  }
}