{
  "status": {
    "code": "00",
    "message": "success",
    "totalCount": 1
  },
  "contents": {
    "subwayLine": "2호선",
    "stationName": "건대입구역",
    "stationCode": "212",
    "stat": [
      {
        "startStationCode": "202",
        "startStationName": "을지로입구역",
        "endStationCode": "211",
        "endStationName": "성수역",
        "prevStationCode": "213",
        "prevStationName": "구의역",
        "updnLine": 0,
        "directAt": 0,
        "data": [
          {
            "dow": "FRI",
            "hh": "08",
            "mm": "00",
            "congestionCar": [
              52,
              52,
              59,
              60,
              54,
              63,
              76,
              55,
              50,
              59
            ]
          },
          {
            "dow": "FRI",
            "hh": "08",
            "mm": "10",
            "congestionCar": [
              64,
              56,
              62,
              66,
              61,
              66,
              73,
              68,
              56,
              66
            ]
          },
          {
            "dow": "FRI",
            "hh": "08",
            "mm": "20",
            "congestionCar": [
              60,
              68,
              68,
              67,
              65,
              69,
              74,
              64,
              56,
              60
            ]
          },
          {
            "dow": "FRI",
            "hh": "08",
            "mm": "30",
            "congestionCar": [
              56,
              56,
              51,
              58,
              67,
              64,
              63,
              50,
              56,
              68
            ]
          },
          {
            "dow": "FRI",
            "hh": "08",
            "mm": "40",
            "congestionCar": [
              52,
              53,
              52,
              49,
              51,
              51,
              60,
              44,
              45,
              53
            ]
          },
          {
            "dow": "FRI",
            "hh": "08",
            "mm": "50",
            "congestionCar": [
              33,
              42,
              45,
              43,
              40,
              43,
              44,
              35,
              31,
              34
            ]
          }
        ]
      },
      {
        "startStationCode": "202",
        "startStationName": "을지로입구역",
        "endStationCode": "211-R",
        "endStationName": "성수역",
        "prevStationCode": "213",
        "prevStationName": "구의역",
        "updnLine": 0,
        "directAt": 0,
        "data": [
          {
            "dow": "FRI",
            "hh": "08",
            "mm": "00",
            "congestionCar": [
              52,
              52,
              59,
              60,
              54,
              63,
              76,
              55,
              50,
              59
            ]
          },
          {
            "dow": "FRI",
            "hh": "08",
            "mm": "10",
            "congestionCar": [
              64,
              56,
              62,
              66,
              61,
              66,
              73,
              68,
              56,
              66
            ]
          },
          {
            "dow": "FRI",
            "hh": "08",
            "mm": "20",
            "congestionCar": [
              60,
              68,
              68,
              67,
              65,
              69,
              74,
              64,
              56,
              60
            ]
          },
          {
            "dow": "FRI",
            "hh": "08",
            "mm": "30",
            "congestionCar": [
              56,
              56,
              51,
              58,
              67,
              64,
              63,
              50,
              56,
              68
            ]
          },
          {
            "dow": "FRI",
            "hh": "08",
            "mm": "40",
            "congestionCar": [
              52,
              53,
              52,
              49,
              51,
              51,
              60,
              44,
              45,
              53
            ]
          },
          {
            "dow": "FRI",
            "hh": "08",
            "mm": "50",
            "congestionCar": [
              33,
              42,
              45,
              43,
              40,
              43,
              44,
              35,
              31,
              34
            ]
          }
        ]
      },
      {
        "startStationCode": "211",
        "startStationName": "성수역",
        "endStationCode": "202",
        "endStationName": "을지로입구역",
        "prevStationCode": "211",
        "prevStationName": "성수역",
        "updnLine": 1,
        "directAt": 0,
        "data": [
          {
            "dow": "FRI",
            "hh": "08",
            "mm": "00",
            "congestionCar": [
              25,
              33,
              42,
              40,
              41,
              41,
              46,
              45,
              32,
              36
            ]
          },
          {
            "dow": "FRI",
            "hh": "08",
            "mm": "10",
            "congestionCar": [
              39,
              43,
              54,
              54,
              54,
              55,
              61,
              62,
              53,
              55
            ]
          },
          {
            "dow": "FRI",
            "hh": "08",
            "mm": "20",
            "congestionCar": [
              47,
              48,
              49,
              49,
              54,
              63,
              54,
              62,
              53,
              61
            ]
          },
          {
            "dow": "FRI",
            "hh": "08",
            "mm": "30",
            "congestionCar": [
              46,
              49,
              71,
              59,
              53,
              60,
              60,
              60,
              44,
              49
            ]
          },
          {
            "dow": "FRI",
            "hh": "08",
            "mm": "40",
            "congestionCar": [
              43,
              47,
              56,
              56,
              50,
              52,
              52,
              55,
              39,
              40
            ]
          },
          {
            "dow": "FRI",
            "hh": "08",
            "mm": "50",
            "congestionCar": [
              37,
              35,
              48,
              45,
              41,
              45,
              42,
              48,
              35,
              34
            ]
          }
        ]
      },
      {
        "startStationCode": "211",
        "startStationName": "성수역",
        "endStationCode": "211",
        "endStationName": "성수역",
        "prevStationCode": "213",
        "prevStationName": "구의역",
        "updnLine": 0,
        "directAt": 0,
        "data": [
          {
            "dow": "FRI",
            "hh": "08",
            "mm": "00",
            "congestionCar": [
              52,
              52,
              59,
              60,
              54,
              63,
              76,
              55,
              50,
              59
            ]
          },
          {
            "dow": "FRI",
            "hh": "08",
            "mm": "10",
            "congestionCar": [
              64,
              56,
              62,
              66,
              61,
              66,
              73,
              68,
              56,
              66
            ]
          },
          {
            "dow": "FRI",
            "hh": "08",
            "mm": "20",
            "congestionCar": [
              60,
              68,
              68,
              67,
              65,
              69,
              74,
              64,
              56,
              60
            ]
          },
          {
            "dow": "FRI",
            "hh": "08",
            "mm": "30",
            "congestionCar": [
              56,
              56,
              51,
              58,
              67,
              64,
              63,
              50,
              56,
              68
            ]
          },
          {
            "dow": "FRI",
            "hh": "08",
            "mm": "40",
            "congestionCar": [
              52,
              53,
              52,
              49,
              51,
              51,
              60,
              44,
              45,
              53
            ]
          },
          {
            "dow": "FRI",
            "hh": "08",
            "mm": "50",
            "congestionCar": [
              6,
              7,
              8,
              8,
              7,
              8,
              8,
              6,
              6,
              6
            ]
          }
        ]
      },
      {
        "startStationCode": "211",
        "startStationName": "성수역",
        "endStationCode": "211",
        "endStationName": "성수역",
        "prevStationCode": "211",
        "prevStationName": "성수역",
        "updnLine": 1,
        "directAt": 0,
        "data": [
          {
            "dow": "FRI",
            "hh": "08",
            "mm": "00",
            "congestionCar": [
              27,
              35,
              44,
              42,
              43,
              43,
              48,
              47,
              34,
              38
            ]
          },
          {
            "dow": "FRI",
            "hh": "08",
            "mm": "10",
            "congestionCar": [
              47,
              51,
              64,
              65,
              64,
              65,
              72,
              74,
              63,
              66
            ]
          },
          {
            "dow": "FRI",
            "hh": "08",
            "mm": "20",
            "congestionCar": [
              53,
              54,
              55,
              56,
              61,
              72,
              61,
              70,
              60,
              69
            ]
          },
          {
            "dow": "FRI",
            "hh": "08",
            "mm": "30",
            "congestionCar": [
              49,
              52,
              76,
              63,
              57,
              64,
              64,
              64,
              47,
              52
            ]
          },
          {
            "dow": "FRI",
            "hh": "08",
            "mm": "40",
            "congestionCar": [
              43,
              47,
              56,
              56,
              50,
              52,
              52,
              55,
              39,
              40
            ]
          },
          {
            "dow": "FRI",
            "hh": "08",
            "mm": "50",
            "congestionCar": [
              33,
              32,
              43,
              41,
              37,
              40,
              38,
              43,
              31,
              30
            ]
          }
        ]
      },
      {
        "startStationCode": "211",
        "startStationName": "성수역",
        "endStationCode": "211-R",
        "endStationName": "성수역",
        "prevStationCode": "213",
        "prevStationName": "구의역",
        "updnLine": 0,
        "directAt": 0,
        "data": [
          {
            "dow": "FRI",
            "hh": "08",
            "mm": "00",
            "congestionCar": [
              52,
              52,
              59,
              60,
              54,
              63,
              76,
              55,
              50,
              59
            ]
          },
          {
            "dow": "FRI",
            "hh": "08",
            "mm": "10",
            "congestionCar": [
              61,
              54,
              59,
              63,
              58,
              63,
              70,
              65,
              54,
              63
            ]
          },
          {
            "dow": "FRI",
            "hh": "08",
            "mm": "20",
            "congestionCar": [
              49,
              55,
              56,
              55,
              53,
              56,
              60,
              52,
              46,
              49
            ]
          },
          {
            "dow": "FRI",
            "hh": "08",
            "mm": "30",
            "congestionCar": [
              32,
              32,
              29,
              33,
              39,
              37,
              36,
              29,
              32,
              39
            ]
          },
          {
            "dow": "FRI",
            "hh": "08",
            "mm": "40",
            "congestionCar": [
              41,
              42,
              41,
              39,
              40,
              40,
              47,
              35,
              35,
              41
            ]
          },
          {
            "dow": "FRI",
            "hh": "08",
            "mm": "50",
            "congestionCar": [
              28,
              35,
              38,
              36,
              33,
              37,
              37,
              30,
              26,
              29
            ]
          }
        ]
      },
      {
        "startStationCode": "211",
        "startStationName": "성수역",
        "endStationCode": "211-R",
        "endStationName": "성수역",
        "prevStationCode": "211",
        "prevStationName": "성수역",
        "updnLine": 1,
        "directAt": 0,
        "data": [
          {
            "dow": "FRI",
            "hh": "08",
            "mm": "00",
            "congestionCar": [
              27,
              35,
              44,
              42,
              43,
              43,
              48,
              47,
              34,
              38
            ]
          },
          {
            "dow": "FRI",
            "hh": "08",
            "mm": "10",
            "congestionCar": [
              37,
              40,
              51,
              51,
              51,
              51,
              57,
              59,
              50,
              52
            ]
          },
          {
            "dow": "FRI",
            "hh": "08",
            "mm": "20",
            "congestionCar": [
              47,
              48,
              49,
              49,
              54,
              63,
              54,
              62,
              53,
              61
            ]
          },
          {
            "dow": "FRI",
            "hh": "08",
            "mm": "30",
            "congestionCar": [
              47,
              50,
              72,
              60,
              54,
              61,
              61,
              61,
              44,
              50
            ]
          },
          {
            "dow": "FRI",
            "hh": "08",
            "mm": "40",
            "congestionCar": [
              45,
              49,
              58,
              58,
              52,
              54,
              54,
              57,
              41,
              42
            ]
          },
          {
            "dow": "FRI",
            "hh": "08",
            "mm": "50",
            "congestionCar": [
              41,
              39,
              52,
              50,
              45,
              49,
              46,
              53,
              38,
              37
            ]
          }
        ]
      },
      {
        "startStationCode": "211",
        "startStationName": "성수역",
        "endStationCode": "219",
        "endStationName": "삼성역",
        "prevStationCode": "211",
        "prevStationName": "성수역",
        "updnLine": 1,
        "directAt": 0,
        "data": [
          {
            "dow": "FRI",
            "hh": "08",
            "mm": "00",
            "congestionCar": [
              25,
              33,
              42,
              40,
              41,
              41,
              46,
              45,
              32,
              36
            ]
          },
          {
            "dow": "FRI",
            "hh": "08",
            "mm": "10",
            "congestionCar": [
              39,
              43,
              54,
              54,
              54,
              55,
              61,
              62,
              53,
              55
            ]
          },
          {
            "dow": "FRI",
            "hh": "08",
            "mm": "20",
            "congestionCar": [
              47,
              48,
              49,
              49,
              54,
              63,
              54,
              62,
              53,
              61
            ]
          },
          {
            "dow": "FRI",
            "hh": "08",
            "mm": "30",
            "congestionCar": [
              46,
              49,
              71,
              59,
              53,
              60,
              60,
              60,
              44,
              49
            ]
          },
          {
            "dow": "FRI",
            "hh": "08",
            "mm": "40",
            "congestionCar": [
              43,
              47,
              56,
              56,
              50,
              52,
              52,
              55,
              39,
              40
            ]
          },
          {
            "dow": "FRI",
            "hh": "08",
            "mm": "50",
            "congestionCar": [
              37,
              35,
              48,
              45,
              41,
              45,
              42,
              48,
              35,
              34
            ]
          }
        ]
      },
      {
        "startStationCode": "211",
        "startStationName": "성수역",
        "endStationCode": "228",
        "endStationName": "서울대입구역",
        "prevStationCode": "211",
        "prevStationName": "성수역",
        "updnLine": 1,
        "directAt": 0,
        "data": [
          {
            "dow": "FRI",
            "hh": "08",
            "mm": "00",
            "congestionCar": [
              25,
              33,
              42,
              40,
              41,
              41,
              46,
              45,
              32,
              36
            ]
          },
          {
            "dow": "FRI",
            "hh": "08",
            "mm": "10",
            "congestionCar": [
              39,
              43,
              54,
              54,
              54,
              55,
              61,
              62,
              53,
              55
            ]
          },
          {
            "dow": "FRI",
            "hh": "08",
            "mm": "20",
            "congestionCar": [
              47,
              48,
              49,
              49,
              54,
              63,
              54,
              62,
              53,
              61
            ]
          },
          {
            "dow": "FRI",
            "hh": "08",
            "mm": "30",
            "congestionCar": [
              46,
              49,
              71,
              59,
              53,
              60,
              60,
              60,
              44,
              49
            ]
          },
          {
            "dow": "FRI",
            "hh": "08",
            "mm": "40",
            "congestionCar": [
              43,
              47,
              56,
              56,
              50,
              52,
              52,
              55,
              39,
              40
            ]
          },
          {
            "dow": "FRI",
            "hh": "08",
            "mm": "50",
            "congestionCar": [
              37,
              35,
              48,
              45,
              41,
              45,
              42,
              48,
              35,
              34
            ]
          }
        ]
      },
      {
        "startStationCode": "211",
        "startStationName": "성수역",
        "endStationCode": "234",
        "endStationName": "신도림역",
        "prevStationCode": "211",
        "prevStationName": "성수역",
        "updnLine": 1,
        "directAt": 0,
        "data": [
          {
            "dow": "FRI",
            "hh": "08",
            "mm": "00",
            "congestionCar": [
              25,
              33,
              42,
              40,
              41,
              41,
              46,
              45,
              32,
              36
            ]
          },
          {
            "dow": "FRI",
            "hh": "08",
            "mm": "10",
            "congestionCar": [
              39,
              43,
              54,
              54,
              54,
              55,
              61,
              62,
              53,
              55
            ]
          },
          {
            "dow": "FRI",
            "hh": "08",
            "mm": "20",
            "congestionCar": [
              47,
              48,
              49,
              49,
              54,
              63,
              54,
              62,
              53,
              61
            ]
          },
          {
            "dow": "FRI",
            "hh": "08",
            "mm": "30",
            "congestionCar": [
              46,
              49,
              71,
              59,
              53,
              60,
              60,
              60,
              44,
              49
            ]
          },
          {
            "dow": "FRI",
            "hh": "08",
            "mm": "40",
            "congestionCar": [
              43,
              47,
              56,
              56,
              50,
              52,
              52,
              55,
              39,
              40
            ]
          },
          {
            "dow": "FRI",
            "hh": "08",
            "mm": "50",
            "congestionCar": [
              23,
              22,
              30,
              29,
              26,
              28,
              27,
              30,
              22,
              21
            ]
          }
        ]
      },
      {
        "startStationCode": "211",
        "startStationName": "성수역",
        "endStationCode": "239",
        "endStationName": "홍대입구역",
        "prevStationCode": "211",
        "prevStationName": "성수역",
        "updnLine": 1,
        "directAt": 0,
        "data": [
          {
            "dow": "FRI",
            "hh": "08",
            "mm": "00",
            "congestionCar": [
              25,
              33,
              42,
              40,
              41,
              41,
              46,
              45,
              32,
              36
            ]
          },
          {
            "dow": "FRI",
            "hh": "08",
            "mm": "10",
            "congestionCar": [
              39,
              43,
              54,
              54,
              54,
              55,
              61,
              62,
              53,
              55
            ]
          },
          {
            "dow": "FRI",
            "hh": "08",
            "mm": "20",
            "congestionCar": [
              47,
              48,
              49,
              49,
              54,
              63,
              54,
              62,
              53,
              61
            ]
          },
          {
            "dow": "FRI",
            "hh": "08",
            "mm": "30",
            "congestionCar": [
              46,
              49,
              71,
              59,
              53,
              60,
              60,
              60,
              44,
              49
            ]
          },
          {
            "dow": "FRI",
            "hh": "08",
            "mm": "40",
            "congestionCar": [
              43,
              47,
              56,
              56,
              50,
              52,
              52,
              55,
              39,
              40
            ]
          },
          {
            "dow": "FRI",
            "hh": "08",
            "mm": "50",
            "congestionCar": [
              37,
              35,
              48,
              45,
              41,
              45,
              42,
              48,
              35,
              34
            ]
          }
        ]
      },
      {
        "startStationCode": "219",
        "startStationName": "삼성역",
        "endStationCode": "211-R",
        "endStationName": "성수역",
        "prevStationCode": "213",
        "prevStationName": "구의역",
        "updnLine": 0,
        "directAt": 0,
        "data": [
          {
            "dow": "FRI",
            "hh": "08",
            "mm": "00",
            "congestionCar": [
              52,
              52,
              59,
              60,
              54,
              63,
              76,
              55,
              50,
              59
            ]
          },
          {
            "dow": "FRI",
            "hh": "08",
            "mm": "10",
            "congestionCar": [
              64,
              56,
              62,
              66,
              61,
              66,
              73,
              68,
              56,
              66
            ]
          },
          {
            "dow": "FRI",
            "hh": "08",
            "mm": "20",
            "congestionCar": [
              60,
              68,
              68,
              67,
              65,
              69,
              74,
              64,
              56,
              60
            ]
          },
          {
            "dow": "FRI",
            "hh": "08",
            "mm": "30",
            "congestionCar": [
              56,
              56,
              51,
              58,
              67,
              64,
              63,
              50,
              56,
              68
            ]
          },
          {
            "dow": "FRI",
            "hh": "08",
            "mm": "40",
            "congestionCar": [
              52,
              53,
              52,
              49,
              51,
              51,
              60,
              44,
              45,
              53
            ]
          },
          {
            "dow": "FRI",
            "hh": "08",
            "mm": "50",
            "congestionCar": [
              33,
              42,
              45,
              43,
              40,
              43,
              44,
              35,
              31,
              34
            ]
          }
        ]
      },
      {
        "startStationCode": "228",
        "startStationName": "서울대입구역",
        "endStationCode": "211",
        "endStationName": "성수역",
        "prevStationCode": "213",
        "prevStationName": "구의역",
        "updnLine": 0,
        "directAt": 0,
        "data": [
          {
            "dow": "FRI",
            "hh": "08",
            "mm": "00",
            "congestionCar": [
              52,
              52,
              59,
              60,
              54,
              63,
              76,
              55,
              50,
              59
            ]
          },
          {
            "dow": "FRI",
            "hh": "08",
            "mm": "10",
            "congestionCar": [
              64,
              56,
              62,
              66,
              61,
              66,
              73,
              68,
              56,
              66
            ]
          },
          {
            "dow": "FRI",
            "hh": "08",
            "mm": "20",
            "congestionCar": [
              60,
              68,
              68,
              67,
              65,
              69,
              74,
              64,
              56,
              60
            ]
          },
          {
            "dow": "FRI",
            "hh": "08",
            "mm": "30",
            "congestionCar": [
              56,
              56,
              51,
              58,
              67,
              64,
              63,
              50,
              56,
              68
            ]
          },
          {
            "dow": "FRI",
            "hh": "08",
            "mm": "40",
            "congestionCar": [
              52,
              53,
              52,
              49,
              51,
              51,
              60,
              44,
              45,
              53
            ]
          },
          {
            "dow": "FRI",
            "hh": "08",
            "mm": "50",
            "congestionCar": [
              33,
              42,
              45,
              43,
              40,
              43,
              44,
              35,
              31,
              34
            ]
          }
        ]
      },
      {
        "startStationCode": "228",
        "startStationName": "서울대입구역",
        "endStationCode": "211-R",
        "endStationName": "성수역",
        "prevStationCode": "213",
        "prevStationName": "구의역",
        "updnLine": 0,
        "directAt": 0,
        "data": [
          {
            "dow": "FRI",
            "hh": "08",
            "mm": "00",
            "congestionCar": [
              52,
              52,
              59,
              60,
              54,
              63,
              76,
              55,
              50,
              59
            ]
          },
          {
            "dow": "FRI",
            "hh": "08",
            "mm": "10",
            "congestionCar": [
              64,
              56,
              62,
              66,
              61,
              66,
              73,
              68,
              56,
              66
            ]
          },
          {
            "dow": "FRI",
            "hh": "08",
            "mm": "20",
            "congestionCar": [
              60,
              68,
              68,
              67,
              65,
              69,
              74,
              64,
              56,
              60
            ]
          },
          {
            "dow": "FRI",
            "hh": "08",
            "mm": "30",
            "congestionCar": [
              56,
              56,
              51,
              58,
              67,
              64,
              63,
              50,
              56,
              68
            ]
          },
          {
            "dow": "FRI",
            "hh": "08",
            "mm": "40",
            "congestionCar": [
              52,
              53,
              52,
              49,
              51,
              51,
              60,
              44,
              45,
              53
            ]
          },
          {
            "dow": "FRI",
            "hh": "08",
            "mm": "50",
            "congestionCar": [
              33,
              42,
              45,
              43,
              40,
              43,
              44,
              35,
              31,
              34
            ]
          }
        ]
      },
      {
        "startStationCode": "234",
        "startStationName": "신도림역",
        "endStationCode": "211",
        "endStationName": "성수역",
        "prevStationCode": "213",
        "prevStationName": "구의역",
        "updnLine": 0,
        "directAt": 0,
        "data": [
          {
            "dow": "FRI",
            "hh": "08",
            "mm": "00",
            "congestionCar": [
              52,
              52,
              59,
              60,
              54,
              63,
              76,
              55,
              50,
              59
            ]
          },
          {
            "dow": "FRI",
            "hh": "08",
            "mm": "10",
            "congestionCar": [
              64,
              56,
              62,
              66,
              61,
              66,
              73,
              68,
              56,
              66
            ]
          },
          {
            "dow": "FRI",
            "hh": "08",
            "mm": "20",
            "congestionCar": [
              60,
              68,
              68,
              67,
              65,
              69,
              74,
              64,
              56,
              60
            ]
          },
          {
            "dow": "FRI",
            "hh": "08",
            "mm": "30",
            "congestionCar": [
              56,
              56,
              51,
              58,
              67,
              64,
              63,
              50,
              56,
              68
            ]
          },
          {
            "dow": "FRI",
            "hh": "08",
            "mm": "40",
            "congestionCar": [
              52,
              53,
              52,
              49,
              51,
              51,
              60,
              44,
              45,
              53
            ]
          },
          {
            "dow": "FRI",
            "hh": "08",
            "mm": "50",
            "congestionCar": [
              33,
              42,
              45,
              43,
              40,
              43,
              44,
              35,
              31,
              34
            ]
          }
        ]
      },
      {
        "startStationCode": "234",
        "startStationName": "신도림역",
        "endStationCode": "211-R",
        "endStationName": "성수역",
        "prevStationCode": "213",
        "prevStationName": "구의역",
        "updnLine": 0,
        "directAt": 0,
        "data": [
          {
            "dow": "FRI",
            "hh": "08",
            "mm": "00",
            "congestionCar": [
              55,
              56,
              63,
              64,
              58,
              68,
              82,
              59,
              53,
              63
            ]
          },
          {
            "dow": "FRI",
            "hh": "08",
            "mm": "10",
            "congestionCar": [
              87,
              77,
              85,
              90,
              83,
              90,
              100,
              93,
              77,
              89
            ]
          },
          {
            "dow": "FRI",
            "hh": "08",
            "mm": "20",
            "congestionCar": [
              82,
              93,
              94,
              92,
              89,
              94,
              101,
              87,
              77,
              82
            ]
          },
          {
            "dow": "FRI",
            "hh": "08",
            "mm": "30",
            "congestionCar": [
              68,
              69,
              62,
              71,
              82,
              78,
              77,
              62,
              69,
              83
            ]
          },
          {
            "dow": "FRI",
            "hh": "08",
            "mm": "40",
            "congestionCar": [
              70,
              72,
              70,
              67,
              68,
              69,
              82,
              60,
              61,
              71
            ]
          },
          {
            "dow": "FRI",
            "hh": "08",
            "mm": "50",
            "congestionCar": [
              39,
              50,
              55,
              52,
              48,
              52,
              53,
              42,
              38,
              41
            ]
          }
        ]
      },
      {
        "startStationCode": "239",
        "startStationName": "홍대입구역",
        "endStationCode": "211",
        "endStationName": "성수역",
        "prevStationCode": "213",
        "prevStationName": "구의역",
        "updnLine": 0,
        "directAt": 0,
        "data": [
          {
            "dow": "FRI",
            "hh": "08",
            "mm": "00",
            "congestionCar": [
              52,
              52,
              59,
              60,
              54,
              63,
              76,
              55,
              50,
              59
            ]
          },
          {
            "dow": "FRI",
            "hh": "08",
            "mm": "10",
            "congestionCar": [
              64,
              56,
              62,
              66,
              61,
              66,
              73,
              68,
              56,
              66
            ]
          },
          {
            "dow": "FRI",
            "hh": "08",
            "mm": "20",
            "congestionCar": [
              60,
              68,
              68,
              67,
              65,
              69,
              74,
              64,
              56,
              60
            ]
          },
          {
            "dow": "FRI",
            "hh": "08",
            "mm": "30",
            "congestionCar": [
              56,
              56,
              51,
              58,
              67,
              64,
              63,
              50,
              56,
              68
            ]
          },
          {
            "dow": "FRI",
            "hh": "08",
            "mm": "40",
            "congestionCar": [
              52,
              53,
              52,
              49,
              51,
              51,
              60,
              44,
              45,
              53
            ]
          },
          {
            "dow": "FRI",
            "hh": "08",
            "mm": "50",
            "congestionCar": [
              33,
              42,
              45,
              43,
              40,
              43,
              44,
              35,
              31,
              34
            ]
          }
        ]
      },
      {
        "startStationCode": "239",
        "startStationName": "홍대입구역",
        "endStationCode": "211-R",
        "endStationName": "성수역",
        "prevStationCode": "213",
        "prevStationName": "구의역",
        "updnLine": 0,
        "directAt": 0,
        "data": [
          {
            "dow": "FRI",
            "hh": "08",
            "mm": "00",
            "congestionCar": [
              52,
              52,
              59,
              60,
              54,
              63,
              76,
              55,
              50,
              59
            ]
          },
          {
            "dow": "FRI",
            "hh": "08",
            "mm": "10",
            "congestionCar": [
              64,
              56,
              62,
              66,
              61,
              66,
              73,
              68,
              56,
              66
            ]
          },
          {
            "dow": "FRI",
            "hh": "08",
            "mm": "20",
            "congestionCar": [
              60,
              68,
              68,
              67,
              65,
              69,
              74,
              64,
              56,
              60
            ]
          },
          {
            "dow": "FRI",
            "hh": "08",
            "mm": "30",
            "congestionCar": [
              56,
              56,
              51,
              58,
              67,
              64,
              63,
              50,
              56,
              68
            ]
          },
          {
            "dow": "FRI",
            "hh": "08",
            "mm": "40",
            "congestionCar": [
              52,
              53,
              52,
              49,
              51,
              51,
              60,
              44,
              45,
              53
            ]
          },
          {
            "dow": "FRI",
            "hh": "08",
            "mm": "50",
            "congestionCar": [
              33,
              42,
              45,
              43,
              40,
              43,
              44,
              35,
              31,
              34
            ]
          }
        ]
      }
    ],
    "statStartDate": "20230923",
    "statEndDate": "20231222"
  }
}