{
  "status": {
    "code": "00",
    "message": "success",
    "totalCount": 1
  },
  "contents": {
    "subwayLine": "2호선",
    "stationName": "이대역",
    "stationCode": "241",
    "stat": [
      {
        "startStationCode": "202",
        "startStationName": "을지로입구역",
        "endStationCode": "211",
        "endStationName": "성수역",
        "prevStationCode": "242",
        "prevStationName": "아현역",
        "updnLine": 0,
        "directAt": 0,
        "data": [
          {
            "dow": "FRI",
            "hh": "08",
            "mm": "00",
            "congestionCar": [
              22,
              31,
              39,
              38,
              34,
              32,
              26,
              38,
              27,
              22
            ]
          },
          {
            "dow": "FRI",
            "hh": "08",
            "mm": "10",
            "congestionCar": [
              29,
              45,
              41,
              42,
              34,
              40,
              32,
              35,
              28,
              23
            ]
          },
          {
            "dow": "FRI",
            "hh": "08",
            "mm": "20",
            "congestionCar": [
              31,
              36,
              41,
              44,
              35,
              33,
              29,
              38,
              37,
              27
            ]
          },
          {
            "dow": "FRI",
            "hh": "08",
            "mm": "30",
            "congestionCar": [
              26,
              27,
              35,
              35,
              37,
              33,
              29,
              42,
              38,
              28
            ]
          },
          {
            "dow": "FRI",
            "hh": "08",
            "mm": "40",
            "congestionCar": [
              24,
              25,
              34,
              32,
              33,
              34,
              29,
              39,
              29,
              21
            ]
          },
          {
            "dow": "FRI",
            "hh": "08",
            "mm": "50",
            "congestionCar": [
              18,
              19,
              28,
              21,
              22,
              29,
              24,
              23,
              24,
              14
            ]
          }
        ]
      },
      {
        "startStationCode": "202",
        "startStationName": "을지로입구역",
        "endStationCode": "211-R",
        "endStationName": "성수역",
        "prevStationCode": "242",
        "prevStationName": "아현역",
        "updnLine": 0,
        "directAt": 0,
        "data": [
          {
            "dow": "FRI",
            "hh": "08",
            "mm": "00",
            "congestionCar": [
              22,
              31,
              39,
              38,
              34,
              32,
              26,
              38,
              27,
              22
            ]
          },
          {
            "dow": "FRI",
            "hh": "08",
            "mm": "10",
            "congestionCar": [
              29,
              45,
              41,
              42,
              34,
              40,
              32,
              35,
              28,
              23
            ]
          },
          {
            "dow": "FRI",
            "hh": "08",
            "mm": "20",
            "congestionCar": [
              31,
              36,
              41,
              44,
              35,
              33,
              29,
              38,
              37,
              27
            ]
          },
          {
            "dow": "FRI",
            "hh": "08",
            "mm": "30",
            "congestionCar": [
              26,
              27,
              35,
              35,
              37,
              33,
              29,
              42,
              38,
              28
            ]
          },
          {
            "dow": "FRI",
            "hh": "08",
            "mm": "40",
            "congestionCar": [
              24,
              25,
              34,
              32,
              33,
              34,
              29,
              39,
              29,
              21
            ]
          },
          {
            "dow": "FRI",
            "hh": "08",
            "mm": "50",
            "congestionCar": [
              18,
              19,
              28,
              21,
              22,
              29,
              24,
              23,
              24,
              14
            ]
          }
        ]
      },
      {
        "startStationCode": "211",
        "startStationName": "성수역",
        "endStationCode": "202",
        "endStationName": "을지로입구역",
        "prevStationCode": "240",
        "prevStationName": "신촌역",
        "updnLine": 1,
        "directAt": 0,
        "data": [
          {
            "dow": "FRI",
            "hh": "08",
            "mm": "00",
            "congestionCar": [
              107,
              88,
              93,
              115,
              111,
              96,
              104,
              81,
              73,
              72
            ]
          },
          {
            "dow": "FRI",
            "hh": "08",
            "mm": "10",
            "congestionCar": [
              143,
              125,
              141,
              150,
              147,
              136,
              134,
              145,
              120,
              121
            ]
          },
          {
            "dow": "FRI",
            "hh": "08",
            "mm": "20",
            "congestionCar": [
              141,
              140,
              156,
              184,
              164,
              157,
              145,
              166,
              148,
              148
            ]
          },
          {
            "dow": "FRI",
            "hh": "08",
            "mm": "30",
            "congestionCar": [
              172,
              141,
              148,
              177,
              157,
              164,
              170,
              166,
              132,
              114
            ]
          },
          {
            "dow": "FRI",
            "hh": "08",
            "mm": "40",
            "congestionCar": [
              130,
              126,
              109,
              107,
              105,
              102,
              100,
              101,
              99,
              91
            ]
          },
          {
            "dow": "FRI",
            "hh": "08",
            "mm": "50",
            "congestionCar": [
              83,
              66,
              54,
              57,
              59,
              59,
              60,
              57,
              58,
              46
            ]
          }
        ]
      },
      {
        "startStationCode": "211",
        "startStationName": "성수역",
        "endStationCode": "211",
        "endStationName": "성수역",
        "prevStationCode": "242",
        "prevStationName": "아현역",
        "updnLine": 0,
        "directAt": 0,
        "data": [
          {
            "dow": "FRI",
            "hh": "08",
            "mm": "00",
            "congestionCar": [
              22,
              31,
              39,
              38,
              34,
              32,
              26,
              38,
              27,
              22
            ]
          },
          {
            "dow": "FRI",
            "hh": "08",
            "mm": "10",
            "congestionCar": [
              29,
              45,
              41,
              42,
              34,
              40,
              32,
              35,
              28,
              23
            ]
          },
          {
            "dow": "FRI",
            "hh": "08",
            "mm": "20",
            "congestionCar": [
              31,
              36,
              41,
              44,
              35,
              33,
              29,
              38,
              37,
              27
            ]
          },
          {
            "dow": "FRI",
            "hh": "08",
            "mm": "30",
            "congestionCar": [
              30,
              32,
              41,
              41,
              44,
              39,
              34,
              50,
              45,
              33
            ]
          },
          {
            "dow": "FRI",
            "hh": "08",
            "mm": "40",
            "congestionCar": [
              24,
              25,
              34,
              32,
              33,
              34,
              29,
              39,
              29,
              21
            ]
          },
          {
            "dow": "FRI",
            "hh": "08",
            "mm": "50",
            "congestionCar": [
              15,
              16,
              24,
              18,
              19,
              25,
              20,
              20,
              21,
              12
            ]
          }
        ]
      },
      {
        "startStationCode": "211",
        "startStationName": "성수역",
        "endStationCode": "211",
        "endStationName": "성수역",
        "prevStationCode": "240",
        "prevStationName": "신촌역",
        "updnLine": 1,
        "directAt": 0,
        "data": [
          {
            "dow": "FRI",
            "hh": "08",
            "mm": "00",
            "congestionCar": [
              107,
              88,
              93,
              115,
              111,
              96,
              104,
              81,
              73,
              72
            ]
          },
          {
            "dow": "FRI",
            "hh": "08",
            "mm": "10",
            "congestionCar": [
              143,
              125,
              141,
              150,
              147,
              136,
              134,
              145,
              120,
              121
            ]
          },
          {
            "dow": "FRI",
            "hh": "08",
            "mm": "20",
            "congestionCar": [
              141,
              140,
              156,
              184,
              164,
              157,
              145,
              166,
              148,
              148
            ]
          },
          {
            "dow": "FRI",
            "hh": "08",
            "mm": "30",
            "congestionCar": [
              172,
              141,
              148,
              177,
              157,
              164,
              170,
              166,
              132,
              114
            ]
          },
          {
            "dow": "FRI",
            "hh": "08",
            "mm": "40",
            "congestionCar": [
              36,
              35,
              31,
              30,
              29,
              28,
              28,
              28,
              28,
              25
            ]
          },
          {
            "dow": "FRI",
            "hh": "08",
            "mm": "50",
            "congestionCar": [
              83,
              66,
              54,
              57,
              59,
              59,
              60,
              57,
              58,
              46
            ]
          }
        ]
      },
      {
        "startStationCode": "211",
        "startStationName": "성수역",
        "endStationCode": "211-R",
        "endStationName": "성수역",
        "prevStationCode": "242",
        "prevStationName": "아현역",
        "updnLine": 0,
        "directAt": 0,
        "data": [
          {
            "dow": "FRI",
            "hh": "08",
            "mm": "00",
            "congestionCar": [
              22,
              32,
              40,
              39,
              35,
              33,
              27,
              40,
              28,
              23
            ]
          },
          {
            "dow": "FRI",
            "hh": "08",
            "mm": "10",
            "congestionCar": [
              31,
              48,
              44,
              44,
              36,
              42,
              34,
              37,
              30,
              24
            ]
          },
          {
            "dow": "FRI",
            "hh": "08",
            "mm": "20",
            "congestionCar": [
              32,
              37,
              42,
              45,
              36,
              34,
              30,
              39,
              38,
              28
            ]
          },
          {
            "dow": "FRI",
            "hh": "08",
            "mm": "30",
            "congestionCar": [
              25,
              26,
              34,
              34,
              36,
              32,
              28,
              41,
              37,
              27
            ]
          },
          {
            "dow": "FRI",
            "hh": "08",
            "mm": "40",
            "congestionCar": [
              25,
              26,
              35,
              33,
              34,
              35,
              30,
              40,
              30,
              22
            ]
          },
          {
            "dow": "FRI",
            "hh": "08",
            "mm": "50",
            "congestionCar": [
              18,
              19,
              29,
              22,
              23,
              30,
              25,
              24,
              25,
              15
            ]
          }
        ]
      },
      {
        "startStationCode": "211",
        "startStationName": "성수역",
        "endStationCode": "211-R",
        "endStationName": "성수역",
        "prevStationCode": "240",
        "prevStationName": "신촌역",
        "updnLine": 1,
        "directAt": 0,
        "data": [
          {
            "dow": "FRI",
            "hh": "08",
            "mm": "00",
            "congestionCar": [
              117,
              96,
              102,
              126,
              122,
              105,
              114,
              89,
              80,
              79
            ]
          },
          {
            "dow": "FRI",
            "hh": "08",
            "mm": "10",
            "congestionCar": [
              143,
              125,
              141,
              150,
              147,
              136,
              134,
              145,
              120,
              121
            ]
          },
          {
            "dow": "FRI",
            "hh": "08",
            "mm": "20",
            "congestionCar": [
              141,
              140,
              156,
              184,
              164,
              157,
              145,
              166,
              148,
              148
            ]
          },
          {
            "dow": "FRI",
            "hh": "08",
            "mm": "30",
            "congestionCar": [
              172,
              141,
              148,
              177,
              157,
              164,
              170,
              166,
              132,
              114
            ]
          },
          {
            "dow": "FRI",
            "hh": "08",
            "mm": "40",
            "congestionCar": [
              130,
              126,
              109,
              107,
              105,
              102,
              100,
              101,
              99,
              91
            ]
          },
          {
            "dow": "FRI",
            "hh": "08",
            "mm": "50",
            "congestionCar": [
              83,
              66,
              54,
              57,
              59,
              59,
              60,
              57,
              58,
              46
            ]
          }
        ]
      },
      {
        "startStationCode": "211",
        "startStationName": "성수역",
        "endStationCode": "219",
        "endStationName": "삼성역",
        "prevStationCode": "242",
        "prevStationName": "아현역",
        "updnLine": 0,
        "directAt": 0,
        "data": [
          {
            "dow": "FRI",
            "hh": "08",
            "mm": "00",
            "congestionCar": [
              22,
              31,
              39,
              38,
              34,
              32,
              26,
              38,
              27,
              22
            ]
          },
          {
            "dow": "FRI",
            "hh": "08",
            "mm": "10",
            "congestionCar": [
              29,
              45,
              41,
              42,
              34,
              40,
              32,
              35,
              28,
              23
            ]
          },
          {
            "dow": "FRI",
            "hh": "08",
            "mm": "20",
            "congestionCar": [
              31,
              36,
              41,
              44,
              35,
              33,
              29,
              38,
              37,
              27
            ]
          },
          {
            "dow": "FRI",
            "hh": "08",
            "mm": "30",
            "congestionCar": [
              26,
              27,
              35,
              35,
              37,
              33,
              29,
              42,
              38,
              28
            ]
          },
          {
            "dow": "FRI",
            "hh": "08",
            "mm": "40",
            "congestionCar": [
              24,
              25,
              34,
              32,
              33,
              34,
              29,
              39,
              29,
              21
            ]
          },
          {
            "dow": "FRI",
            "hh": "08",
            "mm": "50",
            "congestionCar": [
              18,
              19,
              28,
              21,
              22,
              29,
              24,
              23,
              24,
              14
            ]
          }
        ]
      },
      {
        "startStationCode": "211",
        "startStationName": "성수역",
        "endStationCode": "228",
        "endStationName": "서울대입구역",
        "prevStationCode": "242",
        "prevStationName": "아현역",
        "updnLine": 0,
        "directAt": 0,
        "data": [
          {
            "dow": "FRI",
            "hh": "08",
            "mm": "00",
            "congestionCar": [
              22,
              31,
              39,
              38,
              34,
              32,
              26,
              38,
              27,
              22
            ]
          },
          {
            "dow": "FRI",
            "hh": "08",
            "mm": "10",
            "congestionCar": [
              29,
              45,
              41,
              42,
              34,
              40,
              32,
              35,
              28,
              23
            ]
          },
          {
            "dow": "FRI",
            "hh": "08",
            "mm": "20",
            "congestionCar": [
              31,
              36,
              41,
              44,
              35,
              33,
              29,
              38,
              37,
              27
            ]
          },
          {
            "dow": "FRI",
            "hh": "08",
            "mm": "30",
            "congestionCar": [
              26,
              27,
              35,
              35,
              37,
              33,
              29,
              42,
              38,
              28
            ]
          },
          {
            "dow": "FRI",
            "hh": "08",
            "mm": "40",
            "congestionCar": [
              24,
              25,
              34,
              32,
              33,
              34,
              29,
              39,
              29,
              21
            ]
          },
          {
            "dow": "FRI",
            "hh": "08",
            "mm": "50",
            "congestionCar": [
              18,
              19,
              28,
              21,
              22,
              29,
              24,
              23,
              24,
              14
            ]
          }
        ]
      },
      {
        "startStationCode": "211",
        "startStationName": "성수역",
        "endStationCode": "234",
        "endStationName": "신도림역",
        "prevStationCode": "242",
        "prevStationName": "아현역",
        "updnLine": 0,
        "directAt": 0,
        "data": [
          {
            "dow": "FRI",
            "hh": "08",
            "mm": "00",
            "congestionCar": [
              22,
              31,
              39,
              38,
              34,
              32,
              26,
              38,
              27,
              22
            ]
          },
          {
            "dow": "FRI",
            "hh": "08",
            "mm": "10",
            "congestionCar": [
              29,
              45,
              41,
              42,
              34,
              40,
              32,
              35,
              28,
              23
            ]
          },
          {
            "dow": "FRI",
            "hh": "08",
            "mm": "20",
            "congestionCar": [
              15,
              17,
              20,
              21,
              17,
              16,
              14,
              18,
              18,
              13
            ]
          },
          {
            "dow": "FRI",
            "hh": "08",
            "mm": "30",
            "congestionCar": [
              26,
              28,
              36,
              36,
              39,
              34,
              30,
              44,
              39,
              28
            ]
          },
          {
            "dow": "FRI",
            "hh": "08",
            "mm": "40",
            "congestionCar": [
              24,
              25,
              34,
              32,
              33,
              34,
              29,
              39,
              29,
              21
            ]
          },
          {
            "dow": "FRI",
            "hh": "08",
            "mm": "50",
            "congestionCar": [
              19,
              20,
              30,
              23,
              24,
              31,
              26,
              25,
              26,
              16
            ]
          }
        ]
      },
      {
        "startStationCode": "211",
        "startStationName": "성수역",
        "endStationCode": "239",
        "endStationName": "홍대입구역",
        "prevStationCode": "242",
        "prevStationName": "아현역",
        "updnLine": 0,
        "directAt": 0,
        "data": [
          {
            "dow": "FRI",
            "hh": "08",
            "mm": "00",
            "congestionCar": [
              22,
              31,
              39,
              38,
              34,
              32,
              26,
              38,
              27,
              22
            ]
          },
          {
            "dow": "FRI",
            "hh": "08",
            "mm": "10",
            "congestionCar": [
              29,
              45,
              41,
              42,
              34,
              40,
              32,
              35,
              28,
              23
            ]
          },
          {
            "dow": "FRI",
            "hh": "08",
            "mm": "20",
            "congestionCar": [
              31,
              36,
              41,
              44,
              35,
              33,
              29,
              38,
              37,
              27
            ]
          },
          {
            "dow": "FRI",
            "hh": "08",
            "mm": "30",
            "congestionCar": [
              26,
              27,
              35,
              35,
              37,
              33,
              29,
              42,
              38,
              28
            ]
          },
          {
            "dow": "FRI",
            "hh": "08",
            "mm": "40",
            "congestionCar": [
              24,
              25,
              34,
              32,
              33,
              34,
              29,
              39,
              29,
              21
            ]
          },
          {
            "dow": "FRI",
            "hh": "08",
            "mm": "50",
            "congestionCar": [
              18,
              19,
              28,
              21,
              22,
              29,
              24,
              23,
              24,
              14
            ]
          }
        ]
      },
      {
        "startStationCode": "219",
        "startStationName": "삼성역",
        "endStationCode": "211-R",
        "endStationName": "성수역",
        "prevStationCode": "240",
        "prevStationName": "신촌역",
        "updnLine": 1,
        "directAt": 0,
        "data": [
          {
            "dow": "FRI",
            "hh": "08",
            "mm": "00",
            "congestionCar": [
              107,
              88,
              93,
              115,
              111,
              96,
              104,
              81,
              73,
              72
            ]
          },
          {
            "dow": "FRI",
            "hh": "08",
            "mm": "10",
            "congestionCar": [
              143,
              125,
              141,
              150,
              147,
              136,
              134,
              145,
              120,
              121
            ]
          },
          {
            "dow": "FRI",
            "hh": "08",
            "mm": "20",
            "congestionCar": [
              141,
              140,
              156,
              184,
              164,
              157,
              145,
              166,
              148,
              148
            ]
          },
          {
            "dow": "FRI",
            "hh": "08",
            "mm": "30",
            "congestionCar": [
              172,
              141,
              148,
              177,
              157,
              164,
              170,
              166,
              132,
              114
            ]
          },
          {
            "dow": "FRI",
            "hh": "08",
            "mm": "40",
            "congestionCar": [
              130,
              126,
              109,
              107,
              105,
              102,
              100,
              101,
              99,
              91
            ]
          },
          {
            "dow": "FRI",
            "hh": "08",
            "mm": "50",
            "congestionCar": [
              83,
              66,
              54,
              57,
              59,
              59,
              60,
              57,
              58,
              46
            ]
          }
        ]
      },
      {
        "startStationCode": "228",
        "startStationName": "서울대입구역",
        "endStationCode": "211",
        "endStationName": "성수역",
        "prevStationCode": "240",
        "prevStationName": "신촌역",
        "updnLine": 1,
        "directAt": 0,
        "data": [
          {
            "dow": "FRI",
            "hh": "08",
            "mm": "00",
            "congestionCar": [
              107,
              88,
              93,
              115,
              111,
              96,
              104,
              81,
              73,
              72
            ]
          },
          {
            "dow": "FRI",
            "hh": "08",
            "mm": "10",
            "congestionCar": [
              143,
              125,
              141,
              150,
              147,
              136,
              134,
              145,
              120,
              121
            ]
          },
          {
            "dow": "FRI",
            "hh": "08",
            "mm": "20",
            "congestionCar": [
              141,
              140,
              156,
              184,
              164,
              157,
              145,
              166,
              148,
              148
            ]
          },
          {
            "dow": "FRI",
            "hh": "08",
            "mm": "30",
            "congestionCar": [
              172,
              141,
              148,
              177,
              157,
              164,
              170,
              166,
              132,
              114
            ]
          },
          {
            "dow": "FRI",
            "hh": "08",
            "mm": "40",
            "congestionCar": [
              130,
              126,
              109,
              107,
              105,
              102,
              100,
              101,
              99,
              91
            ]
          },
          {
            "dow": "FRI",
            "hh": "08",
            "mm": "50",
            "congestionCar": [
              83,
              66,
              54,
              57,
              59,
              59,
              60,
              57,
              58,
              46
            ]
          }
        ]
      },
      {
        "startStationCode": "228",
        "startStationName": "서울대입구역",
        "endStationCode": "211-R",
        "endStationName": "성수역",
        "prevStationCode": "240",
        "prevStationName": "신촌역",
        "updnLine": 1,
        "directAt": 0,
        "data": [
          {
            "dow": "FRI",
            "hh": "08",
            "mm": "00",
            "congestionCar": [
              107,
              88,
              93,
              115,
              111,
              96,
              104,
              81,
              73,
              72
            ]
          },
          {
            "dow": "FRI",
            "hh": "08",
            "mm": "10",
            "congestionCar": [
              143,
              125,
              141,
              150,
              147,
              136,
              134,
              145,
              120,
              121
            ]
          },
          {
            "dow": "FRI",
            "hh": "08",
            "mm": "20",
            "congestionCar": [
              141,
              140,
              156,
              184,
              164,
              157,
              145,
              166,
              148,
              148
            ]
          },
          {
            "dow": "FRI",
            "hh": "08",
            "mm": "30",
            "congestionCar": [
              172,
              141,
              148,
              177,
              157,
              164,
              170,
              166,
              132,
              114
            ]
          },
          {
            "dow": "FRI",
            "hh": "08",
            "mm": "40",
            "congestionCar": [
              130,
              126,
              109,
              107,
              105,
              102,
              100,
              101,
              99,
              91
            ]
          },
          {
            "dow": "FRI",
            "hh": "08",
            "mm": "50",
            "congestionCar": [
              83,
              66,
              54,
              57,
              59,
              59,
              60,
              57,
              58,
              46
            ]
          }
        ]
      },
      {
        "startStationCode": "234",
        "startStationName": "신도림역",
        "endStationCode": "211",
        "endStationName": "성수역",
        "prevStationCode": "240",
        "prevStationName": "신촌역",
        "updnLine": 1,
        "directAt": 0,
        "data": [
          {
            "dow": "FRI",
            "hh": "08",
            "mm": "00",
            "congestionCar": [
              107,
              88,
              93,
              115,
              111,
              96,
              104,
              81,
              73,
              72
            ]
          },
          {
            "dow": "FRI",
            "hh": "08",
            "mm": "10",
            "congestionCar": [
              143,
              125,
              141,
              150,
              147,
              136,
              134,
              145,
              120,
              121
            ]
          },
          {
            "dow": "FRI",
            "hh": "08",
            "mm": "20",
            "congestionCar": [
              141,
              140,
              156,
              184,
              164,
              157,
              145,
              166,
              148,
              148
            ]
          },
          {
            "dow": "FRI",
            "hh": "08",
            "mm": "30",
            "congestionCar": [
              172,
              141,
              148,
              177,
              157,
              164,
              170,
              166,
              132,
              114
            ]
          },
          {
            "dow": "FRI",
            "hh": "08",
            "mm": "40",
            "congestionCar": [
              130,
              126,
              109,
              107,
              105,
              102,
              100,
              101,
              99,
              91
            ]
          },
          {
            "dow": "FRI",
            "hh": "08",
            "mm": "50",
            "congestionCar": [
              83,
              66,
              54,
              57,
              59,
              59,
              60,
              57,
              58,
              46
            ]
          }
        ]
      },
      {
        "startStationCode": "234",
        "startStationName": "신도림역",
        "endStationCode": "211-R",
        "endStationName": "성수역",
        "prevStationCode": "240",
        "prevStationName": "신촌역",
        "updnLine": 1,
        "directAt": 0,
        "data": [
          {
            "dow": "FRI",
            "hh": "08",
            "mm": "00",
            "congestionCar": [
              78,
              64,
              67,
              83,
              80,
              69,
              75,
              59,
              53,
              52
            ]
          },
          {
            "dow": "FRI",
            "hh": "08",
            "mm": "10",
            "congestionCar": [
              36,
              31,
              35,
              37,
              37,
              34,
              33,
              36,
              30,
              30
            ]
          },
          {
            "dow": "FRI",
            "hh": "08",
            "mm": "20",
            "congestionCar": [
              141,
              140,
              156,
              184,
              164,
              157,
              145,
              166,
              148,
              148
            ]
          },
          {
            "dow": "FRI",
            "hh": "08",
            "mm": "30",
            "congestionCar": [
              172,
              141,
              148,
              177,
              157,
              164,
              170,
              166,
              132,
              114
            ]
          },
          {
            "dow": "FRI",
            "hh": "08",
            "mm": "40",
            "congestionCar": [
              130,
              126,
              109,
              107,
              105,
              102,
              100,
              101,
              99,
              91
            ]
          },
          {
            "dow": "FRI",
            "hh": "08",
            "mm": "50",
            "congestionCar": [
              83,
              66,
              54,
              57,
              59,
              59,
              60,
              57,
              58,
              46
            ]
          }
        ]
      },
      {
        "startStationCode": "239",
        "startStationName": "홍대입구역",
        "endStationCode": "211",
        "endStationName": "성수역",
        "prevStationCode": "240",
        "prevStationName": "신촌역",
        "updnLine": 1,
        "directAt": 0,
        "data": [
          {
            "dow": "FRI",
            "hh": "08",
            "mm": "00",
            "congestionCar": [
              107,
              88,
              93,
              115,
              111,
              96,
              104,
              81,
              73,
              72
            ]
          },
          {
            "dow": "FRI",
            "hh": "08",
            "mm": "10",
            "congestionCar": [
              143,
              125,
              141,
              150,
              147,
              136,
              134,
              145,
              120,
              121
            ]
          },
          {
            "dow": "FRI",
            "hh": "08",
            "mm": "20",
            "congestionCar": [
              141,
              140,
              156,
              184,
              164,
              157,
              145,
              166,
              148,
              148
            ]
          },
          {
            "dow": "FRI",
            "hh": "08",
            "mm": "30",
            "congestionCar": [
              172,
              141,
              148,
              177,
              157,
              164,
              170,
              166,
              132,
              114
            ]
          },
          {
            "dow": "FRI",
            "hh": "08",
            "mm": "40",
            "congestionCar": [
              130,
              126,
              109,
              107,
              105,
              102,
              100,
              101,
              99,
              91
            ]
          },
          {
            "dow": "FRI",
            "hh": "08",
            "mm": "50",
            "congestionCar": [
              83,
              66,
              54,
              57,
              59,
              59,
              60,
              57,
              58,
              46
            ]
          }
        ]
      },
      {
        "startStationCode": "239",
        "startStationName": "홍대입구역",
        "endStationCode": "211-R",
        "endStationName": "성수역",
        "prevStationCode": "240",
        "prevStationName": "신촌역",
        "updnLine": 1,
        "directAt": 0,
        "data": [
          {
            "dow": "FRI",
            "hh": "08",
            "mm": "00",
            "congestionCar": [
              107,
              88,
              93,
              115,
              111,
              96,
              104,
              81,
              73,
              72
            ]
          },
          {
            "dow": "FRI",
            "hh": "08",
            "mm": "10",
            "congestionCar": [
              143,
              125,
              141,
              150,
              147,
              136,
              134,
              145,
              120,
              121
            ]
          },
          {
            "dow": "FRI",
            "hh": "08",
            "mm": "20",
            "congestionCar": [
              141,
              140,
              156,
              184,
              164,
              157,
              145,
              166,
              148,
              148
            ]
          },
          {
            "dow": "FRI",
            "hh": "08",
            "mm": "30",
            "congestionCar": [
              172,
              141,
              148,
              177,
              157,
              164,
              170,
              166,
              132,
              114
            ]
          },
          {
            "dow": "FRI",
            "hh": "08",
            "mm": "40",
            "congestionCar": [
              130,
              126,
              109,
              107,
              105,
              102,
              100,
              101,
              99,
              91
            ]
          },
          {
            "dow": "FRI",
            "hh": "08",
            "mm": "50",
            "congestionCar": [
              83,
              66,
              54,
              57,
              59,
              59,
              60,
              57,
              58,
              46
            ]
          }
        ]
      }
    ],
    "statStartDate": "20230924",
    "statEndDate": "20231223"
  }
}