{
  "status": {
    "code": "00",
    "message": "success",
    "totalCount": 1
  },
  "contents": {
    "subwayLine": "2호선",
    "stationName": "시청역",
    "stationCode": "201",
    "stat": [
      {
        "startStationCode": "202",
        "startStationName": "을지로입구역",
        "endStationCode": "211",
        "endStationName": "성수역",
        "prevStationCode": "202",
        "prevStationName": "을지로입구역",
        "updnLine": 0,
        "directAt": 0,
        "data": [
          {
            "dow": "FRI",
            "hh": "08",
            "mm": "00",
            "congestionCar": [
              43,
              53,
              51,
              57,
              47,
              48,
              46,
              46,
              37,
              33
            ]
          },
          {
            "dow": "FRI",
            "hh": "08",
            "mm": "10",
            "congestionCar": [
              53,
              56,
              61,
              69,
              62,
              55,
              70,
              65,
              51,
              48
            ]
          },
          {
            "dow": "FRI",
            "hh": "08",
            "mm": "20",
            "congestionCar": [
              58,
              54,
              54,
              61,
              67,
              58,
              58,
              56,
              55,
              49
            ]
          },
          {
            "dow": "FRI",
            "hh": "08",
            "mm": "30",
            "congestionCar": [
              76,
              63,
              68,
              85,
              88,
              77,
              74,
              78,
              58,
              51
            ]
          },
          {
            "dow": "FRI",
            "hh": "08",
            "mm": "40",
            "congestionCar": [
              59,
              56,
              67,
              85,
              64,
              73,
              74,
              61,
              54,
              45
            ]
          },
          {
            "dow": "FRI",
            "hh": "08",
            "mm": "50",
            "congestionCar": [
              40,
              42,
              43,
              49,
              40,
              46,
              42,
              42,
              45,
              32
            ]
          }
        ]
      },
      {
        "startStationCode": "202",
        "startStationName": "을지로입구역",
        "endStationCode": "211-R",
        "endStationName": "성수역",
        "prevStationCode": "202",
        "prevStationName": "을지로입구역",
        "updnLine": 0,
        "directAt": 0,
        "data": [
          {
            "dow": "FRI",
            "hh": "08",
            "mm": "00",
            "congestionCar": [
              43,
              53,
              51,
              57,
              47,
              48,
              46,
              46,
              37,
              33
            ]
          },
          {
            "dow": "FRI",
            "hh": "08",
            "mm": "10",
            "congestionCar": [
              53,
              56,
              61,
              69,
              62,
              55,
              70,
              65,
              51,
              48
            ]
          },
          {
            "dow": "FRI",
            "hh": "08",
            "mm": "20",
            "congestionCar": [
              58,
              54,
              54,
              61,
              67,
              58,
              58,
              56,
              55,
              49
            ]
          },
          {
            "dow": "FRI",
            "hh": "08",
            "mm": "30",
            "congestionCar": [
              76,
              63,
              68,
              85,
              88,
              77,
              74,
              78,
              58,
              51
            ]
          },
          {
            "dow": "FRI",
            "hh": "08",
            "mm": "40",
            "congestionCar": [
              59,
              56,
              67,
              85,
              64,
              73,
              74,
              61,
              54,
              45
            ]
          },
          {
            "dow": "FRI",
            "hh": "08",
            "mm": "50",
            "congestionCar": [
              40,
              42,
              43,
              49,
              40,
              46,
              42,
              42,
              45,
              32
            ]
          }
        ]
      },
      {
        "startStationCode": "211",
        "startStationName": "성수역",
        "endStationCode": "202",
        "endStationName": "을지로입구역",
        "prevStationCode": "243",
        "prevStationName": "충정로역",
        "updnLine": 1,
        "directAt": 0,
        "data": [
          {
            "dow": "FRI",
            "hh": "08",
            "mm": "00",
            "congestionCar": [
              120,
              106,
              92,
              114,
              102,
              92,
              94,
              91,
              76,
              83
            ]
          },
          {
            "dow": "FRI",
            "hh": "08",
            "mm": "10",
            "congestionCar": [
              143,
              119,
              137,
              143,
              141,
              120,
              121,
              115,
              101,
              100
            ]
          },
          {
            "dow": "FRI",
            "hh": "08",
            "mm": "20",
            "congestionCar": [
              169,
              144,
              146,
              165,
              151,
              137,
              127,
              159,
              124,
              147
            ]
          },
          {
            "dow": "FRI",
            "hh": "08",
            "mm": "30",
            "congestionCar": [
              156,
              149,
              158,
              180,
              152,
              160,
              163,
              156,
              140,
              136
            ]
          },
          {
            "dow": "FRI",
            "hh": "08",
            "mm": "40",
            "congestionCar": [
              184,
              143,
              123,
              143,
              128,
              131,
              138,
              130,
              107,
              101
            ]
          },
          {
            "dow": "FRI",
            "hh": "08",
            "mm": "50",
            "congestionCar": [
              104,
              74,
              64,
              65,
              68,
              63,
              61,
              58,
              63,
              59
            ]
          }
        ]
      },
      {
        "startStationCode": "211",
        "startStationName": "성수역",
        "endStationCode": "211",
        "endStationName": "성수역",
        "prevStationCode": "202",
        "prevStationName": "을지로입구역",
        "updnLine": 0,
        "directAt": 0,
        "data": [
          {
            "dow": "FRI",
            "hh": "08",
            "mm": "00",
            "congestionCar": [
              50,
              63,
              59,
              67,
              55,
              56,
              54,
              54,
              44,
              39
            ]
          },
          {
            "dow": "FRI",
            "hh": "08",
            "mm": "10",
            "congestionCar": [
              57,
              60,
              66,
              74,
              66,
              58,
              74,
              69,
              54,
              52
            ]
          },
          {
            "dow": "FRI",
            "hh": "08",
            "mm": "20",
            "congestionCar": [
              62,
              58,
              58,
              65,
              71,
              62,
              62,
              60,
              59,
              52
            ]
          },
          {
            "dow": "FRI",
            "hh": "08",
            "mm": "30",
            "congestionCar": [
              72,
              60,
              64,
              80,
              83,
              73,
              70,
              74,
              55,
              49
            ]
          },
          {
            "dow": "FRI",
            "hh": "08",
            "mm": "40",
            "congestionCar": [
              46,
              44,
              53,
              66,
              50,
              57,
              58,
              48,
              42,
              35
            ]
          },
          {
            "dow": "FRI",
            "hh": "08",
            "mm": "50",
            "congestionCar": [
              43,
              45,
              46,
              53,
              43,
              49,
              45,
              45,
              48,
              34
            ]
          }
        ]
      },
      {
        "startStationCode": "211",
        "startStationName": "성수역",
        "endStationCode": "211",
        "endStationName": "성수역",
        "prevStationCode": "243",
        "prevStationName": "충정로역",
        "updnLine": 1,
        "directAt": 0,
        "data": [
          {
            "dow": "FRI",
            "hh": "08",
            "mm": "00",
            "congestionCar": [
              120,
              106,
              92,
              114,
              102,
              92,
              94,
              91,
              76,
              83
            ]
          },
          {
            "dow": "FRI",
            "hh": "08",
            "mm": "10",
            "congestionCar": [
              143,
              119,
              137,
              143,
              141,
              120,
              121,
              115,
              101,
              100
            ]
          },
          {
            "dow": "FRI",
            "hh": "08",
            "mm": "20",
            "congestionCar": [
              169,
              144,
              146,
              165,
              151,
              137,
              127,
              159,
              124,
              147
            ]
          },
          {
            "dow": "FRI",
            "hh": "08",
            "mm": "30",
            "congestionCar": [
              156,
              149,
              158,
              180,
              152,
              160,
              163,
              156,
              140,
              136
            ]
          },
          {
            "dow": "FRI",
            "hh": "08",
            "mm": "40",
            "congestionCar": [
              184,
              143,
              123,
              143,
              128,
              131,
              138,
              130,
              107,
              101
            ]
          },
          {
            "dow": "FRI",
            "hh": "08",
            "mm": "50",
            "congestionCar": [
              104,
              74,
              64,
              65,
              68,
              63,
              61,
              58,
              63,
              59
            ]
          }
        ]
      },
      {
        "startStationCode": "211",
        "startStationName": "성수역",
        "endStationCode": "211-R",
        "endStationName": "성수역",
        "prevStationCode": "202",
        "prevStationName": "을지로입구역",
        "updnLine": 0,
        "directAt": 0,
        "data": [
          {
            "dow": "FRI",
            "hh": "08",
            "mm": "00",
            "congestionCar": [
              44,
              56,
              53,
              59,
              49,
              50,
              48,
              48,
              39,
              35
            ]
          },
          {
            "dow": "FRI",
            "hh": "08",
            "mm": "10",
            "congestionCar": [
              54,
              57,
              63,
              70,
              63,
              56,
              71,
              66,
              52,
              49
            ]
          },
          {
            "dow": "FRI",
            "hh": "08",
            "mm": "20",
            "congestionCar": [
              57,
              53,
              53,
              60,
              65,
              57,
              57,
              55,
              54,
              48
            ]
          },
          {
            "dow": "FRI",
            "hh": "08",
            "mm": "30",
            "congestionCar": [
              72,
              60,
              64,
              80,
              83,
              73,
              70,
              74,
              55,
              49
            ]
          },
          {
            "dow": "FRI",
            "hh": "08",
            "mm": "40",
            "congestionCar": [
              55,
              52,
              62,
              78,
              59,
              67,
              69,
              57,
              50,
              42
            ]
          },
          {
            "dow": "FRI",
            "hh": "08",
            "mm": "50",
            "congestionCar": [
              38,
              40,
              41,
              47,
              38,
              44,
              40,
              40,
              43,
              30
            ]
          }
        ]
      },
      {
        "startStationCode": "211",
        "startStationName": "성수역",
        "endStationCode": "211-R",
        "endStationName": "성수역",
        "prevStationCode": "243",
        "prevStationName": "충정로역",
        "updnLine": 1,
        "directAt": 0,
        "data": [
          {
            "dow": "FRI",
            "hh": "08",
            "mm": "00",
            "congestionCar": [
              122,
              108,
              94,
              117,
              104,
              93,
              96,
              93,
              78,
              85
            ]
          },
          {
            "dow": "FRI",
            "hh": "08",
            "mm": "10",
            "congestionCar": [
              148,
              123,
              142,
              148,
              145,
              123,
              124,
              119,
              104,
              104
            ]
          },
          {
            "dow": "FRI",
            "hh": "08",
            "mm": "20",
            "congestionCar": [
              169,
              144,
              146,
              165,
              151,
              137,
              127,
              159,
              124,
              147
            ]
          },
          {
            "dow": "FRI",
            "hh": "08",
            "mm": "30",
            "congestionCar": [
              156,
              149,
              158,
              180,
              152,
              160,
              163,
              156,
              140,
              136
            ]
          },
          {
            "dow": "FRI",
            "hh": "08",
            "mm": "40",
            "congestionCar": [
              184,
              143,
              123,
              143,
              128,
              131,
              138,
              130,
              107,
              101
            ]
          },
          {
            "dow": "FRI",
            "hh": "08",
            "mm": "50",
            "congestionCar": [
              107,
              77,
              66,
              67,
              70,
              65,
              62,
              59,
              65,
              61
            ]
          }
        ]
      },
      {
        "startStationCode": "211",
        "startStationName": "성수역",
        "endStationCode": "219",
        "endStationName": "삼성역",
        "prevStationCode": "202",
        "prevStationName": "을지로입구역",
        "updnLine": 0,
        "directAt": 0,
        "data": [
          {
            "dow": "FRI",
            "hh": "08",
            "mm": "00",
            "congestionCar": [
              43,
              53,
              51,
              57,
              47,
              48,
              46,
              46,
              37,
              33
            ]
          },
          {
            "dow": "FRI",
            "hh": "08",
            "mm": "10",
            "congestionCar": [
              53,
              56,
              61,
              69,
              62,
              55,
              70,
              65,
              51,
              48
            ]
          },
          {
            "dow": "FRI",
            "hh": "08",
            "mm": "20",
            "congestionCar": [
              58,
              54,
              54,
              61,
              67,
              58,
              58,
              56,
              55,
              49
            ]
          },
          {
            "dow": "FRI",
            "hh": "08",
            "mm": "30",
            "congestionCar": [
              76,
              63,
              68,
              85,
              88,
              77,
              74,
              78,
              58,
              51
            ]
          },
          {
            "dow": "FRI",
            "hh": "08",
            "mm": "40",
            "congestionCar": [
              59,
              56,
              67,
              85,
              64,
              73,
              74,
              61,
              54,
              45
            ]
          },
          {
            "dow": "FRI",
            "hh": "08",
            "mm": "50",
            "congestionCar": [
              40,
              42,
              43,
              49,
              40,
              46,
              42,
              42,
              45,
              32
            ]
          }
        ]
      },
      {
        "startStationCode": "211",
        "startStationName": "성수역",
        "endStationCode": "228",
        "endStationName": "서울대입구역",
        "prevStationCode": "202",
        "prevStationName": "을지로입구역",
        "updnLine": 0,
        "directAt": 0,
        "data": [
          {
            "dow": "FRI",
            "hh": "08",
            "mm": "00",
            "congestionCar": [
              43,
              53,
              51,
              57,
              47,
              48,
              46,
              46,
              37,
              33
            ]
          },
          {
            "dow": "FRI",
            "hh": "08",
            "mm": "10",
            "congestionCar": [
              53,
              56,
              61,
              69,
              62,
              55,
              70,
              65,
              51,
              48
            ]
          },
          {
            "dow": "FRI",
            "hh": "08",
            "mm": "20",
            "congestionCar": [
              58,
              54,
              54,
              61,
              67,
              58,
              58,
              56,
              55,
              49
            ]
          },
          {
            "dow": "FRI",
            "hh": "08",
            "mm": "30",
            "congestionCar": [
              76,
              63,
              68,
              85,
              88,
              77,
              74,
              78,
              58,
              51
            ]
          },
          {
            "dow": "FRI",
            "hh": "08",
            "mm": "40",
            "congestionCar": [
              59,
              56,
              67,
              85,
              64,
              73,
              74,
              61,
              54,
              45
            ]
          },
          {
            "dow": "FRI",
            "hh": "08",
            "mm": "50",
            "congestionCar": [
              40,
              42,
              43,
              49,
              40,
              46,
              42,
              42,
              45,
              32
            ]
          }
        ]
      },
      {
        "startStationCode": "211",
        "startStationName": "성수역",
        "endStationCode": "234",
        "endStationName": "신도림역",
        "prevStationCode": "202",
        "prevStationName": "을지로입구역",
        "updnLine": 0,
        "directAt": 0,
        "data": [
          {
            "dow": "FRI",
            "hh": "08",
            "mm": "00",
            "congestionCar": [
              43,
              53,
              51,
              57,
              47,
              48,
              46,
              46,
              37,
              33
            ]
          },
          {
            "dow": "FRI",
            "hh": "08",
            "mm": "10",
            "congestionCar": [
              53,
              56,
              61,
              69,
              62,
              55,
              70,
              65,
              51,
              48
            ]
          },
          {
            "dow": "FRI",
            "hh": "08",
            "mm": "20",
            "congestionCar": [
              45,
              42,
              42,
              47,
              51,
              45,
              45,
              43,
              43,
              38
            ]
          },
          {
            "dow": "FRI",
            "hh": "08",
            "mm": "30",
            "congestionCar": [
              93,
              77,
              83,
              104,
              108,
              94,
              90,
              96,
              71,
              63
            ]
          },
          {
            "dow": "FRI",
            "hh": "08",
            "mm": "40",
            "congestionCar": [
              81,
              78,
              93,
              117,
              88,
              100,
              102,
              84,
              74,
              62
            ]
          },
          {
            "dow": "FRI",
            "hh": "08",
            "mm": "50",
            "congestionCar": [
              44,
              46,
              47,
              54,
              44,
              50,
              46,
              46,
              49,
              35
            ]
          }
        ]
      },
      {
        "startStationCode": "211",
        "startStationName": "성수역",
        "endStationCode": "239",
        "endStationName": "홍대입구역",
        "prevStationCode": "202",
        "prevStationName": "을지로입구역",
        "updnLine": 0,
        "directAt": 0,
        "data": [
          {
            "dow": "FRI",
            "hh": "08",
            "mm": "00",
            "congestionCar": [
              43,
              53,
              51,
              57,
              47,
              48,
              46,
              46,
              37,
              33
            ]
          },
          {
            "dow": "FRI",
            "hh": "08",
            "mm": "10",
            "congestionCar": [
              53,
              56,
              61,
              69,
              62,
              55,
              70,
              65,
              51,
              48
            ]
          },
          {
            "dow": "FRI",
            "hh": "08",
            "mm": "20",
            "congestionCar": [
              58,
              54,
              54,
              61,
              67,
              58,
              58,
              56,
              55,
              49
            ]
          },
          {
            "dow": "FRI",
            "hh": "08",
            "mm": "30",
            "congestionCar": [
              76,
              63,
              68,
              85,
              88,
              77,
              74,
              78,
              58,
              51
            ]
          },
          {
            "dow": "FRI",
            "hh": "08",
            "mm": "40",
            "congestionCar": [
              59,
              56,
              67,
              85,
              64,
              73,
              74,
              61,
              54,
              45
            ]
          },
          {
            "dow": "FRI",
            "hh": "08",
            "mm": "50",
            "congestionCar": [
              40,
              42,
              43,
              49,
              40,
              46,
              42,
              42,
              45,
              32
            ]
          }
        ]
      },
      {
        "startStationCode": "219",
        "startStationName": "삼성역",
        "endStationCode": "211-R",
        "endStationName": "성수역",
        "prevStationCode": "243",
        "prevStationName": "충정로역",
        "updnLine": 1,
        "directAt": 0,
        "data": [
          {
            "dow": "FRI",
            "hh": "08",
            "mm": "00",
            "congestionCar": [
              120,
              106,
              92,
              114,
              102,
              92,
              94,
              91,
              76,
              83
            ]
          },
          {
            "dow": "FRI",
            "hh": "08",
            "mm": "10",
            "congestionCar": [
              143,
              119,
              137,
              143,
              141,
              120,
              121,
              115,
              101,
              100
            ]
          },
          {
            "dow": "FRI",
            "hh": "08",
            "mm": "20",
            "congestionCar": [
              169,
              144,
              146,
              165,
              151,
              137,
              127,
              159,
              124,
              147
            ]
          },
          {
            "dow": "FRI",
            "hh": "08",
            "mm": "30",
            "congestionCar": [
              156,
              149,
              158,
              180,
              152,
              160,
              163,
              156,
              140,
              136
            ]
          },
          {
            "dow": "FRI",
            "hh": "08",
            "mm": "40",
            "congestionCar": [
              184,
              143,
              123,
              143,
              128,
              131,
              138,
              130,
              107,
              101
            ]
          },
          {
            "dow": "FRI",
            "hh": "08",
            "mm": "50",
            "congestionCar": [
              104,
              74,
              64,
              65,
              68,
              63,
              61,
              58,
              63,
              59
            ]
          }
        ]
      },
      {
        "startStationCode": "228",
        "startStationName": "서울대입구역",
        "endStationCode": "211",
        "endStationName": "성수역",
        "prevStationCode": "243",
        "prevStationName": "충정로역",
        "updnLine": 1,
        "directAt": 0,
        "data": [
          {
            "dow": "FRI",
            "hh": "08",
            "mm": "00",
            "congestionCar": [
              120,
              106,
              92,
              114,
              102,
              92,
              94,
              91,
              76,
              83
            ]
          },
          {
            "dow": "FRI",
            "hh": "08",
            "mm": "10",
            "congestionCar": [
              143,
              119,
              137,
              143,
              141,
              120,
              121,
              115,
              101,
              100
            ]
          },
          {
            "dow": "FRI",
            "hh": "08",
            "mm": "20",
            "congestionCar": [
              169,
              144,
              146,
              165,
              151,
              137,
              127,
              159,
              124,
              147
            ]
          },
          {
            "dow": "FRI",
            "hh": "08",
            "mm": "30",
            "congestionCar": [
              156,
              149,
              158,
              180,
              152,
              160,
              163,
              156,
              140,
              136
            ]
          },
          {
            "dow": "FRI",
            "hh": "08",
            "mm": "40",
            "congestionCar": [
              184,
              143,
              123,
              143,
              128,
              131,
              138,
              130,
              107,
              101
            ]
          },
          {
            "dow": "FRI",
            "hh": "08",
            "mm": "50",
            "congestionCar": [
              104,
              74,
              64,
              65,
              68,
              63,
              61,
              58,
              63,
              59
            ]
          }
        ]
      },
      {
        "startStationCode": "228",
        "startStationName": "서울대입구역",
        "endStationCode": "211-R",
        "endStationName": "성수역",
        "prevStationCode": "243",
        "prevStationName": "충정로역",
        "updnLine": 1,
        "directAt": 0,
        "data": [
          {
            "dow": "FRI",
            "hh": "08",
            "mm": "00",
            "congestionCar": [
              120,
              106,
              92,
              114,
              102,
              92,
              94,
              91,
              76,
              83
            ]
          },
          {
            "dow": "FRI",
            "hh": "08",
            "mm": "10",
            "congestionCar": [
              143,
              119,
              137,
              143,
              141,
              120,
              121,
              115,
              101,
              100
            ]
          },
          {
            "dow": "FRI",
            "hh": "08",
            "mm": "20",
            "congestionCar": [
              169,
              144,
              146,
              165,
              151,
              137,
              127,
              159,
              124,
              147
            ]
          },
          {
            "dow": "FRI",
            "hh": "08",
            "mm": "30",
            "congestionCar": [
              156,
              149,
              158,
              180,
              152,
              160,
              163,
              156,
              140,
              136
            ]
          },
          {
            "dow": "FRI",
            "hh": "08",
            "mm": "40",
            "congestionCar": [
              184,
              143,
              123,
              143,
              128,
              131,
              138,
              130,
              107,
              101
            ]
          },
          {
            "dow": "FRI",
            "hh": "08",
            "mm": "50",
            "congestionCar": [
              104,
              74,
              64,
              65,
              68,
              63,
              61,
              58,
              63,
              59
            ]
          }
        ]
      },
      {
        "startStationCode": "234",
        "startStationName": "신도림역",
        "endStationCode": "211",
        "endStationName": "성수역",
        "prevStationCode": "243",
        "prevStationName": "충정로역",
        "updnLine": 1,
        "directAt": 0,
        "data": [
          {
            "dow": "FRI",
            "hh": "08",
            "mm": "00",
            "congestionCar": [
              120,
              106,
              92,
              114,
              102,
              92,
              94,
              91,
              76,
              83
            ]
          },
          {
            "dow": "FRI",
            "hh": "08",
            "mm": "10",
            "congestionCar": [
              143,
              119,
              137,
              143,
              141,
              120,
              121,
              115,
              101,
              100
            ]
          },
          {
            "dow": "FRI",
            "hh": "08",
            "mm": "20",
            "congestionCar": [
              169,
              144,
              146,
              165,
              151,
              137,
              127,
              159,
              124,
              147
            ]
          },
          {
            "dow": "FRI",
            "hh": "08",
            "mm": "30",
            "congestionCar": [
              156,
              149,
              158,
              180,
              152,
              160,
              163,
              156,
              140,
              136
            ]
          },
          {
            "dow": "FRI",
            "hh": "08",
            "mm": "40",
            "congestionCar": [
              184,
              143,
              123,
              143,
              128,
              131,
              138,
              130,
              107,
              101
            ]
          },
          {
            "dow": "FRI",
            "hh": "08",
            "mm": "50",
            "congestionCar": [
              104,
              74,
              64,
              65,
              68,
              63,
              61,
              58,
              63,
              59
            ]
          }
        ]
      },
      {
        "startStationCode": "234",
        "startStationName": "신도림역",
        "endStationCode": "211-R",
        "endStationName": "성수역",
        "prevStationCode": "243",
        "prevStationName": "충정로역",
        "updnLine": 1,
        "directAt": 0,
        "data": [
          {
            "dow": "FRI",
            "hh": "08",
            "mm": "00",
            "congestionCar": [
              47,
              41,
              36,
              45,
              40,
              36,
              37,
              36,
              30,
              33
            ]
          },
          {
            "dow": "FRI",
            "hh": "08",
            "mm": "10",
            "congestionCar": [
              143,
              119,
              137,
              143,
              141,
              120,
              121,
              115,
              101,
              100
            ]
          },
          {
            "dow": "FRI",
            "hh": "08",
            "mm": "20",
            "congestionCar": [
              169,
              144,
              146,
              165,
              151,
              137,
              127,
              159,
              124,
              147
            ]
          },
          {
            "dow": "FRI",
            "hh": "08",
            "mm": "30",
            "congestionCar": [
              156,
              149,
              158,
              180,
              152,
              160,
              163,
              156,
              140,
              136
            ]
          },
          {
            "dow": "FRI",
            "hh": "08",
            "mm": "40",
            "congestionCar": [
              184,
              143,
              123,
              143,
              128,
              131,
              138,
              130,
              107,
              101
            ]
          },
          {
            "dow": "FRI",
            "hh": "08",
            "mm": "50",
            "congestionCar": [
              104,
              74,
              64,
              65,
              68,
              63,
              61,
              58,
              63,
              59
            ]
          }
        ]
      },
      {
        "startStationCode": "239",
        "startStationName": "홍대입구역",
        "endStationCode": "211",
        "endStationName": "성수역",
        "prevStationCode": "243",
        "prevStationName": "충정로역",
        "updnLine": 1,
        "directAt": 0,
        "data": [
          {
            "dow": "FRI",
            "hh": "08",
            "mm": "00",
            "congestionCar": [
              120,
              106,
              92,
              114,
              102,
              92,
              94,
              91,
              76,
              83
            ]
          },
          {
            "dow": "FRI",
            "hh": "08",
            "mm": "10",
            "congestionCar": [
              143,
              119,
              137,
              143,
              141,
              120,
              121,
              115,
              101,
              100
            ]
          },
          {
            "dow": "FRI",
            "hh": "08",
            "mm": "20",
            "congestionCar": [
              169,
              144,
              146,
              165,
              151,
              137,
              127,
              159,
              124,
              147
            ]
          },
          {
            "dow": "FRI",
            "hh": "08",
            "mm": "30",
            "congestionCar": [
              156,
              149,
              158,
              180,
              152,
              160,
              163,
              156,
              140,
              136
            ]
          },
          {
            "dow": "FRI",
            "hh": "08",
            "mm": "40",
            "congestionCar": [
              184,
              143,
              123,
              143,
              128,
              131,
              138,
              130,
              107,
              101
            ]
          },
          {
            "dow": "FRI",
            "hh": "08",
            "mm": "50",
            "congestionCar": [
              104,
              74,
              64,
              65,
              68,
              63,
              61,
              58,
              63,
              59
            ]
          }
        ]
      },
      {
        "startStationCode": "239",
        "startStationName": "홍대입구역",
        "endStationCode": "211-R",
        "endStationName": "성수역",
        "prevStationCode": "243",
        "prevStationName": "충정로역",
        "updnLine": 1,
        "directAt": 0,
        "data": [
          {
            "dow": "FRI",
            "hh": "08",
            "mm": "00",
            "congestionCar": [
              120,
              106,
              92,
              114,
              102,
              92,
              94,
              91,
              76,
              83
            ]
          },
          {
            "dow": "FRI",
            "hh": "08",
            "mm": "10",
            "congestionCar": [
              143,
              119,
              137,
              143,
              141,
              120,
              121,
              115,
              101,
              100
            ]
          },
          {
            "dow": "FRI",
            "hh": "08",
            "mm": "20",
            "congestionCar": [
              169,
              144,
              146,
              165,
              151,
              137,
              127,
              159,
              124,
              147
            ]
          },
          {
            "dow": "FRI",
            "hh": "08",
            "mm": "30",
            "congestionCar": [
              156,
              149,
              158,
              180,
              152,
              160,
              163,
              156,
              140,
              136
            ]
          },
          {
            "dow": "FRI",
            "hh": "08",
            "mm": "40",
            "congestionCar": [
              184,
              143,
              123,
              143,
              128,
              131,
              138,
              130,
              107,
              101
            ]
          },
          {
            "dow": "FRI",
            "hh": "08",
            "mm": "50",
            "congestionCar": [
              104,
              74,
              64,
              65,
              68,
              63,
              61,
              58,
              63,
              59
            ]
          }
        ]
      }
    ],
    "statStartDate": "20230924",
    "statEndDate": "20231223"
  }
}