{
  "status": {
    "code": "00",
    "message": "success",
    "totalCount": 1
  },
  "contents": {
    "subwayLine": "2호선",
    "stationName": "구로디지털단지역",
    "stationCode": "232",
    "stat": [
      {
        "startStationCode": "202",
        "startStationName": "을지로입구역",
        "endStationCode": "211",
        "endStationName": "성수역",
        "prevStationCode": "233",
        "prevStationName": "대림역",
        "updnLine": 0,
        "directAt": 0,
        "data": [
          {
            "dow": "MON",
            "hh": "13",
            "mm": "00",
            "congestionCar": [
              23,
              26,
              33,
              33,
              35,
              31,
              31,
              31,
              25,
              21
            ]
          },
          {
            "dow": "MON",
            "hh": "13",
            "mm": "10",
            "congestionCar": [
              25,
              30,
              35,
              37,
              35,
              30,
              34,
              33,
              26,
              25
            ]
          },
          {
            "dow": "MON",
            "hh": "13",
            "mm": "20",
            "congestionCar": [
              24,
              29,
              45,
              44,
              43,
              32,
              34,
              33,
              28,
              28
            ]
          },
          {
            "dow": "MON",
            "hh": "13",
            "mm": "30",
            "congestionCar": [
              24,
              32,
              38,
              36,
              37,
              35,
              33,
              32,
              23,
              21
            ]
          },
          {
            "dow": "MON",
            "hh": "13",
            "mm": "40",
            "congestionCar": [
              23,
              23,
              33,
              31,
              32,
              24,
              26,
              24,
              23,
              21
            ]
          },
          {
            "dow": "MON",
            "hh": "13",
            "mm": "50",
            "congestionCar": [
              17,
              20,
              27,
              27,
              28,
              23,
              22,
              22,
              21,
              21
            ]
          }
        ]
      },
      {
        "startStationCode": "202",
        "startStationName": "을지로입구역",
        "endStationCode": "211-R",
        "endStationName": "성수역",
        "prevStationCode": "233",
        "prevStationName": "대림역",
        "updnLine": 0,
        "directAt": 0,
        "data": [
          {
            "dow": "MON",
            "hh": "13",
            "mm": "00",
            "congestionCar": [
              23,
              26,
              33,
              33,
              35,
              31,
              31,
              31,
              25,
              21
            ]
          },
          {
            "dow": "MON",
            "hh": "13",
            "mm": "10",
            "congestionCar": [
              25,
              30,
              35,
              37,
              35,
              30,
              34,
              33,
              26,
              25
            ]
          },
          {
            "dow": "MON",
            "hh": "13",
            "mm": "20",
            "congestionCar": [
              24,
              29,
              45,
              44,
              43,
              32,
              34,
              33,
              28,
              28
            ]
          },
          {
            "dow": "MON",
            "hh": "13",
            "mm": "30",
            "congestionCar": [
              24,
              32,
              38,
              36,
              37,
              35,
              33,
              32,
              23,
              21
            ]
          },
          {
            "dow": "MON",
            "hh": "13",
            "mm": "40",
            "congestionCar": [
              23,
              23,
              33,
              31,
              32,
              24,
              26,
              24,
              23,
              21
            ]
          },
          {
            "dow": "MON",
            "hh": "13",
            "mm": "50",
            "congestionCar": [
              17,
              20,
              27,
              27,
              28,
              23,
              22,
              22,
              21,
              21
            ]
          }
        ]
      },
      {
        "startStationCode": "211",
        "startStationName": "성수역",
        "endStationCode": "202",
        "endStationName": "을지로입구역",
        "prevStationCode": "231",
        "prevStationName": "신대방역",
        "updnLine": 1,
        "directAt": 0,
        "data": [
          {
            "dow": "MON",
            "hh": "13",
            "mm": "00",
            "congestionCar": [
              26,
              29,
              40,
              50,
              41,
              38,
              43,
              34,
              25,
              25
            ]
          },
          {
            "dow": "MON",
            "hh": "13",
            "mm": "10",
            "congestionCar": [
              28,
              34,
              48,
              60,
              44,
              47,
              51,
              39,
              30,
              31
            ]
          },
          {
            "dow": "MON",
            "hh": "13",
            "mm": "20",
            "congestionCar": [
              27,
              30,
              35,
              47,
              40,
              35,
              42,
              35,
              28,
              22
            ]
          },
          {
            "dow": "MON",
            "hh": "13",
            "mm": "30",
            "congestionCar": [
              22,
              28,
              37,
              40,
              40,
              39,
              41,
              32,
              27,
              24
            ]
          },
          {
            "dow": "MON",
            "hh": "13",
            "mm": "40",
            "congestionCar": [
              22,
              23,
              31,
              39,
              28,
              34,
              36,
              29,
              21,
              18
            ]
          },
          {
            "dow": "MON",
            "hh": "13",
            "mm": "50",
            "congestionCar": [
              19,
              27,
              27,
              36,
              31,
              32,
              38,
              29,
              25,
              16
            ]
          }
        ]
      },
      {
        "startStationCode": "211",
        "startStationName": "성수역",
        "endStationCode": "211",
        "endStationName": "성수역",
        "prevStationCode": "233",
        "prevStationName": "대림역",
        "updnLine": 0,
        "directAt": 0,
        "data": [
          {
            "dow": "MON",
            "hh": "13",
            "mm": "00",
            "congestionCar": [
              23,
              26,
              33,
              33,
              35,
              31,
              31,
              31,
              25,
              21
            ]
          },
          {
            "dow": "MON",
            "hh": "13",
            "mm": "10",
            "congestionCar": [
              25,
              30,
              35,
              37,
              35,
              30,
              34,
              33,
              26,
              25
            ]
          },
          {
            "dow": "MON",
            "hh": "13",
            "mm": "20",
            "congestionCar": [
              24,
              29,
              45,
              44,
              43,
              32,
              34,
              33,
              28,
              28
            ]
          },
          {
            "dow": "MON",
            "hh": "13",
            "mm": "30",
            "congestionCar": [
              24,
              32,
              38,
              36,
              37,
              35,
              33,
              32,
              23,
              21
            ]
          },
          {
            "dow": "MON",
            "hh": "13",
            "mm": "40",
            "congestionCar": [
              23,
              23,
              33,
              31,
              32,
              24,
              26,
              24,
              23,
              21
            ]
          },
          {
            "dow": "MON",
            "hh": "13",
            "mm": "50",
            "congestionCar": [
              17,
              20,
              27,
              27,
              28,
              23,
              22,
              22,
              21,
              21
            ]
          }
        ]
      },
      {
        "startStationCode": "211",
        "startStationName": "성수역",
        "endStationCode": "211",
        "endStationName": "성수역",
        "prevStationCode": "231",
        "prevStationName": "신대방역",
        "updnLine": 1,
        "directAt": 0,
        "data": [
          {
            "dow": "MON",
            "hh": "13",
            "mm": "00",
            "congestionCar": [
              26,
              29,
              40,
              50,
              41,
              38,
              43,
              34,
              25,
              25
            ]
          },
          {
            "dow": "MON",
            "hh": "13",
            "mm": "10",
            "congestionCar": [
              28,
              34,
              48,
              60,
              44,
              47,
              51,
              39,
              30,
              31
            ]
          },
          {
            "dow": "MON",
            "hh": "13",
            "mm": "20",
            "congestionCar": [
              27,
              30,
              35,
              47,
              40,
              35,
              42,
              35,
              28,
              22
            ]
          },
          {
            "dow": "MON",
            "hh": "13",
            "mm": "30",
            "congestionCar": [
              22,
              28,
              37,
              40,
              40,
              39,
              41,
              32,
              27,
              24
            ]
          },
          {
            "dow": "MON",
            "hh": "13",
            "mm": "40",
            "congestionCar": [
              22,
              23,
              31,
              39,
              28,
              34,
              36,
              29,
              21,
              18
            ]
          },
          {
            "dow": "MON",
            "hh": "13",
            "mm": "50",
            "congestionCar": [
              19,
              27,
              27,
              36,
              31,
              32,
              38,
              29,
              25,
              16
            ]
          }
        ]
      },
      {
        "startStationCode": "211",
        "startStationName": "성수역",
        "endStationCode": "211-R",
        "endStationName": "성수역",
        "prevStationCode": "233",
        "prevStationName": "대림역",
        "updnLine": 0,
        "directAt": 0,
        "data": [
          {
            "dow": "MON",
            "hh": "13",
            "mm": "00",
            "congestionCar": [
              24,
              28,
              35,
              36,
              37,
              33,
              34,
              33,
              27,
              23
            ]
          },
          {
            "dow": "MON",
            "hh": "13",
            "mm": "10",
            "congestionCar": [
              27,
              32,
              37,
              39,
              37,
              32,
              36,
              35,
              28,
              26
            ]
          },
          {
            "dow": "MON",
            "hh": "13",
            "mm": "20",
            "congestionCar": [
              26,
              31,
              49,
              48,
              47,
              35,
              37,
              36,
              31,
              31
            ]
          },
          {
            "dow": "MON",
            "hh": "13",
            "mm": "30",
            "congestionCar": [
              24,
              32,
              38,
              36,
              37,
              35,
              33,
              32,
              23,
              21
            ]
          },
          {
            "dow": "MON",
            "hh": "13",
            "mm": "40",
            "congestionCar": [
              23,
              23,
              33,
              31,
              32,
              24,
              26,
              24,
              23,
              21
            ]
          },
          {
            "dow": "MON",
            "hh": "13",
            "mm": "50",
            "congestionCar": [
              17,
              20,
              27,
              27,
              28,
              23,
              22,
              22,
              21,
              21
            ]
          }
        ]
      },
      {
        "startStationCode": "211",
        "startStationName": "성수역",
        "endStationCode": "211-R",
        "endStationName": "성수역",
        "prevStationCode": "231",
        "prevStationName": "신대방역",
        "updnLine": 1,
        "directAt": 0,
        "data": [
          {
            "dow": "MON",
            "hh": "13",
            "mm": "00",
            "congestionCar": [
              26,
              29,
              40,
              50,
              41,
              38,
              43,
              34,
              25,
              25
            ]
          },
          {
            "dow": "MON",
            "hh": "13",
            "mm": "10",
            "congestionCar": [
              28,
              34,
              48,
              60,
              44,
              47,
              51,
              39,
              30,
              31
            ]
          },
          {
            "dow": "MON",
            "hh": "13",
            "mm": "20",
            "congestionCar": [
              30,
              32,
              38,
              51,
              43,
              38,
              45,
              38,
              31,
              24
            ]
          },
          {
            "dow": "MON",
            "hh": "13",
            "mm": "30",
            "congestionCar": [
              24,
              30,
              39,
              42,
              43,
              41,
              44,
              34,
              28,
              25
            ]
          },
          {
            "dow": "MON",
            "hh": "13",
            "mm": "40",
            "congestionCar": [
              23,
              24,
              33,
              42,
              30,
              36,
              39,
              31,
              22,
              19
            ]
          },
          {
            "dow": "MON",
            "hh": "13",
            "mm": "50",
            "congestionCar": [
              20,
              29,
              29,
              39,
              33,
              34,
              40,
              31,
              27,
              17
            ]
          }
        ]
      },
      {
        "startStationCode": "211",
        "startStationName": "성수역",
        "endStationCode": "219",
        "endStationName": "삼성역",
        "prevStationCode": "233",
        "prevStationName": "대림역",
        "updnLine": 0,
        "directAt": 0,
        "data": [
          {
            "dow": "MON",
            "hh": "13",
            "mm": "00",
            "congestionCar": [
              23,
              26,
              33,
              33,
              35,
              31,
              31,
              31,
              25,
              21
            ]
          },
          {
            "dow": "MON",
            "hh": "13",
            "mm": "10",
            "congestionCar": [
              25,
              30,
              35,
              37,
              35,
              30,
              34,
              33,
              26,
              25
            ]
          },
          {
            "dow": "MON",
            "hh": "13",
            "mm": "20",
            "congestionCar": [
              24,
              29,
              45,
              44,
              43,
              32,
              34,
              33,
              28,
              28
            ]
          },
          {
            "dow": "MON",
            "hh": "13",
            "mm": "30",
            "congestionCar": [
              24,
              32,
              38,
              36,
              37,
              35,
              33,
              32,
              23,
              21
            ]
          },
          {
            "dow": "MON",
            "hh": "13",
            "mm": "40",
            "congestionCar": [
              23,
              23,
              33,
              31,
              32,
              24,
              26,
              24,
              23,
              21
            ]
          },
          {
            "dow": "MON",
            "hh": "13",
            "mm": "50",
            "congestionCar": [
              17,
              20,
              27,
              27,
              28,
              23,
              22,
              22,
              21,
              21
            ]
          }
        ]
      },
      {
        "startStationCode": "211",
        "startStationName": "성수역",
        "endStationCode": "228",
        "endStationName": "서울대입구역",
        "prevStationCode": "233",
        "prevStationName": "대림역",
        "updnLine": 0,
        "directAt": 0,
        "data": [
          {
            "dow": "MON",
            "hh": "13",
            "mm": "00",
            "congestionCar": [
              23,
              26,
              33,
              33,
              35,
              31,
              31,
              31,
              25,
              21
            ]
          },
          {
            "dow": "MON",
            "hh": "13",
            "mm": "10",
            "congestionCar": [
              25,
              30,
              35,
              37,
              35,
              30,
              34,
              33,
              26,
              25
            ]
          },
          {
            "dow": "MON",
            "hh": "13",
            "mm": "20",
            "congestionCar": [
              24,
              29,
              45,
              44,
              43,
              32,
              34,
              33,
              28,
              28
            ]
          },
          {
            "dow": "MON",
            "hh": "13",
            "mm": "30",
            "congestionCar": [
              24,
              32,
              38,
              36,
              37,
              35,
              33,
              32,
              23,
              21
            ]
          },
          {
            "dow": "MON",
            "hh": "13",
            "mm": "40",
            "congestionCar": [
              23,
              23,
              33,
              31,
              32,
              24,
              26,
              24,
              23,
              21
            ]
          },
          {
            "dow": "MON",
            "hh": "13",
            "mm": "50",
            "congestionCar": [
              17,
              20,
              27,
              27,
              28,
              23,
              22,
              22,
              21,
              21
            ]
          }
        ]
      },
      {
        "startStationCode": "211",
        "startStationName": "성수역",
        "endStationCode": "234",
        "endStationName": "신도림역",
        "prevStationCode": "231",
        "prevStationName": "신대방역",
        "updnLine": 1,
        "directAt": 0,
        "data": [
          {
            "dow": "MON",
            "hh": "13",
            "mm": "00",
            "congestionCar": [
              26,
              29,
              40,
              50,
              41,
              38,
              43,
              34,
              25,
              25
            ]
          },
          {
            "dow": "MON",
            "hh": "13",
            "mm": "10",
            "congestionCar": [
              28,
              34,
              48,
              60,
              44,
              47,
              51,
              39,
              30,
              31
            ]
          },
          {
            "dow": "MON",
            "hh": "13",
            "mm": "20",
            "congestionCar": [
              27,
              30,
              35,
              47,
              40,
              35,
              42,
              35,
              28,
              22
            ]
          },
          {
            "dow": "MON",
            "hh": "13",
            "mm": "30",
            "congestionCar": [
              22,
              28,
              37,
              40,
              40,
              39,
              41,
              32,
              27,
              24
            ]
          },
          {
            "dow": "MON",
            "hh": "13",
            "mm": "40",
            "congestionCar": [
              22,
              23,
              31,
              39,
              28,
              34,
              36,
              29,
              21,
              18
            ]
          },
          {
            "dow": "MON",
            "hh": "13",
            "mm": "50",
            "congestionCar": [
              19,
              27,
              27,
              36,
              31,
              32,
              38,
              29,
              25,
              16
            ]
          }
        ]
      },
      {
        "startStationCode": "211",
        "startStationName": "성수역",
        "endStationCode": "239",
        "endStationName": "홍대입구역",
        "prevStationCode": "231",
        "prevStationName": "신대방역",
        "updnLine": 1,
        "directAt": 0,
        "data": [
          {
            "dow": "MON",
            "hh": "13",
            "mm": "00",
            "congestionCar": [
              26,
              29,
              40,
              50,
              41,
              38,
              43,
              34,
              25,
              25
            ]
          },
          {
            "dow": "MON",
            "hh": "13",
            "mm": "10",
            "congestionCar": [
              28,
              34,
              48,
              60,
              44,
              47,
              51,
              39,
              30,
              31
            ]
          },
          {
            "dow": "MON",
            "hh": "13",
            "mm": "20",
            "congestionCar": [
              27,
              30,
              35,
              47,
              40,
              35,
              42,
              35,
              28,
              22
            ]
          },
          {
            "dow": "MON",
            "hh": "13",
            "mm": "30",
            "congestionCar": [
              22,
              28,
              37,
              40,
              40,
              39,
              41,
              32,
              27,
              24
            ]
          },
          {
            "dow": "MON",
            "hh": "13",
            "mm": "40",
            "congestionCar": [
              22,
              23,
              31,
              39,
              28,
              34,
              36,
              29,
              21,
              18
            ]
          },
          {
            "dow": "MON",
            "hh": "13",
            "mm": "50",
            "congestionCar": [
              19,
              27,
              27,
              36,
              31,
              32,
              38,
              29,
              25,
              16
            ]
          }
        ]
      },
      {
        "startStationCode": "219",
        "startStationName": "삼성역",
        "endStationCode": "211-R",
        "endStationName": "성수역",
        "prevStationCode": "231",
        "prevStationName": "신대방역",
        "updnLine": 1,
        "directAt": 0,
        "data": [
          {
            "dow": "MON",
            "hh": "13",
            "mm": "00",
            "congestionCar": [
              26,
              29,
              40,
              50,
              41,
              38,
              43,
              34,
              25,
              25
            ]
          },
          {
            "dow": "MON",
            "hh": "13",
            "mm": "10",
            "congestionCar": [
              28,
              34,
              48,
              60,
              44,
              47,
              51,
              39,
              30,
              31
            ]
          },
          {
            "dow": "MON",
            "hh": "13",
            "mm": "20",
            "congestionCar": [
              27,
              30,
              35,
              47,
              40,
              35,
              42,
              35,
              28,
              22
            ]
          },
          {
            "dow": "MON",
            "hh": "13",
            "mm": "30",
            "congestionCar": [
              22,
              28,
              37,
              40,
              40,
              39,
              41,
              32,
              27,
              24
            ]
          },
          {
            "dow": "MON",
            "hh": "13",
            "mm": "40",
            "congestionCar": [
              22,
              23,
              31,
              39,
              28,
              34,
              36,
              29,
              21,
              18
            ]
          },
          {
            "dow": "MON",
            "hh": "13",
            "mm": "50",
            "congestionCar": [
              19,
              27,
              27,
              36,
              31,
              32,
              38,
              29,
              25,
              16
            ]
          }
        ]
      },
      {
        "startStationCode": "228",
        "startStationName": "서울대입구역",
        "endStationCode": "211",
        "endStationName": "성수역",
        "prevStationCode": "231",
        "prevStationName": "신대방역",
        "updnLine": 1,
        "directAt": 0,
        "data": [
          {
            "dow": "MON",
            "hh": "13",
            "mm": "00",
            "congestionCar": [
              26,
              29,
              40,
              50,
              41,
              38,
              43,
              34,
              25,
              25
            ]
          },
          {
            "dow": "MON",
            "hh": "13",
            "mm": "10",
            "congestionCar": [
              28,
              34,
              48,
              60,
              44,
              47,
              51,
              39,
              30,
              31
            ]
          },
          {
            "dow": "MON",
            "hh": "13",
            "mm": "20",
            "congestionCar": [
              27,
              30,
              35,
              47,
              40,
              35,
              42,
              35,
              28,
              22
            ]
          },
          {
            "dow": "MON",
            "hh": "13",
            "mm": "30",
            "congestionCar": [
              22,
              28,
              37,
              40,
              40,
              39,
              41,
              32,
              27,
              24
            ]
          },
          {
            "dow": "MON",
            "hh": "13",
            "mm": "40",
            "congestionCar": [
              22,
              23,
              31,
              39,
              28,
              34,
              36,
              29,
              21,
              18
            ]
          },
          {
            "dow": "MON",
            "hh": "13",
            "mm": "50",
            "congestionCar": [
              19,
              27,
              27,
              36,
              31,
              32,
              38,
              29,
              25,
              16
            ]
          }
        ]
      },
      {
        "startStationCode": "228",
        "startStationName": "서울대입구역",
        "endStationCode": "211-R",
        "endStationName": "성수역",
        "prevStationCode": "231",
        "prevStationName": "신대방역",
        "updnLine": 1,
        "directAt": 0,
        "data": [
          {
            "dow": "MON",
            "hh": "13",
            "mm": "00",
            "congestionCar": [
              26,
              29,
              40,
              50,
              41,
              38,
              43,
              34,
              25,
              25
            ]
          },
          {
            "dow": "MON",
            "hh": "13",
            "mm": "10",
            "congestionCar": [
              28,
              34,
              48,
              60,
              44,
              47,
              51,
              39,
              30,
              31
            ]
          },
          {
            "dow": "MON",
            "hh": "13",
            "mm": "20",
            "congestionCar": [
              27,
              30,
              35,
              47,
              40,
              35,
              42,
              35,
              28,
              22
            ]
          },
          {
            "dow": "MON",
            "hh": "13",
            "mm": "30",
            "congestionCar": [
              22,
              28,
              37,
              40,
              40,
              39,
              41,
              32,
              27,
              24
            ]
          },
          {
            "dow": "MON",
            "hh": "13",
            "mm": "40",
            "congestionCar": [
              22,
              23,
              31,
              39,
              28,
              34,
              36,
              29,
              21,
              18
            ]
          },
          {
            "dow": "MON",
            "hh": "13",
            "mm": "50",
            "congestionCar": [
              19,
              27,
              27,
              36,
              31,
              32,
              38,
              29,
              25,
              16
            ]
          }
        ]
      },
      {
        "startStationCode": "234",
        "startStationName": "신도림역",
        "endStationCode": "211",
        "endStationName": "성수역",
        "prevStationCode": "233",
        "prevStationName": "대림역",
        "updnLine": 0,
        "directAt": 0,
        "data": [
          {
            "dow": "MON",
            "hh": "13",
            "mm": "00",
            "congestionCar": [
              23,
              26,
              33,
              33,
              35,
              31,
              31,
              31,
              25,
              21
            ]
          },
          {
            "dow": "MON",
            "hh": "13",
            "mm": "10",
            "congestionCar": [
              25,
              30,
              35,
              37,
              35,
              30,
              34,
              33,
              26,
              25
            ]
          },
          {
            "dow": "MON",
            "hh": "13",
            "mm": "20",
            "congestionCar": [
              24,
              29,
              45,
              44,
              43,
              32,
              34,
              33,
              28,
              28
            ]
          },
          {
            "dow": "MON",
            "hh": "13",
            "mm": "30",
            "congestionCar": [
              24,
              32,
              38,
              36,
              37,
              35,
              33,
              32,
              23,
              21
            ]
          },
          {
            "dow": "MON",
            "hh": "13",
            "mm": "40",
            "congestionCar": [
              23,
              23,
              33,
              31,
              32,
              24,
              26,
              24,
              23,
              21
            ]
          },
          {
            "dow": "MON",
            "hh": "13",
            "mm": "50",
            "congestionCar": [
              17,
              20,
              27,
              27,
              28,
              23,
              22,
              22,
              21,
              21
            ]
          }
        ]
      },
      {
        "startStationCode": "234",
        "startStationName": "신도림역",
        "endStationCode": "211-R",
        "endStationName": "성수역",
        "prevStationCode": "233",
        "prevStationName": "대림역",
        "updnLine": 0,
        "directAt": 0,
        "data": [
          {
            "dow": "MON",
            "hh": "13",
            "mm": "00",
            "congestionCar": [
              23,
              26,
              33,
              33,
              35,
              31,
              31,
              31,
              25,
              21
            ]
          },
          {
            "dow": "MON",
            "hh": "13",
            "mm": "10",
            "congestionCar": [
              25,
              30,
              35,
              37,
              35,
              30,
              34,
              33,
              26,
              25
            ]
          },
          {
            "dow": "MON",
            "hh": "13",
            "mm": "20",
            "congestionCar": [
              24,
              29,
              45,
              44,
              43,
              32,
              34,
              33,
              28,
              28
            ]
          },
          {
            "dow": "MON",
            "hh": "13",
            "mm": "30",
            "congestionCar": [
              24,
              32,
              38,
              36,
              37,
              35,
              33,
              32,
              23,
              21
            ]
          },
          {
            "dow": "MON",
            "hh": "13",
            "mm": "40",
            "congestionCar": [
              23,
              23,
              33,
              31,
              32,
              24,
              26,
              24,
              23,
              21
            ]
          },
          {
            "dow": "MON",
            "hh": "13",
            "mm": "50",
            "congestionCar": [
              17,
              20,
              27,
              27,
              28,
              23,
              22,
              22,
              21,
              21
            ]
          }
        ]
      },
      {
        "startStationCode": "239",
        "startStationName": "홍대입구역",
        "endStationCode": "211",
        "endStationName": "성수역",
        "prevStationCode": "233",
        "prevStationName": "대림역",
        "updnLine": 0,
        "directAt": 0,
        "data": [
          {
            "dow": "MON",
            "hh": "13",
            "mm": "00",
            "congestionCar": [
              23,
              26,
              33,
              33,
              35,
              31,
              31,
              31,
              25,
              21
            ]
          },
          {
            "dow": "MON",
            "hh": "13",
            "mm": "10",
            "congestionCar": [
              25,
              30,
              35,
              37,
              35,
              30,
              34,
              33,
              26,
              25
            ]
          },
          {
            "dow": "MON",
            "hh": "13",
            "mm": "20",
            "congestionCar": [
              24,
              29,
              45,
              44,
              43,
              32,
              34,
              33,
              28,
              28
            ]
          },
          {
            "dow": "MON",
            "hh": "13",
            "mm": "30",
            "congestionCar": [
              24,
              32,
              38,
              36,
              37,
              35,
              33,
              32,
              23,
              21
            ]
          },
          {
            "dow": "MON",
            "hh": "13",
            "mm": "40",
            "congestionCar": [
              23,
              23,
              33,
              31,
              32,
              24,
              26,
              24,
              23,
              21
            ]
          },
          {
            "dow": "MON",
            "hh": "13",
            "mm": "50",
            "congestionCar": [
              17,
              20,
              27,
              27,
              28,
              23,
              22,
              22,
              21,
              21
            ]
          }
        ]
      },
      {
        "startStationCode": "239",
        "startStationName": "홍대입구역",
        "endStationCode": "211-R",
        "endStationName": "성수역",
        "prevStationCode": "233",
        "prevStationName": "대림역",
        "updnLine": 0,
        "directAt": 0,
        "data": [
          {
            "dow": "MON",
            "hh": "13",
            "mm": "00",
            "congestionCar": [
              23,
              26,
              33,
              33,
              35,
              31,
              31,
              31,
              25,
              21
            ]
          },
          {
            "dow": "MON",
            "hh": "13",
            "mm": "10",
            "congestionCar": [
              25,
              30,
              35,
              37,
              35,
              30,
              34,
              33,
              26,
              25
            ]
          },
          {
            "dow": "MON",
            "hh": "13",
            "mm": "20",
            "congestionCar": [
              24,
              29,
              45,
              44,
              43,
              32,
              34,
              33,
              28,
              28
            ]
          },
          {
            "dow": "MON",
            "hh": "13",
            "mm": "30",
            "congestionCar": [
              24,
              32,
              38,
              36,
              37,
              35,
              33,
              32,
              23,
              21
            ]
          },
          {
            "dow": "MON",
            "hh": "13",
            "mm": "40",
            "congestionCar": [
              23,
              23,
              33,
              31,
              32,
              24,
              26,
              24,
              23,
              21
            ]
          },
          {
            "dow": "MON",
            "hh": "13",
            "mm": "50",
            "congestionCar": [
              17,
              20,
              27,
              27,
              28,
              23,
              22,
              22,
              21,
              21
            ]
          }
        ]
      }
    ],
    "statStartDate": "20230924",
    "statEndDate": "20231223"
  }
}