{
  "status": {
    "code": "00",
    "message": "success",
    "totalCount": 1
  },
  "contents": {
    "subwayLine": "2호선",
    "stationName": "신대방역",
    "stationCode": "231",
    "stat": [
      {
        "startStationCode": "202",
        "startStationName": "을지로입구역",
        "endStationCode": "211",
        "endStationName": "성수역",
        "prevStationCode": "232",
        "prevStationName": "구로디지털단지역",
        "updnLine": 0,
        "directAt": 0,
        "data": [
          {
            "dow": "MON",
            "hh": "13",
            "mm": "00",
            "congestionCar": [
              19,
              23,
              32,
              34,
              36,
              30,
              28,
              26,
              22,
              20
            ]
          },
          {
            "dow": "MON",
            "hh": "13",
            "mm": "10",
            "congestionCar": [
              27,
              34,
              41,
              42,
              44,
              37,
              38,
              37,
              30,
              32
            ]
          },
          {
            "dow": "MON",
            "hh": "13",
            "mm": "20",
            "congestionCar": [
              25,
              27,
              41,
              44,
              42,
              36,
              35,
              33,
              28,
              29
            ]
          },
          {
            "dow": "MON",
            "hh": "13",
            "mm": "30",
            "congestionCar": [
              25,
              29,
              40,
              38,
              45,
              39,
              35,
              31,
              25,
              24
            ]
          },
          {
            "dow": "MON",
            "hh": "13",
            "mm": "40",
            "congestionCar": [
              21,
              24,
              36,
              34,
              38,
              29,
              31,
              27,
              27,
              23
            ]
          },
          {
            "dow": "MON",
            "hh": "13",
            "mm": "50",
            "congestionCar": [
              18,
              21,
              30,
              33,
              29,
              27,
              23,
              24,
              20,
              25
            ]
          }
        ]
      },
      {
        "startStationCode": "202",
        "startStationName": "을지로입구역",
        "endStationCode": "211-R",
        "endStationName": "성수역",
        "prevStationCode": "232",
        "prevStationName": "구로디지털단지역",
        "updnLine": 0,
        "directAt": 0,
        "data": [
          {
            "dow": "MON",
            "hh": "13",
            "mm": "00",
            "congestionCar": [
              19,
              23,
              32,
              34,
              36,
              30,
              28,
              26,
              22,
              20
            ]
          },
          {
            "dow": "MON",
            "hh": "13",
            "mm": "10",
            "congestionCar": [
              27,
              34,
              41,
              42,
              44,
              37,
              38,
              37,
              30,
              32
            ]
          },
          {
            "dow": "MON",
            "hh": "13",
            "mm": "20",
            "congestionCar": [
              25,
              27,
              41,
              44,
              42,
              36,
              35,
              33,
              28,
              29
            ]
          },
          {
            "dow": "MON",
            "hh": "13",
            "mm": "30",
            "congestionCar": [
              25,
              29,
              40,
              38,
              45,
              39,
              35,
              31,
              25,
              24
            ]
          },
          {
            "dow": "MON",
            "hh": "13",
            "mm": "40",
            "congestionCar": [
              21,
              24,
              36,
              34,
              38,
              29,
              31,
              27,
              27,
              23
            ]
          },
          {
            "dow": "MON",
            "hh": "13",
            "mm": "50",
            "congestionCar": [
              18,
              21,
              30,
              33,
              29,
              27,
              23,
              24,
              20,
              25
            ]
          }
        ]
      },
      {
        "startStationCode": "211",
        "startStationName": "성수역",
        "endStationCode": "202",
        "endStationName": "을지로입구역",
        "prevStationCode": "230",
        "prevStationName": "신림역",
        "updnLine": 1,
        "directAt": 0,
        "data": [
          {
            "dow": "MON",
            "hh": "13",
            "mm": "00",
            "congestionCar": [
              28,
              29,
              44,
              50,
              41,
              37,
              46,
              33,
              27,
              26
            ]
          },
          {
            "dow": "MON",
            "hh": "13",
            "mm": "10",
            "congestionCar": [
              30,
              36,
              47,
              58,
              41,
              44,
              50,
              39,
              28,
              27
            ]
          },
          {
            "dow": "MON",
            "hh": "13",
            "mm": "20",
            "congestionCar": [
              26,
              30,
              37,
              43,
              41,
              35,
              41,
              33,
              28,
              25
            ]
          },
          {
            "dow": "MON",
            "hh": "13",
            "mm": "30",
            "congestionCar": [
              24,
              28,
              38,
              39,
              39,
              38,
              42,
              32,
              28,
              23
            ]
          },
          {
            "dow": "MON",
            "hh": "13",
            "mm": "40",
            "congestionCar": [
              18,
              21,
              25,
              30,
              22,
              30,
              28,
              25,
              17,
              14
            ]
          },
          {
            "dow": "MON",
            "hh": "13",
            "mm": "50",
            "congestionCar": [
              21,
              29,
              27,
              38,
              32,
              31,
              39,
              29,
              27,
              18
            ]
          }
        ]
      },
      {
        "startStationCode": "211",
        "startStationName": "성수역",
        "endStationCode": "211",
        "endStationName": "성수역",
        "prevStationCode": "232",
        "prevStationName": "구로디지털단지역",
        "updnLine": 0,
        "directAt": 0,
        "data": [
          {
            "dow": "MON",
            "hh": "13",
            "mm": "00",
            "congestionCar": [
              19,
              23,
              32,
              34,
              36,
              30,
              28,
              26,
              22,
              20
            ]
          },
          {
            "dow": "MON",
            "hh": "13",
            "mm": "10",
            "congestionCar": [
              27,
              34,
              41,
              42,
              44,
              37,
              38,
              37,
              30,
              32
            ]
          },
          {
            "dow": "MON",
            "hh": "13",
            "mm": "20",
            "congestionCar": [
              25,
              27,
              41,
              44,
              42,
              36,
              35,
              33,
              28,
              29
            ]
          },
          {
            "dow": "MON",
            "hh": "13",
            "mm": "30",
            "congestionCar": [
              25,
              29,
              40,
              38,
              45,
              39,
              35,
              31,
              25,
              24
            ]
          },
          {
            "dow": "MON",
            "hh": "13",
            "mm": "40",
            "congestionCar": [
              21,
              24,
              36,
              34,
              38,
              29,
              31,
              27,
              27,
              23
            ]
          },
          {
            "dow": "MON",
            "hh": "13",
            "mm": "50",
            "congestionCar": [
              18,
              21,
              30,
              33,
              29,
              27,
              23,
              24,
              20,
              25
            ]
          }
        ]
      },
      {
        "startStationCode": "211",
        "startStationName": "성수역",
        "endStationCode": "211",
        "endStationName": "성수역",
        "prevStationCode": "230",
        "prevStationName": "신림역",
        "updnLine": 1,
        "directAt": 0,
        "data": [
          {
            "dow": "MON",
            "hh": "13",
            "mm": "00",
            "congestionCar": [
              28,
              29,
              44,
              50,
              41,
              37,
              46,
              33,
              27,
              26
            ]
          },
          {
            "dow": "MON",
            "hh": "13",
            "mm": "10",
            "congestionCar": [
              30,
              36,
              47,
              58,
              41,
              44,
              50,
              39,
              28,
              27
            ]
          },
          {
            "dow": "MON",
            "hh": "13",
            "mm": "20",
            "congestionCar": [
              26,
              30,
              37,
              43,
              41,
              35,
              41,
              33,
              28,
              25
            ]
          },
          {
            "dow": "MON",
            "hh": "13",
            "mm": "30",
            "congestionCar": [
              24,
              28,
              38,
              39,
              39,
              38,
              42,
              32,
              28,
              23
            ]
          },
          {
            "dow": "MON",
            "hh": "13",
            "mm": "40",
            "congestionCar": [
              18,
              21,
              25,
              30,
              22,
              30,
              28,
              25,
              17,
              14
            ]
          },
          {
            "dow": "MON",
            "hh": "13",
            "mm": "50",
            "congestionCar": [
              21,
              29,
              27,
              38,
              32,
              31,
              39,
              29,
              27,
              18
            ]
          }
        ]
      },
      {
        "startStationCode": "211",
        "startStationName": "성수역",
        "endStationCode": "211-R",
        "endStationName": "성수역",
        "prevStationCode": "232",
        "prevStationName": "구로디지털단지역",
        "updnLine": 0,
        "directAt": 0,
        "data": [
          {
            "dow": "MON",
            "hh": "13",
            "mm": "00",
            "congestionCar": [
              21,
              25,
              34,
              36,
              38,
              33,
              30,
              28,
              23,
              21
            ]
          },
          {
            "dow": "MON",
            "hh": "13",
            "mm": "10",
            "congestionCar": [
              29,
              36,
              44,
              45,
              48,
              40,
              42,
              40,
              32,
              34
            ]
          },
          {
            "dow": "MON",
            "hh": "13",
            "mm": "20",
            "congestionCar": [
              28,
              29,
              45,
              47,
              45,
              39,
              38,
              36,
              31,
              32
            ]
          },
          {
            "dow": "MON",
            "hh": "13",
            "mm": "30",
            "congestionCar": [
              25,
              29,
              40,
              38,
              45,
              39,
              35,
              31,
              25,
              24
            ]
          },
          {
            "dow": "MON",
            "hh": "13",
            "mm": "40",
            "congestionCar": [
              21,
              24,
              36,
              34,
              38,
              29,
              31,
              27,
              27,
              23
            ]
          },
          {
            "dow": "MON",
            "hh": "13",
            "mm": "50",
            "congestionCar": [
              18,
              21,
              30,
              33,
              29,
              27,
              23,
              24,
              20,
              25
            ]
          }
        ]
      },
      {
        "startStationCode": "211",
        "startStationName": "성수역",
        "endStationCode": "211-R",
        "endStationName": "성수역",
        "prevStationCode": "230",
        "prevStationName": "신림역",
        "updnLine": 1,
        "directAt": 0,
        "data": [
          {
            "dow": "MON",
            "hh": "13",
            "mm": "00",
            "congestionCar": [
              28,
              29,
              44,
              50,
              41,
              37,
              46,
              33,
              27,
              26
            ]
          },
          {
            "dow": "MON",
            "hh": "13",
            "mm": "10",
            "congestionCar": [
              30,
              36,
              47,
              58,
              41,
              44,
              50,
              39,
              28,
              27
            ]
          },
          {
            "dow": "MON",
            "hh": "13",
            "mm": "20",
            "congestionCar": [
              28,
              32,
              39,
              45,
              44,
              37,
              44,
              35,
              30,
              26
            ]
          },
          {
            "dow": "MON",
            "hh": "13",
            "mm": "30",
            "congestionCar": [
              26,
              30,
              40,
              41,
              42,
              40,
              44,
              34,
              29,
              24
            ]
          },
          {
            "dow": "MON",
            "hh": "13",
            "mm": "40",
            "congestionCar": [
              20,
              23,
              27,
              33,
              24,
              32,
              30,
              27,
              18,
              15
            ]
          },
          {
            "dow": "MON",
            "hh": "13",
            "mm": "50",
            "congestionCar": [
              23,
              31,
              29,
              40,
              34,
              33,
              41,
              31,
              29,
              19
            ]
          }
        ]
      },
      {
        "startStationCode": "211",
        "startStationName": "성수역",
        "endStationCode": "219",
        "endStationName": "삼성역",
        "prevStationCode": "232",
        "prevStationName": "구로디지털단지역",
        "updnLine": 0,
        "directAt": 0,
        "data": [
          {
            "dow": "MON",
            "hh": "13",
            "mm": "00",
            "congestionCar": [
              19,
              23,
              32,
              34,
              36,
              30,
              28,
              26,
              22,
              20
            ]
          },
          {
            "dow": "MON",
            "hh": "13",
            "mm": "10",
            "congestionCar": [
              27,
              34,
              41,
              42,
              44,
              37,
              38,
              37,
              30,
              32
            ]
          },
          {
            "dow": "MON",
            "hh": "13",
            "mm": "20",
            "congestionCar": [
              25,
              27,
              41,
              44,
              42,
              36,
              35,
              33,
              28,
              29
            ]
          },
          {
            "dow": "MON",
            "hh": "13",
            "mm": "30",
            "congestionCar": [
              25,
              29,
              40,
              38,
              45,
              39,
              35,
              31,
              25,
              24
            ]
          },
          {
            "dow": "MON",
            "hh": "13",
            "mm": "40",
            "congestionCar": [
              21,
              24,
              36,
              34,
              38,
              29,
              31,
              27,
              27,
              23
            ]
          },
          {
            "dow": "MON",
            "hh": "13",
            "mm": "50",
            "congestionCar": [
              18,
              21,
              30,
              33,
              29,
              27,
              23,
              24,
              20,
              25
            ]
          }
        ]
      },
      {
        "startStationCode": "211",
        "startStationName": "성수역",
        "endStationCode": "228",
        "endStationName": "서울대입구역",
        "prevStationCode": "232",
        "prevStationName": "구로디지털단지역",
        "updnLine": 0,
        "directAt": 0,
        "data": [
          {
            "dow": "MON",
            "hh": "13",
            "mm": "00",
            "congestionCar": [
              19,
              23,
              32,
              34,
              36,
              30,
              28,
              26,
              22,
              20
            ]
          },
          {
            "dow": "MON",
            "hh": "13",
            "mm": "10",
            "congestionCar": [
              27,
              34,
              41,
              42,
              44,
              37,
              38,
              37,
              30,
              32
            ]
          },
          {
            "dow": "MON",
            "hh": "13",
            "mm": "20",
            "congestionCar": [
              25,
              27,
              41,
              44,
              42,
              36,
              35,
              33,
              28,
              29
            ]
          },
          {
            "dow": "MON",
            "hh": "13",
            "mm": "30",
            "congestionCar": [
              25,
              29,
              40,
              38,
              45,
              39,
              35,
              31,
              25,
              24
            ]
          },
          {
            "dow": "MON",
            "hh": "13",
            "mm": "40",
            "congestionCar": [
              21,
              24,
              36,
              34,
              38,
              29,
              31,
              27,
              27,
              23
            ]
          },
          {
            "dow": "MON",
            "hh": "13",
            "mm": "50",
            "congestionCar": [
              18,
              21,
              30,
              33,
              29,
              27,
              23,
              24,
              20,
              25
            ]
          }
        ]
      },
      {
        "startStationCode": "211",
        "startStationName": "성수역",
        "endStationCode": "234",
        "endStationName": "신도림역",
        "prevStationCode": "230",
        "prevStationName": "신림역",
        "updnLine": 1,
        "directAt": 0,
        "data": [
          {
            "dow": "MON",
            "hh": "13",
            "mm": "00",
            "congestionCar": [
              28,
              29,
              44,
              50,
              41,
              37,
              46,
              33,
              27,
              26
            ]
          },
          {
            "dow": "MON",
            "hh": "13",
            "mm": "10",
            "congestionCar": [
              30,
              36,
              47,
              58,
              41,
              44,
              50,
              39,
              28,
              27
            ]
          },
          {
            "dow": "MON",
            "hh": "13",
            "mm": "20",
            "congestionCar": [
              26,
              30,
              37,
              43,
              41,
              35,
              41,
              33,
              28,
              25
            ]
          },
          {
            "dow": "MON",
            "hh": "13",
            "mm": "30",
            "congestionCar": [
              24,
              28,
              38,
              39,
              39,
              38,
              42,
              32,
              28,
              23
            ]
          },
          {
            "dow": "MON",
            "hh": "13",
            "mm": "40",
            "congestionCar": [
              18,
              21,
              25,
              30,
              22,
              30,
              28,
              25,
              17,
              14
            ]
          },
          {
            "dow": "MON",
            "hh": "13",
            "mm": "50",
            "congestionCar": [
              21,
              29,
              27,
              38,
              32,
              31,
              39,
              29,
              27,
              18
            ]
          }
        ]
      },
      {
        "startStationCode": "211",
        "startStationName": "성수역",
        "endStationCode": "239",
        "endStationName": "홍대입구역",
        "prevStationCode": "230",
        "prevStationName": "신림역",
        "updnLine": 1,
        "directAt": 0,
        "data": [
          {
            "dow": "MON",
            "hh": "13",
            "mm": "00",
            "congestionCar": [
              28,
              29,
              44,
              50,
              41,
              37,
              46,
              33,
              27,
              26
            ]
          },
          {
            "dow": "MON",
            "hh": "13",
            "mm": "10",
            "congestionCar": [
              30,
              36,
              47,
              58,
              41,
              44,
              50,
              39,
              28,
              27
            ]
          },
          {
            "dow": "MON",
            "hh": "13",
            "mm": "20",
            "congestionCar": [
              26,
              30,
              37,
              43,
              41,
              35,
              41,
              33,
              28,
              25
            ]
          },
          {
            "dow": "MON",
            "hh": "13",
            "mm": "30",
            "congestionCar": [
              24,
              28,
              38,
              39,
              39,
              38,
              42,
              32,
              28,
              23
            ]
          },
          {
            "dow": "MON",
            "hh": "13",
            "mm": "40",
            "congestionCar": [
              18,
              21,
              25,
              30,
              22,
              30,
              28,
              25,
              17,
              14
            ]
          },
          {
            "dow": "MON",
            "hh": "13",
            "mm": "50",
            "congestionCar": [
              21,
              29,
              27,
              38,
              32,
              31,
              39,
              29,
              27,
              18
            ]
          }
        ]
      },
      {
        "startStationCode": "219",
        "startStationName": "삼성역",
        "endStationCode": "211-R",
        "endStationName": "성수역",
        "prevStationCode": "230",
        "prevStationName": "신림역",
        "updnLine": 1,
        "directAt": 0,
        "data": [
          {
            "dow": "MON",
            "hh": "13",
            "mm": "00",
            "congestionCar": [
              28,
              29,
              44,
              50,
              41,
              37,
              46,
              33,
              27,
              26
            ]
          },
          {
            "dow": "MON",
            "hh": "13",
            "mm": "10",
            "congestionCar": [
              30,
              36,
              47,
              58,
              41,
              44,
              50,
              39,
              28,
              27
            ]
          },
          {
            "dow": "MON",
            "hh": "13",
            "mm": "20",
            "congestionCar": [
              26,
              30,
              37,
              43,
              41,
              35,
              41,
              33,
              28,
              25
            ]
          },
          {
            "dow": "MON",
            "hh": "13",
            "mm": "30",
            "congestionCar": [
              24,
              28,
              38,
              39,
              39,
              38,
              42,
              32,
              28,
              23
            ]
          },
          {
            "dow": "MON",
            "hh": "13",
            "mm": "40",
            "congestionCar": [
              18,
              21,
              25,
              30,
              22,
              30,
              28,
              25,
              17,
              14
            ]
          },
          {
            "dow": "MON",
            "hh": "13",
            "mm": "50",
            "congestionCar": [
              21,
              29,
              27,
              38,
              32,
              31,
              39,
              29,
              27,
              18
            ]
          }
        ]
      },
      {
        "startStationCode": "228",
        "startStationName": "서울대입구역",
        "endStationCode": "211",
        "endStationName": "성수역",
        "prevStationCode": "230",
        "prevStationName": "신림역",
        "updnLine": 1,
        "directAt": 0,
        "data": [
          {
            "dow": "MON",
            "hh": "13",
            "mm": "00",
            "congestionCar": [
              28,
              29,
              44,
              50,
              41,
              37,
              46,
              33,
              27,
              26
            ]
          },
          {
            "dow": "MON",
            "hh": "13",
            "mm": "10",
            "congestionCar": [
              30,
              36,
              47,
              58,
              41,
              44,
              50,
              39,
              28,
              27
            ]
          },
          {
            "dow": "MON",
            "hh": "13",
            "mm": "20",
            "congestionCar": [
              26,
              30,
              37,
              43,
              41,
              35,
              41,
              33,
              28,
              25
            ]
          },
          {
            "dow": "MON",
            "hh": "13",
            "mm": "30",
            "congestionCar": [
              24,
              28,
              38,
              39,
              39,
              38,
              42,
              32,
              28,
              23
            ]
          },
          {
            "dow": "MON",
            "hh": "13",
            "mm": "40",
            "congestionCar": [
              18,
              21,
              25,
              30,
              22,
              30,
              28,
              25,
              17,
              14
            ]
          },
          {
            "dow": "MON",
            "hh": "13",
            "mm": "50",
            "congestionCar": [
              21,
              29,
              27,
              38,
              32,
              31,
              39,
              29,
              27,
              18
            ]
          }
        ]
      },
      {
        "startStationCode": "228",
        "startStationName": "서울대입구역",
        "endStationCode": "211-R",
        "endStationName": "성수역",
        "prevStationCode": "230",
        "prevStationName": "신림역",
        "updnLine": 1,
        "directAt": 0,
        "data": [
          {
            "dow": "MON",
            "hh": "13",
            "mm": "00",
            "congestionCar": [
              28,
              29,
              44,
              50,
              41,
              37,
              46,
              33,
              27,
              26
            ]
          },
          {
            "dow": "MON",
            "hh": "13",
            "mm": "10",
            "congestionCar": [
              30,
              36,
              47,
              58,
              41,
              44,
              50,
              39,
              28,
              27
            ]
          },
          {
            "dow": "MON",
            "hh": "13",
            "mm": "20",
            "congestionCar": [
              26,
              30,
              37,
              43,
              41,
              35,
              41,
              33,
              28,
              25
            ]
          },
          {
            "dow": "MON",
            "hh": "13",
            "mm": "30",
            "congestionCar": [
              24,
              28,
              38,
              39,
              39,
              38,
              42,
              32,
              28,
              23
            ]
          },
          {
            "dow": "MON",
            "hh": "13",
            "mm": "40",
            "congestionCar": [
              18,
              21,
              25,
              30,
              22,
              30,
              28,
              25,
              17,
              14
            ]
          },
          {
            "dow": "MON",
            "hh": "13",
            "mm": "50",
            "congestionCar": [
              21,
              29,
              27,
              38,
              32,
              31,
              39,
              29,
              27,
              18
            ]
          }
        ]
      },
      {
        "startStationCode": "234",
        "startStationName": "신도림역",
        "endStationCode": "211",
        "endStationName": "성수역",
        "prevStationCode": "232",
        "prevStationName": "구로디지털단지역",
        "updnLine": 0,
        "directAt": 0,
        "data": [
          {
            "dow": "MON",
            "hh": "13",
            "mm": "00",
            "congestionCar": [
              19,
              23,
              32,
              34,
              36,
              30,
              28,
              26,
              22,
              20
            ]
          },
          {
            "dow": "MON",
            "hh": "13",
            "mm": "10",
            "congestionCar": [
              27,
              34,
              41,
              42,
              44,
              37,
              38,
              37,
              30,
              32
            ]
          },
          {
            "dow": "MON",
            "hh": "13",
            "mm": "20",
            "congestionCar": [
              25,
              27,
              41,
              44,
              42,
              36,
              35,
              33,
              28,
              29
            ]
          },
          {
            "dow": "MON",
            "hh": "13",
            "mm": "30",
            "congestionCar": [
              25,
              29,
              40,
              38,
              45,
              39,
              35,
              31,
              25,
              24
            ]
          },
          {
            "dow": "MON",
            "hh": "13",
            "mm": "40",
            "congestionCar": [
              21,
              24,
              36,
              34,
              38,
              29,
              31,
              27,
              27,
              23
            ]
          },
          {
            "dow": "MON",
            "hh": "13",
            "mm": "50",
            "congestionCar": [
              18,
              21,
              30,
              33,
              29,
              27,
              23,
              24,
              20,
              25
            ]
          }
        ]
      },
      {
        "startStationCode": "234",
        "startStationName": "신도림역",
        "endStationCode": "211-R",
        "endStationName": "성수역",
        "prevStationCode": "232",
        "prevStationName": "구로디지털단지역",
        "updnLine": 0,
        "directAt": 0,
        "data": [
          {
            "dow": "MON",
            "hh": "13",
            "mm": "00",
            "congestionCar": [
              19,
              23,
              32,
              34,
              36,
              30,
              28,
              26,
              22,
              20
            ]
          },
          {
            "dow": "MON",
            "hh": "13",
            "mm": "10",
            "congestionCar": [
              27,
              34,
              41,
              42,
              44,
              37,
              38,
              37,
              30,
              32
            ]
          },
          {
            "dow": "MON",
            "hh": "13",
            "mm": "20",
            "congestionCar": [
              25,
              27,
              41,
              44,
              42,
              36,
              35,
              33,
              28,
              29
            ]
          },
          {
            "dow": "MON",
            "hh": "13",
            "mm": "30",
            "congestionCar": [
              25,
              29,
              40,
              38,
              45,
              39,
              35,
              31,
              25,
              24
            ]
          },
          {
            "dow": "MON",
            "hh": "13",
            "mm": "40",
            "congestionCar": [
              21,
              24,
              36,
              34,
              38,
              29,
              31,
              27,
              27,
              23
            ]
          },
          {
            "dow": "MON",
            "hh": "13",
            "mm": "50",
            "congestionCar": [
              18,
              21,
              30,
              33,
              29,
              27,
              23,
              24,
              20,
              25
            ]
          }
        ]
      },
      {
        "startStationCode": "239",
        "startStationName": "홍대입구역",
        "endStationCode": "211",
        "endStationName": "성수역",
        "prevStationCode": "232",
        "prevStationName": "구로디지털단지역",
        "updnLine": 0,
        "directAt": 0,
        "data": [
          {
            "dow": "MON",
            "hh": "13",
            "mm": "00",
            "congestionCar": [
              19,
              23,
              32,
              34,
              36,
              30,
              28,
              26,
              22,
              20
            ]
          },
          {
            "dow": "MON",
            "hh": "13",
            "mm": "10",
            "congestionCar": [
              27,
              34,
              41,
              42,
              44,
              37,
              38,
              37,
              30,
              32
            ]
          },
          {
            "dow": "MON",
            "hh": "13",
            "mm": "20",
            "congestionCar": [
              25,
              27,
              41,
              44,
              42,
              36,
              35,
              33,
              28,
              29
            ]
          },
          {
            "dow": "MON",
            "hh": "13",
            "mm": "30",
            "congestionCar": [
              25,
              29,
              40,
              38,
              45,
              39,
              35,
              31,
              25,
              24
            ]
          },
          {
            "dow": "MON",
            "hh": "13",
            "mm": "40",
            "congestionCar": [
              21,
              24,
              36,
              34,
              38,
              29,
              31,
              27,
              27,
              23
            ]
          },
          {
            "dow": "MON",
            "hh": "13",
            "mm": "50",
            "congestionCar": [
              18,
              21,
              30,
              33,
              29,
              27,
              23,
              24,
              20,
              25
            ]
          }
        ]
      },
      {
        "startStationCode": "239",
        "startStationName": "홍대입구역",
        "endStationCode": "211-R",
        "endStationName": "성수역",
        "prevStationCode": "232",
        "prevStationName": "구로디지털단지역",
        "updnLine": 0,
        "directAt": 0,
        "data": [
          {
            "dow": "MON",
            "hh": "13",
            "mm": "00",
            "congestionCar": [
              19,
              23,
              32,
              34,
              36,
              30,
              28,
              26,
              22,
              20
            ]
          },
          {
            "dow": "MON",
            "hh": "13",
            "mm": "10",
            "congestionCar": [
              27,
              34,
              41,
              42,
              44,
              37,
              38,
              37,
              30,
              32
            ]
          },
          {
            "dow": "MON",
            "hh": "13",
            "mm": "20",
            "congestionCar": [
              25,
              27,
              41,
              44,
              42,
              36,
              35,
              33,
              28,
              29
            ]
          },
          {
            "dow": "MON",
            "hh": "13",
            "mm": "30",
            "congestionCar": [
              25,
              29,
              40,
              38,
              45,
              39,
              35,
              31,
              25,
              24
            ]
          },
          {
            "dow": "MON",
            "hh": "13",
            "mm": "40",
            "congestionCar": [
              21,
              24,
              36,
              34,
              38,
              29,
              31,
              27,
              27,
              23
            ]
          },
          {
            "dow": "MON",
            "hh": "13",
            "mm": "50",
            "congestionCar": [
              18,
              21,
              30,
              33,
              29,
              27,
              23,
              24,
              20,
              25
            ]
          }
        ]
      }
    ],
    "statStartDate": "20230924",
    "statEndDate": "20231223"
  }
}