{
  "status": {
    "code": "00",
    "message": "success",
    "totalCount": 1
  },
  "contents": {
    "subwayLine": "2호선",
    "stationName": "성수역",
    "stationCode": "211",
    "stat": [
      {
        "startStationCode": "202",
        "startStationName": "을지로입구역",
        "endStationCode": "211",
        "endStationName": "성수역",
        "prevStationCode": "212",
        "prevStationName": "건대입구역",
        "updnLine": 0,
        "directAt": 0,
        "data": [
          {
            "dow": "MON",
            "hh": "13",
            "mm": "00",
            "congestionCar": [
              16,
              20,
              22,
              20,
              21,
              21,
              21,
              19,
              14,
              14
            ]
          },
          {
            "dow": "MON",
            "hh": "13",
            "mm": "10",
            "congestionCar": [
              22,
              30,
              30,
              32,
              31,
              30,
              25,
              22,
              20,
              18
            ]
          },
          {
            "dow": "MON",
            "hh": "13",
            "mm": "20",
            "congestionCar": [
              22,
              24,
              31,
              28,
              29,
              31,
              28,
              26,
              20,
              20
            ]
          },
          {
            "dow": "MON",
            "hh": "13",
            "mm": "30",
            "congestionCar": [
              15,
              27,
              28,
              26,
              30,
              30,
              28,
              26,
              21,
              20
            ]
          },
          {
            "dow": "MON",
            "hh": "13",
            "mm": "40",
            "congestionCar": [
              18,
              24,
              30,
              25,
              29,
              26,
              28,
              19,
              20,
              21
            ]
          },
          {
            "dow": "MON",
            "hh": "13",
            "mm": "50",
            "congestionCar": [
              18,
              26,
              27,
              27,
              26,
              25,
              26,
              25,
              20,
              19
            ]
          }
        ]
      },
      {
        "startStationCode": "202",
        "startStationName": "을지로입구역",
        "endStationCode": "211",
        "endStationName": "성수역",
        "prevStationCode": "210",
        "prevStationName": "뚝섬역",
        "updnLine": 1,
        "directAt": 0,
        "data": [
          {
            "dow": "MON",
            "hh": "13",
            "mm": "00",
            "congestionCar": [
              21,
              22,
              28,
              26,
              25,
              28,
              22,
              24,
              17,
              17
            ]
          },
          {
            "dow": "MON",
            "hh": "13",
            "mm": "10",
            "congestionCar": [
              24,
              25,
              28,
              33,
              30,
              25,
              28,
              29,
              23,
              24
            ]
          },
          {
            "dow": "MON",
            "hh": "13",
            "mm": "20",
            "congestionCar": [
              31,
              26,
              37,
              36,
              31,
              36,
              36,
              33,
              21,
              25
            ]
          },
          {
            "dow": "MON",
            "hh": "13",
            "mm": "30",
            "congestionCar": [
              30,
              31,
              40,
              41,
              31,
              37,
              30,
              29,
              24,
              26
            ]
          },
          {
            "dow": "MON",
            "hh": "13",
            "mm": "40",
            "congestionCar": [
              22,
              30,
              35,
              38,
              35,
              30,
              31,
              26,
              21,
              22
            ]
          },
          {
            "dow": "MON",
            "hh": "13",
            "mm": "50",
            "congestionCar": [
              29,
              28,
              41,
              38,
              38,
              32,
              34,
              34,
              23,
              23
            ]
          }
        ]
      },
      {
        "startStationCode": "202",
        "startStationName": "을지로입구역",
        "endStationCode": "211-R",
        "endStationName": "성수역",
        "prevStationCode": "212",
        "prevStationName": "건대입구역",
        "updnLine": 0,
        "directAt": 0,
        "data": [
          {
            "dow": "MON",
            "hh": "13",
            "mm": "00",
            "congestionCar": [
              16,
              20,
              22,
              20,
              21,
              21,
              21,
              19,
              14,
              14
            ]
          },
          {
            "dow": "MON",
            "hh": "13",
            "mm": "10",
            "congestionCar": [
              22,
              30,
              30,
              32,
              31,
              30,
              25,
              22,
              20,
              18
            ]
          },
          {
            "dow": "MON",
            "hh": "13",
            "mm": "20",
            "congestionCar": [
              22,
              24,
              31,
              28,
              29,
              31,
              28,
              26,
              20,
              20
            ]
          },
          {
            "dow": "MON",
            "hh": "13",
            "mm": "30",
            "congestionCar": [
              15,
              27,
              28,
              26,
              30,
              30,
              28,
              26,
              21,
              20
            ]
          },
          {
            "dow": "MON",
            "hh": "13",
            "mm": "40",
            "congestionCar": [
              18,
              24,
              30,
              25,
              29,
              26,
              28,
              19,
              20,
              21
            ]
          },
          {
            "dow": "MON",
            "hh": "13",
            "mm": "50",
            "congestionCar": [
              18,
              26,
              27,
              27,
              26,
              25,
              26,
              25,
              20,
              19
            ]
          }
        ]
      },
      {
        "startStationCode": "202",
        "startStationName": "을지로입구역",
        "endStationCode": "211-R",
        "endStationName": "성수역",
        "prevStationCode": "210",
        "prevStationName": "뚝섬역",
        "updnLine": 1,
        "directAt": 0,
        "data": [
          {
            "dow": "MON",
            "hh": "13",
            "mm": "00",
            "congestionCar": [
              21,
              22,
              28,
              26,
              25,
              28,
              22,
              24,
              17,
              17
            ]
          },
          {
            "dow": "MON",
            "hh": "13",
            "mm": "10",
            "congestionCar": [
              24,
              25,
              28,
              33,
              30,
              25,
              28,
              29,
              23,
              24
            ]
          },
          {
            "dow": "MON",
            "hh": "13",
            "mm": "20",
            "congestionCar": [
              31,
              26,
              37,
              36,
              31,
              36,
              36,
              33,
              21,
              25
            ]
          },
          {
            "dow": "MON",
            "hh": "13",
            "mm": "30",
            "congestionCar": [
              30,
              31,
              40,
              41,
              31,
              37,
              30,
              29,
              24,
              26
            ]
          },
          {
            "dow": "MON",
            "hh": "13",
            "mm": "40",
            "congestionCar": [
              22,
              30,
              35,
              38,
              35,
              30,
              31,
              26,
              21,
              22
            ]
          },
          {
            "dow": "MON",
            "hh": "13",
            "mm": "50",
            "congestionCar": [
              29,
              28,
              41,
              38,
              38,
              32,
              34,
              34,
              23,
              23
            ]
          }
        ]
      },
      {
        "startStationCode": "211",
        "startStationName": "성수역",
        "endStationCode": "211",
        "endStationName": "성수역",
        "prevStationCode": "212",
        "prevStationName": "건대입구역",
        "updnLine": 0,
        "directAt": 0,
        "data": [
          {
            "dow": "MON",
            "hh": "13",
            "mm": "00",
            "congestionCar": [
              16,
              20,
              22,
              20,
              21,
              21,
              21,
              19,
              14,
              14
            ]
          },
          {
            "dow": "MON",
            "hh": "13",
            "mm": "10",
            "congestionCar": [
              22,
              30,
              30,
              32,
              31,
              30,
              25,
              22,
              20,
              18
            ]
          },
          {
            "dow": "MON",
            "hh": "13",
            "mm": "20",
            "congestionCar": [
              22,
              24,
              31,
              28,
              29,
              31,
              28,
              26,
              20,
              20
            ]
          },
          {
            "dow": "MON",
            "hh": "13",
            "mm": "30",
            "congestionCar": [
              15,
              27,
              28,
              26,
              30,
              30,
              28,
              26,
              21,
              20
            ]
          },
          {
            "dow": "MON",
            "hh": "13",
            "mm": "40",
            "congestionCar": [
              18,
              24,
              30,
              25,
              29,
              26,
              28,
              19,
              20,
              21
            ]
          },
          {
            "dow": "MON",
            "hh": "13",
            "mm": "50",
            "congestionCar": [
              18,
              26,
              27,
              27,
              26,
              25,
              26,
              25,
              20,
              19
            ]
          }
        ]
      },
      {
        "startStationCode": "211",
        "startStationName": "성수역",
        "endStationCode": "211",
        "endStationName": "성수역",
        "prevStationCode": "210",
        "prevStationName": "뚝섬역",
        "updnLine": 1,
        "directAt": 0,
        "data": [
          {
            "dow": "MON",
            "hh": "13",
            "mm": "00",
            "congestionCar": [
              21,
              22,
              28,
              26,
              25,
              28,
              22,
              24,
              17,
              17
            ]
          },
          {
            "dow": "MON",
            "hh": "13",
            "mm": "10",
            "congestionCar": [
              24,
              25,
              28,
              33,
              30,
              25,
              28,
              29,
              23,
              24
            ]
          },
          {
            "dow": "MON",
            "hh": "13",
            "mm": "20",
            "congestionCar": [
              31,
              26,
              37,
              36,
              31,
              36,
              36,
              33,
              21,
              25
            ]
          },
          {
            "dow": "MON",
            "hh": "13",
            "mm": "30",
            "congestionCar": [
              30,
              31,
              40,
              41,
              31,
              37,
              30,
              29,
              24,
              26
            ]
          },
          {
            "dow": "MON",
            "hh": "13",
            "mm": "40",
            "congestionCar": [
              22,
              30,
              35,
              38,
              35,
              30,
              31,
              26,
              21,
              22
            ]
          },
          {
            "dow": "MON",
            "hh": "13",
            "mm": "50",
            "congestionCar": [
              29,
              28,
              41,
              38,
              38,
              32,
              34,
              34,
              23,
              23
            ]
          }
        ]
      },
      {
        "startStationCode": "211",
        "startStationName": "성수역",
        "endStationCode": "211-R",
        "endStationName": "성수역",
        "prevStationCode": "212",
        "prevStationName": "건대입구역",
        "updnLine": 0,
        "directAt": 0,
        "data": [
          {
            "dow": "MON",
            "hh": "13",
            "mm": "00",
            "congestionCar": [
              18,
              22,
              25,
              22,
              24,
              23,
              23,
              21,
              16,
              15
            ]
          },
          {
            "dow": "MON",
            "hh": "13",
            "mm": "10",
            "congestionCar": [
              22,
              30,
              30,
              32,
              31,
              30,
              25,
              22,
              20,
              18
            ]
          },
          {
            "dow": "MON",
            "hh": "13",
            "mm": "20",
            "congestionCar": [
              22,
              24,
              31,
              28,
              29,
              31,
              28,
              26,
              20,
              20
            ]
          },
          {
            "dow": "MON",
            "hh": "13",
            "mm": "30",
            "congestionCar": [
              15,
              27,
              28,
              26,
              30,
              30,
              28,
              26,
              21,
              20
            ]
          },
          {
            "dow": "MON",
            "hh": "13",
            "mm": "40",
            "congestionCar": [
              18,
              24,
              30,
              25,
              29,
              26,
              28,
              19,
              20,
              21
            ]
          },
          {
            "dow": "MON",
            "hh": "13",
            "mm": "50",
            "congestionCar": [
              18,
              26,
              27,
              27,
              26,
              25,
              26,
              25,
              20,
              19
            ]
          }
        ]
      },
      {
        "startStationCode": "211",
        "startStationName": "성수역",
        "endStationCode": "211-R",
        "endStationName": "성수역",
        "prevStationCode": "210",
        "prevStationName": "뚝섬역",
        "updnLine": 1,
        "directAt": 0,
        "data": [
          {
            "dow": "MON",
            "hh": "13",
            "mm": "00",
            "congestionCar": [
              23,
              24,
              32,
              30,
              28,
              32,
              25,
              27,
              19,
              19
            ]
          },
          {
            "dow": "MON",
            "hh": "13",
            "mm": "10",
            "congestionCar": [
              26,
              27,
              30,
              36,
              32,
              27,
              30,
              32,
              25,
              26
            ]
          },
          {
            "dow": "MON",
            "hh": "13",
            "mm": "20",
            "congestionCar": [
              34,
              28,
              40,
              39,
              34,
              39,
              39,
              36,
              23,
              27
            ]
          },
          {
            "dow": "MON",
            "hh": "13",
            "mm": "30",
            "congestionCar": [
              33,
              34,
              44,
              45,
              34,
              41,
              33,
              31,
              26,
              28
            ]
          },
          {
            "dow": "MON",
            "hh": "13",
            "mm": "40",
            "congestionCar": [
              24,
              32,
              37,
              41,
              37,
              33,
              34,
              27,
              22,
              23
            ]
          },
          {
            "dow": "MON",
            "hh": "13",
            "mm": "50",
            "congestionCar": [
              29,
              28,
              41,
              38,
              38,
              32,
              34,
              34,
              23,
              23
            ]
          }
        ]
      },
      {
        "startStationCode": "219",
        "startStationName": "삼성역",
        "endStationCode": "211-R",
        "endStationName": "성수역",
        "prevStationCode": "212",
        "prevStationName": "건대입구역",
        "updnLine": 0,
        "directAt": 0,
        "data": [
          {
            "dow": "MON",
            "hh": "13",
            "mm": "00",
            "congestionCar": [
              16,
              20,
              22,
              20,
              21,
              21,
              21,
              19,
              14,
              14
            ]
          },
          {
            "dow": "MON",
            "hh": "13",
            "mm": "10",
            "congestionCar": [
              22,
              30,
              30,
              32,
              31,
              30,
              25,
              22,
              20,
              18
            ]
          },
          {
            "dow": "MON",
            "hh": "13",
            "mm": "20",
            "congestionCar": [
              22,
              24,
              31,
              28,
              29,
              31,
              28,
              26,
              20,
              20
            ]
          },
          {
            "dow": "MON",
            "hh": "13",
            "mm": "30",
            "congestionCar": [
              15,
              27,
              28,
              26,
              30,
              30,
              28,
              26,
              21,
              20
            ]
          },
          {
            "dow": "MON",
            "hh": "13",
            "mm": "40",
            "congestionCar": [
              18,
              24,
              30,
              25,
              29,
              26,
              28,
              19,
              20,
              21
            ]
          },
          {
            "dow": "MON",
            "hh": "13",
            "mm": "50",
            "congestionCar": [
              18,
              26,
              27,
              27,
              26,
              25,
              26,
              25,
              20,
              19
            ]
          }
        ]
      },
      {
        "startStationCode": "219",
        "startStationName": "삼성역",
        "endStationCode": "211-R",
        "endStationName": "성수역",
        "prevStationCode": "210",
        "prevStationName": "뚝섬역",
        "updnLine": 1,
        "directAt": 0,
        "data": [
          {
            "dow": "MON",
            "hh": "13",
            "mm": "00",
            "congestionCar": [
              21,
              22,
              28,
              26,
              25,
              28,
              22,
              24,
              17,
              17
            ]
          },
          {
            "dow": "MON",
            "hh": "13",
            "mm": "10",
            "congestionCar": [
              24,
              25,
              28,
              33,
              30,
              25,
              28,
              29,
              23,
              24
            ]
          },
          {
            "dow": "MON",
            "hh": "13",
            "mm": "20",
            "congestionCar": [
              31,
              26,
              37,
              36,
              31,
              36,
              36,
              33,
              21,
              25
            ]
          },
          {
            "dow": "MON",
            "hh": "13",
            "mm": "30",
            "congestionCar": [
              30,
              31,
              40,
              41,
              31,
              37,
              30,
              29,
              24,
              26
            ]
          },
          {
            "dow": "MON",
            "hh": "13",
            "mm": "40",
            "congestionCar": [
              22,
              30,
              35,
              38,
              35,
              30,
              31,
              26,
              21,
              22
            ]
          },
          {
            "dow": "MON",
            "hh": "13",
            "mm": "50",
            "congestionCar": [
              29,
              28,
              41,
              38,
              38,
              32,
              34,
              34,
              23,
              23
            ]
          }
        ]
      },
      {
        "startStationCode": "228",
        "startStationName": "서울대입구역",
        "endStationCode": "211",
        "endStationName": "성수역",
        "prevStationCode": "212",
        "prevStationName": "건대입구역",
        "updnLine": 0,
        "directAt": 0,
        "data": [
          {
            "dow": "MON",
            "hh": "13",
            "mm": "00",
            "congestionCar": [
              16,
              20,
              22,
              20,
              21,
              21,
              21,
              19,
              14,
              14
            ]
          },
          {
            "dow": "MON",
            "hh": "13",
            "mm": "10",
            "congestionCar": [
              22,
              30,
              30,
              32,
              31,
              30,
              25,
              22,
              20,
              18
            ]
          },
          {
            "dow": "MON",
            "hh": "13",
            "mm": "20",
            "congestionCar": [
              22,
              24,
              31,
              28,
              29,
              31,
              28,
              26,
              20,
              20
            ]
          },
          {
            "dow": "MON",
            "hh": "13",
            "mm": "30",
            "congestionCar": [
              15,
              27,
              28,
              26,
              30,
              30,
              28,
              26,
              21,
              20
            ]
          },
          {
            "dow": "MON",
            "hh": "13",
            "mm": "40",
            "congestionCar": [
              18,
              24,
              30,
              25,
              29,
              26,
              28,
              19,
              20,
              21
            ]
          },
          {
            "dow": "MON",
            "hh": "13",
            "mm": "50",
            "congestionCar": [
              18,
              26,
              27,
              27,
              26,
              25,
              26,
              25,
              20,
              19
            ]
          }
        ]
      },
      {
        "startStationCode": "228",
        "startStationName": "서울대입구역",
        "endStationCode": "211",
        "endStationName": "성수역",
        "prevStationCode": "210",
        "prevStationName": "뚝섬역",
        "updnLine": 1,
        "directAt": 0,
        "data": [
          {
            "dow": "MON",
            "hh": "13",
            "mm": "00",
            "congestionCar": [
              21,
              22,
              28,
              26,
              25,
              28,
              22,
              24,
              17,
              17
            ]
          },
          {
            "dow": "MON",
            "hh": "13",
            "mm": "10",
            "congestionCar": [
              24,
              25,
              28,
              33,
              30,
              25,
              28,
              29,
              23,
              24
            ]
          },
          {
            "dow": "MON",
            "hh": "13",
            "mm": "20",
            "congestionCar": [
              31,
              26,
              37,
              36,
              31,
              36,
              36,
              33,
              21,
              25
            ]
          },
          {
            "dow": "MON",
            "hh": "13",
            "mm": "30",
            "congestionCar": [
              30,
              31,
              40,
              41,
              31,
              37,
              30,
              29,
              24,
              26
            ]
          },
          {
            "dow": "MON",
            "hh": "13",
            "mm": "40",
            "congestionCar": [
              22,
              30,
              35,
              38,
              35,
              30,
              31,
              26,
              21,
              22
            ]
          },
          {
            "dow": "MON",
            "hh": "13",
            "mm": "50",
            "congestionCar": [
              29,
              28,
              41,
              38,
              38,
              32,
              34,
              34,
              23,
              23
            ]
          }
        ]
      },
      {
        "startStationCode": "228",
        "startStationName": "서울대입구역",
        "endStationCode": "211-R",
        "endStationName": "성수역",
        "prevStationCode": "212",
        "prevStationName": "건대입구역",
        "updnLine": 0,
        "directAt": 0,
        "data": [
          {
            "dow": "MON",
            "hh": "13",
            "mm": "00",
            "congestionCar": [
              16,
              20,
              22,
              20,
              21,
              21,
              21,
              19,
              14,
              14
            ]
          },
          {
            "dow": "MON",
            "hh": "13",
            "mm": "10",
            "congestionCar": [
              22,
              30,
              30,
              32,
              31,
              30,
              25,
              22,
              20,
              18
            ]
          },
          {
            "dow": "MON",
            "hh": "13",
            "mm": "20",
            "congestionCar": [
              22,
              24,
              31,
              28,
              29,
              31,
              28,
              26,
              20,
              20
            ]
          },
          {
            "dow": "MON",
            "hh": "13",
            "mm": "30",
            "congestionCar": [
              15,
              27,
              28,
              26,
              30,
              30,
              28,
              26,
              21,
              20
            ]
          },
          {
            "dow": "MON",
            "hh": "13",
            "mm": "40",
            "congestionCar": [
              18,
              24,
              30,
              25,
              29,
              26,
              28,
              19,
              20,
              21
            ]
          },
          {
            "dow": "MON",
            "hh": "13",
            "mm": "50",
            "congestionCar": [
              18,
              26,
              27,
              27,
              26,
              25,
              26,
              25,
              20,
              19
            ]
          }
        ]
      },
      {
        "startStationCode": "228",
        "startStationName": "서울대입구역",
        "endStationCode": "211-R",
        "endStationName": "성수역",
        "prevStationCode": "210",
        "prevStationName": "뚝섬역",
        "updnLine": 1,
        "directAt": 0,
        "data": [
          {
            "dow": "MON",
            "hh": "13",
            "mm": "00",
            "congestionCar": [
              21,
              22,
              28,
              26,
              25,
              28,
              22,
              24,
              17,
              17
            ]
          },
          {
            "dow": "MON",
            "hh": "13",
            "mm": "10",
            "congestionCar": [
              24,
              25,
              28,
              33,
              30,
              25,
              28,
              29,
              23,
              24
            ]
          },
          {
            "dow": "MON",
            "hh": "13",
            "mm": "20",
            "congestionCar": [
              31,
              26,
              37,
              36,
              31,
              36,
              36,
              33,
              21,
              25
            ]
          },
          {
            "dow": "MON",
            "hh": "13",
            "mm": "30",
            "congestionCar": [
              30,
              31,
              40,
              41,
              31,
              37,
              30,
              29,
              24,
              26
            ]
          },
          {
            "dow": "MON",
            "hh": "13",
            "mm": "40",
            "congestionCar": [
              22,
              30,
              35,
              38,
              35,
              30,
              31,
              26,
              21,
              22
            ]
          },
          {
            "dow": "MON",
            "hh": "13",
            "mm": "50",
            "congestionCar": [
              29,
              28,
              41,
              38,
              38,
              32,
              34,
              34,
              23,
              23
            ]
          }
        ]
      },
      {
        "startStationCode": "234",
        "startStationName": "신도림역",
        "endStationCode": "211",
        "endStationName": "성수역",
        "prevStationCode": "212",
        "prevStationName": "건대입구역",
        "updnLine": 0,
        "directAt": 0,
        "data": [
          {
            "dow": "MON",
            "hh": "13",
            "mm": "00",
            "congestionCar": [
              16,
              20,
              22,
              20,
              21,
              21,
              21,
              19,
              14,
              14
            ]
          },
          {
            "dow": "MON",
            "hh": "13",
            "mm": "10",
            "congestionCar": [
              22,
              30,
              30,
              32,
              31,
              30,
              25,
              22,
              20,
              18
            ]
          },
          {
            "dow": "MON",
            "hh": "13",
            "mm": "20",
            "congestionCar": [
              22,
              24,
              31,
              28,
              29,
              31,
              28,
              26,
              20,
              20
            ]
          },
          {
            "dow": "MON",
            "hh": "13",
            "mm": "30",
            "congestionCar": [
              15,
              27,
              28,
              26,
              30,
              30,
              28,
              26,
              21,
              20
            ]
          },
          {
            "dow": "MON",
            "hh": "13",
            "mm": "40",
            "congestionCar": [
              18,
              24,
              30,
              25,
              29,
              26,
              28,
              19,
              20,
              21
            ]
          },
          {
            "dow": "MON",
            "hh": "13",
            "mm": "50",
            "congestionCar": [
              18,
              26,
              27,
              27,
              26,
              25,
              26,
              25,
              20,
              19
            ]
          }
        ]
      },
      {
        "startStationCode": "234",
        "startStationName": "신도림역",
        "endStationCode": "211",
        "endStationName": "성수역",
        "prevStationCode": "210",
        "prevStationName": "뚝섬역",
        "updnLine": 1,
        "directAt": 0,
        "data": [
          {
            "dow": "MON",
            "hh": "13",
            "mm": "00",
            "congestionCar": [
              21,
              22,
              28,
              26,
              25,
              28,
              22,
              24,
              17,
              17
            ]
          },
          {
            "dow": "MON",
            "hh": "13",
            "mm": "10",
            "congestionCar": [
              24,
              25,
              28,
              33,
              30,
              25,
              28,
              29,
              23,
              24
            ]
          },
          {
            "dow": "MON",
            "hh": "13",
            "mm": "20",
            "congestionCar": [
              31,
              26,
              37,
              36,
              31,
              36,
              36,
              33,
              21,
              25
            ]
          },
          {
            "dow": "MON",
            "hh": "13",
            "mm": "30",
            "congestionCar": [
              30,
              31,
              40,
              41,
              31,
              37,
              30,
              29,
              24,
              26
            ]
          },
          {
            "dow": "MON",
            "hh": "13",
            "mm": "40",
            "congestionCar": [
              22,
              30,
              35,
              38,
              35,
              30,
              31,
              26,
              21,
              22
            ]
          },
          {
            "dow": "MON",
            "hh": "13",
            "mm": "50",
            "congestionCar": [
              29,
              28,
              41,
              38,
              38,
              32,
              34,
              34,
              23,
              23
            ]
          }
        ]
      },
      {
        "startStationCode": "234",
        "startStationName": "신도림역",
        "endStationCode": "211-R",
        "endStationName": "성수역",
        "prevStationCode": "212",
        "prevStationName": "건대입구역",
        "updnLine": 0,
        "directAt": 0,
        "data": [
          {
            "dow": "MON",
            "hh": "13",
            "mm": "00",
            "congestionCar": [
              16,
              20,
              22,
              20,
              21,
              21,
              21,
              19,
              14,
              14
            ]
          },
          {
            "dow": "MON",
            "hh": "13",
            "mm": "10",
            "congestionCar": [
              22,
              30,
              30,
              32,
              31,
              30,
              25,
              22,
              20,
              18
            ]
          },
          {
            "dow": "MON",
            "hh": "13",
            "mm": "20",
            "congestionCar": [
              22,
              24,
              31,
              28,
              29,
              31,
              28,
              26,
              20,
              20
            ]
          },
          {
            "dow": "MON",
            "hh": "13",
            "mm": "30",
            "congestionCar": [
              15,
              27,
              28,
              26,
              30,
              30,
              28,
              26,
              21,
              20
            ]
          },
          {
            "dow": "MON",
            "hh": "13",
            "mm": "40",
            "congestionCar": [
              18,
              24,
              30,
              25,
              29,
              26,
              28,
              19,
              20,
              21
            ]
          },
          {
            "dow": "MON",
            "hh": "13",
            "mm": "50",
            "congestionCar": [
              18,
              26,
              27,
              27,
              26,
              25,
              26,
              25,
              20,
              19
            ]
          }
        ]
      },
      {
        "startStationCode": "234",
        "startStationName": "신도림역",
        "endStationCode": "211-R",
        "endStationName": "성수역",
        "prevStationCode": "210",
        "prevStationName": "뚝섬역",
        "updnLine": 1,
        "directAt": 0,
        "data": [
          {
            "dow": "MON",
            "hh": "13",
            "mm": "00",
            "congestionCar": [
              21,
              22,
              28,
              26,
              25,
              28,
              22,
              24,
              17,
              17
            ]
          },
          {
            "dow": "MON",
            "hh": "13",
            "mm": "10",
            "congestionCar": [
              24,
              25,
              28,
              33,
              30,
              25,
              28,
              29,
              23,
              24
            ]
          },
          {
            "dow": "MON",
            "hh": "13",
            "mm": "20",
            "congestionCar": [
              31,
              26,
              37,
              36,
              31,
              36,
              36,
              33,
              21,
              25
            ]
          },
          {
            "dow": "MON",
            "hh": "13",
            "mm": "30",
            "congestionCar": [
              30,
              31,
              40,
              41,
              31,
              37,
              30,
              29,
              24,
              26
            ]
          },
          {
            "dow": "MON",
            "hh": "13",
            "mm": "40",
            "congestionCar": [
              22,
              30,
              35,
              38,
              35,
              30,
              31,
              26,
              21,
              22
            ]
          },
          {
            "dow": "MON",
            "hh": "13",
            "mm": "50",
            "congestionCar": [
              29,
              28,
              41,
              38,
              38,
              32,
              34,
              34,
              23,
              23
            ]
          }
        ]
      },
      {
        "startStationCode": "239",
        "startStationName": "홍대입구역",
        "endStationCode": "211",
        "endStationName": "성수역",
        "prevStationCode": "212",
        "prevStationName": "건대입구역",
        "updnLine": 0,
        "directAt": 0,
        "data": [
          {
            "dow": "MON",
            "hh": "13",
            "mm": "00",
            "congestionCar": [
              16,
              20,
              22,
              20,
              21,
              21,
              21,
              19,
              14,
              14
            ]
          },
          {
            "dow": "MON",
            "hh": "13",
            "mm": "10",
            "congestionCar": [
              22,
              30,
              30,
              32,
              31,
              30,
              25,
              22,
              20,
              18
            ]
          },
          {
            "dow": "MON",
            "hh": "13",
            "mm": "20",
            "congestionCar": [
              22,
              24,
              31,
              28,
              29,
              31,
              28,
              26,
              20,
              20
            ]
          },
          {
            "dow": "MON",
            "hh": "13",
            "mm": "30",
            "congestionCar": [
              15,
              27,
              28,
              26,
              30,
              30,
              28,
              26,
              21,
              20
            ]
          },
          {
            "dow": "MON",
            "hh": "13",
            "mm": "40",
            "congestionCar": [
              18,
              24,
              30,
              25,
              29,
              26,
              28,
              19,
              20,
              21
            ]
          },
          {
            "dow": "MON",
            "hh": "13",
            "mm": "50",
            "congestionCar": [
              18,
              26,
              27,
              27,
              26,
              25,
              26,
              25,
              20,
              19
            ]
          }
        ]
      },
      {
        "startStationCode": "239",
        "startStationName": "홍대입구역",
        "endStationCode": "211",
        "endStationName": "성수역",
        "prevStationCode": "210",
        "prevStationName": "뚝섬역",
        "updnLine": 1,
        "directAt": 0,
        "data": [
          {
            "dow": "MON",
            "hh": "13",
            "mm": "00",
            "congestionCar": [
              21,
              22,
              28,
              26,
              25,
              28,
              22,
              24,
              17,
              17
            ]
          },
          {
            "dow": "MON",
            "hh": "13",
            "mm": "10",
            "congestionCar": [
              24,
              25,
              28,
              33,
              30,
              25,
              28,
              29,
              23,
              24
            ]
          },
          {
            "dow": "MON",
            "hh": "13",
            "mm": "20",
            "congestionCar": [
              31,
              26,
              37,
              36,
              31,
              36,
              36,
              33,
              21,
              25
            ]
          },
          {
            "dow": "MON",
            "hh": "13",
            "mm": "30",
            "congestionCar": [
              30,
              31,
              40,
              41,
              31,
              37,
              30,
              29,
              24,
              26
            ]
          },
          {
            "dow": "MON",
            "hh": "13",
            "mm": "40",
            "congestionCar": [
              22,
              30,
              35,
              38,
              35,
              30,
              31,
              26,
              21,
              22
            ]
          },
          {
            "dow": "MON",
            "hh": "13",
            "mm": "50",
            "congestionCar": [
              29,
              28,
              41,
              38,
              38,
              32,
              34,
              34,
              23,
              23
            ]
          }
        ]
      },
      {
        "startStationCode": "239",
        "startStationName": "홍대입구역",
        "endStationCode": "211-R",
        "endStationName": "성수역",
        "prevStationCode": "212",
        "prevStationName": "건대입구역",
        "updnLine": 0,
        "directAt": 0,
        "data": [
          {
            "dow": "MON",
            "hh": "13",
            "mm": "00",
            "congestionCar": [
              16,
              20,
              22,
              20,
              21,
              21,
              21,
              19,
              14,
              14
            ]
          },
          {
            "dow": "MON",
            "hh": "13",
            "mm": "10",
            "congestionCar": [
              22,
              30,
              30,
              32,
              31,
              30,
              25,
              22,
              20,
              18
            ]
          },
          {
            "dow": "MON",
            "hh": "13",
            "mm": "20",
            "congestionCar": [
              22,
              24,
              31,
              28,
              29,
              31,
              28,
              26,
              20,
              20
            ]
          },
          {
            "dow": "MON",
            "hh": "13",
            "mm": "30",
            "congestionCar": [
              15,
              27,
              28,
              26,
              30,
              30,
              28,
              26,
              21,
              20
            ]
          },
          {
            "dow": "MON",
            "hh": "13",
            "mm": "40",
            "congestionCar": [
              18,
              24,
              30,
              25,
              29,
              26,
              28,
              19,
              20,
              21
            ]
          },
          {
            "dow": "MON",
            "hh": "13",
            "mm": "50",
            "congestionCar": [
              18,
              26,
              27,
              27,
              26,
              25,
              26,
              25,
              20,
              19
            ]
          }
        ]
      },
      {
        "startStationCode": "239",
        "startStationName": "홍대입구역",
        "endStationCode": "211-R",
        "endStationName": "성수역",
        "prevStationCode": "210",
        "prevStationName": "뚝섬역",
        "updnLine": 1,
        "directAt": 0,
        "data": [
          {
            "dow": "MON",
            "hh": "13",
            "mm": "00",
            "congestionCar": [
              21,
              22,
              28,
              26,
              25,
              28,
              22,
              24,
              17,
              17
            ]
          },
          {
            "dow": "MON",
            "hh": "13",
            "mm": "10",
            "congestionCar": [
              24,
              25,
              28,
              33,
              30,
              25,
              28,
              29,
              23,
              24
            ]
          },
          {
            "dow": "MON",
            "hh": "13",
            "mm": "20",
            "congestionCar": [
              31,
              26,
              37,
              36,
              31,
              36,
              36,
              33,
              21,
              25
            ]
          },
          {
            "dow": "MON",
            "hh": "13",
            "mm": "30",
            "congestionCar": [
              30,
              31,
              40,
              41,
              31,
              37,
              30,
              29,
              24,
              26
            ]
          },
          {
            "dow": "MON",
            "hh": "13",
            "mm": "40",
            "congestionCar": [
              22,
              30,
              35,
              38,
              35,
              30,
              31,
              26,
              21,
              22
            ]
          },
          {
            "dow": "MON",
            "hh": "13",
            "mm": "50",
            "congestionCar": [
              29,
              28,
              41,
              38,
              38,
              32,
              34,
              34,
              23,
              23
            ]
          }
        ]
      }
    ],
    "statStartDate": "20230923",
    "statEndDate": "20231222"
  }
}