{
  "status": {
    "code": "00",
    "message": "success",
    "totalCount": 1
  },
  "contents": {
    "subwayLine": "2호선",
    "stationName": "잠실나루역",
    "stationCode": "215",
    "stat": [
      {
        "startStationCode": "202",
        "startStationName": "을지로입구역",
        "endStationCode": "211",
        "endStationName": "성수역",
        "prevStationCode": "216",
        "prevStationName": "잠실역",
        "updnLine": 0,
        "directAt": 0,
        "data": [
          {
            "dow": "WED",
            "hh": "13",
            "mm": "00",
            "congestionCar": [
              25,
              30,
              28,
              34,
              29,
              27,
              27,
              28,
              17,
              15
            ]
          },
          {
            "dow": "WED",
            "hh": "13",
            "mm": "10",
            "congestionCar": [
              24,
              29,
              35,
              31,
              29,
              35,
              35,
              32,
              21,
              19
            ]
          },
          {
            "dow": "WED",
            "hh": "13",
            "mm": "20",
            "congestionCar": [
              19,
              31,
              30,
              33,
              40,
              32,
              38,
              32,
              27,
              19
            ]
          },
          {
            "dow": "WED",
            "hh": "13",
            "mm": "30",
            "congestionCar": [
              23,
              32,
              40,
              36,
              40,
              32,
              38,
              32,
              25,
              22
            ]
          },
          {
            "dow": "WED",
            "hh": "13",
            "mm": "40",
            "congestionCar": [
              24,
              32,
              36,
              35,
              36,
              33,
              39,
              32,
              22,
              21
            ]
          },
          {
            "dow": "WED",
            "hh": "13",
            "mm": "50",
            "congestionCar": [
              29,
              30,
              37,
              40,
              40,
              34,
              39,
              32,
              22,
              18
            ]
          }
        ]
      },
      {
        "startStationCode": "202",
        "startStationName": "을지로입구역",
        "endStationCode": "211-R",
        "endStationName": "성수역",
        "prevStationCode": "216",
        "prevStationName": "잠실역",
        "updnLine": 0,
        "directAt": 0,
        "data": [
          {
            "dow": "WED",
            "hh": "13",
            "mm": "00",
            "congestionCar": [
              25,
              30,
              28,
              34,
              29,
              27,
              27,
              28,
              17,
              15
            ]
          },
          {
            "dow": "WED",
            "hh": "13",
            "mm": "10",
            "congestionCar": [
              24,
              29,
              35,
              31,
              29,
              35,
              35,
              32,
              21,
              19
            ]
          },
          {
            "dow": "WED",
            "hh": "13",
            "mm": "20",
            "congestionCar": [
              19,
              31,
              30,
              33,
              40,
              32,
              38,
              32,
              27,
              19
            ]
          },
          {
            "dow": "WED",
            "hh": "13",
            "mm": "30",
            "congestionCar": [
              23,
              32,
              40,
              36,
              40,
              32,
              38,
              32,
              25,
              22
            ]
          },
          {
            "dow": "WED",
            "hh": "13",
            "mm": "40",
            "congestionCar": [
              24,
              32,
              36,
              35,
              36,
              33,
              39,
              32,
              22,
              21
            ]
          },
          {
            "dow": "WED",
            "hh": "13",
            "mm": "50",
            "congestionCar": [
              29,
              30,
              37,
              40,
              40,
              34,
              39,
              32,
              22,
              18
            ]
          }
        ]
      },
      {
        "startStationCode": "211",
        "startStationName": "성수역",
        "endStationCode": "202",
        "endStationName": "을지로입구역",
        "prevStationCode": "214",
        "prevStationName": "강변역",
        "updnLine": 1,
        "directAt": 0,
        "data": [
          {
            "dow": "WED",
            "hh": "13",
            "mm": "00",
            "congestionCar": [
              22,
              25,
              30,
              28,
              34,
              31,
              23,
              21,
              18,
              17
            ]
          },
          {
            "dow": "WED",
            "hh": "13",
            "mm": "10",
            "congestionCar": [
              18,
              24,
              29,
              32,
              33,
              29,
              25,
              24,
              19,
              17
            ]
          },
          {
            "dow": "WED",
            "hh": "13",
            "mm": "20",
            "congestionCar": [
              24,
              31,
              35,
              39,
              37,
              35,
              33,
              29,
              25,
              21
            ]
          },
          {
            "dow": "WED",
            "hh": "13",
            "mm": "30",
            "congestionCar": [
              31,
              33,
              38,
              43,
              44,
              42,
              41,
              33,
              21,
              23
            ]
          },
          {
            "dow": "WED",
            "hh": "13",
            "mm": "40",
            "congestionCar": [
              28,
              34,
              40,
              44,
              42,
              40,
              35,
              30,
              23,
              24
            ]
          },
          {
            "dow": "WED",
            "hh": "13",
            "mm": "50",
            "congestionCar": [
              26,
              37,
              36,
              45,
              44,
              38,
              34,
              28,
              23,
              20
            ]
          }
        ]
      },
      {
        "startStationCode": "211",
        "startStationName": "성수역",
        "endStationCode": "211",
        "endStationName": "성수역",
        "prevStationCode": "216",
        "prevStationName": "잠실역",
        "updnLine": 0,
        "directAt": 0,
        "data": [
          {
            "dow": "WED",
            "hh": "13",
            "mm": "00",
            "congestionCar": [
              25,
              30,
              28,
              34,
              29,
              27,
              27,
              28,
              17,
              15
            ]
          },
          {
            "dow": "WED",
            "hh": "13",
            "mm": "10",
            "congestionCar": [
              24,
              29,
              35,
              31,
              29,
              35,
              35,
              32,
              21,
              19
            ]
          },
          {
            "dow": "WED",
            "hh": "13",
            "mm": "20",
            "congestionCar": [
              19,
              31,
              30,
              33,
              40,
              32,
              38,
              32,
              27,
              19
            ]
          },
          {
            "dow": "WED",
            "hh": "13",
            "mm": "30",
            "congestionCar": [
              23,
              32,
              40,
              36,
              40,
              32,
              38,
              32,
              25,
              22
            ]
          },
          {
            "dow": "WED",
            "hh": "13",
            "mm": "40",
            "congestionCar": [
              24,
              32,
              36,
              35,
              36,
              33,
              39,
              32,
              22,
              21
            ]
          },
          {
            "dow": "WED",
            "hh": "13",
            "mm": "50",
            "congestionCar": [
              29,
              30,
              37,
              40,
              40,
              34,
              39,
              32,
              22,
              18
            ]
          }
        ]
      },
      {
        "startStationCode": "211",
        "startStationName": "성수역",
        "endStationCode": "211",
        "endStationName": "성수역",
        "prevStationCode": "214",
        "prevStationName": "강변역",
        "updnLine": 1,
        "directAt": 0,
        "data": [
          {
            "dow": "WED",
            "hh": "13",
            "mm": "00",
            "congestionCar": [
              22,
              25,
              30,
              28,
              34,
              31,
              23,
              21,
              18,
              17
            ]
          },
          {
            "dow": "WED",
            "hh": "13",
            "mm": "10",
            "congestionCar": [
              18,
              24,
              29,
              32,
              33,
              29,
              25,
              24,
              19,
              17
            ]
          },
          {
            "dow": "WED",
            "hh": "13",
            "mm": "20",
            "congestionCar": [
              24,
              31,
              35,
              39,
              37,
              35,
              33,
              29,
              25,
              21
            ]
          },
          {
            "dow": "WED",
            "hh": "13",
            "mm": "30",
            "congestionCar": [
              31,
              33,
              38,
              43,
              44,
              42,
              41,
              33,
              21,
              23
            ]
          },
          {
            "dow": "WED",
            "hh": "13",
            "mm": "40",
            "congestionCar": [
              28,
              34,
              40,
              44,
              42,
              40,
              35,
              30,
              23,
              24
            ]
          },
          {
            "dow": "WED",
            "hh": "13",
            "mm": "50",
            "congestionCar": [
              26,
              37,
              36,
              45,
              44,
              38,
              34,
              28,
              23,
              20
            ]
          }
        ]
      },
      {
        "startStationCode": "211",
        "startStationName": "성수역",
        "endStationCode": "211-R",
        "endStationName": "성수역",
        "prevStationCode": "216",
        "prevStationName": "잠실역",
        "updnLine": 0,
        "directAt": 0,
        "data": [
          {
            "dow": "WED",
            "hh": "13",
            "mm": "00",
            "congestionCar": [
              25,
              30,
              28,
              34,
              29,
              27,
              27,
              28,
              17,
              15
            ]
          },
          {
            "dow": "WED",
            "hh": "13",
            "mm": "10",
            "congestionCar": [
              24,
              29,
              35,
              31,
              29,
              35,
              35,
              32,
              21,
              19
            ]
          },
          {
            "dow": "WED",
            "hh": "13",
            "mm": "20",
            "congestionCar": [
              19,
              31,
              30,
              33,
              40,
              32,
              38,
              32,
              27,
              19
            ]
          },
          {
            "dow": "WED",
            "hh": "13",
            "mm": "30",
            "congestionCar": [
              24,
              34,
              43,
              38,
              42,
              34,
              40,
              34,
              27,
              24
            ]
          },
          {
            "dow": "WED",
            "hh": "13",
            "mm": "40",
            "congestionCar": [
              24,
              33,
              38,
              36,
              37,
              34,
              41,
              33,
              23,
              22
            ]
          },
          {
            "dow": "WED",
            "hh": "13",
            "mm": "50",
            "congestionCar": [
              28,
              29,
              35,
              38,
              39,
              33,
              38,
              31,
              21,
              17
            ]
          }
        ]
      },
      {
        "startStationCode": "211",
        "startStationName": "성수역",
        "endStationCode": "211-R",
        "endStationName": "성수역",
        "prevStationCode": "214",
        "prevStationName": "강변역",
        "updnLine": 1,
        "directAt": 0,
        "data": [
          {
            "dow": "WED",
            "hh": "13",
            "mm": "00",
            "congestionCar": [
              24,
              27,
              32,
              30,
              37,
              34,
              25,
              23,
              19,
              18
            ]
          },
          {
            "dow": "WED",
            "hh": "13",
            "mm": "10",
            "congestionCar": [
              20,
              26,
              31,
              35,
              35,
              31,
              27,
              26,
              21,
              18
            ]
          },
          {
            "dow": "WED",
            "hh": "13",
            "mm": "20",
            "congestionCar": [
              25,
              33,
              38,
              42,
              40,
              37,
              35,
              31,
              26,
              23
            ]
          },
          {
            "dow": "WED",
            "hh": "13",
            "mm": "30",
            "congestionCar": [
              31,
              33,
              38,
              43,
              44,
              42,
              41,
              33,
              21,
              23
            ]
          },
          {
            "dow": "WED",
            "hh": "13",
            "mm": "40",
            "congestionCar": [
              28,
              34,
              40,
              44,
              42,
              40,
              35,
              30,
              23,
              24
            ]
          },
          {
            "dow": "WED",
            "hh": "13",
            "mm": "50",
            "congestionCar": [
              26,
              37,
              36,
              45,
              44,
              38,
              34,
              28,
              23,
              20
            ]
          }
        ]
      },
      {
        "startStationCode": "211",
        "startStationName": "성수역",
        "endStationCode": "219",
        "endStationName": "삼성역",
        "prevStationCode": "214",
        "prevStationName": "강변역",
        "updnLine": 1,
        "directAt": 0,
        "data": [
          {
            "dow": "WED",
            "hh": "13",
            "mm": "00",
            "congestionCar": [
              22,
              25,
              30,
              28,
              34,
              31,
              23,
              21,
              18,
              17
            ]
          },
          {
            "dow": "WED",
            "hh": "13",
            "mm": "10",
            "congestionCar": [
              18,
              24,
              29,
              32,
              33,
              29,
              25,
              24,
              19,
              17
            ]
          },
          {
            "dow": "WED",
            "hh": "13",
            "mm": "20",
            "congestionCar": [
              24,
              31,
              35,
              39,
              37,
              35,
              33,
              29,
              25,
              21
            ]
          },
          {
            "dow": "WED",
            "hh": "13",
            "mm": "30",
            "congestionCar": [
              31,
              33,
              38,
              43,
              44,
              42,
              41,
              33,
              21,
              23
            ]
          },
          {
            "dow": "WED",
            "hh": "13",
            "mm": "40",
            "congestionCar": [
              28,
              34,
              40,
              44,
              42,
              40,
              35,
              30,
              23,
              24
            ]
          },
          {
            "dow": "WED",
            "hh": "13",
            "mm": "50",
            "congestionCar": [
              26,
              37,
              36,
              45,
              44,
              38,
              34,
              28,
              23,
              20
            ]
          }
        ]
      },
      {
        "startStationCode": "211",
        "startStationName": "성수역",
        "endStationCode": "228",
        "endStationName": "서울대입구역",
        "prevStationCode": "214",
        "prevStationName": "강변역",
        "updnLine": 1,
        "directAt": 0,
        "data": [
          {
            "dow": "WED",
            "hh": "13",
            "mm": "00",
            "congestionCar": [
              22,
              25,
              30,
              28,
              34,
              31,
              23,
              21,
              18,
              17
            ]
          },
          {
            "dow": "WED",
            "hh": "13",
            "mm": "10",
            "congestionCar": [
              18,
              24,
              29,
              32,
              33,
              29,
              25,
              24,
              19,
              17
            ]
          },
          {
            "dow": "WED",
            "hh": "13",
            "mm": "20",
            "congestionCar": [
              24,
              31,
              35,
              39,
              37,
              35,
              33,
              29,
              25,
              21
            ]
          },
          {
            "dow": "WED",
            "hh": "13",
            "mm": "30",
            "congestionCar": [
              31,
              33,
              38,
              43,
              44,
              42,
              41,
              33,
              21,
              23
            ]
          },
          {
            "dow": "WED",
            "hh": "13",
            "mm": "40",
            "congestionCar": [
              28,
              34,
              40,
              44,
              42,
              40,
              35,
              30,
              23,
              24
            ]
          },
          {
            "dow": "WED",
            "hh": "13",
            "mm": "50",
            "congestionCar": [
              26,
              37,
              36,
              45,
              44,
              38,
              34,
              28,
              23,
              20
            ]
          }
        ]
      },
      {
        "startStationCode": "211",
        "startStationName": "성수역",
        "endStationCode": "234",
        "endStationName": "신도림역",
        "prevStationCode": "214",
        "prevStationName": "강변역",
        "updnLine": 1,
        "directAt": 0,
        "data": [
          {
            "dow": "WED",
            "hh": "13",
            "mm": "00",
            "congestionCar": [
              22,
              25,
              30,
              28,
              34,
              31,
              23,
              21,
              18,
              17
            ]
          },
          {
            "dow": "WED",
            "hh": "13",
            "mm": "10",
            "congestionCar": [
              18,
              24,
              29,
              32,
              33,
              29,
              25,
              24,
              19,
              17
            ]
          },
          {
            "dow": "WED",
            "hh": "13",
            "mm": "20",
            "congestionCar": [
              24,
              31,
              35,
              39,
              37,
              35,
              33,
              29,
              25,
              21
            ]
          },
          {
            "dow": "WED",
            "hh": "13",
            "mm": "30",
            "congestionCar": [
              31,
              33,
              38,
              43,
              44,
              42,
              41,
              33,
              21,
              23
            ]
          },
          {
            "dow": "WED",
            "hh": "13",
            "mm": "40",
            "congestionCar": [
              28,
              34,
              40,
              44,
              42,
              40,
              35,
              30,
              23,
              24
            ]
          },
          {
            "dow": "WED",
            "hh": "13",
            "mm": "50",
            "congestionCar": [
              26,
              37,
              36,
              45,
              44,
              38,
              34,
              28,
              23,
              20
            ]
          }
        ]
      },
      {
        "startStationCode": "211",
        "startStationName": "성수역",
        "endStationCode": "239",
        "endStationName": "홍대입구역",
        "prevStationCode": "214",
        "prevStationName": "강변역",
        "updnLine": 1,
        "directAt": 0,
        "data": [
          {
            "dow": "WED",
            "hh": "13",
            "mm": "00",
            "congestionCar": [
              22,
              25,
              30,
              28,
              34,
              31,
              23,
              21,
              18,
              17
            ]
          },
          {
            "dow": "WED",
            "hh": "13",
            "mm": "10",
            "congestionCar": [
              18,
              24,
              29,
              32,
              33,
              29,
              25,
              24,
              19,
              17
            ]
          },
          {
            "dow": "WED",
            "hh": "13",
            "mm": "20",
            "congestionCar": [
              24,
              31,
              35,
              39,
              37,
              35,
              33,
              29,
              25,
              21
            ]
          },
          {
            "dow": "WED",
            "hh": "13",
            "mm": "30",
            "congestionCar": [
              31,
              33,
              38,
              43,
              44,
              42,
              41,
              33,
              21,
              23
            ]
          },
          {
            "dow": "WED",
            "hh": "13",
            "mm": "40",
            "congestionCar": [
              28,
              34,
              40,
              44,
              42,
              40,
              35,
              30,
              23,
              24
            ]
          },
          {
            "dow": "WED",
            "hh": "13",
            "mm": "50",
            "congestionCar": [
              26,
              37,
              36,
              45,
              44,
              38,
              34,
              28,
              23,
              20
            ]
          }
        ]
      },
      {
        "startStationCode": "219",
        "startStationName": "삼성역",
        "endStationCode": "211-R",
        "endStationName": "성수역",
        "prevStationCode": "216",
        "prevStationName": "잠실역",
        "updnLine": 0,
        "directAt": 0,
        "data": [
          {
            "dow": "WED",
            "hh": "13",
            "mm": "00",
            "congestionCar": [
              25,
              30,
              28,
              34,
              29,
              27,
              27,
              28,
              17,
              15
            ]
          },
          {
            "dow": "WED",
            "hh": "13",
            "mm": "10",
            "congestionCar": [
              24,
              29,
              35,
              31,
              29,
              35,
              35,
              32,
              21,
              19
            ]
          },
          {
            "dow": "WED",
            "hh": "13",
            "mm": "20",
            "congestionCar": [
              19,
              31,
              30,
              33,
              40,
              32,
              38,
              32,
              27,
              19
            ]
          },
          {
            "dow": "WED",
            "hh": "13",
            "mm": "30",
            "congestionCar": [
              23,
              32,
              40,
              36,
              40,
              32,
              38,
              32,
              25,
              22
            ]
          },
          {
            "dow": "WED",
            "hh": "13",
            "mm": "40",
            "congestionCar": [
              24,
              32,
              36,
              35,
              36,
              33,
              39,
              32,
              22,
              21
            ]
          },
          {
            "dow": "WED",
            "hh": "13",
            "mm": "50",
            "congestionCar": [
              29,
              30,
              37,
              40,
              40,
              34,
              39,
              32,
              22,
              18
            ]
          }
        ]
      },
      {
        "startStationCode": "228",
        "startStationName": "서울대입구역",
        "endStationCode": "211",
        "endStationName": "성수역",
        "prevStationCode": "216",
        "prevStationName": "잠실역",
        "updnLine": 0,
        "directAt": 0,
        "data": [
          {
            "dow": "WED",
            "hh": "13",
            "mm": "00",
            "congestionCar": [
              25,
              30,
              28,
              34,
              29,
              27,
              27,
              28,
              17,
              15
            ]
          },
          {
            "dow": "WED",
            "hh": "13",
            "mm": "10",
            "congestionCar": [
              24,
              29,
              35,
              31,
              29,
              35,
              35,
              32,
              21,
              19
            ]
          },
          {
            "dow": "WED",
            "hh": "13",
            "mm": "20",
            "congestionCar": [
              19,
              31,
              30,
              33,
              40,
              32,
              38,
              32,
              27,
              19
            ]
          },
          {
            "dow": "WED",
            "hh": "13",
            "mm": "30",
            "congestionCar": [
              23,
              32,
              40,
              36,
              40,
              32,
              38,
              32,
              25,
              22
            ]
          },
          {
            "dow": "WED",
            "hh": "13",
            "mm": "40",
            "congestionCar": [
              24,
              32,
              36,
              35,
              36,
              33,
              39,
              32,
              22,
              21
            ]
          },
          {
            "dow": "WED",
            "hh": "13",
            "mm": "50",
            "congestionCar": [
              29,
              30,
              37,
              40,
              40,
              34,
              39,
              32,
              22,
              18
            ]
          }
        ]
      },
      {
        "startStationCode": "228",
        "startStationName": "서울대입구역",
        "endStationCode": "211-R",
        "endStationName": "성수역",
        "prevStationCode": "216",
        "prevStationName": "잠실역",
        "updnLine": 0,
        "directAt": 0,
        "data": [
          {
            "dow": "WED",
            "hh": "13",
            "mm": "00",
            "congestionCar": [
              25,
              30,
              28,
              34,
              29,
              27,
              27,
              28,
              17,
              15
            ]
          },
          {
            "dow": "WED",
            "hh": "13",
            "mm": "10",
            "congestionCar": [
              24,
              29,
              35,
              31,
              29,
              35,
              35,
              32,
              21,
              19
            ]
          },
          {
            "dow": "WED",
            "hh": "13",
            "mm": "20",
            "congestionCar": [
              19,
              31,
              30,
              33,
              40,
              32,
              38,
              32,
              27,
              19
            ]
          },
          {
            "dow": "WED",
            "hh": "13",
            "mm": "30",
            "congestionCar": [
              23,
              32,
              40,
              36,
              40,
              32,
              38,
              32,
              25,
              22
            ]
          },
          {
            "dow": "WED",
            "hh": "13",
            "mm": "40",
            "congestionCar": [
              24,
              32,
              36,
              35,
              36,
              33,
              39,
              32,
              22,
              21
            ]
          },
          {
            "dow": "WED",
            "hh": "13",
            "mm": "50",
            "congestionCar": [
              29,
              30,
              37,
              40,
              40,
              34,
              39,
              32,
              22,
              18
            ]
          }
        ]
      },
      {
        "startStationCode": "234",
        "startStationName": "신도림역",
        "endStationCode": "211",
        "endStationName": "성수역",
        "prevStationCode": "216",
        "prevStationName": "잠실역",
        "updnLine": 0,
        "directAt": 0,
        "data": [
          {
            "dow": "WED",
            "hh": "13",
            "mm": "00",
            "congestionCar": [
              25,
              30,
              28,
              34,
              29,
              27,
              27,
              28,
              17,
              15
            ]
          },
          {
            "dow": "WED",
            "hh": "13",
            "mm": "10",
            "congestionCar": [
              24,
              29,
              35,
              31,
              29,
              35,
              35,
              32,
              21,
              19
            ]
          },
          {
            "dow": "WED",
            "hh": "13",
            "mm": "20",
            "congestionCar": [
              19,
              31,
              30,
              33,
              40,
              32,
              38,
              32,
              27,
              19
            ]
          },
          {
            "dow": "WED",
            "hh": "13",
            "mm": "30",
            "congestionCar": [
              23,
              32,
              40,
              36,
              40,
              32,
              38,
              32,
              25,
              22
            ]
          },
          {
            "dow": "WED",
            "hh": "13",
            "mm": "40",
            "congestionCar": [
              24,
              32,
              36,
              35,
              36,
              33,
              39,
              32,
              22,
              21
            ]
          },
          {
            "dow": "WED",
            "hh": "13",
            "mm": "50",
            "congestionCar": [
              29,
              30,
              37,
              40,
              40,
              34,
              39,
              32,
              22,
              18
            ]
          }
        ]
      },
      {
        "startStationCode": "234",
        "startStationName": "신도림역",
        "endStationCode": "211-R",
        "endStationName": "성수역",
        "prevStationCode": "216",
        "prevStationName": "잠실역",
        "updnLine": 0,
        "directAt": 0,
        "data": [
          {
            "dow": "WED",
            "hh": "13",
            "mm": "00",
            "congestionCar": [
              25,
              30,
              28,
              34,
              29,
              27,
              27,
              28,
              17,
              15
            ]
          },
          {
            "dow": "WED",
            "hh": "13",
            "mm": "10",
            "congestionCar": [
              24,
              29,
              35,
              31,
              29,
              35,
              35,
              32,
              21,
              19
            ]
          },
          {
            "dow": "WED",
            "hh": "13",
            "mm": "20",
            "congestionCar": [
              19,
              31,
              30,
              33,
              40,
              32,
              38,
              32,
              27,
              19
            ]
          },
          {
            "dow": "WED",
            "hh": "13",
            "mm": "30",
            "congestionCar": [
              23,
              32,
              40,
              36,
              40,
              32,
              38,
              32,
              25,
              22
            ]
          },
          {
            "dow": "WED",
            "hh": "13",
            "mm": "40",
            "congestionCar": [
              18,
              23,
              27,
              26,
              26,
              24,
              29,
              24,
              17,
              16
            ]
          },
          {
            "dow": "WED",
            "hh": "13",
            "mm": "50",
            "congestionCar": [
              42,
              43,
              53,
              57,
              58,
              49,
              57,
              46,
              31,
              25
            ]
          }
        ]
      },
      {
        "startStationCode": "239",
        "startStationName": "홍대입구역",
        "endStationCode": "211",
        "endStationName": "성수역",
        "prevStationCode": "216",
        "prevStationName": "잠실역",
        "updnLine": 0,
        "directAt": 0,
        "data": [
          {
            "dow": "WED",
            "hh": "13",
            "mm": "00",
            "congestionCar": [
              25,
              30,
              28,
              34,
              29,
              27,
              27,
              28,
              17,
              15
            ]
          },
          {
            "dow": "WED",
            "hh": "13",
            "mm": "10",
            "congestionCar": [
              24,
              29,
              35,
              31,
              29,
              35,
              35,
              32,
              21,
              19
            ]
          },
          {
            "dow": "WED",
            "hh": "13",
            "mm": "20",
            "congestionCar": [
              19,
              31,
              30,
              33,
              40,
              32,
              38,
              32,
              27,
              19
            ]
          },
          {
            "dow": "WED",
            "hh": "13",
            "mm": "30",
            "congestionCar": [
              23,
              32,
              40,
              36,
              40,
              32,
              38,
              32,
              25,
              22
            ]
          },
          {
            "dow": "WED",
            "hh": "13",
            "mm": "40",
            "congestionCar": [
              24,
              32,
              36,
              35,
              36,
              33,
              39,
              32,
              22,
              21
            ]
          },
          {
            "dow": "WED",
            "hh": "13",
            "mm": "50",
            "congestionCar": [
              29,
              30,
              37,
              40,
              40,
              34,
              39,
              32,
              22,
              18
            ]
          }
        ]
      },
      {
        "startStationCode": "239",
        "startStationName": "홍대입구역",
        "endStationCode": "211-R",
        "endStationName": "성수역",
        "prevStationCode": "216",
        "prevStationName": "잠실역",
        "updnLine": 0,
        "directAt": 0,
        "data": [
          {
            "dow": "WED",
            "hh": "13",
            "mm": "00",
            "congestionCar": [
              25,
              30,
              28,
              34,
              29,
              27,
              27,
              28,
              17,
              15
            ]
          },
          {
            "dow": "WED",
            "hh": "13",
            "mm": "10",
            "congestionCar": [
              24,
              29,
              35,
              31,
              29,
              35,
              35,
              32,
              21,
              19
            ]
          },
          {
            "dow": "WED",
            "hh": "13",
            "mm": "20",
            "congestionCar": [
              19,
              31,
              30,
              33,
              40,
              32,
              38,
              32,
              27,
              19
            ]
          },
          {
            "dow": "WED",
            "hh": "13",
            "mm": "30",
            "congestionCar": [
              23,
              32,
              40,
              36,
              40,
              32,
              38,
              32,
              25,
              22
            ]
          },
          {
            "dow": "WED",
            "hh": "13",
            "mm": "40",
            "congestionCar": [
              24,
              32,
              36,
              35,
              36,
              33,
              39,
              32,
              22,
              21
            ]
          },
          {
            "dow": "WED",
            "hh": "13",
            "mm": "50",
            "congestionCar": [
              29,
              30,
              37,
              40,
              40,
              34,
              39,
              32,
              22,
              18
            ]
          }
        ]
      }
    ],
    "statStartDate": "20230923",
    "statEndDate": "20231222"
  }
}