{
  "status": {
    "code": "00",
    "message": "success",
    "totalCount": 1
  },
  "contents": {
    "subwayLine": "2호선",
    "stationName": "잠실새내역",
    "stationCode": "217",
    "stat": [
      {
        "startStationCode": "202",
        "startStationName": "을지로입구역",
        "endStationCode": "211",
        "endStationName": "성수역",
        "prevStationCode": "218",
        "prevStationName": "종합운동장역",
        "updnLine": 0,
        "directAt": 0,
        "data": [
          {
            "dow": "FRI",
            "hh": "13",
            "mm": "00",
            "congestionCar": [
              31,
              30,
              30,
              40,
              34,
              34,
              31,
              31,
              21,
              19
            ]
          },
          {
            "dow": "FRI",
            "hh": "13",
            "mm": "10",
            "congestionCar": [
              37,
              41,
              41,
              49,
              51,
              52,
              47,
              44,
              31,
              27
            ]
          },
          {
            "dow": "FRI",
            "hh": "13",
            "mm": "20",
            "congestionCar": [
              39,
              42,
              49,
              50,
              54,
              52,
              55,
              41,
              31,
              28
            ]
          },
          {
            "dow": "FRI",
            "hh": "13",
            "mm": "30",
            "congestionCar": [
              34,
              36,
              45,
              44,
              43,
              45,
              46,
              34,
              30,
              24
            ]
          },
          {
            "dow": "FRI",
            "hh": "13",
            "mm": "40",
            "congestionCar": [
              40,
              37,
              45,
              50,
              52,
              48,
              54,
              46,
              30,
              27
            ]
          },
          {
            "dow": "FRI",
            "hh": "13",
            "mm": "50",
            "congestionCar": [
              46,
              36,
              50,
              50,
              51,
              55,
              55,
              39,
              32,
              26
            ]
          }
        ]
      },
      {
        "startStationCode": "202",
        "startStationName": "을지로입구역",
        "endStationCode": "211-R",
        "endStationName": "성수역",
        "prevStationCode": "218",
        "prevStationName": "종합운동장역",
        "updnLine": 0,
        "directAt": 0,
        "data": [
          {
            "dow": "FRI",
            "hh": "13",
            "mm": "00",
            "congestionCar": [
              31,
              30,
              30,
              40,
              34,
              34,
              31,
              31,
              21,
              19
            ]
          },
          {
            "dow": "FRI",
            "hh": "13",
            "mm": "10",
            "congestionCar": [
              37,
              41,
              41,
              49,
              51,
              52,
              47,
              44,
              31,
              27
            ]
          },
          {
            "dow": "FRI",
            "hh": "13",
            "mm": "20",
            "congestionCar": [
              39,
              42,
              49,
              50,
              54,
              52,
              55,
              41,
              31,
              28
            ]
          },
          {
            "dow": "FRI",
            "hh": "13",
            "mm": "30",
            "congestionCar": [
              34,
              36,
              45,
              44,
              43,
              45,
              46,
              34,
              30,
              24
            ]
          },
          {
            "dow": "FRI",
            "hh": "13",
            "mm": "40",
            "congestionCar": [
              40,
              37,
              45,
              50,
              52,
              48,
              54,
              46,
              30,
              27
            ]
          },
          {
            "dow": "FRI",
            "hh": "13",
            "mm": "50",
            "congestionCar": [
              46,
              36,
              50,
              50,
              51,
              55,
              55,
              39,
              32,
              26
            ]
          }
        ]
      },
      {
        "startStationCode": "211",
        "startStationName": "성수역",
        "endStationCode": "202",
        "endStationName": "을지로입구역",
        "prevStationCode": "216",
        "prevStationName": "잠실역",
        "updnLine": 1,
        "directAt": 0,
        "data": [
          {
            "dow": "FRI",
            "hh": "13",
            "mm": "00",
            "congestionCar": [
              35,
              35,
              42,
              42,
              44,
              43,
              38,
              33,
              25,
              23
            ]
          },
          {
            "dow": "FRI",
            "hh": "13",
            "mm": "10",
            "congestionCar": [
              26,
              35,
              35,
              37,
              41,
              50,
              42,
              33,
              25,
              26
            ]
          },
          {
            "dow": "FRI",
            "hh": "13",
            "mm": "20",
            "congestionCar": [
              35,
              42,
              46,
              51,
              50,
              48,
              50,
              38,
              33,
              28
            ]
          },
          {
            "dow": "FRI",
            "hh": "13",
            "mm": "30",
            "congestionCar": [
              32,
              36,
              42,
              44,
              48,
              55,
              50,
              34,
              31,
              25
            ]
          },
          {
            "dow": "FRI",
            "hh": "13",
            "mm": "40",
            "congestionCar": [
              36,
              35,
              43,
              44,
              45,
              55,
              45,
              38,
              28,
              31
            ]
          },
          {
            "dow": "FRI",
            "hh": "13",
            "mm": "50",
            "congestionCar": [
              29,
              40,
              39,
              46,
              49,
              49,
              46,
              39,
              31,
              22
            ]
          }
        ]
      },
      {
        "startStationCode": "211",
        "startStationName": "성수역",
        "endStationCode": "211",
        "endStationName": "성수역",
        "prevStationCode": "218",
        "prevStationName": "종합운동장역",
        "updnLine": 0,
        "directAt": 0,
        "data": [
          {
            "dow": "FRI",
            "hh": "13",
            "mm": "00",
            "congestionCar": [
              31,
              30,
              30,
              40,
              34,
              34,
              31,
              31,
              21,
              19
            ]
          },
          {
            "dow": "FRI",
            "hh": "13",
            "mm": "10",
            "congestionCar": [
              37,
              41,
              41,
              49,
              51,
              52,
              47,
              44,
              31,
              27
            ]
          },
          {
            "dow": "FRI",
            "hh": "13",
            "mm": "20",
            "congestionCar": [
              39,
              42,
              49,
              50,
              54,
              52,
              55,
              41,
              31,
              28
            ]
          },
          {
            "dow": "FRI",
            "hh": "13",
            "mm": "30",
            "congestionCar": [
              34,
              36,
              45,
              44,
              43,
              45,
              46,
              34,
              30,
              24
            ]
          },
          {
            "dow": "FRI",
            "hh": "13",
            "mm": "40",
            "congestionCar": [
              40,
              37,
              45,
              50,
              52,
              48,
              54,
              46,
              30,
              27
            ]
          },
          {
            "dow": "FRI",
            "hh": "13",
            "mm": "50",
            "congestionCar": [
              46,
              36,
              50,
              50,
              51,
              55,
              55,
              39,
              32,
              26
            ]
          }
        ]
      },
      {
        "startStationCode": "211",
        "startStationName": "성수역",
        "endStationCode": "211",
        "endStationName": "성수역",
        "prevStationCode": "216",
        "prevStationName": "잠실역",
        "updnLine": 1,
        "directAt": 0,
        "data": [
          {
            "dow": "FRI",
            "hh": "13",
            "mm": "00",
            "congestionCar": [
              35,
              35,
              42,
              42,
              44,
              43,
              38,
              33,
              25,
              23
            ]
          },
          {
            "dow": "FRI",
            "hh": "13",
            "mm": "10",
            "congestionCar": [
              26,
              35,
              35,
              37,
              41,
              50,
              42,
              33,
              25,
              26
            ]
          },
          {
            "dow": "FRI",
            "hh": "13",
            "mm": "20",
            "congestionCar": [
              35,
              42,
              46,
              51,
              50,
              48,
              50,
              38,
              33,
              28
            ]
          },
          {
            "dow": "FRI",
            "hh": "13",
            "mm": "30",
            "congestionCar": [
              32,
              36,
              42,
              44,
              48,
              55,
              50,
              34,
              31,
              25
            ]
          },
          {
            "dow": "FRI",
            "hh": "13",
            "mm": "40",
            "congestionCar": [
              36,
              35,
              43,
              44,
              45,
              55,
              45,
              38,
              28,
              31
            ]
          },
          {
            "dow": "FRI",
            "hh": "13",
            "mm": "50",
            "congestionCar": [
              29,
              40,
              39,
              46,
              49,
              49,
              46,
              39,
              31,
              22
            ]
          }
        ]
      },
      {
        "startStationCode": "211",
        "startStationName": "성수역",
        "endStationCode": "211-R",
        "endStationName": "성수역",
        "prevStationCode": "218",
        "prevStationName": "종합운동장역",
        "updnLine": 0,
        "directAt": 0,
        "data": [
          {
            "dow": "FRI",
            "hh": "13",
            "mm": "00",
            "congestionCar": [
              33,
              32,
              32,
              42,
              36,
              36,
              34,
              33,
              22,
              20
            ]
          },
          {
            "dow": "FRI",
            "hh": "13",
            "mm": "10",
            "congestionCar": [
              37,
              41,
              41,
              49,
              51,
              52,
              47,
              44,
              31,
              27
            ]
          },
          {
            "dow": "FRI",
            "hh": "13",
            "mm": "20",
            "congestionCar": [
              39,
              42,
              49,
              50,
              54,
              52,
              55,
              41,
              31,
              28
            ]
          },
          {
            "dow": "FRI",
            "hh": "13",
            "mm": "30",
            "congestionCar": [
              34,
              36,
              45,
              44,
              43,
              45,
              46,
              34,
              30,
              24
            ]
          },
          {
            "dow": "FRI",
            "hh": "13",
            "mm": "40",
            "congestionCar": [
              40,
              37,
              45,
              50,
              52,
              48,
              54,
              46,
              30,
              27
            ]
          },
          {
            "dow": "FRI",
            "hh": "13",
            "mm": "50",
            "congestionCar": [
              46,
              36,
              50,
              50,
              51,
              55,
              55,
              39,
              32,
              26
            ]
          }
        ]
      },
      {
        "startStationCode": "211",
        "startStationName": "성수역",
        "endStationCode": "211-R",
        "endStationName": "성수역",
        "prevStationCode": "216",
        "prevStationName": "잠실역",
        "updnLine": 1,
        "directAt": 0,
        "data": [
          {
            "dow": "FRI",
            "hh": "13",
            "mm": "00",
            "congestionCar": [
              35,
              35,
              42,
              42,
              44,
              43,
              38,
              33,
              25,
              23
            ]
          },
          {
            "dow": "FRI",
            "hh": "13",
            "mm": "10",
            "congestionCar": [
              26,
              35,
              35,
              37,
              41,
              50,
              42,
              33,
              25,
              26
            ]
          },
          {
            "dow": "FRI",
            "hh": "13",
            "mm": "20",
            "congestionCar": [
              35,
              42,
              46,
              51,
              50,
              48,
              50,
              38,
              33,
              28
            ]
          },
          {
            "dow": "FRI",
            "hh": "13",
            "mm": "30",
            "congestionCar": [
              35,
              39,
              46,
              48,
              52,
              59,
              54,
              37,
              34,
              27
            ]
          },
          {
            "dow": "FRI",
            "hh": "13",
            "mm": "40",
            "congestionCar": [
              41,
              40,
              49,
              50,
              52,
              63,
              52,
              44,
              32,
              36
            ]
          },
          {
            "dow": "FRI",
            "hh": "13",
            "mm": "50",
            "congestionCar": [
              32,
              45,
              45,
              52,
              56,
              56,
              52,
              44,
              34,
              24
            ]
          }
        ]
      },
      {
        "startStationCode": "211",
        "startStationName": "성수역",
        "endStationCode": "219",
        "endStationName": "삼성역",
        "prevStationCode": "216",
        "prevStationName": "잠실역",
        "updnLine": 1,
        "directAt": 0,
        "data": [
          {
            "dow": "FRI",
            "hh": "13",
            "mm": "00",
            "congestionCar": [
              35,
              35,
              42,
              42,
              44,
              43,
              38,
              33,
              25,
              23
            ]
          },
          {
            "dow": "FRI",
            "hh": "13",
            "mm": "10",
            "congestionCar": [
              26,
              35,
              35,
              37,
              41,
              50,
              42,
              33,
              25,
              26
            ]
          },
          {
            "dow": "FRI",
            "hh": "13",
            "mm": "20",
            "congestionCar": [
              35,
              42,
              46,
              51,
              50,
              48,
              50,
              38,
              33,
              28
            ]
          },
          {
            "dow": "FRI",
            "hh": "13",
            "mm": "30",
            "congestionCar": [
              32,
              36,
              42,
              44,
              48,
              55,
              50,
              34,
              31,
              25
            ]
          },
          {
            "dow": "FRI",
            "hh": "13",
            "mm": "40",
            "congestionCar": [
              36,
              35,
              43,
              44,
              45,
              55,
              45,
              38,
              28,
              31
            ]
          },
          {
            "dow": "FRI",
            "hh": "13",
            "mm": "50",
            "congestionCar": [
              29,
              40,
              39,
              46,
              49,
              49,
              46,
              39,
              31,
              22
            ]
          }
        ]
      },
      {
        "startStationCode": "211",
        "startStationName": "성수역",
        "endStationCode": "228",
        "endStationName": "서울대입구역",
        "prevStationCode": "216",
        "prevStationName": "잠실역",
        "updnLine": 1,
        "directAt": 0,
        "data": [
          {
            "dow": "FRI",
            "hh": "13",
            "mm": "00",
            "congestionCar": [
              35,
              35,
              42,
              42,
              44,
              43,
              38,
              33,
              25,
              23
            ]
          },
          {
            "dow": "FRI",
            "hh": "13",
            "mm": "10",
            "congestionCar": [
              26,
              35,
              35,
              37,
              41,
              50,
              42,
              33,
              25,
              26
            ]
          },
          {
            "dow": "FRI",
            "hh": "13",
            "mm": "20",
            "congestionCar": [
              35,
              42,
              46,
              51,
              50,
              48,
              50,
              38,
              33,
              28
            ]
          },
          {
            "dow": "FRI",
            "hh": "13",
            "mm": "30",
            "congestionCar": [
              32,
              36,
              42,
              44,
              48,
              55,
              50,
              34,
              31,
              25
            ]
          },
          {
            "dow": "FRI",
            "hh": "13",
            "mm": "40",
            "congestionCar": [
              36,
              35,
              43,
              44,
              45,
              55,
              45,
              38,
              28,
              31
            ]
          },
          {
            "dow": "FRI",
            "hh": "13",
            "mm": "50",
            "congestionCar": [
              29,
              40,
              39,
              46,
              49,
              49,
              46,
              39,
              31,
              22
            ]
          }
        ]
      },
      {
        "startStationCode": "211",
        "startStationName": "성수역",
        "endStationCode": "234",
        "endStationName": "신도림역",
        "prevStationCode": "216",
        "prevStationName": "잠실역",
        "updnLine": 1,
        "directAt": 0,
        "data": [
          {
            "dow": "FRI",
            "hh": "13",
            "mm": "00",
            "congestionCar": [
              35,
              35,
              42,
              42,
              44,
              43,
              38,
              33,
              25,
              23
            ]
          },
          {
            "dow": "FRI",
            "hh": "13",
            "mm": "10",
            "congestionCar": [
              26,
              35,
              35,
              37,
              41,
              50,
              42,
              33,
              25,
              26
            ]
          },
          {
            "dow": "FRI",
            "hh": "13",
            "mm": "20",
            "congestionCar": [
              35,
              42,
              46,
              51,
              50,
              48,
              50,
              38,
              33,
              28
            ]
          },
          {
            "dow": "FRI",
            "hh": "13",
            "mm": "30",
            "congestionCar": [
              32,
              36,
              42,
              44,
              48,
              55,
              50,
              34,
              31,
              25
            ]
          },
          {
            "dow": "FRI",
            "hh": "13",
            "mm": "40",
            "congestionCar": [
              36,
              35,
              43,
              44,
              45,
              55,
              45,
              38,
              28,
              31
            ]
          },
          {
            "dow": "FRI",
            "hh": "13",
            "mm": "50",
            "congestionCar": [
              29,
              40,
              39,
              46,
              49,
              49,
              46,
              39,
              31,
              22
            ]
          }
        ]
      },
      {
        "startStationCode": "211",
        "startStationName": "성수역",
        "endStationCode": "239",
        "endStationName": "홍대입구역",
        "prevStationCode": "216",
        "prevStationName": "잠실역",
        "updnLine": 1,
        "directAt": 0,
        "data": [
          {
            "dow": "FRI",
            "hh": "13",
            "mm": "00",
            "congestionCar": [
              35,
              35,
              42,
              42,
              44,
              43,
              38,
              33,
              25,
              23
            ]
          },
          {
            "dow": "FRI",
            "hh": "13",
            "mm": "10",
            "congestionCar": [
              26,
              35,
              35,
              37,
              41,
              50,
              42,
              33,
              25,
              26
            ]
          },
          {
            "dow": "FRI",
            "hh": "13",
            "mm": "20",
            "congestionCar": [
              35,
              42,
              46,
              51,
              50,
              48,
              50,
              38,
              33,
              28
            ]
          },
          {
            "dow": "FRI",
            "hh": "13",
            "mm": "30",
            "congestionCar": [
              32,
              36,
              42,
              44,
              48,
              55,
              50,
              34,
              31,
              25
            ]
          },
          {
            "dow": "FRI",
            "hh": "13",
            "mm": "40",
            "congestionCar": [
              36,
              35,
              43,
              44,
              45,
              55,
              45,
              38,
              28,
              31
            ]
          },
          {
            "dow": "FRI",
            "hh": "13",
            "mm": "50",
            "congestionCar": [
              29,
              40,
              39,
              46,
              49,
              49,
              46,
              39,
              31,
              22
            ]
          }
        ]
      },
      {
        "startStationCode": "219",
        "startStationName": "삼성역",
        "endStationCode": "211-R",
        "endStationName": "성수역",
        "prevStationCode": "218",
        "prevStationName": "종합운동장역",
        "updnLine": 0,
        "directAt": 0,
        "data": [
          {
            "dow": "FRI",
            "hh": "13",
            "mm": "00",
            "congestionCar": [
              31,
              30,
              30,
              40,
              34,
              34,
              31,
              31,
              21,
              19
            ]
          },
          {
            "dow": "FRI",
            "hh": "13",
            "mm": "10",
            "congestionCar": [
              37,
              41,
              41,
              49,
              51,
              52,
              47,
              44,
              31,
              27
            ]
          },
          {
            "dow": "FRI",
            "hh": "13",
            "mm": "20",
            "congestionCar": [
              39,
              42,
              49,
              50,
              54,
              52,
              55,
              41,
              31,
              28
            ]
          },
          {
            "dow": "FRI",
            "hh": "13",
            "mm": "30",
            "congestionCar": [
              34,
              36,
              45,
              44,
              43,
              45,
              46,
              34,
              30,
              24
            ]
          },
          {
            "dow": "FRI",
            "hh": "13",
            "mm": "40",
            "congestionCar": [
              40,
              37,
              45,
              50,
              52,
              48,
              54,
              46,
              30,
              27
            ]
          },
          {
            "dow": "FRI",
            "hh": "13",
            "mm": "50",
            "congestionCar": [
              46,
              36,
              50,
              50,
              51,
              55,
              55,
              39,
              32,
              26
            ]
          }
        ]
      },
      {
        "startStationCode": "228",
        "startStationName": "서울대입구역",
        "endStationCode": "211",
        "endStationName": "성수역",
        "prevStationCode": "218",
        "prevStationName": "종합운동장역",
        "updnLine": 0,
        "directAt": 0,
        "data": [
          {
            "dow": "FRI",
            "hh": "13",
            "mm": "00",
            "congestionCar": [
              31,
              30,
              30,
              40,
              34,
              34,
              31,
              31,
              21,
              19
            ]
          },
          {
            "dow": "FRI",
            "hh": "13",
            "mm": "10",
            "congestionCar": [
              37,
              41,
              41,
              49,
              51,
              52,
              47,
              44,
              31,
              27
            ]
          },
          {
            "dow": "FRI",
            "hh": "13",
            "mm": "20",
            "congestionCar": [
              39,
              42,
              49,
              50,
              54,
              52,
              55,
              41,
              31,
              28
            ]
          },
          {
            "dow": "FRI",
            "hh": "13",
            "mm": "30",
            "congestionCar": [
              34,
              36,
              45,
              44,
              43,
              45,
              46,
              34,
              30,
              24
            ]
          },
          {
            "dow": "FRI",
            "hh": "13",
            "mm": "40",
            "congestionCar": [
              40,
              37,
              45,
              50,
              52,
              48,
              54,
              46,
              30,
              27
            ]
          },
          {
            "dow": "FRI",
            "hh": "13",
            "mm": "50",
            "congestionCar": [
              46,
              36,
              50,
              50,
              51,
              55,
              55,
              39,
              32,
              26
            ]
          }
        ]
      },
      {
        "startStationCode": "228",
        "startStationName": "서울대입구역",
        "endStationCode": "211-R",
        "endStationName": "성수역",
        "prevStationCode": "218",
        "prevStationName": "종합운동장역",
        "updnLine": 0,
        "directAt": 0,
        "data": [
          {
            "dow": "FRI",
            "hh": "13",
            "mm": "00",
            "congestionCar": [
              31,
              30,
              30,
              40,
              34,
              34,
              31,
              31,
              21,
              19
            ]
          },
          {
            "dow": "FRI",
            "hh": "13",
            "mm": "10",
            "congestionCar": [
              37,
              41,
              41,
              49,
              51,
              52,
              47,
              44,
              31,
              27
            ]
          },
          {
            "dow": "FRI",
            "hh": "13",
            "mm": "20",
            "congestionCar": [
              39,
              42,
              49,
              50,
              54,
              52,
              55,
              41,
              31,
              28
            ]
          },
          {
            "dow": "FRI",
            "hh": "13",
            "mm": "30",
            "congestionCar": [
              34,
              36,
              45,
              44,
              43,
              45,
              46,
              34,
              30,
              24
            ]
          },
          {
            "dow": "FRI",
            "hh": "13",
            "mm": "40",
            "congestionCar": [
              40,
              37,
              45,
              50,
              52,
              48,
              54,
              46,
              30,
              27
            ]
          },
          {
            "dow": "FRI",
            "hh": "13",
            "mm": "50",
            "congestionCar": [
              46,
              36,
              50,
              50,
              51,
              55,
              55,
              39,
              32,
              26
            ]
          }
        ]
      },
      {
        "startStationCode": "234",
        "startStationName": "신도림역",
        "endStationCode": "211",
        "endStationName": "성수역",
        "prevStationCode": "218",
        "prevStationName": "종합운동장역",
        "updnLine": 0,
        "directAt": 0,
        "data": [
          {
            "dow": "FRI",
            "hh": "13",
            "mm": "00",
            "congestionCar": [
              31,
              30,
              30,
              40,
              34,
              34,
              31,
              31,
              21,
              19
            ]
          },
          {
            "dow": "FRI",
            "hh": "13",
            "mm": "10",
            "congestionCar": [
              37,
              41,
              41,
              49,
              51,
              52,
              47,
              44,
              31,
              27
            ]
          },
          {
            "dow": "FRI",
            "hh": "13",
            "mm": "20",
            "congestionCar": [
              39,
              42,
              49,
              50,
              54,
              52,
              55,
              41,
              31,
              28
            ]
          },
          {
            "dow": "FRI",
            "hh": "13",
            "mm": "30",
            "congestionCar": [
              34,
              36,
              45,
              44,
              43,
              45,
              46,
              34,
              30,
              24
            ]
          },
          {
            "dow": "FRI",
            "hh": "13",
            "mm": "40",
            "congestionCar": [
              40,
              37,
              45,
              50,
              52,
              48,
              54,
              46,
              30,
              27
            ]
          },
          {
            "dow": "FRI",
            "hh": "13",
            "mm": "50",
            "congestionCar": [
              46,
              36,
              50,
              50,
              51,
              55,
              55,
              39,
              32,
              26
            ]
          }
        ]
      },
      {
        "startStationCode": "234",
        "startStationName": "신도림역",
        "endStationCode": "211-R",
        "endStationName": "성수역",
        "prevStationCode": "218",
        "prevStationName": "종합운동장역",
        "updnLine": 0,
        "directAt": 0,
        "data": [
          {
            "dow": "FRI",
            "hh": "13",
            "mm": "00",
            "congestionCar": [
              31,
              30,
              30,
              40,
              34,
              34,
              31,
              31,
              21,
              19
            ]
          },
          {
            "dow": "FRI",
            "hh": "13",
            "mm": "10",
            "congestionCar": [
              37,
              41,
              41,
              49,
              51,
              52,
              47,
              44,
              31,
              27
            ]
          },
          {
            "dow": "FRI",
            "hh": "13",
            "mm": "20",
            "congestionCar": [
              39,
              42,
              49,
              50,
              54,
              52,
              55,
              41,
              31,
              28
            ]
          },
          {
            "dow": "FRI",
            "hh": "13",
            "mm": "30",
            "congestionCar": [
              34,
              36,
              45,
              44,
              43,
              45,
              46,
              34,
              30,
              24
            ]
          },
          {
            "dow": "FRI",
            "hh": "13",
            "mm": "40",
            "congestionCar": [
              40,
              37,
              45,
              50,
              52,
              48,
              54,
              46,
              30,
              27
            ]
          },
          {
            "dow": "FRI",
            "hh": "13",
            "mm": "50",
            "congestionCar": [
              46,
              36,
              50,
              50,
              51,
              55,
              55,
              39,
              32,
              26
            ]
          }
        ]
      },
      {
        "startStationCode": "239",
        "startStationName": "홍대입구역",
        "endStationCode": "211",
        "endStationName": "성수역",
        "prevStationCode": "218",
        "prevStationName": "종합운동장역",
        "updnLine": 0,
        "directAt": 0,
        "data": [
          {
            "dow": "FRI",
            "hh": "13",
            "mm": "00",
            "congestionCar": [
              31,
              30,
              30,
              40,
              34,
              34,
              31,
              31,
              21,
              19
            ]
          },
          {
            "dow": "FRI",
            "hh": "13",
            "mm": "10",
            "congestionCar": [
              37,
              41,
              41,
              49,
              51,
              52,
              47,
              44,
              31,
              27
            ]
          },
          {
            "dow": "FRI",
            "hh": "13",
            "mm": "20",
            "congestionCar": [
              39,
              42,
              49,
              50,
              54,
              52,
              55,
              41,
              31,
              28
            ]
          },
          {
            "dow": "FRI",
            "hh": "13",
            "mm": "30",
            "congestionCar": [
              34,
              36,
              45,
              44,
              43,
              45,
              46,
              34,
              30,
              24
            ]
          },
          {
            "dow": "FRI",
            "hh": "13",
            "mm": "40",
            "congestionCar": [
              40,
              37,
              45,
              50,
              52,
              48,
              54,
              46,
              30,
              27
            ]
          },
          {
            "dow": "FRI",
            "hh": "13",
            "mm": "50",
            "congestionCar": [
              46,
              36,
              50,
              50,
              51,
              55,
              55,
              39,
              32,
              26
            ]
          }
        ]
      },
      {
        "startStationCode": "239",
        "startStationName": "홍대입구역",
        "endStationCode": "211-R",
        "endStationName": "성수역",
        "prevStationCode": "218",
        "prevStationName": "종합운동장역",
        "updnLine": 0,
        "directAt": 0,
        "data": [
          {
            "dow": "FRI",
            "hh": "13",
            "mm": "00",
            "congestionCar": [
              31,
              30,
              30,
              40,
              34,
              34,
              31,
              31,
              21,
              19
            ]
          },
          {
            "dow": "FRI",
            "hh": "13",
            "mm": "10",
            "congestionCar": [
              37,
              41,
              41,
              49,
              51,
              52,
              47,
              44,
              31,
              27
            ]
          },
          {
            "dow": "FRI",
            "hh": "13",
            "mm": "20",
            "congestionCar": [
              39,
              42,
              49,
              50,
              54,
              52,
              55,
              41,
              31,
              28
            ]
          },
          {
            "dow": "FRI",
            "hh": "13",
            "mm": "30",
            "congestionCar": [
              34,
              36,
              45,
              44,
              43,
              45,
              46,
              34,
              30,
              24
            ]
          },
          {
            "dow": "FRI",
            "hh": "13",
            "mm": "40",
            "congestionCar": [
              40,
              37,
              45,
              50,
              52,
              48,
              54,
              46,
              30,
              27
            ]
          },
          {
            "dow": "FRI",
            "hh": "13",
            "mm": "50",
            "congestionCar": [
              46,
              36,
              50,
              50,
              51,
              55,
              55,
              39,
              32,
              26
            ]
          }
        ]
      }
    ],
    "statStartDate": "20230923",
    "statEndDate": "20231222"
  }
}