{
  "status": {
    "code": "00",
    "message": "success",
    "totalCount": 1
  },
  "contents": {
    "subwayLine": "2호선",
    "stationName": "합정역",
    "stationCode": "238",
    "stat": [
      {
        "startStationCode": "202",
        "startStationName": "을지로입구역",
        "endStationCode": "211",
        "endStationName": "성수역",
        "prevStationCode": "239",
        "prevStationName": "홍대입구역",
        "updnLine": 0,
        "directAt": 0,
        "data": [
          {
            "dow": "MON",
            "hh": "13",
            "mm": "00",
            "congestionCar": [
              21,
              23,
              25,
              28,
              23,
              18,
              24,
              16,
              19,
              13
            ]
          },
          {
            "dow": "MON",
            "hh": "13",
            "mm": "10",
            "congestionCar": [
              15,
              23,
              31,
              27,
              29,
              24,
              24,
              21,
              19,
              17
            ]
          },
          {
            "dow": "MON",
            "hh": "13",
            "mm": "20",
            "congestionCar": [
              14,
              20,
              22,
              24,
              22,
              21,
              23,
              20,
              13,
              10
            ]
          },
          {
            "dow": "MON",
            "hh": "13",
            "mm": "30",
            "congestionCar": [
              13,
              17,
              22,
              20,
              19,
              16,
              20,
              17,
              14,
              12
            ]
          },
          {
            "dow": "MON",
            "hh": "13",
            "mm": "40",
            "congestionCar": [
              14,
              18,
              24,
              27,
              20,
              20,
              22,
              21,
              15,
              10
            ]
          },
          {
            "dow": "MON",
            "hh": "13",
            "mm": "50",
            "congestionCar": [
              12,
              19,
              27,
              21,
              21,
              18,
              19,
              15,
              17,
              11
            ]
          }
        ]
      },
      {
        "startStationCode": "202",
        "startStationName": "을지로입구역",
        "endStationCode": "211-R",
        "endStationName": "성수역",
        "prevStationCode": "239",
        "prevStationName": "홍대입구역",
        "updnLine": 0,
        "directAt": 0,
        "data": [
          {
            "dow": "MON",
            "hh": "13",
            "mm": "00",
            "congestionCar": [
              21,
              23,
              25,
              28,
              23,
              18,
              24,
              16,
              19,
              13
            ]
          },
          {
            "dow": "MON",
            "hh": "13",
            "mm": "10",
            "congestionCar": [
              15,
              23,
              31,
              27,
              29,
              24,
              24,
              21,
              19,
              17
            ]
          },
          {
            "dow": "MON",
            "hh": "13",
            "mm": "20",
            "congestionCar": [
              14,
              20,
              22,
              24,
              22,
              21,
              23,
              20,
              13,
              10
            ]
          },
          {
            "dow": "MON",
            "hh": "13",
            "mm": "30",
            "congestionCar": [
              13,
              17,
              22,
              20,
              19,
              16,
              20,
              17,
              14,
              12
            ]
          },
          {
            "dow": "MON",
            "hh": "13",
            "mm": "40",
            "congestionCar": [
              14,
              18,
              24,
              27,
              20,
              20,
              22,
              21,
              15,
              10
            ]
          },
          {
            "dow": "MON",
            "hh": "13",
            "mm": "50",
            "congestionCar": [
              12,
              19,
              27,
              21,
              21,
              18,
              19,
              15,
              17,
              11
            ]
          }
        ]
      },
      {
        "startStationCode": "211",
        "startStationName": "성수역",
        "endStationCode": "202",
        "endStationName": "을지로입구역",
        "prevStationCode": "237",
        "prevStationName": "당산역",
        "updnLine": 1,
        "directAt": 0,
        "data": [
          {
            "dow": "MON",
            "hh": "13",
            "mm": "00",
            "congestionCar": [
              35,
              28,
              30,
              36,
              40,
              43,
              35,
              35,
              30,
              28
            ]
          },
          {
            "dow": "MON",
            "hh": "13",
            "mm": "10",
            "congestionCar": [
              37,
              37,
              36,
              49,
              47,
              48,
              45,
              42,
              37,
              32
            ]
          },
          {
            "dow": "MON",
            "hh": "13",
            "mm": "20",
            "congestionCar": [
              29,
              29,
              30,
              34,
              41,
              41,
              44,
              36,
              30,
              26
            ]
          },
          {
            "dow": "MON",
            "hh": "13",
            "mm": "30",
            "congestionCar": [
              34,
              33,
              36,
              47,
              37,
              44,
              41,
              41,
              33,
              33
            ]
          },
          {
            "dow": "MON",
            "hh": "13",
            "mm": "40",
            "congestionCar": [
              24,
              29,
              28,
              32,
              37,
              39,
              40,
              33,
              30,
              29
            ]
          },
          {
            "dow": "MON",
            "hh": "13",
            "mm": "50",
            "congestionCar": [
              21,
              17,
              22,
              24,
              30,
              30,
              26,
              27,
              22,
              21
            ]
          }
        ]
      },
      {
        "startStationCode": "211",
        "startStationName": "성수역",
        "endStationCode": "211",
        "endStationName": "성수역",
        "prevStationCode": "239",
        "prevStationName": "홍대입구역",
        "updnLine": 0,
        "directAt": 0,
        "data": [
          {
            "dow": "MON",
            "hh": "13",
            "mm": "00",
            "congestionCar": [
              21,
              23,
              25,
              28,
              23,
              18,
              24,
              16,
              19,
              13
            ]
          },
          {
            "dow": "MON",
            "hh": "13",
            "mm": "10",
            "congestionCar": [
              15,
              23,
              31,
              27,
              29,
              24,
              24,
              21,
              19,
              17
            ]
          },
          {
            "dow": "MON",
            "hh": "13",
            "mm": "20",
            "congestionCar": [
              14,
              20,
              22,
              24,
              22,
              21,
              23,
              20,
              13,
              10
            ]
          },
          {
            "dow": "MON",
            "hh": "13",
            "mm": "30",
            "congestionCar": [
              13,
              17,
              22,
              20,
              19,
              16,
              20,
              17,
              14,
              12
            ]
          },
          {
            "dow": "MON",
            "hh": "13",
            "mm": "40",
            "congestionCar": [
              14,
              18,
              24,
              27,
              20,
              20,
              22,
              21,
              15,
              10
            ]
          },
          {
            "dow": "MON",
            "hh": "13",
            "mm": "50",
            "congestionCar": [
              12,
              19,
              27,
              21,
              21,
              18,
              19,
              15,
              17,
              11
            ]
          }
        ]
      },
      {
        "startStationCode": "211",
        "startStationName": "성수역",
        "endStationCode": "211",
        "endStationName": "성수역",
        "prevStationCode": "237",
        "prevStationName": "당산역",
        "updnLine": 1,
        "directAt": 0,
        "data": [
          {
            "dow": "MON",
            "hh": "13",
            "mm": "00",
            "congestionCar": [
              35,
              28,
              30,
              36,
              40,
              43,
              35,
              35,
              30,
              28
            ]
          },
          {
            "dow": "MON",
            "hh": "13",
            "mm": "10",
            "congestionCar": [
              37,
              37,
              36,
              49,
              47,
              48,
              45,
              42,
              37,
              32
            ]
          },
          {
            "dow": "MON",
            "hh": "13",
            "mm": "20",
            "congestionCar": [
              29,
              29,
              30,
              34,
              41,
              41,
              44,
              36,
              30,
              26
            ]
          },
          {
            "dow": "MON",
            "hh": "13",
            "mm": "30",
            "congestionCar": [
              34,
              33,
              36,
              47,
              37,
              44,
              41,
              41,
              33,
              33
            ]
          },
          {
            "dow": "MON",
            "hh": "13",
            "mm": "40",
            "congestionCar": [
              24,
              29,
              28,
              32,
              37,
              39,
              40,
              33,
              30,
              29
            ]
          },
          {
            "dow": "MON",
            "hh": "13",
            "mm": "50",
            "congestionCar": [
              21,
              17,
              22,
              24,
              30,
              30,
              26,
              27,
              22,
              21
            ]
          }
        ]
      },
      {
        "startStationCode": "211",
        "startStationName": "성수역",
        "endStationCode": "211-R",
        "endStationName": "성수역",
        "prevStationCode": "239",
        "prevStationName": "홍대입구역",
        "updnLine": 0,
        "directAt": 0,
        "data": [
          {
            "dow": "MON",
            "hh": "13",
            "mm": "00",
            "congestionCar": [
              23,
              25,
              28,
              31,
              26,
              20,
              27,
              17,
              20,
              14
            ]
          },
          {
            "dow": "MON",
            "hh": "13",
            "mm": "10",
            "congestionCar": [
              16,
              25,
              33,
              30,
              31,
              27,
              26,
              23,
              21,
              18
            ]
          },
          {
            "dow": "MON",
            "hh": "13",
            "mm": "20",
            "congestionCar": [
              15,
              22,
              25,
              26,
              25,
              23,
              25,
              22,
              15,
              12
            ]
          },
          {
            "dow": "MON",
            "hh": "13",
            "mm": "30",
            "congestionCar": [
              13,
              18,
              24,
              21,
              20,
              17,
              21,
              18,
              15,
              13
            ]
          },
          {
            "dow": "MON",
            "hh": "13",
            "mm": "40",
            "congestionCar": [
              14,
              18,
              24,
              27,
              20,
              20,
              22,
              21,
              15,
              10
            ]
          },
          {
            "dow": "MON",
            "hh": "13",
            "mm": "50",
            "congestionCar": [
              13,
              20,
              29,
              22,
              22,
              19,
              21,
              16,
              17,
              12
            ]
          }
        ]
      },
      {
        "startStationCode": "211",
        "startStationName": "성수역",
        "endStationCode": "211-R",
        "endStationName": "성수역",
        "prevStationCode": "237",
        "prevStationName": "당산역",
        "updnLine": 1,
        "directAt": 0,
        "data": [
          {
            "dow": "MON",
            "hh": "13",
            "mm": "00",
            "congestionCar": [
              35,
              28,
              30,
              36,
              40,
              43,
              35,
              35,
              30,
              28
            ]
          },
          {
            "dow": "MON",
            "hh": "13",
            "mm": "10",
            "congestionCar": [
              37,
              37,
              36,
              49,
              47,
              48,
              45,
              42,
              37,
              32
            ]
          },
          {
            "dow": "MON",
            "hh": "13",
            "mm": "20",
            "congestionCar": [
              29,
              29,
              30,
              34,
              41,
              41,
              44,
              36,
              30,
              26
            ]
          },
          {
            "dow": "MON",
            "hh": "13",
            "mm": "30",
            "congestionCar": [
              37,
              36,
              38,
              51,
              40,
              47,
              44,
              44,
              36,
              36
            ]
          },
          {
            "dow": "MON",
            "hh": "13",
            "mm": "40",
            "congestionCar": [
              26,
              30,
              30,
              34,
              39,
              41,
              42,
              35,
              32,
              30
            ]
          },
          {
            "dow": "MON",
            "hh": "13",
            "mm": "50",
            "congestionCar": [
              22,
              19,
              24,
              26,
              33,
              33,
              28,
              29,
              23,
              23
            ]
          }
        ]
      },
      {
        "startStationCode": "211",
        "startStationName": "성수역",
        "endStationCode": "219",
        "endStationName": "삼성역",
        "prevStationCode": "239",
        "prevStationName": "홍대입구역",
        "updnLine": 0,
        "directAt": 0,
        "data": [
          {
            "dow": "MON",
            "hh": "13",
            "mm": "00",
            "congestionCar": [
              21,
              23,
              25,
              28,
              23,
              18,
              24,
              16,
              19,
              13
            ]
          },
          {
            "dow": "MON",
            "hh": "13",
            "mm": "10",
            "congestionCar": [
              15,
              23,
              31,
              27,
              29,
              24,
              24,
              21,
              19,
              17
            ]
          },
          {
            "dow": "MON",
            "hh": "13",
            "mm": "20",
            "congestionCar": [
              14,
              20,
              22,
              24,
              22,
              21,
              23,
              20,
              13,
              10
            ]
          },
          {
            "dow": "MON",
            "hh": "13",
            "mm": "30",
            "congestionCar": [
              13,
              17,
              22,
              20,
              19,
              16,
              20,
              17,
              14,
              12
            ]
          },
          {
            "dow": "MON",
            "hh": "13",
            "mm": "40",
            "congestionCar": [
              14,
              18,
              24,
              27,
              20,
              20,
              22,
              21,
              15,
              10
            ]
          },
          {
            "dow": "MON",
            "hh": "13",
            "mm": "50",
            "congestionCar": [
              12,
              19,
              27,
              21,
              21,
              18,
              19,
              15,
              17,
              11
            ]
          }
        ]
      },
      {
        "startStationCode": "211",
        "startStationName": "성수역",
        "endStationCode": "228",
        "endStationName": "서울대입구역",
        "prevStationCode": "239",
        "prevStationName": "홍대입구역",
        "updnLine": 0,
        "directAt": 0,
        "data": [
          {
            "dow": "MON",
            "hh": "13",
            "mm": "00",
            "congestionCar": [
              21,
              23,
              25,
              28,
              23,
              18,
              24,
              16,
              19,
              13
            ]
          },
          {
            "dow": "MON",
            "hh": "13",
            "mm": "10",
            "congestionCar": [
              15,
              23,
              31,
              27,
              29,
              24,
              24,
              21,
              19,
              17
            ]
          },
          {
            "dow": "MON",
            "hh": "13",
            "mm": "20",
            "congestionCar": [
              14,
              20,
              22,
              24,
              22,
              21,
              23,
              20,
              13,
              10
            ]
          },
          {
            "dow": "MON",
            "hh": "13",
            "mm": "30",
            "congestionCar": [
              13,
              17,
              22,
              20,
              19,
              16,
              20,
              17,
              14,
              12
            ]
          },
          {
            "dow": "MON",
            "hh": "13",
            "mm": "40",
            "congestionCar": [
              14,
              18,
              24,
              27,
              20,
              20,
              22,
              21,
              15,
              10
            ]
          },
          {
            "dow": "MON",
            "hh": "13",
            "mm": "50",
            "congestionCar": [
              12,
              19,
              27,
              21,
              21,
              18,
              19,
              15,
              17,
              11
            ]
          }
        ]
      },
      {
        "startStationCode": "211",
        "startStationName": "성수역",
        "endStationCode": "234",
        "endStationName": "신도림역",
        "prevStationCode": "239",
        "prevStationName": "홍대입구역",
        "updnLine": 0,
        "directAt": 0,
        "data": [
          {
            "dow": "MON",
            "hh": "13",
            "mm": "00",
            "congestionCar": [
              21,
              23,
              25,
              28,
              23,
              18,
              24,
              16,
              19,
              13
            ]
          },
          {
            "dow": "MON",
            "hh": "13",
            "mm": "10",
            "congestionCar": [
              15,
              23,
              31,
              27,
              29,
              24,
              24,
              21,
              19,
              17
            ]
          },
          {
            "dow": "MON",
            "hh": "13",
            "mm": "20",
            "congestionCar": [
              14,
              20,
              22,
              24,
              22,
              21,
              23,
              20,
              13,
              10
            ]
          },
          {
            "dow": "MON",
            "hh": "13",
            "mm": "30",
            "congestionCar": [
              13,
              17,
              22,
              20,
              19,
              16,
              20,
              17,
              14,
              12
            ]
          },
          {
            "dow": "MON",
            "hh": "13",
            "mm": "40",
            "congestionCar": [
              14,
              18,
              24,
              27,
              20,
              20,
              22,
              21,
              15,
              10
            ]
          },
          {
            "dow": "MON",
            "hh": "13",
            "mm": "50",
            "congestionCar": [
              12,
              19,
              27,
              21,
              21,
              18,
              19,
              15,
              17,
              11
            ]
          }
        ]
      },
      {
        "startStationCode": "211",
        "startStationName": "성수역",
        "endStationCode": "239",
        "endStationName": "홍대입구역",
        "prevStationCode": "237",
        "prevStationName": "당산역",
        "updnLine": 1,
        "directAt": 0,
        "data": [
          {
            "dow": "MON",
            "hh": "13",
            "mm": "00",
            "congestionCar": [
              35,
              28,
              30,
              36,
              40,
              43,
              35,
              35,
              30,
              28
            ]
          },
          {
            "dow": "MON",
            "hh": "13",
            "mm": "10",
            "congestionCar": [
              37,
              37,
              36,
              49,
              47,
              48,
              45,
              42,
              37,
              32
            ]
          },
          {
            "dow": "MON",
            "hh": "13",
            "mm": "20",
            "congestionCar": [
              29,
              29,
              30,
              34,
              41,
              41,
              44,
              36,
              30,
              26
            ]
          },
          {
            "dow": "MON",
            "hh": "13",
            "mm": "30",
            "congestionCar": [
              34,
              33,
              36,
              47,
              37,
              44,
              41,
              41,
              33,
              33
            ]
          },
          {
            "dow": "MON",
            "hh": "13",
            "mm": "40",
            "congestionCar": [
              24,
              29,
              28,
              32,
              37,
              39,
              40,
              33,
              30,
              29
            ]
          },
          {
            "dow": "MON",
            "hh": "13",
            "mm": "50",
            "congestionCar": [
              21,
              17,
              22,
              24,
              30,
              30,
              26,
              27,
              22,
              21
            ]
          }
        ]
      },
      {
        "startStationCode": "219",
        "startStationName": "삼성역",
        "endStationCode": "211-R",
        "endStationName": "성수역",
        "prevStationCode": "237",
        "prevStationName": "당산역",
        "updnLine": 1,
        "directAt": 0,
        "data": [
          {
            "dow": "MON",
            "hh": "13",
            "mm": "00",
            "congestionCar": [
              35,
              28,
              30,
              36,
              40,
              43,
              35,
              35,
              30,
              28
            ]
          },
          {
            "dow": "MON",
            "hh": "13",
            "mm": "10",
            "congestionCar": [
              37,
              37,
              36,
              49,
              47,
              48,
              45,
              42,
              37,
              32
            ]
          },
          {
            "dow": "MON",
            "hh": "13",
            "mm": "20",
            "congestionCar": [
              29,
              29,
              30,
              34,
              41,
              41,
              44,
              36,
              30,
              26
            ]
          },
          {
            "dow": "MON",
            "hh": "13",
            "mm": "30",
            "congestionCar": [
              34,
              33,
              36,
              47,
              37,
              44,
              41,
              41,
              33,
              33
            ]
          },
          {
            "dow": "MON",
            "hh": "13",
            "mm": "40",
            "congestionCar": [
              24,
              29,
              28,
              32,
              37,
              39,
              40,
              33,
              30,
              29
            ]
          },
          {
            "dow": "MON",
            "hh": "13",
            "mm": "50",
            "congestionCar": [
              21,
              17,
              22,
              24,
              30,
              30,
              26,
              27,
              22,
              21
            ]
          }
        ]
      },
      {
        "startStationCode": "228",
        "startStationName": "서울대입구역",
        "endStationCode": "211",
        "endStationName": "성수역",
        "prevStationCode": "237",
        "prevStationName": "당산역",
        "updnLine": 1,
        "directAt": 0,
        "data": [
          {
            "dow": "MON",
            "hh": "13",
            "mm": "00",
            "congestionCar": [
              35,
              28,
              30,
              36,
              40,
              43,
              35,
              35,
              30,
              28
            ]
          },
          {
            "dow": "MON",
            "hh": "13",
            "mm": "10",
            "congestionCar": [
              37,
              37,
              36,
              49,
              47,
              48,
              45,
              42,
              37,
              32
            ]
          },
          {
            "dow": "MON",
            "hh": "13",
            "mm": "20",
            "congestionCar": [
              29,
              29,
              30,
              34,
              41,
              41,
              44,
              36,
              30,
              26
            ]
          },
          {
            "dow": "MON",
            "hh": "13",
            "mm": "30",
            "congestionCar": [
              34,
              33,
              36,
              47,
              37,
              44,
              41,
              41,
              33,
              33
            ]
          },
          {
            "dow": "MON",
            "hh": "13",
            "mm": "40",
            "congestionCar": [
              24,
              29,
              28,
              32,
              37,
              39,
              40,
              33,
              30,
              29
            ]
          },
          {
            "dow": "MON",
            "hh": "13",
            "mm": "50",
            "congestionCar": [
              21,
              17,
              22,
              24,
              30,
              30,
              26,
              27,
              22,
              21
            ]
          }
        ]
      },
      {
        "startStationCode": "228",
        "startStationName": "서울대입구역",
        "endStationCode": "211-R",
        "endStationName": "성수역",
        "prevStationCode": "237",
        "prevStationName": "당산역",
        "updnLine": 1,
        "directAt": 0,
        "data": [
          {
            "dow": "MON",
            "hh": "13",
            "mm": "00",
            "congestionCar": [
              35,
              28,
              30,
              36,
              40,
              43,
              35,
              35,
              30,
              28
            ]
          },
          {
            "dow": "MON",
            "hh": "13",
            "mm": "10",
            "congestionCar": [
              37,
              37,
              36,
              49,
              47,
              48,
              45,
              42,
              37,
              32
            ]
          },
          {
            "dow": "MON",
            "hh": "13",
            "mm": "20",
            "congestionCar": [
              29,
              29,
              30,
              34,
              41,
              41,
              44,
              36,
              30,
              26
            ]
          },
          {
            "dow": "MON",
            "hh": "13",
            "mm": "30",
            "congestionCar": [
              34,
              33,
              36,
              47,
              37,
              44,
              41,
              41,
              33,
              33
            ]
          },
          {
            "dow": "MON",
            "hh": "13",
            "mm": "40",
            "congestionCar": [
              24,
              29,
              28,
              32,
              37,
              39,
              40,
              33,
              30,
              29
            ]
          },
          {
            "dow": "MON",
            "hh": "13",
            "mm": "50",
            "congestionCar": [
              21,
              17,
              22,
              24,
              30,
              30,
              26,
              27,
              22,
              21
            ]
          }
        ]
      },
      {
        "startStationCode": "234",
        "startStationName": "신도림역",
        "endStationCode": "211",
        "endStationName": "성수역",
        "prevStationCode": "237",
        "prevStationName": "당산역",
        "updnLine": 1,
        "directAt": 0,
        "data": [
          {
            "dow": "MON",
            "hh": "13",
            "mm": "00",
            "congestionCar": [
              35,
              28,
              30,
              36,
              40,
              43,
              35,
              35,
              30,
              28
            ]
          },
          {
            "dow": "MON",
            "hh": "13",
            "mm": "10",
            "congestionCar": [
              37,
              37,
              36,
              49,
              47,
              48,
              45,
              42,
              37,
              32
            ]
          },
          {
            "dow": "MON",
            "hh": "13",
            "mm": "20",
            "congestionCar": [
              29,
              29,
              30,
              34,
              41,
              41,
              44,
              36,
              30,
              26
            ]
          },
          {
            "dow": "MON",
            "hh": "13",
            "mm": "30",
            "congestionCar": [
              34,
              33,
              36,
              47,
              37,
              44,
              41,
              41,
              33,
              33
            ]
          },
          {
            "dow": "MON",
            "hh": "13",
            "mm": "40",
            "congestionCar": [
              24,
              29,
              28,
              32,
              37,
              39,
              40,
              33,
              30,
              29
            ]
          },
          {
            "dow": "MON",
            "hh": "13",
            "mm": "50",
            "congestionCar": [
              21,
              17,
              22,
              24,
              30,
              30,
              26,
              27,
              22,
              21
            ]
          }
        ]
      },
      {
        "startStationCode": "234",
        "startStationName": "신도림역",
        "endStationCode": "211-R",
        "endStationName": "성수역",
        "prevStationCode": "237",
        "prevStationName": "당산역",
        "updnLine": 1,
        "directAt": 0,
        "data": [
          {
            "dow": "MON",
            "hh": "13",
            "mm": "00",
            "congestionCar": [
              35,
              28,
              30,
              36,
              40,
              43,
              35,
              35,
              30,
              28
            ]
          },
          {
            "dow": "MON",
            "hh": "13",
            "mm": "10",
            "congestionCar": [
              37,
              37,
              36,
              49,
              47,
              48,
              45,
              42,
              37,
              32
            ]
          },
          {
            "dow": "MON",
            "hh": "13",
            "mm": "20",
            "congestionCar": [
              29,
              29,
              30,
              34,
              41,
              41,
              44,
              36,
              30,
              26
            ]
          },
          {
            "dow": "MON",
            "hh": "13",
            "mm": "30",
            "congestionCar": [
              34,
              33,
              36,
              47,
              37,
              44,
              41,
              41,
              33,
              33
            ]
          },
          {
            "dow": "MON",
            "hh": "13",
            "mm": "40",
            "congestionCar": [
              24,
              29,
              28,
              32,
              37,
              39,
              40,
              33,
              30,
              29
            ]
          },
          {
            "dow": "MON",
            "hh": "13",
            "mm": "50",
            "congestionCar": [
              21,
              17,
              22,
              24,
              30,
              30,
              26,
              27,
              22,
              21
            ]
          }
        ]
      },
      {
        "startStationCode": "239",
        "startStationName": "홍대입구역",
        "endStationCode": "211",
        "endStationName": "성수역",
        "prevStationCode": "239",
        "prevStationName": "홍대입구역",
        "updnLine": 0,
        "directAt": 0,
        "data": [
          {
            "dow": "MON",
            "hh": "13",
            "mm": "00",
            "congestionCar": [
              21,
              23,
              25,
              28,
              23,
              18,
              24,
              16,
              19,
              13
            ]
          },
          {
            "dow": "MON",
            "hh": "13",
            "mm": "10",
            "congestionCar": [
              15,
              23,
              31,
              27,
              29,
              24,
              24,
              21,
              19,
              17
            ]
          },
          {
            "dow": "MON",
            "hh": "13",
            "mm": "20",
            "congestionCar": [
              14,
              20,
              22,
              24,
              22,
              21,
              23,
              20,
              13,
              10
            ]
          },
          {
            "dow": "MON",
            "hh": "13",
            "mm": "30",
            "congestionCar": [
              13,
              17,
              22,
              20,
              19,
              16,
              20,
              17,
              14,
              12
            ]
          },
          {
            "dow": "MON",
            "hh": "13",
            "mm": "40",
            "congestionCar": [
              14,
              18,
              24,
              27,
              20,
              20,
              22,
              21,
              15,
              10
            ]
          },
          {
            "dow": "MON",
            "hh": "13",
            "mm": "50",
            "congestionCar": [
              12,
              19,
              27,
              21,
              21,
              18,
              19,
              15,
              17,
              11
            ]
          }
        ]
      },
      {
        "startStationCode": "239",
        "startStationName": "홍대입구역",
        "endStationCode": "211-R",
        "endStationName": "성수역",
        "prevStationCode": "239",
        "prevStationName": "홍대입구역",
        "updnLine": 0,
        "directAt": 0,
        "data": [
          {
            "dow": "MON",
            "hh": "13",
            "mm": "00",
            "congestionCar": [
              21,
              23,
              25,
              28,
              23,
              18,
              24,
              16,
              19,
              13
            ]
          },
          {
            "dow": "MON",
            "hh": "13",
            "mm": "10",
            "congestionCar": [
              15,
              23,
              31,
              27,
              29,
              24,
              24,
              21,
              19,
              17
            ]
          },
          {
            "dow": "MON",
            "hh": "13",
            "mm": "20",
            "congestionCar": [
              14,
              20,
              22,
              24,
              22,
              21,
              23,
              20,
              13,
              10
            ]
          },
          {
            "dow": "MON",
            "hh": "13",
            "mm": "30",
            "congestionCar": [
              13,
              17,
              22,
              20,
              19,
              16,
              20,
              17,
              14,
              12
            ]
          },
          {
            "dow": "MON",
            "hh": "13",
            "mm": "40",
            "congestionCar": [
              14,
              18,
              24,
              27,
              20,
              20,
              22,
              21,
              15,
              10
            ]
          },
          {
            "dow": "MON",
            "hh": "13",
            "mm": "50",
            "congestionCar": [
              12,
              19,
              27,
              21,
              21,
              18,
              19,
              15,
              17,
              11
            ]
          }
        ]
      }
    ],
    "statStartDate": "20230924",
    "statEndDate": "20231223"
  }
}