{
  "status": {
    "code": "00",
    "message": "success",
    "totalCount": 1
  },
  "contents": {
    "subwayLine": "2호선",
    "stationName": "성수역",
    "stationCode": "211",
    "stat": [
      {
        "startStationCode": "202",
        "startStationName": "을지로입구역",
        "endStationCode": "211",
        "endStationName": "성수역",
        "prevStationCode": "212",
        "prevStationName": "건대입구역",
        "updnLine": 0,
        "directAt": 0,
        "data": [
          {
            "dow": "WED",
            "hh": "13",
            "mm": "00",
            "congestionCar": [
              22,
              27,
              29,
              27,
              28,
              27,
              28,
              26,
              19,
              18
            ]
          },
          {
            "dow": "WED",
            "hh": "13",
            "mm": "10",
            "congestionCar": [
              21,
              29,
              29,
              31,
              30,
              29,
              24,
              21,
              19,
              17
            ]
          },
          {
            "dow": "WED",
            "hh": "13",
            "mm": "20",
            "congestionCar": [
              24,
              26,
              33,
              31,
              31,
              34,
              30,
              28,
              22,
              21
            ]
          },
          {
            "dow": "WED",
            "hh": "13",
            "mm": "30",
            "congestionCar": [
              17,
              30,
              31,
              29,
              33,
              33,
              31,
              29,
              23,
              22
            ]
          },
          {
            "dow": "WED",
            "hh": "13",
            "mm": "40",
            "congestionCar": [
              21,
              27,
              33,
              28,
              33,
              30,
              31,
              22,
              22,
              24
            ]
          },
          {
            "dow": "WED",
            "hh": "13",
            "mm": "50",
            "congestionCar": [
              20,
              28,
              29,
              30,
              28,
              27,
              29,
              27,
              21,
              21
            ]
          }
        ]
      },
      {
        "startStationCode": "202",
        "startStationName": "을지로입구역",
        "endStationCode": "211",
        "endStationName": "성수역",
        "prevStationCode": "210",
        "prevStationName": "뚝섬역",
        "updnLine": 1,
        "directAt": 0,
        "data": [
          {
            "dow": "WED",
            "hh": "13",
            "mm": "00",
            "congestionCar": [
              23,
              24,
              32,
              30,
              28,
              32,
              25,
              27,
              19,
              19
            ]
          },
          {
            "dow": "WED",
            "hh": "13",
            "mm": "10",
            "congestionCar": [
              26,
              27,
              31,
              37,
              33,
              28,
              31,
              33,
              26,
              27
            ]
          },
          {
            "dow": "WED",
            "hh": "13",
            "mm": "20",
            "congestionCar": [
              39,
              32,
              46,
              45,
              39,
              45,
              45,
              41,
              27,
              31
            ]
          },
          {
            "dow": "WED",
            "hh": "13",
            "mm": "30",
            "congestionCar": [
              33,
              34,
              44,
              45,
              34,
              41,
              33,
              31,
              26,
              28
            ]
          },
          {
            "dow": "WED",
            "hh": "13",
            "mm": "40",
            "congestionCar": [
              28,
              38,
              44,
              49,
              45,
              39,
              40,
              33,
              27,
              28
            ]
          },
          {
            "dow": "WED",
            "hh": "13",
            "mm": "50",
            "congestionCar": [
              28,
              27,
              40,
              37,
              37,
              31,
              33,
              32,
              22,
              23
            ]
          }
        ]
      },
      {
        "startStationCode": "202",
        "startStationName": "을지로입구역",
        "endStationCode": "211-R",
        "endStationName": "성수역",
        "prevStationCode": "212",
        "prevStationName": "건대입구역",
        "updnLine": 0,
        "directAt": 0,
        "data": [
          {
            "dow": "WED",
            "hh": "13",
            "mm": "00",
            "congestionCar": [
              22,
              27,
              29,
              27,
              28,
              27,
              28,
              26,
              19,
              18
            ]
          },
          {
            "dow": "WED",
            "hh": "13",
            "mm": "10",
            "congestionCar": [
              21,
              29,
              29,
              31,
              30,
              29,
              24,
              21,
              19,
              17
            ]
          },
          {
            "dow": "WED",
            "hh": "13",
            "mm": "20",
            "congestionCar": [
              24,
              26,
              33,
              31,
              31,
              34,
              30,
              28,
              22,
              21
            ]
          },
          {
            "dow": "WED",
            "hh": "13",
            "mm": "30",
            "congestionCar": [
              17,
              30,
              31,
              29,
              33,
              33,
              31,
              29,
              23,
              22
            ]
          },
          {
            "dow": "WED",
            "hh": "13",
            "mm": "40",
            "congestionCar": [
              21,
              27,
              33,
              28,
              33,
              30,
              31,
              22,
              22,
              24
            ]
          },
          {
            "dow": "WED",
            "hh": "13",
            "mm": "50",
            "congestionCar": [
              20,
              28,
              29,
              30,
              28,
              27,
              29,
              27,
              21,
              21
            ]
          }
        ]
      },
      {
        "startStationCode": "202",
        "startStationName": "을지로입구역",
        "endStationCode": "211-R",
        "endStationName": "성수역",
        "prevStationCode": "210",
        "prevStationName": "뚝섬역",
        "updnLine": 1,
        "directAt": 0,
        "data": [
          {
            "dow": "WED",
            "hh": "13",
            "mm": "00",
            "congestionCar": [
              23,
              24,
              32,
              30,
              28,
              32,
              25,
              27,
              19,
              19
            ]
          },
          {
            "dow": "WED",
            "hh": "13",
            "mm": "10",
            "congestionCar": [
              26,
              27,
              31,
              37,
              33,
              28,
              31,
              33,
              26,
              27
            ]
          },
          {
            "dow": "WED",
            "hh": "13",
            "mm": "20",
            "congestionCar": [
              39,
              32,
              46,
              45,
              39,
              45,
              45,
              41,
              27,
              31
            ]
          },
          {
            "dow": "WED",
            "hh": "13",
            "mm": "30",
            "congestionCar": [
              33,
              34,
              44,
              45,
              34,
              41,
              33,
              31,
              26,
              28
            ]
          },
          {
            "dow": "WED",
            "hh": "13",
            "mm": "40",
            "congestionCar": [
              28,
              38,
              44,
              49,
              45,
              39,
              40,
              33,
              27,
              28
            ]
          },
          {
            "dow": "WED",
            "hh": "13",
            "mm": "50",
            "congestionCar": [
              28,
              27,
              40,
              37,
              37,
              31,
              33,
              32,
              22,
              23
            ]
          }
        ]
      },
      {
        "startStationCode": "211",
        "startStationName": "성수역",
        "endStationCode": "211",
        "endStationName": "성수역",
        "prevStationCode": "212",
        "prevStationName": "건대입구역",
        "updnLine": 0,
        "directAt": 0,
        "data": [
          {
            "dow": "WED",
            "hh": "13",
            "mm": "00",
            "congestionCar": [
              22,
              27,
              29,
              27,
              28,
              27,
              28,
              26,
              19,
              18
            ]
          },
          {
            "dow": "WED",
            "hh": "13",
            "mm": "10",
            "congestionCar": [
              21,
              29,
              29,
              31,
              30,
              29,
              24,
              21,
              19,
              17
            ]
          },
          {
            "dow": "WED",
            "hh": "13",
            "mm": "20",
            "congestionCar": [
              24,
              26,
              33,
              31,
              31,
              34,
              30,
              28,
              22,
              21
            ]
          },
          {
            "dow": "WED",
            "hh": "13",
            "mm": "30",
            "congestionCar": [
              17,
              30,
              31,
              29,
              33,
              33,
              31,
              29,
              23,
              22
            ]
          },
          {
            "dow": "WED",
            "hh": "13",
            "mm": "40",
            "congestionCar": [
              21,
              27,
              33,
              28,
              33,
              30,
              31,
              22,
              22,
              24
            ]
          },
          {
            "dow": "WED",
            "hh": "13",
            "mm": "50",
            "congestionCar": [
              20,
              28,
              29,
              30,
              28,
              27,
              29,
              27,
              21,
              21
            ]
          }
        ]
      },
      {
        "startStationCode": "211",
        "startStationName": "성수역",
        "endStationCode": "211",
        "endStationName": "성수역",
        "prevStationCode": "210",
        "prevStationName": "뚝섬역",
        "updnLine": 1,
        "directAt": 0,
        "data": [
          {
            "dow": "WED",
            "hh": "13",
            "mm": "00",
            "congestionCar": [
              23,
              24,
              32,
              30,
              28,
              32,
              25,
              27,
              19,
              19
            ]
          },
          {
            "dow": "WED",
            "hh": "13",
            "mm": "10",
            "congestionCar": [
              26,
              27,
              31,
              37,
              33,
              28,
              31,
              33,
              26,
              27
            ]
          },
          {
            "dow": "WED",
            "hh": "13",
            "mm": "20",
            "congestionCar": [
              39,
              32,
              46,
              45,
              39,
              45,
              45,
              41,
              27,
              31
            ]
          },
          {
            "dow": "WED",
            "hh": "13",
            "mm": "30",
            "congestionCar": [
              33,
              34,
              44,
              45,
              34,
              41,
              33,
              31,
              26,
              28
            ]
          },
          {
            "dow": "WED",
            "hh": "13",
            "mm": "40",
            "congestionCar": [
              28,
              38,
              44,
              49,
              45,
              39,
              40,
              33,
              27,
              28
            ]
          },
          {
            "dow": "WED",
            "hh": "13",
            "mm": "50",
            "congestionCar": [
              28,
              27,
              40,
              37,
              37,
              31,
              33,
              32,
              22,
              23
            ]
          }
        ]
      },
      {
        "startStationCode": "211",
        "startStationName": "성수역",
        "endStationCode": "211-R",
        "endStationName": "성수역",
        "prevStationCode": "212",
        "prevStationName": "건대입구역",
        "updnLine": 0,
        "directAt": 0,
        "data": [
          {
            "dow": "WED",
            "hh": "13",
            "mm": "00",
            "congestionCar": [
              22,
              28,
              31,
              28,
              29,
              28,
              29,
              27,
              19,
              19
            ]
          },
          {
            "dow": "WED",
            "hh": "13",
            "mm": "10",
            "congestionCar": [
              21,
              29,
              29,
              31,
              30,
              29,
              24,
              21,
              19,
              17
            ]
          },
          {
            "dow": "WED",
            "hh": "13",
            "mm": "20",
            "congestionCar": [
              24,
              26,
              33,
              31,
              31,
              34,
              30,
              28,
              22,
              21
            ]
          },
          {
            "dow": "WED",
            "hh": "13",
            "mm": "30",
            "congestionCar": [
              17,
              30,
              31,
              29,
              33,
              33,
              31,
              29,
              23,
              22
            ]
          },
          {
            "dow": "WED",
            "hh": "13",
            "mm": "40",
            "congestionCar": [
              22,
              29,
              36,
              30,
              35,
              32,
              33,
              23,
              24,
              26
            ]
          },
          {
            "dow": "WED",
            "hh": "13",
            "mm": "50",
            "congestionCar": [
              22,
              30,
              32,
              32,
              30,
              29,
              31,
              29,
              23,
              23
            ]
          }
        ]
      },
      {
        "startStationCode": "211",
        "startStationName": "성수역",
        "endStationCode": "211-R",
        "endStationName": "성수역",
        "prevStationCode": "210",
        "prevStationName": "뚝섬역",
        "updnLine": 1,
        "directAt": 0,
        "data": [
          {
            "dow": "WED",
            "hh": "13",
            "mm": "00",
            "congestionCar": [
              26,
              27,
              35,
              33,
              32,
              35,
              28,
              31,
              21,
              22
            ]
          },
          {
            "dow": "WED",
            "hh": "13",
            "mm": "10",
            "congestionCar": [
              28,
              29,
              33,
              40,
              35,
              30,
              33,
              35,
              28,
              29
            ]
          },
          {
            "dow": "WED",
            "hh": "13",
            "mm": "20",
            "congestionCar": [
              39,
              32,
              46,
              45,
              39,
              45,
              45,
              41,
              27,
              31
            ]
          },
          {
            "dow": "WED",
            "hh": "13",
            "mm": "30",
            "congestionCar": [
              33,
              34,
              44,
              45,
              34,
              41,
              33,
              31,
              26,
              28
            ]
          },
          {
            "dow": "WED",
            "hh": "13",
            "mm": "40",
            "congestionCar": [
              28,
              38,
              44,
              49,
              45,
              39,
              40,
              33,
              27,
              28
            ]
          },
          {
            "dow": "WED",
            "hh": "13",
            "mm": "50",
            "congestionCar": [
              28,
              27,
              40,
              37,
              37,
              31,
              33,
              32,
              22,
              23
            ]
          }
        ]
      },
      {
        "startStationCode": "219",
        "startStationName": "삼성역",
        "endStationCode": "211-R",
        "endStationName": "성수역",
        "prevStationCode": "212",
        "prevStationName": "건대입구역",
        "updnLine": 0,
        "directAt": 0,
        "data": [
          {
            "dow": "WED",
            "hh": "13",
            "mm": "00",
            "congestionCar": [
              22,
              27,
              29,
              27,
              28,
              27,
              28,
              26,
              19,
              18
            ]
          },
          {
            "dow": "WED",
            "hh": "13",
            "mm": "10",
            "congestionCar": [
              21,
              29,
              29,
              31,
              30,
              29,
              24,
              21,
              19,
              17
            ]
          },
          {
            "dow": "WED",
            "hh": "13",
            "mm": "20",
            "congestionCar": [
              24,
              26,
              33,
              31,
              31,
              34,
              30,
              28,
              22,
              21
            ]
          },
          {
            "dow": "WED",
            "hh": "13",
            "mm": "30",
            "congestionCar": [
              17,
              30,
              31,
              29,
              33,
              33,
              31,
              29,
              23,
              22
            ]
          },
          {
            "dow": "WED",
            "hh": "13",
            "mm": "40",
            "congestionCar": [
              21,
              27,
              33,
              28,
              33,
              30,
              31,
              22,
              22,
              24
            ]
          },
          {
            "dow": "WED",
            "hh": "13",
            "mm": "50",
            "congestionCar": [
              20,
              28,
              29,
              30,
              28,
              27,
              29,
              27,
              21,
              21
            ]
          }
        ]
      },
      {
        "startStationCode": "219",
        "startStationName": "삼성역",
        "endStationCode": "211-R",
        "endStationName": "성수역",
        "prevStationCode": "210",
        "prevStationName": "뚝섬역",
        "updnLine": 1,
        "directAt": 0,
        "data": [
          {
            "dow": "WED",
            "hh": "13",
            "mm": "00",
            "congestionCar": [
              23,
              24,
              32,
              30,
              28,
              32,
              25,
              27,
              19,
              19
            ]
          },
          {
            "dow": "WED",
            "hh": "13",
            "mm": "10",
            "congestionCar": [
              26,
              27,
              31,
              37,
              33,
              28,
              31,
              33,
              26,
              27
            ]
          },
          {
            "dow": "WED",
            "hh": "13",
            "mm": "20",
            "congestionCar": [
              39,
              32,
              46,
              45,
              39,
              45,
              45,
              41,
              27,
              31
            ]
          },
          {
            "dow": "WED",
            "hh": "13",
            "mm": "30",
            "congestionCar": [
              33,
              34,
              44,
              45,
              34,
              41,
              33,
              31,
              26,
              28
            ]
          },
          {
            "dow": "WED",
            "hh": "13",
            "mm": "40",
            "congestionCar": [
              28,
              38,
              44,
              49,
              45,
              39,
              40,
              33,
              27,
              28
            ]
          },
          {
            "dow": "WED",
            "hh": "13",
            "mm": "50",
            "congestionCar": [
              28,
              27,
              40,
              37,
              37,
              31,
              33,
              32,
              22,
              23
            ]
          }
        ]
      },
      {
        "startStationCode": "228",
        "startStationName": "서울대입구역",
        "endStationCode": "211",
        "endStationName": "성수역",
        "prevStationCode": "212",
        "prevStationName": "건대입구역",
        "updnLine": 0,
        "directAt": 0,
        "data": [
          {
            "dow": "WED",
            "hh": "13",
            "mm": "00",
            "congestionCar": [
              22,
              27,
              29,
              27,
              28,
              27,
              28,
              26,
              19,
              18
            ]
          },
          {
            "dow": "WED",
            "hh": "13",
            "mm": "10",
            "congestionCar": [
              21,
              29,
              29,
              31,
              30,
              29,
              24,
              21,
              19,
              17
            ]
          },
          {
            "dow": "WED",
            "hh": "13",
            "mm": "20",
            "congestionCar": [
              24,
              26,
              33,
              31,
              31,
              34,
              30,
              28,
              22,
              21
            ]
          },
          {
            "dow": "WED",
            "hh": "13",
            "mm": "30",
            "congestionCar": [
              17,
              30,
              31,
              29,
              33,
              33,
              31,
              29,
              23,
              22
            ]
          },
          {
            "dow": "WED",
            "hh": "13",
            "mm": "40",
            "congestionCar": [
              21,
              27,
              33,
              28,
              33,
              30,
              31,
              22,
              22,
              24
            ]
          },
          {
            "dow": "WED",
            "hh": "13",
            "mm": "50",
            "congestionCar": [
              20,
              28,
              29,
              30,
              28,
              27,
              29,
              27,
              21,
              21
            ]
          }
        ]
      },
      {
        "startStationCode": "228",
        "startStationName": "서울대입구역",
        "endStationCode": "211",
        "endStationName": "성수역",
        "prevStationCode": "210",
        "prevStationName": "뚝섬역",
        "updnLine": 1,
        "directAt": 0,
        "data": [
          {
            "dow": "WED",
            "hh": "13",
            "mm": "00",
            "congestionCar": [
              23,
              24,
              32,
              30,
              28,
              32,
              25,
              27,
              19,
              19
            ]
          },
          {
            "dow": "WED",
            "hh": "13",
            "mm": "10",
            "congestionCar": [
              26,
              27,
              31,
              37,
              33,
              28,
              31,
              33,
              26,
              27
            ]
          },
          {
            "dow": "WED",
            "hh": "13",
            "mm": "20",
            "congestionCar": [
              39,
              32,
              46,
              45,
              39,
              45,
              45,
              41,
              27,
              31
            ]
          },
          {
            "dow": "WED",
            "hh": "13",
            "mm": "30",
            "congestionCar": [
              33,
              34,
              44,
              45,
              34,
              41,
              33,
              31,
              26,
              28
            ]
          },
          {
            "dow": "WED",
            "hh": "13",
            "mm": "40",
            "congestionCar": [
              28,
              38,
              44,
              49,
              45,
              39,
              40,
              33,
              27,
              28
            ]
          },
          {
            "dow": "WED",
            "hh": "13",
            "mm": "50",
            "congestionCar": [
              28,
              27,
              40,
              37,
              37,
              31,
              33,
              32,
              22,
              23
            ]
          }
        ]
      },
      {
        "startStationCode": "228",
        "startStationName": "서울대입구역",
        "endStationCode": "211-R",
        "endStationName": "성수역",
        "prevStationCode": "212",
        "prevStationName": "건대입구역",
        "updnLine": 0,
        "directAt": 0,
        "data": [
          {
            "dow": "WED",
            "hh": "13",
            "mm": "00",
            "congestionCar": [
              22,
              27,
              29,
              27,
              28,
              27,
              28,
              26,
              19,
              18
            ]
          },
          {
            "dow": "WED",
            "hh": "13",
            "mm": "10",
            "congestionCar": [
              21,
              29,
              29,
              31,
              30,
              29,
              24,
              21,
              19,
              17
            ]
          },
          {
            "dow": "WED",
            "hh": "13",
            "mm": "20",
            "congestionCar": [
              24,
              26,
              33,
              31,
              31,
              34,
              30,
              28,
              22,
              21
            ]
          },
          {
            "dow": "WED",
            "hh": "13",
            "mm": "30",
            "congestionCar": [
              17,
              30,
              31,
              29,
              33,
              33,
              31,
              29,
              23,
              22
            ]
          },
          {
            "dow": "WED",
            "hh": "13",
            "mm": "40",
            "congestionCar": [
              21,
              27,
              33,
              28,
              33,
              30,
              31,
              22,
              22,
              24
            ]
          },
          {
            "dow": "WED",
            "hh": "13",
            "mm": "50",
            "congestionCar": [
              20,
              28,
              29,
              30,
              28,
              27,
              29,
              27,
              21,
              21
            ]
          }
        ]
      },
      {
        "startStationCode": "228",
        "startStationName": "서울대입구역",
        "endStationCode": "211-R",
        "endStationName": "성수역",
        "prevStationCode": "210",
        "prevStationName": "뚝섬역",
        "updnLine": 1,
        "directAt": 0,
        "data": [
          {
            "dow": "WED",
            "hh": "13",
            "mm": "00",
            "congestionCar": [
              23,
              24,
              32,
              30,
              28,
              32,
              25,
              27,
              19,
              19
            ]
          },
          {
            "dow": "WED",
            "hh": "13",
            "mm": "10",
            "congestionCar": [
              26,
              27,
              31,
              37,
              33,
              28,
              31,
              33,
              26,
              27
            ]
          },
          {
            "dow": "WED",
            "hh": "13",
            "mm": "20",
            "congestionCar": [
              39,
              32,
              46,
              45,
              39,
              45,
              45,
              41,
              27,
              31
            ]
          },
          {
            "dow": "WED",
            "hh": "13",
            "mm": "30",
            "congestionCar": [
              33,
              34,
              44,
              45,
              34,
              41,
              33,
              31,
              26,
              28
            ]
          },
          {
            "dow": "WED",
            "hh": "13",
            "mm": "40",
            "congestionCar": [
              28,
              38,
              44,
              49,
              45,
              39,
              40,
              33,
              27,
              28
            ]
          },
          {
            "dow": "WED",
            "hh": "13",
            "mm": "50",
            "congestionCar": [
              28,
              27,
              40,
              37,
              37,
              31,
              33,
              32,
              22,
              23
            ]
          }
        ]
      },
      {
        "startStationCode": "234",
        "startStationName": "신도림역",
        "endStationCode": "211",
        "endStationName": "성수역",
        "prevStationCode": "212",
        "prevStationName": "건대입구역",
        "updnLine": 0,
        "directAt": 0,
        "data": [
          {
            "dow": "WED",
            "hh": "13",
            "mm": "00",
            "congestionCar": [
              22,
              27,
              29,
              27,
              28,
              27,
              28,
              26,
              19,
              18
            ]
          },
          {
            "dow": "WED",
            "hh": "13",
            "mm": "10",
            "congestionCar": [
              21,
              29,
              29,
              31,
              30,
              29,
              24,
              21,
              19,
              17
            ]
          },
          {
            "dow": "WED",
            "hh": "13",
            "mm": "20",
            "congestionCar": [
              24,
              26,
              33,
              31,
              31,
              34,
              30,
              28,
              22,
              21
            ]
          },
          {
            "dow": "WED",
            "hh": "13",
            "mm": "30",
            "congestionCar": [
              17,
              30,
              31,
              29,
              33,
              33,
              31,
              29,
              23,
              22
            ]
          },
          {
            "dow": "WED",
            "hh": "13",
            "mm": "40",
            "congestionCar": [
              21,
              27,
              33,
              28,
              33,
              30,
              31,
              22,
              22,
              24
            ]
          },
          {
            "dow": "WED",
            "hh": "13",
            "mm": "50",
            "congestionCar": [
              20,
              28,
              29,
              30,
              28,
              27,
              29,
              27,
              21,
              21
            ]
          }
        ]
      },
      {
        "startStationCode": "234",
        "startStationName": "신도림역",
        "endStationCode": "211",
        "endStationName": "성수역",
        "prevStationCode": "210",
        "prevStationName": "뚝섬역",
        "updnLine": 1,
        "directAt": 0,
        "data": [
          {
            "dow": "WED",
            "hh": "13",
            "mm": "00",
            "congestionCar": [
              23,
              24,
              32,
              30,
              28,
              32,
              25,
              27,
              19,
              19
            ]
          },
          {
            "dow": "WED",
            "hh": "13",
            "mm": "10",
            "congestionCar": [
              26,
              27,
              31,
              37,
              33,
              28,
              31,
              33,
              26,
              27
            ]
          },
          {
            "dow": "WED",
            "hh": "13",
            "mm": "20",
            "congestionCar": [
              39,
              32,
              46,
              45,
              39,
              45,
              45,
              41,
              27,
              31
            ]
          },
          {
            "dow": "WED",
            "hh": "13",
            "mm": "30",
            "congestionCar": [
              33,
              34,
              44,
              45,
              34,
              41,
              33,
              31,
              26,
              28
            ]
          },
          {
            "dow": "WED",
            "hh": "13",
            "mm": "40",
            "congestionCar": [
              28,
              38,
              44,
              49,
              45,
              39,
              40,
              33,
              27,
              28
            ]
          },
          {
            "dow": "WED",
            "hh": "13",
            "mm": "50",
            "congestionCar": [
              28,
              27,
              40,
              37,
              37,
              31,
              33,
              32,
              22,
              23
            ]
          }
        ]
      },
      {
        "startStationCode": "234",
        "startStationName": "신도림역",
        "endStationCode": "211-R",
        "endStationName": "성수역",
        "prevStationCode": "212",
        "prevStationName": "건대입구역",
        "updnLine": 0,
        "directAt": 0,
        "data": [
          {
            "dow": "WED",
            "hh": "13",
            "mm": "00",
            "congestionCar": [
              22,
              27,
              29,
              27,
              28,
              27,
              28,
              26,
              19,
              18
            ]
          },
          {
            "dow": "WED",
            "hh": "13",
            "mm": "10",
            "congestionCar": [
              21,
              29,
              29,
              31,
              30,
              29,
              24,
              21,
              19,
              17
            ]
          },
          {
            "dow": "WED",
            "hh": "13",
            "mm": "20",
            "congestionCar": [
              24,
              26,
              33,
              31,
              31,
              34,
              30,
              28,
              22,
              21
            ]
          },
          {
            "dow": "WED",
            "hh": "13",
            "mm": "30",
            "congestionCar": [
              17,
              30,
              31,
              29,
              33,
              33,
              31,
              29,
              23,
              22
            ]
          },
          {
            "dow": "WED",
            "hh": "13",
            "mm": "40",
            "congestionCar": [
              21,
              27,
              33,
              28,
              33,
              30,
              31,
              22,
              22,
              24
            ]
          },
          {
            "dow": "WED",
            "hh": "13",
            "mm": "50",
            "congestionCar": [
              20,
              28,
              29,
              30,
              28,
              27,
              29,
              27,
              21,
              21
            ]
          }
        ]
      },
      {
        "startStationCode": "234",
        "startStationName": "신도림역",
        "endStationCode": "211-R",
        "endStationName": "성수역",
        "prevStationCode": "210",
        "prevStationName": "뚝섬역",
        "updnLine": 1,
        "directAt": 0,
        "data": [
          {
            "dow": "WED",
            "hh": "13",
            "mm": "00",
            "congestionCar": [
              23,
              24,
              32,
              30,
              28,
              32,
              25,
              27,
              19,
              19
            ]
          },
          {
            "dow": "WED",
            "hh": "13",
            "mm": "10",
            "congestionCar": [
              26,
              27,
              31,
              37,
              33,
              28,
              31,
              33,
              26,
              27
            ]
          },
          {
            "dow": "WED",
            "hh": "13",
            "mm": "20",
            "congestionCar": [
              39,
              32,
              46,
              45,
              39,
              45,
              45,
              41,
              27,
              31
            ]
          },
          {
            "dow": "WED",
            "hh": "13",
            "mm": "30",
            "congestionCar": [
              33,
              34,
              44,
              45,
              34,
              41,
              33,
              31,
              26,
              28
            ]
          },
          {
            "dow": "WED",
            "hh": "13",
            "mm": "40",
            "congestionCar": [
              28,
              38,
              44,
              49,
              45,
              39,
              40,
              33,
              27,
              28
            ]
          },
          {
            "dow": "WED",
            "hh": "13",
            "mm": "50",
            "congestionCar": [
              28,
              27,
              40,
              37,
              37,
              31,
              33,
              32,
              22,
              23
            ]
          }
        ]
      },
      {
        "startStationCode": "239",
        "startStationName": "홍대입구역",
        "endStationCode": "211",
        "endStationName": "성수역",
        "prevStationCode": "212",
        "prevStationName": "건대입구역",
        "updnLine": 0,
        "directAt": 0,
        "data": [
          {
            "dow": "WED",
            "hh": "13",
            "mm": "00",
            "congestionCar": [
              22,
              27,
              29,
              27,
              28,
              27,
              28,
              26,
              19,
              18
            ]
          },
          {
            "dow": "WED",
            "hh": "13",
            "mm": "10",
            "congestionCar": [
              21,
              29,
              29,
              31,
              30,
              29,
              24,
              21,
              19,
              17
            ]
          },
          {
            "dow": "WED",
            "hh": "13",
            "mm": "20",
            "congestionCar": [
              24,
              26,
              33,
              31,
              31,
              34,
              30,
              28,
              22,
              21
            ]
          },
          {
            "dow": "WED",
            "hh": "13",
            "mm": "30",
            "congestionCar": [
              17,
              30,
              31,
              29,
              33,
              33,
              31,
              29,
              23,
              22
            ]
          },
          {
            "dow": "WED",
            "hh": "13",
            "mm": "40",
            "congestionCar": [
              21,
              27,
              33,
              28,
              33,
              30,
              31,
              22,
              22,
              24
            ]
          },
          {
            "dow": "WED",
            "hh": "13",
            "mm": "50",
            "congestionCar": [
              20,
              28,
              29,
              30,
              28,
              27,
              29,
              27,
              21,
              21
            ]
          }
        ]
      },
      {
        "startStationCode": "239",
        "startStationName": "홍대입구역",
        "endStationCode": "211",
        "endStationName": "성수역",
        "prevStationCode": "210",
        "prevStationName": "뚝섬역",
        "updnLine": 1,
        "directAt": 0,
        "data": [
          {
            "dow": "WED",
            "hh": "13",
            "mm": "00",
            "congestionCar": [
              23,
              24,
              32,
              30,
              28,
              32,
              25,
              27,
              19,
              19
            ]
          },
          {
            "dow": "WED",
            "hh": "13",
            "mm": "10",
            "congestionCar": [
              26,
              27,
              31,
              37,
              33,
              28,
              31,
              33,
              26,
              27
            ]
          },
          {
            "dow": "WED",
            "hh": "13",
            "mm": "20",
            "congestionCar": [
              39,
              32,
              46,
              45,
              39,
              45,
              45,
              41,
              27,
              31
            ]
          },
          {
            "dow": "WED",
            "hh": "13",
            "mm": "30",
            "congestionCar": [
              33,
              34,
              44,
              45,
              34,
              41,
              33,
              31,
              26,
              28
            ]
          },
          {
            "dow": "WED",
            "hh": "13",
            "mm": "40",
            "congestionCar": [
              28,
              38,
              44,
              49,
              45,
              39,
              40,
              33,
              27,
              28
            ]
          },
          {
            "dow": "WED",
            "hh": "13",
            "mm": "50",
            "congestionCar": [
              28,
              27,
              40,
              37,
              37,
              31,
              33,
              32,
              22,
              23
            ]
          }
        ]
      },
      {
        "startStationCode": "239",
        "startStationName": "홍대입구역",
        "endStationCode": "211-R",
        "endStationName": "성수역",
        "prevStationCode": "212",
        "prevStationName": "건대입구역",
        "updnLine": 0,
        "directAt": 0,
        "data": [
          {
            "dow": "WED",
            "hh": "13",
            "mm": "00",
            "congestionCar": [
              22,
              27,
              29,
              27,
              28,
              27,
              28,
              26,
              19,
              18
            ]
          },
          {
            "dow": "WED",
            "hh": "13",
            "mm": "10",
            "congestionCar": [
              21,
              29,
              29,
              31,
              30,
              29,
              24,
              21,
              19,
              17
            ]
          },
          {
            "dow": "WED",
            "hh": "13",
            "mm": "20",
            "congestionCar": [
              24,
              26,
              33,
              31,
              31,
              34,
              30,
              28,
              22,
              21
            ]
          },
          {
            "dow": "WED",
            "hh": "13",
            "mm": "30",
            "congestionCar": [
              17,
              30,
              31,
              29,
              33,
              33,
              31,
              29,
              23,
              22
            ]
          },
          {
            "dow": "WED",
            "hh": "13",
            "mm": "40",
            "congestionCar": [
              21,
              27,
              33,
              28,
              33,
              30,
              31,
              22,
              22,
              24
            ]
          },
          {
            "dow": "WED",
            "hh": "13",
            "mm": "50",
            "congestionCar": [
              20,
              28,
              29,
              30,
              28,
              27,
              29,
              27,
              21,
              21
            ]
          }
        ]
      },
      {
        "startStationCode": "239",
        "startStationName": "홍대입구역",
        "endStationCode": "211-R",
        "endStationName": "성수역",
        "prevStationCode": "210",
        "prevStationName": "뚝섬역",
        "updnLine": 1,
        "directAt": 0,
        "data": [
          {
            "dow": "WED",
            "hh": "13",
            "mm": "00",
            "congestionCar": [
              23,
              24,
              32,
              30,
              28,
              32,
              25,
              27,
              19,
              19
            ]
          },
          {
            "dow": "WED",
            "hh": "13",
            "mm": "10",
            "congestionCar": [
              26,
              27,
              31,
              37,
              33,
              28,
              31,
              33,
              26,
              27
            ]
          },
          {
            "dow": "WED",
            "hh": "13",
            "mm": "20",
            "congestionCar": [
              39,
              32,
              46,
              45,
              39,
              45,
              45,
              41,
              27,
              31
            ]
          },
          {
            "dow": "WED",
            "hh": "13",
            "mm": "30",
            "congestionCar": [
              33,
              34,
              44,
              45,
              34,
              41,
              33,
              31,
              26,
              28
            ]
          },
          {
            "dow": "WED",
            "hh": "13",
            "mm": "40",
            "congestionCar": [
              28,
              38,
              44,
              49,
              45,
              39,
              40,
              33,
              27,
              28
            ]
          },
          {
            "dow": "WED",
            "hh": "13",
            "mm": "50",
            "congestionCar": [
              28,
              27,
              40,
              37,
              37,
              31,
              33,
              32,
              22,
              23
            ]
          }
        ]
      }
    ],
    "statStartDate": "20230923",
    "statEndDate": "20231222"
  }
}