{
  "status": {
    "code": "00",
    "message": "success",
    "totalCount": 1
  },
  "contents": {
    "subwayLine": "2호선",
    "stationName": "대림역",
    "stationCode": "233",
    "stat": [
      {
        "startStationCode": "202",
        "startStationName": "을지로입구역",
        "endStationCode": "211",
        "endStationName": "성수역",
        "prevStationCode": "234",
        "prevStationName": "신도림역",
        "updnLine": 0,
        "directAt": 0,
        "data": [
          {
            "dow": "WED",
            "hh": "08",
            "mm": "00",
            "congestionCar": [
              78,
              77,
              84,
              88,
              87,
              68,
              72,
              62,
              71,
              73
            ]
          },
          {
            "dow": "WED",
            "hh": "08",
            "mm": "10",
            "congestionCar": [
              55,
              64,
              73,
              68,
              63,
              65,
              52,
              57,
              63,
              59
            ]
          },
          {
            "dow": "WED",
            "hh": "08",
            "mm": "20",
            "congestionCar": [
              65,
              85,
              94,
              85,
              85,
              76,
              69,
              82,
              86,
              73
            ]
          },
          {
            "dow": "WED",
            "hh": "08",
            "mm": "30",
            "congestionCar": [
              64,
              72,
              68,
              71,
              71,
              59,
              58,
              61,
              62,
              54
            ]
          },
          {
            "dow": "WED",
            "hh": "08",
            "mm": "40",
            "congestionCar": [
              69,
              82,
              74,
              73,
              76,
              59,
              63,
              68,
              70,
              55
            ]
          },
          {
            "dow": "WED",
            "hh": "08",
            "mm": "50",
            "congestionCar": [
              50,
              65,
              82,
              71,
              64,
              53,
              54,
              62,
              61,
              48
            ]
          }
        ]
      },
      {
        "startStationCode": "202",
        "startStationName": "을지로입구역",
        "endStationCode": "211-R",
        "endStationName": "성수역",
        "prevStationCode": "234",
        "prevStationName": "신도림역",
        "updnLine": 0,
        "directAt": 0,
        "data": [
          {
            "dow": "WED",
            "hh": "08",
            "mm": "00",
            "congestionCar": [
              78,
              77,
              84,
              88,
              87,
              68,
              72,
              62,
              71,
              73
            ]
          },
          {
            "dow": "WED",
            "hh": "08",
            "mm": "10",
            "congestionCar": [
              55,
              64,
              73,
              68,
              63,
              65,
              52,
              57,
              63,
              59
            ]
          },
          {
            "dow": "WED",
            "hh": "08",
            "mm": "20",
            "congestionCar": [
              65,
              85,
              94,
              85,
              85,
              76,
              69,
              82,
              86,
              73
            ]
          },
          {
            "dow": "WED",
            "hh": "08",
            "mm": "30",
            "congestionCar": [
              64,
              72,
              68,
              71,
              71,
              59,
              58,
              61,
              62,
              54
            ]
          },
          {
            "dow": "WED",
            "hh": "08",
            "mm": "40",
            "congestionCar": [
              69,
              82,
              74,
              73,
              76,
              59,
              63,
              68,
              70,
              55
            ]
          },
          {
            "dow": "WED",
            "hh": "08",
            "mm": "50",
            "congestionCar": [
              50,
              65,
              82,
              71,
              64,
              53,
              54,
              62,
              61,
              48
            ]
          }
        ]
      },
      {
        "startStationCode": "211",
        "startStationName": "성수역",
        "endStationCode": "202",
        "endStationName": "을지로입구역",
        "prevStationCode": "232",
        "prevStationName": "구로디지털단지역",
        "updnLine": 1,
        "directAt": 0,
        "data": [
          {
            "dow": "WED",
            "hh": "08",
            "mm": "00",
            "congestionCar": [
              61,
              65,
              75,
              103,
              89,
              99,
              115,
              106,
              85,
              72
            ]
          },
          {
            "dow": "WED",
            "hh": "08",
            "mm": "10",
            "congestionCar": [
              77,
              71,
              89,
              120,
              108,
              112,
              113,
              108,
              95,
              77
            ]
          },
          {
            "dow": "WED",
            "hh": "08",
            "mm": "20",
            "congestionCar": [
              66,
              89,
              86,
              100,
              81,
              93,
              113,
              89,
              87,
              67
            ]
          },
          {
            "dow": "WED",
            "hh": "08",
            "mm": "30",
            "congestionCar": [
              54,
              52,
              55,
              71,
              54,
              73,
              93,
              81,
              56,
              50
            ]
          },
          {
            "dow": "WED",
            "hh": "08",
            "mm": "40",
            "congestionCar": [
              43,
              46,
              46,
              59,
              49,
              56,
              76,
              63,
              56,
              46
            ]
          },
          {
            "dow": "WED",
            "hh": "08",
            "mm": "50",
            "congestionCar": [
              39,
              37,
              39,
              45,
              42,
              48,
              66,
              46,
              42,
              38
            ]
          }
        ]
      },
      {
        "startStationCode": "211",
        "startStationName": "성수역",
        "endStationCode": "211",
        "endStationName": "성수역",
        "prevStationCode": "234",
        "prevStationName": "신도림역",
        "updnLine": 0,
        "directAt": 0,
        "data": [
          {
            "dow": "WED",
            "hh": "08",
            "mm": "00",
            "congestionCar": [
              110,
              110,
              120,
              124,
              124,
              97,
              103,
              88,
              101,
              104
            ]
          },
          {
            "dow": "WED",
            "hh": "08",
            "mm": "10",
            "congestionCar": [
              93,
              108,
              124,
              116,
              107,
              111,
              89,
              96,
              107,
              99
            ]
          },
          {
            "dow": "WED",
            "hh": "08",
            "mm": "20",
            "congestionCar": [
              85,
              112,
              123,
              112,
              112,
              100,
              91,
              107,
              112,
              96
            ]
          },
          {
            "dow": "WED",
            "hh": "08",
            "mm": "30",
            "congestionCar": [
              85,
              95,
              90,
              94,
              94,
              78,
              76,
              81,
              83,
              72
            ]
          },
          {
            "dow": "WED",
            "hh": "08",
            "mm": "40",
            "congestionCar": [
              65,
              77,
              70,
              69,
              72,
              56,
              60,
              64,
              66,
              52
            ]
          },
          {
            "dow": "WED",
            "hh": "08",
            "mm": "50",
            "congestionCar": [
              53,
              69,
              88,
              76,
              69,
              56,
              57,
              66,
              64,
              51
            ]
          }
        ]
      },
      {
        "startStationCode": "211",
        "startStationName": "성수역",
        "endStationCode": "211",
        "endStationName": "성수역",
        "prevStationCode": "232",
        "prevStationName": "구로디지털단지역",
        "updnLine": 1,
        "directAt": 0,
        "data": [
          {
            "dow": "WED",
            "hh": "08",
            "mm": "00",
            "congestionCar": [
              61,
              65,
              75,
              103,
              89,
              99,
              115,
              106,
              85,
              72
            ]
          },
          {
            "dow": "WED",
            "hh": "08",
            "mm": "10",
            "congestionCar": [
              77,
              71,
              89,
              120,
              108,
              112,
              113,
              108,
              95,
              77
            ]
          },
          {
            "dow": "WED",
            "hh": "08",
            "mm": "20",
            "congestionCar": [
              16,
              21,
              21,
              24,
              19,
              22,
              27,
              22,
              21,
              16
            ]
          },
          {
            "dow": "WED",
            "hh": "08",
            "mm": "30",
            "congestionCar": [
              36,
              34,
              36,
              46,
              36,
              48,
              61,
              53,
              37,
              33
            ]
          },
          {
            "dow": "WED",
            "hh": "08",
            "mm": "40",
            "congestionCar": [
              34,
              36,
              35,
              46,
              38,
              43,
              59,
              49,
              44,
              36
            ]
          },
          {
            "dow": "WED",
            "hh": "08",
            "mm": "50",
            "congestionCar": [
              38,
              36,
              38,
              44,
              41,
              47,
              64,
              45,
              41,
              37
            ]
          }
        ]
      },
      {
        "startStationCode": "211",
        "startStationName": "성수역",
        "endStationCode": "211-R",
        "endStationName": "성수역",
        "prevStationCode": "234",
        "prevStationName": "신도림역",
        "updnLine": 0,
        "directAt": 0,
        "data": [
          {
            "dow": "WED",
            "hh": "08",
            "mm": "00",
            "congestionCar": [
              115,
              115,
              125,
              130,
              129,
              102,
              107,
              92,
              105,
              109
            ]
          },
          {
            "dow": "WED",
            "hh": "08",
            "mm": "10",
            "congestionCar": [
              92,
              107,
              123,
              115,
              106,
              110,
              88,
              95,
              106,
              98
            ]
          },
          {
            "dow": "WED",
            "hh": "08",
            "mm": "20",
            "congestionCar": [
              82,
              109,
              120,
              109,
              109,
              97,
              88,
              104,
              109,
              93
            ]
          },
          {
            "dow": "WED",
            "hh": "08",
            "mm": "30",
            "congestionCar": [
              82,
              92,
              87,
              91,
              91,
              76,
              74,
              78,
              80,
              69
            ]
          },
          {
            "dow": "WED",
            "hh": "08",
            "mm": "40",
            "congestionCar": [
              71,
              84,
              76,
              76,
              78,
              61,
              65,
              70,
              72,
              57
            ]
          },
          {
            "dow": "WED",
            "hh": "08",
            "mm": "50",
            "congestionCar": [
              49,
              64,
              81,
              70,
              63,
              52,
              53,
              61,
              60,
              47
            ]
          }
        ]
      },
      {
        "startStationCode": "211",
        "startStationName": "성수역",
        "endStationCode": "211-R",
        "endStationName": "성수역",
        "prevStationCode": "232",
        "prevStationName": "구로디지털단지역",
        "updnLine": 1,
        "directAt": 0,
        "data": [
          {
            "dow": "WED",
            "hh": "08",
            "mm": "00",
            "congestionCar": [
              61,
              65,
              75,
              103,
              89,
              99,
              115,
              106,
              85,
              72
            ]
          },
          {
            "dow": "WED",
            "hh": "08",
            "mm": "10",
            "congestionCar": [
              77,
              71,
              89,
              120,
              108,
              112,
              113,
              108,
              95,
              77
            ]
          },
          {
            "dow": "WED",
            "hh": "08",
            "mm": "20",
            "congestionCar": [
              66,
              89,
              86,
              100,
              81,
              93,
              113,
              89,
              87,
              67
            ]
          },
          {
            "dow": "WED",
            "hh": "08",
            "mm": "30",
            "congestionCar": [
              58,
              56,
              59,
              75,
              58,
              77,
              99,
              86,
              60,
              53
            ]
          },
          {
            "dow": "WED",
            "hh": "08",
            "mm": "40",
            "congestionCar": [
              46,
              49,
              48,
              63,
              52,
              59,
              80,
              66,
              59,
              49
            ]
          },
          {
            "dow": "WED",
            "hh": "08",
            "mm": "50",
            "congestionCar": [
              39,
              38,
              39,
              46,
              43,
              49,
              67,
              47,
              43,
              39
            ]
          }
        ]
      },
      {
        "startStationCode": "211",
        "startStationName": "성수역",
        "endStationCode": "219",
        "endStationName": "삼성역",
        "prevStationCode": "234",
        "prevStationName": "신도림역",
        "updnLine": 0,
        "directAt": 0,
        "data": [
          {
            "dow": "WED",
            "hh": "08",
            "mm": "00",
            "congestionCar": [
              78,
              77,
              84,
              88,
              87,
              68,
              72,
              62,
              71,
              73
            ]
          },
          {
            "dow": "WED",
            "hh": "08",
            "mm": "10",
            "congestionCar": [
              55,
              64,
              73,
              68,
              63,
              65,
              52,
              57,
              63,
              59
            ]
          },
          {
            "dow": "WED",
            "hh": "08",
            "mm": "20",
            "congestionCar": [
              65,
              85,
              94,
              85,
              85,
              76,
              69,
              82,
              86,
              73
            ]
          },
          {
            "dow": "WED",
            "hh": "08",
            "mm": "30",
            "congestionCar": [
              64,
              72,
              68,
              71,
              71,
              59,
              58,
              61,
              62,
              54
            ]
          },
          {
            "dow": "WED",
            "hh": "08",
            "mm": "40",
            "congestionCar": [
              69,
              82,
              74,
              73,
              76,
              59,
              63,
              68,
              70,
              55
            ]
          },
          {
            "dow": "WED",
            "hh": "08",
            "mm": "50",
            "congestionCar": [
              50,
              65,
              82,
              71,
              64,
              53,
              54,
              62,
              61,
              48
            ]
          }
        ]
      },
      {
        "startStationCode": "211",
        "startStationName": "성수역",
        "endStationCode": "228",
        "endStationName": "서울대입구역",
        "prevStationCode": "234",
        "prevStationName": "신도림역",
        "updnLine": 0,
        "directAt": 0,
        "data": [
          {
            "dow": "WED",
            "hh": "08",
            "mm": "00",
            "congestionCar": [
              78,
              77,
              84,
              88,
              87,
              68,
              72,
              62,
              71,
              73
            ]
          },
          {
            "dow": "WED",
            "hh": "08",
            "mm": "10",
            "congestionCar": [
              55,
              64,
              73,
              68,
              63,
              65,
              52,
              57,
              63,
              59
            ]
          },
          {
            "dow": "WED",
            "hh": "08",
            "mm": "20",
            "congestionCar": [
              65,
              85,
              94,
              85,
              85,
              76,
              69,
              82,
              86,
              73
            ]
          },
          {
            "dow": "WED",
            "hh": "08",
            "mm": "30",
            "congestionCar": [
              64,
              72,
              68,
              71,
              71,
              59,
              58,
              61,
              62,
              54
            ]
          },
          {
            "dow": "WED",
            "hh": "08",
            "mm": "40",
            "congestionCar": [
              69,
              82,
              74,
              73,
              76,
              59,
              63,
              68,
              70,
              55
            ]
          },
          {
            "dow": "WED",
            "hh": "08",
            "mm": "50",
            "congestionCar": [
              50,
              65,
              82,
              71,
              64,
              53,
              54,
              62,
              61,
              48
            ]
          }
        ]
      },
      {
        "startStationCode": "211",
        "startStationName": "성수역",
        "endStationCode": "234",
        "endStationName": "신도림역",
        "prevStationCode": "232",
        "prevStationName": "구로디지털단지역",
        "updnLine": 1,
        "directAt": 0,
        "data": [
          {
            "dow": "WED",
            "hh": "08",
            "mm": "00",
            "congestionCar": [
              61,
              65,
              75,
              103,
              89,
              99,
              115,
              106,
              85,
              72
            ]
          },
          {
            "dow": "WED",
            "hh": "08",
            "mm": "10",
            "congestionCar": [
              77,
              71,
              89,
              120,
              108,
              112,
              113,
              108,
              95,
              77
            ]
          },
          {
            "dow": "WED",
            "hh": "08",
            "mm": "20",
            "congestionCar": [
              66,
              89,
              86,
              100,
              81,
              93,
              113,
              89,
              87,
              67
            ]
          },
          {
            "dow": "WED",
            "hh": "08",
            "mm": "30",
            "congestionCar": [
              54,
              52,
              55,
              71,
              54,
              73,
              93,
              81,
              56,
              50
            ]
          },
          {
            "dow": "WED",
            "hh": "08",
            "mm": "40",
            "congestionCar": [
              43,
              46,
              46,
              59,
              49,
              56,
              76,
              63,
              56,
              46
            ]
          },
          {
            "dow": "WED",
            "hh": "08",
            "mm": "50",
            "congestionCar": [
              39,
              37,
              39,
              45,
              42,
              48,
              66,
              46,
              42,
              38
            ]
          }
        ]
      },
      {
        "startStationCode": "211",
        "startStationName": "성수역",
        "endStationCode": "239",
        "endStationName": "홍대입구역",
        "prevStationCode": "232",
        "prevStationName": "구로디지털단지역",
        "updnLine": 1,
        "directAt": 0,
        "data": [
          {
            "dow": "WED",
            "hh": "08",
            "mm": "00",
            "congestionCar": [
              61,
              65,
              75,
              103,
              89,
              99,
              115,
              106,
              85,
              72
            ]
          },
          {
            "dow": "WED",
            "hh": "08",
            "mm": "10",
            "congestionCar": [
              77,
              71,
              89,
              120,
              108,
              112,
              113,
              108,
              95,
              77
            ]
          },
          {
            "dow": "WED",
            "hh": "08",
            "mm": "20",
            "congestionCar": [
              66,
              89,
              86,
              100,
              81,
              93,
              113,
              89,
              87,
              67
            ]
          },
          {
            "dow": "WED",
            "hh": "08",
            "mm": "30",
            "congestionCar": [
              54,
              52,
              55,
              71,
              54,
              73,
              93,
              81,
              56,
              50
            ]
          },
          {
            "dow": "WED",
            "hh": "08",
            "mm": "40",
            "congestionCar": [
              43,
              46,
              46,
              59,
              49,
              56,
              76,
              63,
              56,
              46
            ]
          },
          {
            "dow": "WED",
            "hh": "08",
            "mm": "50",
            "congestionCar": [
              39,
              37,
              39,
              45,
              42,
              48,
              66,
              46,
              42,
              38
            ]
          }
        ]
      },
      {
        "startStationCode": "219",
        "startStationName": "삼성역",
        "endStationCode": "211-R",
        "endStationName": "성수역",
        "prevStationCode": "232",
        "prevStationName": "구로디지털단지역",
        "updnLine": 1,
        "directAt": 0,
        "data": [
          {
            "dow": "WED",
            "hh": "08",
            "mm": "00",
            "congestionCar": [
              61,
              65,
              75,
              103,
              89,
              99,
              115,
              106,
              85,
              72
            ]
          },
          {
            "dow": "WED",
            "hh": "08",
            "mm": "10",
            "congestionCar": [
              77,
              71,
              89,
              120,
              108,
              112,
              113,
              108,
              95,
              77
            ]
          },
          {
            "dow": "WED",
            "hh": "08",
            "mm": "20",
            "congestionCar": [
              66,
              89,
              86,
              100,
              81,
              93,
              113,
              89,
              87,
              67
            ]
          },
          {
            "dow": "WED",
            "hh": "08",
            "mm": "30",
            "congestionCar": [
              54,
              52,
              55,
              71,
              54,
              73,
              93,
              81,
              56,
              50
            ]
          },
          {
            "dow": "WED",
            "hh": "08",
            "mm": "40",
            "congestionCar": [
              43,
              46,
              46,
              59,
              49,
              56,
              76,
              63,
              56,
              46
            ]
          },
          {
            "dow": "WED",
            "hh": "08",
            "mm": "50",
            "congestionCar": [
              39,
              37,
              39,
              45,
              42,
              48,
              66,
              46,
              42,
              38
            ]
          }
        ]
      },
      {
        "startStationCode": "228",
        "startStationName": "서울대입구역",
        "endStationCode": "211",
        "endStationName": "성수역",
        "prevStationCode": "232",
        "prevStationName": "구로디지털단지역",
        "updnLine": 1,
        "directAt": 0,
        "data": [
          {
            "dow": "WED",
            "hh": "08",
            "mm": "00",
            "congestionCar": [
              61,
              65,
              75,
              103,
              89,
              99,
              115,
              106,
              85,
              72
            ]
          },
          {
            "dow": "WED",
            "hh": "08",
            "mm": "10",
            "congestionCar": [
              77,
              71,
              89,
              120,
              108,
              112,
              113,
              108,
              95,
              77
            ]
          },
          {
            "dow": "WED",
            "hh": "08",
            "mm": "20",
            "congestionCar": [
              66,
              89,
              86,
              100,
              81,
              93,
              113,
              89,
              87,
              67
            ]
          },
          {
            "dow": "WED",
            "hh": "08",
            "mm": "30",
            "congestionCar": [
              54,
              52,
              55,
              71,
              54,
              73,
              93,
              81,
              56,
              50
            ]
          },
          {
            "dow": "WED",
            "hh": "08",
            "mm": "40",
            "congestionCar": [
              43,
              46,
              46,
              59,
              49,
              56,
              76,
              63,
              56,
              46
            ]
          },
          {
            "dow": "WED",
            "hh": "08",
            "mm": "50",
            "congestionCar": [
              39,
              37,
              39,
              45,
              42,
              48,
              66,
              46,
              42,
              38
            ]
          }
        ]
      },
      {
        "startStationCode": "228",
        "startStationName": "서울대입구역",
        "endStationCode": "211-R",
        "endStationName": "성수역",
        "prevStationCode": "232",
        "prevStationName": "구로디지털단지역",
        "updnLine": 1,
        "directAt": 0,
        "data": [
          {
            "dow": "WED",
            "hh": "08",
            "mm": "00",
            "congestionCar": [
              61,
              65,
              75,
              103,
              89,
              99,
              115,
              106,
              85,
              72
            ]
          },
          {
            "dow": "WED",
            "hh": "08",
            "mm": "10",
            "congestionCar": [
              77,
              71,
              89,
              120,
              108,
              112,
              113,
              108,
              95,
              77
            ]
          },
          {
            "dow": "WED",
            "hh": "08",
            "mm": "20",
            "congestionCar": [
              66,
              89,
              86,
              100,
              81,
              93,
              113,
              89,
              87,
              67
            ]
          },
          {
            "dow": "WED",
            "hh": "08",
            "mm": "30",
            "congestionCar": [
              54,
              52,
              55,
              71,
              54,
              73,
              93,
              81,
              56,
              50
            ]
          },
          {
            "dow": "WED",
            "hh": "08",
            "mm": "40",
            "congestionCar": [
              43,
              46,
              46,
              59,
              49,
              56,
              76,
              63,
              56,
              46
            ]
          },
          {
            "dow": "WED",
            "hh": "08",
            "mm": "50",
            "congestionCar": [
              39,
              37,
              39,
              45,
              42,
              48,
              66,
              46,
              42,
              38
            ]
          }
        ]
      },
      {
        "startStationCode": "234",
        "startStationName": "신도림역",
        "endStationCode": "211",
        "endStationName": "성수역",
        "prevStationCode": "234",
        "prevStationName": "신도림역",
        "updnLine": 0,
        "directAt": 0,
        "data": [
          {
            "dow": "WED",
            "hh": "08",
            "mm": "00",
            "congestionCar": [
              78,
              77,
              84,
              88,
              87,
              68,
              72,
              62,
              71,
              73
            ]
          },
          {
            "dow": "WED",
            "hh": "08",
            "mm": "10",
            "congestionCar": [
              55,
              64,
              73,
              68,
              63,
              65,
              52,
              57,
              63,
              59
            ]
          },
          {
            "dow": "WED",
            "hh": "08",
            "mm": "20",
            "congestionCar": [
              65,
              85,
              94,
              85,
              85,
              76,
              69,
              82,
              86,
              73
            ]
          },
          {
            "dow": "WED",
            "hh": "08",
            "mm": "30",
            "congestionCar": [
              64,
              72,
              68,
              71,
              71,
              59,
              58,
              61,
              62,
              54
            ]
          },
          {
            "dow": "WED",
            "hh": "08",
            "mm": "40",
            "congestionCar": [
              69,
              82,
              74,
              73,
              76,
              59,
              63,
              68,
              70,
              55
            ]
          },
          {
            "dow": "WED",
            "hh": "08",
            "mm": "50",
            "congestionCar": [
              50,
              65,
              82,
              71,
              64,
              53,
              54,
              62,
              61,
              48
            ]
          }
        ]
      },
      {
        "startStationCode": "234",
        "startStationName": "신도림역",
        "endStationCode": "211-R",
        "endStationName": "성수역",
        "prevStationCode": "234",
        "prevStationName": "신도림역",
        "updnLine": 0,
        "directAt": 0,
        "data": [
          {
            "dow": "WED",
            "hh": "08",
            "mm": "00",
            "congestionCar": [
              34,
              34,
              37,
              38,
              38,
              30,
              31,
              27,
              31,
              32
            ]
          },
          {
            "dow": "WED",
            "hh": "08",
            "mm": "10",
            "congestionCar": [
              26,
              30,
              34,
              32,
              29,
              31,
              24,
              27,
              30,
              27
            ]
          },
          {
            "dow": "WED",
            "hh": "08",
            "mm": "20",
            "congestionCar": [
              16,
              21,
              23,
              21,
              21,
              19,
              17,
              20,
              21,
              18
            ]
          },
          {
            "dow": "WED",
            "hh": "08",
            "mm": "30",
            "congestionCar": [
              20,
              22,
              21,
              22,
              22,
              18,
              18,
              19,
              19,
              17
            ]
          },
          {
            "dow": "WED",
            "hh": "08",
            "mm": "40",
            "congestionCar": [
              10,
              12,
              11,
              11,
              11,
              9,
              9,
              10,
              10,
              8
            ]
          },
          {
            "dow": "WED",
            "hh": "08",
            "mm": "50",
            "congestionCar": [
              50,
              65,
              82,
              71,
              64,
              53,
              54,
              62,
              61,
              48
            ]
          }
        ]
      },
      {
        "startStationCode": "239",
        "startStationName": "홍대입구역",
        "endStationCode": "211",
        "endStationName": "성수역",
        "prevStationCode": "234",
        "prevStationName": "신도림역",
        "updnLine": 0,
        "directAt": 0,
        "data": [
          {
            "dow": "WED",
            "hh": "08",
            "mm": "00",
            "congestionCar": [
              78,
              77,
              84,
              88,
              87,
              68,
              72,
              62,
              71,
              73
            ]
          },
          {
            "dow": "WED",
            "hh": "08",
            "mm": "10",
            "congestionCar": [
              55,
              64,
              73,
              68,
              63,
              65,
              52,
              57,
              63,
              59
            ]
          },
          {
            "dow": "WED",
            "hh": "08",
            "mm": "20",
            "congestionCar": [
              65,
              85,
              94,
              85,
              85,
              76,
              69,
              82,
              86,
              73
            ]
          },
          {
            "dow": "WED",
            "hh": "08",
            "mm": "30",
            "congestionCar": [
              64,
              72,
              68,
              71,
              71,
              59,
              58,
              61,
              62,
              54
            ]
          },
          {
            "dow": "WED",
            "hh": "08",
            "mm": "40",
            "congestionCar": [
              69,
              82,
              74,
              73,
              76,
              59,
              63,
              68,
              70,
              55
            ]
          },
          {
            "dow": "WED",
            "hh": "08",
            "mm": "50",
            "congestionCar": [
              50,
              65,
              82,
              71,
              64,
              53,
              54,
              62,
              61,
              48
            ]
          }
        ]
      },
      {
        "startStationCode": "239",
        "startStationName": "홍대입구역",
        "endStationCode": "211-R",
        "endStationName": "성수역",
        "prevStationCode": "234",
        "prevStationName": "신도림역",
        "updnLine": 0,
        "directAt": 0,
        "data": [
          {
            "dow": "WED",
            "hh": "08",
            "mm": "00",
            "congestionCar": [
              78,
              77,
              84,
              88,
              87,
              68,
              72,
              62,
              71,
              73
            ]
          },
          {
            "dow": "WED",
            "hh": "08",
            "mm": "10",
            "congestionCar": [
              55,
              64,
              73,
              68,
              63,
              65,
              52,
              57,
              63,
              59
            ]
          },
          {
            "dow": "WED",
            "hh": "08",
            "mm": "20",
            "congestionCar": [
              65,
              85,
              94,
              85,
              85,
              76,
              69,
              82,
              86,
              73
            ]
          },
          {
            "dow": "WED",
            "hh": "08",
            "mm": "30",
            "congestionCar": [
              64,
              72,
              68,
              71,
              71,
              59,
              58,
              61,
              62,
              54
            ]
          },
          {
            "dow": "WED",
            "hh": "08",
            "mm": "40",
            "congestionCar": [
              69,
              82,
              74,
              73,
              76,
              59,
              63,
              68,
              70,
              55
            ]
          },
          {
            "dow": "WED",
            "hh": "08",
            "mm": "50",
            "congestionCar": [
              50,
              65,
              82,
              71,
              64,
              53,
              54,
              62,
              61,
              48
            ]
          }
        ]
      }
    ],
    "statStartDate": "20230924",
    "statEndDate": "20231223"
  }
}