{
  "status": {
    "code": "00",
    "message": "success",
    "totalCount": 1
  },
  "contents": {
    "subwayLine": "2호선",
    "stationName": "서울대입구역",
    "stationCode": "228",
    "stat": [
      {
        "startStationCode": "202",
        "startStationName": "을지로입구역",
        "endStationCode": "211",
        "endStationName": "성수역",
        "prevStationCode": "229",
        "prevStationName": "봉천역",
        "updnLine": 0,
        "directAt": 0,
        "data": [
          {
            "dow": "FRI",
            "hh": "13",
            "mm": "00",
            "congestionCar": [
              31,
              35,
              45,
              48,
              56,
              55,
              48,
              41,
              36,
              37
            ]
          },
          {
            "dow": "FRI",
            "hh": "13",
            "mm": "10",
            "congestionCar": [
              33,
              38,
              54,
              58,
              64,
              60,
              57,
              55,
              42,
              39
            ]
          },
          {
            "dow": "FRI",
            "hh": "13",
            "mm": "20",
            "congestionCar": [
              46,
              54,
              66,
              68,
              75,
              70,
              70,
              60,
              48,
              64
            ]
          },
          {
            "dow": "FRI",
            "hh": "13",
            "mm": "30",
            "congestionCar": [
              32,
              36,
              53,
              51,
              62,
              51,
              50,
              43,
              38,
              44
            ]
          },
          {
            "dow": "FRI",
            "hh": "13",
            "mm": "40",
            "congestionCar": [
              28,
              36,
              49,
              51,
              64,
              58,
              46,
              44,
              36,
              38
            ]
          },
          {
            "dow": "FRI",
            "hh": "13",
            "mm": "50",
            "congestionCar": [
              32,
              31,
              42,
              49,
              57,
              49,
              44,
              35,
              31,
              40
            ]
          }
        ]
      },
      {
        "startStationCode": "202",
        "startStationName": "을지로입구역",
        "endStationCode": "211-R",
        "endStationName": "성수역",
        "prevStationCode": "229",
        "prevStationName": "봉천역",
        "updnLine": 0,
        "directAt": 0,
        "data": [
          {
            "dow": "FRI",
            "hh": "13",
            "mm": "00",
            "congestionCar": [
              31,
              35,
              45,
              48,
              56,
              55,
              48,
              41,
              36,
              37
            ]
          },
          {
            "dow": "FRI",
            "hh": "13",
            "mm": "10",
            "congestionCar": [
              33,
              38,
              54,
              58,
              64,
              60,
              57,
              55,
              42,
              39
            ]
          },
          {
            "dow": "FRI",
            "hh": "13",
            "mm": "20",
            "congestionCar": [
              46,
              54,
              66,
              68,
              75,
              70,
              70,
              60,
              48,
              64
            ]
          },
          {
            "dow": "FRI",
            "hh": "13",
            "mm": "30",
            "congestionCar": [
              32,
              36,
              53,
              51,
              62,
              51,
              50,
              43,
              38,
              44
            ]
          },
          {
            "dow": "FRI",
            "hh": "13",
            "mm": "40",
            "congestionCar": [
              28,
              36,
              49,
              51,
              64,
              58,
              46,
              44,
              36,
              38
            ]
          },
          {
            "dow": "FRI",
            "hh": "13",
            "mm": "50",
            "congestionCar": [
              32,
              31,
              42,
              49,
              57,
              49,
              44,
              35,
              31,
              40
            ]
          }
        ]
      },
      {
        "startStationCode": "211",
        "startStationName": "성수역",
        "endStationCode": "202",
        "endStationName": "을지로입구역",
        "prevStationCode": "227",
        "prevStationName": "낙성대역",
        "updnLine": 1,
        "directAt": 0,
        "data": [
          {
            "dow": "FRI",
            "hh": "13",
            "mm": "00",
            "congestionCar": [
              43,
              45,
              63,
              64,
              55,
              61,
              64,
              47,
              32,
              35
            ]
          },
          {
            "dow": "FRI",
            "hh": "13",
            "mm": "10",
            "congestionCar": [
              38,
              46,
              48,
              54,
              53,
              50,
              52,
              44,
              34,
              22
            ]
          },
          {
            "dow": "FRI",
            "hh": "13",
            "mm": "20",
            "congestionCar": [
              35,
              37,
              42,
              43,
              43,
              44,
              43,
              35,
              26,
              23
            ]
          },
          {
            "dow": "FRI",
            "hh": "13",
            "mm": "30",
            "congestionCar": [
              50,
              50,
              55,
              61,
              59,
              66,
              56,
              46,
              37,
              31
            ]
          },
          {
            "dow": "FRI",
            "hh": "13",
            "mm": "40",
            "congestionCar": [
              37,
              50,
              41,
              58,
              52,
              61,
              56,
              43,
              36,
              26
            ]
          },
          {
            "dow": "FRI",
            "hh": "13",
            "mm": "50",
            "congestionCar": [
              34,
              43,
              54,
              60,
              59,
              55,
              56,
              50,
              41,
              30
            ]
          }
        ]
      },
      {
        "startStationCode": "211",
        "startStationName": "성수역",
        "endStationCode": "211",
        "endStationName": "성수역",
        "prevStationCode": "229",
        "prevStationName": "봉천역",
        "updnLine": 0,
        "directAt": 0,
        "data": [
          {
            "dow": "FRI",
            "hh": "13",
            "mm": "00",
            "congestionCar": [
              31,
              35,
              45,
              48,
              56,
              55,
              48,
              41,
              36,
              37
            ]
          },
          {
            "dow": "FRI",
            "hh": "13",
            "mm": "10",
            "congestionCar": [
              33,
              38,
              54,
              58,
              64,
              60,
              57,
              55,
              42,
              39
            ]
          },
          {
            "dow": "FRI",
            "hh": "13",
            "mm": "20",
            "congestionCar": [
              46,
              54,
              66,
              68,
              75,
              70,
              70,
              60,
              48,
              64
            ]
          },
          {
            "dow": "FRI",
            "hh": "13",
            "mm": "30",
            "congestionCar": [
              32,
              36,
              53,
              51,
              62,
              51,
              50,
              43,
              38,
              44
            ]
          },
          {
            "dow": "FRI",
            "hh": "13",
            "mm": "40",
            "congestionCar": [
              28,
              36,
              49,
              51,
              64,
              58,
              46,
              44,
              36,
              38
            ]
          },
          {
            "dow": "FRI",
            "hh": "13",
            "mm": "50",
            "congestionCar": [
              32,
              31,
              42,
              49,
              57,
              49,
              44,
              35,
              31,
              40
            ]
          }
        ]
      },
      {
        "startStationCode": "211",
        "startStationName": "성수역",
        "endStationCode": "211",
        "endStationName": "성수역",
        "prevStationCode": "227",
        "prevStationName": "낙성대역",
        "updnLine": 1,
        "directAt": 0,
        "data": [
          {
            "dow": "FRI",
            "hh": "13",
            "mm": "00",
            "congestionCar": [
              43,
              45,
              63,
              64,
              55,
              61,
              64,
              47,
              32,
              35
            ]
          },
          {
            "dow": "FRI",
            "hh": "13",
            "mm": "10",
            "congestionCar": [
              38,
              46,
              48,
              54,
              53,
              50,
              52,
              44,
              34,
              22
            ]
          },
          {
            "dow": "FRI",
            "hh": "13",
            "mm": "20",
            "congestionCar": [
              35,
              37,
              42,
              43,
              43,
              44,
              43,
              35,
              26,
              23
            ]
          },
          {
            "dow": "FRI",
            "hh": "13",
            "mm": "30",
            "congestionCar": [
              50,
              50,
              55,
              61,
              59,
              66,
              56,
              46,
              37,
              31
            ]
          },
          {
            "dow": "FRI",
            "hh": "13",
            "mm": "40",
            "congestionCar": [
              37,
              50,
              41,
              58,
              52,
              61,
              56,
              43,
              36,
              26
            ]
          },
          {
            "dow": "FRI",
            "hh": "13",
            "mm": "50",
            "congestionCar": [
              34,
              43,
              54,
              60,
              59,
              55,
              56,
              50,
              41,
              30
            ]
          }
        ]
      },
      {
        "startStationCode": "211",
        "startStationName": "성수역",
        "endStationCode": "211-R",
        "endStationName": "성수역",
        "prevStationCode": "229",
        "prevStationName": "봉천역",
        "updnLine": 0,
        "directAt": 0,
        "data": [
          {
            "dow": "FRI",
            "hh": "13",
            "mm": "00",
            "congestionCar": [
              31,
              35,
              45,
              48,
              56,
              55,
              48,
              41,
              36,
              37
            ]
          },
          {
            "dow": "FRI",
            "hh": "13",
            "mm": "10",
            "congestionCar": [
              33,
              38,
              54,
              58,
              64,
              60,
              57,
              55,
              42,
              39
            ]
          },
          {
            "dow": "FRI",
            "hh": "13",
            "mm": "20",
            "congestionCar": [
              46,
              54,
              66,
              68,
              75,
              70,
              70,
              60,
              48,
              64
            ]
          },
          {
            "dow": "FRI",
            "hh": "13",
            "mm": "30",
            "congestionCar": [
              32,
              36,
              53,
              51,
              62,
              51,
              50,
              43,
              38,
              44
            ]
          },
          {
            "dow": "FRI",
            "hh": "13",
            "mm": "40",
            "congestionCar": [
              30,
              39,
              52,
              54,
              68,
              62,
              50,
              47,
              38,
              41
            ]
          },
          {
            "dow": "FRI",
            "hh": "13",
            "mm": "50",
            "congestionCar": [
              35,
              34,
              45,
              52,
              61,
              52,
              47,
              38,
              33,
              42
            ]
          }
        ]
      },
      {
        "startStationCode": "211",
        "startStationName": "성수역",
        "endStationCode": "211-R",
        "endStationName": "성수역",
        "prevStationCode": "227",
        "prevStationName": "낙성대역",
        "updnLine": 1,
        "directAt": 0,
        "data": [
          {
            "dow": "FRI",
            "hh": "13",
            "mm": "00",
            "congestionCar": [
              46,
              47,
              66,
              68,
              59,
              65,
              68,
              50,
              34,
              37
            ]
          },
          {
            "dow": "FRI",
            "hh": "13",
            "mm": "10",
            "congestionCar": [
              40,
              49,
              51,
              57,
              56,
              54,
              55,
              47,
              36,
              23
            ]
          },
          {
            "dow": "FRI",
            "hh": "13",
            "mm": "20",
            "congestionCar": [
              37,
              39,
              44,
              45,
              45,
              46,
              45,
              36,
              28,
              24
            ]
          },
          {
            "dow": "FRI",
            "hh": "13",
            "mm": "30",
            "congestionCar": [
              50,
              50,
              55,
              61,
              59,
              66,
              56,
              46,
              37,
              31
            ]
          },
          {
            "dow": "FRI",
            "hh": "13",
            "mm": "40",
            "congestionCar": [
              37,
              50,
              41,
              58,
              52,
              61,
              56,
              43,
              36,
              26
            ]
          },
          {
            "dow": "FRI",
            "hh": "13",
            "mm": "50",
            "congestionCar": [
              34,
              43,
              54,
              60,
              59,
              55,
              56,
              50,
              41,
              30
            ]
          }
        ]
      },
      {
        "startStationCode": "211",
        "startStationName": "성수역",
        "endStationCode": "219",
        "endStationName": "삼성역",
        "prevStationCode": "229",
        "prevStationName": "봉천역",
        "updnLine": 0,
        "directAt": 0,
        "data": [
          {
            "dow": "FRI",
            "hh": "13",
            "mm": "00",
            "congestionCar": [
              31,
              35,
              45,
              48,
              56,
              55,
              48,
              41,
              36,
              37
            ]
          },
          {
            "dow": "FRI",
            "hh": "13",
            "mm": "10",
            "congestionCar": [
              33,
              38,
              54,
              58,
              64,
              60,
              57,
              55,
              42,
              39
            ]
          },
          {
            "dow": "FRI",
            "hh": "13",
            "mm": "20",
            "congestionCar": [
              46,
              54,
              66,
              68,
              75,
              70,
              70,
              60,
              48,
              64
            ]
          },
          {
            "dow": "FRI",
            "hh": "13",
            "mm": "30",
            "congestionCar": [
              32,
              36,
              53,
              51,
              62,
              51,
              50,
              43,
              38,
              44
            ]
          },
          {
            "dow": "FRI",
            "hh": "13",
            "mm": "40",
            "congestionCar": [
              28,
              36,
              49,
              51,
              64,
              58,
              46,
              44,
              36,
              38
            ]
          },
          {
            "dow": "FRI",
            "hh": "13",
            "mm": "50",
            "congestionCar": [
              32,
              31,
              42,
              49,
              57,
              49,
              44,
              35,
              31,
              40
            ]
          }
        ]
      },
      {
        "startStationCode": "211",
        "startStationName": "성수역",
        "endStationCode": "228",
        "endStationName": "서울대입구역",
        "prevStationCode": "229",
        "prevStationName": "봉천역",
        "updnLine": 0,
        "directAt": 0,
        "data": [
          {
            "dow": "FRI",
            "hh": "13",
            "mm": "00",
            "congestionCar": [
              31,
              35,
              45,
              48,
              56,
              55,
              48,
              41,
              36,
              37
            ]
          },
          {
            "dow": "FRI",
            "hh": "13",
            "mm": "10",
            "congestionCar": [
              33,
              38,
              54,
              58,
              64,
              60,
              57,
              55,
              42,
              39
            ]
          },
          {
            "dow": "FRI",
            "hh": "13",
            "mm": "20",
            "congestionCar": [
              46,
              54,
              66,
              68,
              75,
              70,
              70,
              60,
              48,
              64
            ]
          },
          {
            "dow": "FRI",
            "hh": "13",
            "mm": "30",
            "congestionCar": [
              32,
              36,
              53,
              51,
              62,
              51,
              50,
              43,
              38,
              44
            ]
          },
          {
            "dow": "FRI",
            "hh": "13",
            "mm": "40",
            "congestionCar": [
              28,
              36,
              49,
              51,
              64,
              58,
              46,
              44,
              36,
              38
            ]
          },
          {
            "dow": "FRI",
            "hh": "13",
            "mm": "50",
            "congestionCar": [
              32,
              31,
              42,
              49,
              57,
              49,
              44,
              35,
              31,
              40
            ]
          }
        ]
      },
      {
        "startStationCode": "211",
        "startStationName": "성수역",
        "endStationCode": "228",
        "endStationName": "서울대입구역",
        "prevStationCode": "227",
        "prevStationName": "낙성대역",
        "updnLine": 1,
        "directAt": 0,
        "data": [
          {
            "dow": "FRI",
            "hh": "13",
            "mm": "00",
            "congestionCar": [
              43,
              45,
              63,
              64,
              55,
              61,
              64,
              47,
              32,
              35
            ]
          },
          {
            "dow": "FRI",
            "hh": "13",
            "mm": "10",
            "congestionCar": [
              38,
              46,
              48,
              54,
              53,
              50,
              52,
              44,
              34,
              22
            ]
          },
          {
            "dow": "FRI",
            "hh": "13",
            "mm": "20",
            "congestionCar": [
              35,
              37,
              42,
              43,
              43,
              44,
              43,
              35,
              26,
              23
            ]
          },
          {
            "dow": "FRI",
            "hh": "13",
            "mm": "30",
            "congestionCar": [
              50,
              50,
              55,
              61,
              59,
              66,
              56,
              46,
              37,
              31
            ]
          },
          {
            "dow": "FRI",
            "hh": "13",
            "mm": "40",
            "congestionCar": [
              37,
              50,
              41,
              58,
              52,
              61,
              56,
              43,
              36,
              26
            ]
          },
          {
            "dow": "FRI",
            "hh": "13",
            "mm": "50",
            "congestionCar": [
              34,
              43,
              54,
              60,
              59,
              55,
              56,
              50,
              41,
              30
            ]
          }
        ]
      },
      {
        "startStationCode": "211",
        "startStationName": "성수역",
        "endStationCode": "234",
        "endStationName": "신도림역",
        "prevStationCode": "227",
        "prevStationName": "낙성대역",
        "updnLine": 1,
        "directAt": 0,
        "data": [
          {
            "dow": "FRI",
            "hh": "13",
            "mm": "00",
            "congestionCar": [
              43,
              45,
              63,
              64,
              55,
              61,
              64,
              47,
              32,
              35
            ]
          },
          {
            "dow": "FRI",
            "hh": "13",
            "mm": "10",
            "congestionCar": [
              38,
              46,
              48,
              54,
              53,
              50,
              52,
              44,
              34,
              22
            ]
          },
          {
            "dow": "FRI",
            "hh": "13",
            "mm": "20",
            "congestionCar": [
              35,
              37,
              42,
              43,
              43,
              44,
              43,
              35,
              26,
              23
            ]
          },
          {
            "dow": "FRI",
            "hh": "13",
            "mm": "30",
            "congestionCar": [
              50,
              50,
              55,
              61,
              59,
              66,
              56,
              46,
              37,
              31
            ]
          },
          {
            "dow": "FRI",
            "hh": "13",
            "mm": "40",
            "congestionCar": [
              37,
              50,
              41,
              58,
              52,
              61,
              56,
              43,
              36,
              26
            ]
          },
          {
            "dow": "FRI",
            "hh": "13",
            "mm": "50",
            "congestionCar": [
              34,
              43,
              54,
              60,
              59,
              55,
              56,
              50,
              41,
              30
            ]
          }
        ]
      },
      {
        "startStationCode": "211",
        "startStationName": "성수역",
        "endStationCode": "239",
        "endStationName": "홍대입구역",
        "prevStationCode": "227",
        "prevStationName": "낙성대역",
        "updnLine": 1,
        "directAt": 0,
        "data": [
          {
            "dow": "FRI",
            "hh": "13",
            "mm": "00",
            "congestionCar": [
              43,
              45,
              63,
              64,
              55,
              61,
              64,
              47,
              32,
              35
            ]
          },
          {
            "dow": "FRI",
            "hh": "13",
            "mm": "10",
            "congestionCar": [
              38,
              46,
              48,
              54,
              53,
              50,
              52,
              44,
              34,
              22
            ]
          },
          {
            "dow": "FRI",
            "hh": "13",
            "mm": "20",
            "congestionCar": [
              35,
              37,
              42,
              43,
              43,
              44,
              43,
              35,
              26,
              23
            ]
          },
          {
            "dow": "FRI",
            "hh": "13",
            "mm": "30",
            "congestionCar": [
              50,
              50,
              55,
              61,
              59,
              66,
              56,
              46,
              37,
              31
            ]
          },
          {
            "dow": "FRI",
            "hh": "13",
            "mm": "40",
            "congestionCar": [
              37,
              50,
              41,
              58,
              52,
              61,
              56,
              43,
              36,
              26
            ]
          },
          {
            "dow": "FRI",
            "hh": "13",
            "mm": "50",
            "congestionCar": [
              34,
              43,
              54,
              60,
              59,
              55,
              56,
              50,
              41,
              30
            ]
          }
        ]
      },
      {
        "startStationCode": "219",
        "startStationName": "삼성역",
        "endStationCode": "211-R",
        "endStationName": "성수역",
        "prevStationCode": "227",
        "prevStationName": "낙성대역",
        "updnLine": 1,
        "directAt": 0,
        "data": [
          {
            "dow": "FRI",
            "hh": "13",
            "mm": "00",
            "congestionCar": [
              43,
              45,
              63,
              64,
              55,
              61,
              64,
              47,
              32,
              35
            ]
          },
          {
            "dow": "FRI",
            "hh": "13",
            "mm": "10",
            "congestionCar": [
              38,
              46,
              48,
              54,
              53,
              50,
              52,
              44,
              34,
              22
            ]
          },
          {
            "dow": "FRI",
            "hh": "13",
            "mm": "20",
            "congestionCar": [
              35,
              37,
              42,
              43,
              43,
              44,
              43,
              35,
              26,
              23
            ]
          },
          {
            "dow": "FRI",
            "hh": "13",
            "mm": "30",
            "congestionCar": [
              50,
              50,
              55,
              61,
              59,
              66,
              56,
              46,
              37,
              31
            ]
          },
          {
            "dow": "FRI",
            "hh": "13",
            "mm": "40",
            "congestionCar": [
              37,
              50,
              41,
              58,
              52,
              61,
              56,
              43,
              36,
              26
            ]
          },
          {
            "dow": "FRI",
            "hh": "13",
            "mm": "50",
            "congestionCar": [
              34,
              43,
              54,
              60,
              59,
              55,
              56,
              50,
              41,
              30
            ]
          }
        ]
      },
      {
        "startStationCode": "234",
        "startStationName": "신도림역",
        "endStationCode": "211",
        "endStationName": "성수역",
        "prevStationCode": "229",
        "prevStationName": "봉천역",
        "updnLine": 0,
        "directAt": 0,
        "data": [
          {
            "dow": "FRI",
            "hh": "13",
            "mm": "00",
            "congestionCar": [
              31,
              35,
              45,
              48,
              56,
              55,
              48,
              41,
              36,
              37
            ]
          },
          {
            "dow": "FRI",
            "hh": "13",
            "mm": "10",
            "congestionCar": [
              33,
              38,
              54,
              58,
              64,
              60,
              57,
              55,
              42,
              39
            ]
          },
          {
            "dow": "FRI",
            "hh": "13",
            "mm": "20",
            "congestionCar": [
              46,
              54,
              66,
              68,
              75,
              70,
              70,
              60,
              48,
              64
            ]
          },
          {
            "dow": "FRI",
            "hh": "13",
            "mm": "30",
            "congestionCar": [
              32,
              36,
              53,
              51,
              62,
              51,
              50,
              43,
              38,
              44
            ]
          },
          {
            "dow": "FRI",
            "hh": "13",
            "mm": "40",
            "congestionCar": [
              28,
              36,
              49,
              51,
              64,
              58,
              46,
              44,
              36,
              38
            ]
          },
          {
            "dow": "FRI",
            "hh": "13",
            "mm": "50",
            "congestionCar": [
              32,
              31,
              42,
              49,
              57,
              49,
              44,
              35,
              31,
              40
            ]
          }
        ]
      },
      {
        "startStationCode": "234",
        "startStationName": "신도림역",
        "endStationCode": "211-R",
        "endStationName": "성수역",
        "prevStationCode": "229",
        "prevStationName": "봉천역",
        "updnLine": 0,
        "directAt": 0,
        "data": [
          {
            "dow": "FRI",
            "hh": "13",
            "mm": "00",
            "congestionCar": [
              31,
              35,
              45,
              48,
              56,
              55,
              48,
              41,
              36,
              37
            ]
          },
          {
            "dow": "FRI",
            "hh": "13",
            "mm": "10",
            "congestionCar": [
              33,
              38,
              54,
              58,
              64,
              60,
              57,
              55,
              42,
              39
            ]
          },
          {
            "dow": "FRI",
            "hh": "13",
            "mm": "20",
            "congestionCar": [
              46,
              54,
              66,
              68,
              75,
              70,
              70,
              60,
              48,
              64
            ]
          },
          {
            "dow": "FRI",
            "hh": "13",
            "mm": "30",
            "congestionCar": [
              32,
              36,
              53,
              51,
              62,
              51,
              50,
              43,
              38,
              44
            ]
          },
          {
            "dow": "FRI",
            "hh": "13",
            "mm": "40",
            "congestionCar": [
              28,
              36,
              49,
              51,
              64,
              58,
              46,
              44,
              36,
              38
            ]
          },
          {
            "dow": "FRI",
            "hh": "13",
            "mm": "50",
            "congestionCar": [
              32,
              31,
              42,
              49,
              57,
              49,
              44,
              35,
              31,
              40
            ]
          }
        ]
      },
      {
        "startStationCode": "239",
        "startStationName": "홍대입구역",
        "endStationCode": "211",
        "endStationName": "성수역",
        "prevStationCode": "229",
        "prevStationName": "봉천역",
        "updnLine": 0,
        "directAt": 0,
        "data": [
          {
            "dow": "FRI",
            "hh": "13",
            "mm": "00",
            "congestionCar": [
              31,
              35,
              45,
              48,
              56,
              55,
              48,
              41,
              36,
              37
            ]
          },
          {
            "dow": "FRI",
            "hh": "13",
            "mm": "10",
            "congestionCar": [
              33,
              38,
              54,
              58,
              64,
              60,
              57,
              55,
              42,
              39
            ]
          },
          {
            "dow": "FRI",
            "hh": "13",
            "mm": "20",
            "congestionCar": [
              46,
              54,
              66,
              68,
              75,
              70,
              70,
              60,
              48,
              64
            ]
          },
          {
            "dow": "FRI",
            "hh": "13",
            "mm": "30",
            "congestionCar": [
              32,
              36,
              53,
              51,
              62,
              51,
              50,
              43,
              38,
              44
            ]
          },
          {
            "dow": "FRI",
            "hh": "13",
            "mm": "40",
            "congestionCar": [
              28,
              36,
              49,
              51,
              64,
              58,
              46,
              44,
              36,
              38
            ]
          },
          {
            "dow": "FRI",
            "hh": "13",
            "mm": "50",
            "congestionCar": [
              32,
              31,
              42,
              49,
              57,
              49,
              44,
              35,
              31,
              40
            ]
          }
        ]
      },
      {
        "startStationCode": "239",
        "startStationName": "홍대입구역",
        "endStationCode": "211-R",
        "endStationName": "성수역",
        "prevStationCode": "229",
        "prevStationName": "봉천역",
        "updnLine": 0,
        "directAt": 0,
        "data": [
          {
            "dow": "FRI",
            "hh": "13",
            "mm": "00",
            "congestionCar": [
              31,
              35,
              45,
              48,
              56,
              55,
              48,
              41,
              36,
              37
            ]
          },
          {
            "dow": "FRI",
            "hh": "13",
            "mm": "10",
            "congestionCar": [
              33,
              38,
              54,
              58,
              64,
              60,
              57,
              55,
              42,
              39
            ]
          },
          {
            "dow": "FRI",
            "hh": "13",
            "mm": "20",
            "congestionCar": [
              46,
              54,
              66,
              68,
              75,
              70,
              70,
              60,
              48,
              64
            ]
          },
          {
            "dow": "FRI",
            "hh": "13",
            "mm": "30",
            "congestionCar": [
              32,
              36,
              53,
              51,
              62,
              51,
              50,
              43,
              38,
              44
            ]
          },
          {
            "dow": "FRI",
            "hh": "13",
            "mm": "40",
            "congestionCar": [
              28,
              36,
              49,
              51,
              64,
              58,
              46,
              44,
              36,
              38
            ]
          },
          {
            "dow": "FRI",
            "hh": "13",
            "mm": "50",
            "congestionCar": [
              32,
              31,
              42,
              49,
              57,
              49,
              44,
              35,
              31,
              40
            ]
          }
        ]
      }
    ],
    "statStartDate": "20230924",
    "statEndDate": "20231223"
  }
}