{
  "status": {
    "code": "00",
    "message": "success",
    "totalCount": 1
  },
  "contents": {
    "subwayLine": "2호선",
    "stationName": "삼성역",
    "stationCode": "219",
    "stat": [
      {
        "startStationCode": "202",
        "startStationName": "을지로입구역",
        "endStationCode": "211",
        "endStationName": "성수역",
        "prevStationCode": "220",
        "prevStationName": "선릉역",
        "updnLine": 0,
        "directAt": 0,
        "data": [
          {
            "dow": "MON",
            "hh": "13",
            "mm": "00",
            "congestionCar": [
              29,
              29,
              33,
              40,
              38,
              38,
              33,
              34,
              22,
              23
            ]
          },
          {
            "dow": "MON",
            "hh": "13",
            "mm": "10",
            "congestionCar": [
              27,
              31,
              28,
              41,
              39,
              40,
              36,
              32,
              30,
              25
            ]
          },
          {
            "dow": "MON",
            "hh": "13",
            "mm": "20",
            "congestionCar": [
              30,
              29,
              40,
              38,
              45,
              39,
              40,
              34,
              29,
              25
            ]
          },
          {
            "dow": "MON",
            "hh": "13",
            "mm": "30",
            "congestionCar": [
              27,
              28,
              36,
              41,
              37,
              36,
              38,
              32,
              23,
              21
            ]
          },
          {
            "dow": "MON",
            "hh": "13",
            "mm": "40",
            "congestionCar": [
              28,
              28,
              33,
              39,
              39,
              37,
              43,
              36,
              25,
              22
            ]
          },
          {
            "dow": "MON",
            "hh": "13",
            "mm": "50",
            "congestionCar": [
              32,
              27,
              33,
              38,
              37,
              38,
              37,
              28,
              27,
              22
            ]
          }
        ]
      },
      {
        "startStationCode": "202",
        "startStationName": "을지로입구역",
        "endStationCode": "211-R",
        "endStationName": "성수역",
        "prevStationCode": "220",
        "prevStationName": "선릉역",
        "updnLine": 0,
        "directAt": 0,
        "data": [
          {
            "dow": "MON",
            "hh": "13",
            "mm": "00",
            "congestionCar": [
              9,
              9,
              10,
              12,
              12,
              12,
              10,
              11,
              7,
              7
            ]
          },
          {
            "dow": "MON",
            "hh": "13",
            "mm": "10",
            "congestionCar": [
              27,
              31,
              28,
              41,
              39,
              40,
              36,
              32,
              30,
              25
            ]
          },
          {
            "dow": "MON",
            "hh": "13",
            "mm": "20",
            "congestionCar": [
              30,
              29,
              40,
              38,
              45,
              39,
              40,
              34,
              29,
              25
            ]
          },
          {
            "dow": "MON",
            "hh": "13",
            "mm": "30",
            "congestionCar": [
              27,
              28,
              36,
              41,
              37,
              36,
              38,
              32,
              23,
              21
            ]
          },
          {
            "dow": "MON",
            "hh": "13",
            "mm": "40",
            "congestionCar": [
              28,
              28,
              33,
              39,
              39,
              37,
              43,
              36,
              25,
              22
            ]
          },
          {
            "dow": "MON",
            "hh": "13",
            "mm": "50",
            "congestionCar": [
              32,
              27,
              33,
              38,
              37,
              38,
              37,
              28,
              27,
              22
            ]
          }
        ]
      },
      {
        "startStationCode": "211",
        "startStationName": "성수역",
        "endStationCode": "202",
        "endStationName": "을지로입구역",
        "prevStationCode": "218",
        "prevStationName": "종합운동장역",
        "updnLine": 1,
        "directAt": 0,
        "data": [
          {
            "dow": "MON",
            "hh": "13",
            "mm": "00",
            "congestionCar": [
              30,
              26,
              36,
              38,
              35,
              39,
              32,
              32,
              23,
              19
            ]
          },
          {
            "dow": "MON",
            "hh": "13",
            "mm": "10",
            "congestionCar": [
              27,
              31,
              33,
              29,
              33,
              42,
              34,
              24,
              19,
              18
            ]
          },
          {
            "dow": "MON",
            "hh": "13",
            "mm": "20",
            "congestionCar": [
              22,
              30,
              31,
              34,
              32,
              34,
              35,
              28,
              24,
              19
            ]
          },
          {
            "dow": "MON",
            "hh": "13",
            "mm": "30",
            "congestionCar": [
              33,
              33,
              40,
              38,
              47,
              48,
              44,
              35,
              31,
              22
            ]
          },
          {
            "dow": "MON",
            "hh": "13",
            "mm": "40",
            "congestionCar": [
              39,
              32,
              40,
              43,
              46,
              60,
              47,
              37,
              27,
              30
            ]
          },
          {
            "dow": "MON",
            "hh": "13",
            "mm": "50",
            "congestionCar": [
              30,
              35,
              38,
              41,
              44,
              43,
              41,
              36,
              30,
              22
            ]
          }
        ]
      },
      {
        "startStationCode": "211",
        "startStationName": "성수역",
        "endStationCode": "211",
        "endStationName": "성수역",
        "prevStationCode": "220",
        "prevStationName": "선릉역",
        "updnLine": 0,
        "directAt": 0,
        "data": [
          {
            "dow": "MON",
            "hh": "13",
            "mm": "00",
            "congestionCar": [
              29,
              29,
              33,
              40,
              38,
              38,
              33,
              34,
              22,
              23
            ]
          },
          {
            "dow": "MON",
            "hh": "13",
            "mm": "10",
            "congestionCar": [
              27,
              31,
              28,
              41,
              39,
              40,
              36,
              32,
              30,
              25
            ]
          },
          {
            "dow": "MON",
            "hh": "13",
            "mm": "20",
            "congestionCar": [
              30,
              29,
              40,
              38,
              45,
              39,
              40,
              34,
              29,
              25
            ]
          },
          {
            "dow": "MON",
            "hh": "13",
            "mm": "30",
            "congestionCar": [
              27,
              28,
              36,
              41,
              37,
              36,
              38,
              32,
              23,
              21
            ]
          },
          {
            "dow": "MON",
            "hh": "13",
            "mm": "40",
            "congestionCar": [
              28,
              28,
              33,
              39,
              39,
              37,
              43,
              36,
              25,
              22
            ]
          },
          {
            "dow": "MON",
            "hh": "13",
            "mm": "50",
            "congestionCar": [
              32,
              27,
              33,
              38,
              37,
              38,
              37,
              28,
              27,
              22
            ]
          }
        ]
      },
      {
        "startStationCode": "211",
        "startStationName": "성수역",
        "endStationCode": "211",
        "endStationName": "성수역",
        "prevStationCode": "218",
        "prevStationName": "종합운동장역",
        "updnLine": 1,
        "directAt": 0,
        "data": [
          {
            "dow": "MON",
            "hh": "13",
            "mm": "00",
            "congestionCar": [
              24,
              21,
              29,
              31,
              28,
              32,
              25,
              26,
              18,
              15
            ]
          },
          {
            "dow": "MON",
            "hh": "13",
            "mm": "10",
            "congestionCar": [
              23,
              27,
              28,
              25,
              29,
              36,
              29,
              21,
              16,
              15
            ]
          },
          {
            "dow": "MON",
            "hh": "13",
            "mm": "20",
            "congestionCar": [
              9,
              13,
              13,
              14,
              13,
              14,
              14,
              11,
              10,
              8
            ]
          },
          {
            "dow": "MON",
            "hh": "13",
            "mm": "30",
            "congestionCar": [
              33,
              33,
              40,
              38,
              47,
              48,
              44,
              35,
              31,
              22
            ]
          },
          {
            "dow": "MON",
            "hh": "13",
            "mm": "40",
            "congestionCar": [
              39,
              32,
              40,
              43,
              46,
              60,
              47,
              37,
              27,
              30
            ]
          },
          {
            "dow": "MON",
            "hh": "13",
            "mm": "50",
            "congestionCar": [
              30,
              35,
              38,
              41,
              44,
              43,
              41,
              36,
              30,
              22
            ]
          }
        ]
      },
      {
        "startStationCode": "211",
        "startStationName": "성수역",
        "endStationCode": "211-R",
        "endStationName": "성수역",
        "prevStationCode": "220",
        "prevStationName": "선릉역",
        "updnLine": 0,
        "directAt": 0,
        "data": [
          {
            "dow": "MON",
            "hh": "13",
            "mm": "00",
            "congestionCar": [
              29,
              29,
              33,
              40,
              38,
              38,
              33,
              34,
              22,
              23
            ]
          },
          {
            "dow": "MON",
            "hh": "13",
            "mm": "10",
            "congestionCar": [
              27,
              31,
              28,
              41,
              39,
              40,
              36,
              32,
              30,
              25
            ]
          },
          {
            "dow": "MON",
            "hh": "13",
            "mm": "20",
            "congestionCar": [
              30,
              29,
              40,
              38,
              45,
              39,
              40,
              34,
              29,
              25
            ]
          },
          {
            "dow": "MON",
            "hh": "13",
            "mm": "30",
            "congestionCar": [
              29,
              30,
              38,
              43,
              39,
              39,
              40,
              34,
              24,
              23
            ]
          },
          {
            "dow": "MON",
            "hh": "13",
            "mm": "40",
            "congestionCar": [
              30,
              30,
              36,
              43,
              43,
              41,
              46,
              39,
              27,
              24
            ]
          },
          {
            "dow": "MON",
            "hh": "13",
            "mm": "50",
            "congestionCar": [
              35,
              30,
              37,
              42,
              41,
              42,
              40,
              30,
              30,
              24
            ]
          }
        ]
      },
      {
        "startStationCode": "211",
        "startStationName": "성수역",
        "endStationCode": "211-R",
        "endStationName": "성수역",
        "prevStationCode": "218",
        "prevStationName": "종합운동장역",
        "updnLine": 1,
        "directAt": 0,
        "data": [
          {
            "dow": "MON",
            "hh": "13",
            "mm": "00",
            "congestionCar": [
              30,
              27,
              38,
              39,
              36,
              40,
              33,
              33,
              24,
              20
            ]
          },
          {
            "dow": "MON",
            "hh": "13",
            "mm": "10",
            "congestionCar": [
              28,
              32,
              34,
              30,
              34,
              43,
              35,
              25,
              20,
              18
            ]
          },
          {
            "dow": "MON",
            "hh": "13",
            "mm": "20",
            "congestionCar": [
              22,
              30,
              31,
              34,
              32,
              34,
              35,
              28,
              24,
              19
            ]
          },
          {
            "dow": "MON",
            "hh": "13",
            "mm": "30",
            "congestionCar": [
              33,
              33,
              40,
              38,
              47,
              48,
              44,
              35,
              31,
              22
            ]
          },
          {
            "dow": "MON",
            "hh": "13",
            "mm": "40",
            "congestionCar": [
              39,
              32,
              40,
              43,
              46,
              60,
              47,
              37,
              27,
              30
            ]
          },
          {
            "dow": "MON",
            "hh": "13",
            "mm": "50",
            "congestionCar": [
              30,
              35,
              38,
              41,
              44,
              43,
              41,
              36,
              30,
              22
            ]
          }
        ]
      },
      {
        "startStationCode": "211",
        "startStationName": "성수역",
        "endStationCode": "219",
        "endStationName": "삼성역",
        "prevStationCode": "220",
        "prevStationName": "선릉역",
        "updnLine": 0,
        "directAt": 0,
        "data": [
          {
            "dow": "MON",
            "hh": "13",
            "mm": "00",
            "congestionCar": [
              29,
              29,
              33,
              40,
              38,
              38,
              33,
              34,
              22,
              23
            ]
          },
          {
            "dow": "MON",
            "hh": "13",
            "mm": "10",
            "congestionCar": [
              27,
              31,
              28,
              41,
              39,
              40,
              36,
              32,
              30,
              25
            ]
          },
          {
            "dow": "MON",
            "hh": "13",
            "mm": "20",
            "congestionCar": [
              30,
              29,
              40,
              38,
              45,
              39,
              40,
              34,
              29,
              25
            ]
          },
          {
            "dow": "MON",
            "hh": "13",
            "mm": "30",
            "congestionCar": [
              27,
              28,
              36,
              41,
              37,
              36,
              38,
              32,
              23,
              21
            ]
          },
          {
            "dow": "MON",
            "hh": "13",
            "mm": "40",
            "congestionCar": [
              28,
              28,
              33,
              39,
              39,
              37,
              43,
              36,
              25,
              22
            ]
          },
          {
            "dow": "MON",
            "hh": "13",
            "mm": "50",
            "congestionCar": [
              32,
              27,
              33,
              38,
              37,
              38,
              37,
              28,
              27,
              22
            ]
          }
        ]
      },
      {
        "startStationCode": "211",
        "startStationName": "성수역",
        "endStationCode": "219",
        "endStationName": "삼성역",
        "prevStationCode": "218",
        "prevStationName": "종합운동장역",
        "updnLine": 1,
        "directAt": 0,
        "data": [
          {
            "dow": "MON",
            "hh": "13",
            "mm": "00",
            "congestionCar": [
              30,
              26,
              36,
              38,
              35,
              39,
              32,
              32,
              23,
              19
            ]
          },
          {
            "dow": "MON",
            "hh": "13",
            "mm": "10",
            "congestionCar": [
              27,
              31,
              33,
              29,
              33,
              42,
              34,
              24,
              19,
              18
            ]
          },
          {
            "dow": "MON",
            "hh": "13",
            "mm": "20",
            "congestionCar": [
              22,
              30,
              31,
              34,
              32,
              34,
              35,
              28,
              24,
              19
            ]
          },
          {
            "dow": "MON",
            "hh": "13",
            "mm": "30",
            "congestionCar": [
              33,
              33,
              40,
              38,
              47,
              48,
              44,
              35,
              31,
              22
            ]
          },
          {
            "dow": "MON",
            "hh": "13",
            "mm": "40",
            "congestionCar": [
              39,
              32,
              40,
              43,
              46,
              60,
              47,
              37,
              27,
              30
            ]
          },
          {
            "dow": "MON",
            "hh": "13",
            "mm": "50",
            "congestionCar": [
              30,
              35,
              38,
              41,
              44,
              43,
              41,
              36,
              30,
              22
            ]
          }
        ]
      },
      {
        "startStationCode": "211",
        "startStationName": "성수역",
        "endStationCode": "228",
        "endStationName": "서울대입구역",
        "prevStationCode": "218",
        "prevStationName": "종합운동장역",
        "updnLine": 1,
        "directAt": 0,
        "data": [
          {
            "dow": "MON",
            "hh": "13",
            "mm": "00",
            "congestionCar": [
              30,
              26,
              36,
              38,
              35,
              39,
              32,
              32,
              23,
              19
            ]
          },
          {
            "dow": "MON",
            "hh": "13",
            "mm": "10",
            "congestionCar": [
              27,
              31,
              33,
              29,
              33,
              42,
              34,
              24,
              19,
              18
            ]
          },
          {
            "dow": "MON",
            "hh": "13",
            "mm": "20",
            "congestionCar": [
              22,
              30,
              31,
              34,
              32,
              34,
              35,
              28,
              24,
              19
            ]
          },
          {
            "dow": "MON",
            "hh": "13",
            "mm": "30",
            "congestionCar": [
              33,
              33,
              40,
              38,
              47,
              48,
              44,
              35,
              31,
              22
            ]
          },
          {
            "dow": "MON",
            "hh": "13",
            "mm": "40",
            "congestionCar": [
              39,
              32,
              40,
              43,
              46,
              60,
              47,
              37,
              27,
              30
            ]
          },
          {
            "dow": "MON",
            "hh": "13",
            "mm": "50",
            "congestionCar": [
              30,
              35,
              38,
              41,
              44,
              43,
              41,
              36,
              30,
              22
            ]
          }
        ]
      },
      {
        "startStationCode": "211",
        "startStationName": "성수역",
        "endStationCode": "234",
        "endStationName": "신도림역",
        "prevStationCode": "218",
        "prevStationName": "종합운동장역",
        "updnLine": 1,
        "directAt": 0,
        "data": [
          {
            "dow": "MON",
            "hh": "13",
            "mm": "00",
            "congestionCar": [
              30,
              26,
              36,
              38,
              35,
              39,
              32,
              32,
              23,
              19
            ]
          },
          {
            "dow": "MON",
            "hh": "13",
            "mm": "10",
            "congestionCar": [
              27,
              31,
              33,
              29,
              33,
              42,
              34,
              24,
              19,
              18
            ]
          },
          {
            "dow": "MON",
            "hh": "13",
            "mm": "20",
            "congestionCar": [
              22,
              30,
              31,
              34,
              32,
              34,
              35,
              28,
              24,
              19
            ]
          },
          {
            "dow": "MON",
            "hh": "13",
            "mm": "30",
            "congestionCar": [
              33,
              33,
              40,
              38,
              47,
              48,
              44,
              35,
              31,
              22
            ]
          },
          {
            "dow": "MON",
            "hh": "13",
            "mm": "40",
            "congestionCar": [
              39,
              32,
              40,
              43,
              46,
              60,
              47,
              37,
              27,
              30
            ]
          },
          {
            "dow": "MON",
            "hh": "13",
            "mm": "50",
            "congestionCar": [
              30,
              35,
              38,
              41,
              44,
              43,
              41,
              36,
              30,
              22
            ]
          }
        ]
      },
      {
        "startStationCode": "211",
        "startStationName": "성수역",
        "endStationCode": "239",
        "endStationName": "홍대입구역",
        "prevStationCode": "218",
        "prevStationName": "종합운동장역",
        "updnLine": 1,
        "directAt": 0,
        "data": [
          {
            "dow": "MON",
            "hh": "13",
            "mm": "00",
            "congestionCar": [
              30,
              26,
              36,
              38,
              35,
              39,
              32,
              32,
              23,
              19
            ]
          },
          {
            "dow": "MON",
            "hh": "13",
            "mm": "10",
            "congestionCar": [
              27,
              31,
              33,
              29,
              33,
              42,
              34,
              24,
              19,
              18
            ]
          },
          {
            "dow": "MON",
            "hh": "13",
            "mm": "20",
            "congestionCar": [
              22,
              30,
              31,
              34,
              32,
              34,
              35,
              28,
              24,
              19
            ]
          },
          {
            "dow": "MON",
            "hh": "13",
            "mm": "30",
            "congestionCar": [
              33,
              33,
              40,
              38,
              47,
              48,
              44,
              35,
              31,
              22
            ]
          },
          {
            "dow": "MON",
            "hh": "13",
            "mm": "40",
            "congestionCar": [
              39,
              32,
              40,
              43,
              46,
              60,
              47,
              37,
              27,
              30
            ]
          },
          {
            "dow": "MON",
            "hh": "13",
            "mm": "50",
            "congestionCar": [
              30,
              35,
              38,
              41,
              44,
              43,
              41,
              36,
              30,
              22
            ]
          }
        ]
      },
      {
        "startStationCode": "228",
        "startStationName": "서울대입구역",
        "endStationCode": "211",
        "endStationName": "성수역",
        "prevStationCode": "220",
        "prevStationName": "선릉역",
        "updnLine": 0,
        "directAt": 0,
        "data": [
          {
            "dow": "MON",
            "hh": "13",
            "mm": "00",
            "congestionCar": [
              29,
              29,
              33,
              40,
              38,
              38,
              33,
              34,
              22,
              23
            ]
          },
          {
            "dow": "MON",
            "hh": "13",
            "mm": "10",
            "congestionCar": [
              27,
              31,
              28,
              41,
              39,
              40,
              36,
              32,
              30,
              25
            ]
          },
          {
            "dow": "MON",
            "hh": "13",
            "mm": "20",
            "congestionCar": [
              30,
              29,
              40,
              38,
              45,
              39,
              40,
              34,
              29,
              25
            ]
          },
          {
            "dow": "MON",
            "hh": "13",
            "mm": "30",
            "congestionCar": [
              27,
              28,
              36,
              41,
              37,
              36,
              38,
              32,
              23,
              21
            ]
          },
          {
            "dow": "MON",
            "hh": "13",
            "mm": "40",
            "congestionCar": [
              28,
              28,
              33,
              39,
              39,
              37,
              43,
              36,
              25,
              22
            ]
          },
          {
            "dow": "MON",
            "hh": "13",
            "mm": "50",
            "congestionCar": [
              32,
              27,
              33,
              38,
              37,
              38,
              37,
              28,
              27,
              22
            ]
          }
        ]
      },
      {
        "startStationCode": "228",
        "startStationName": "서울대입구역",
        "endStationCode": "211-R",
        "endStationName": "성수역",
        "prevStationCode": "220",
        "prevStationName": "선릉역",
        "updnLine": 0,
        "directAt": 0,
        "data": [
          {
            "dow": "MON",
            "hh": "13",
            "mm": "00",
            "congestionCar": [
              29,
              29,
              33,
              40,
              38,
              38,
              33,
              34,
              22,
              23
            ]
          },
          {
            "dow": "MON",
            "hh": "13",
            "mm": "10",
            "congestionCar": [
              27,
              31,
              28,
              41,
              39,
              40,
              36,
              32,
              30,
              25
            ]
          },
          {
            "dow": "MON",
            "hh": "13",
            "mm": "20",
            "congestionCar": [
              30,
              29,
              40,
              38,
              45,
              39,
              40,
              34,
              29,
              25
            ]
          },
          {
            "dow": "MON",
            "hh": "13",
            "mm": "30",
            "congestionCar": [
              27,
              28,
              36,
              41,
              37,
              36,
              38,
              32,
              23,
              21
            ]
          },
          {
            "dow": "MON",
            "hh": "13",
            "mm": "40",
            "congestionCar": [
              28,
              28,
              33,
              39,
              39,
              37,
              43,
              36,
              25,
              22
            ]
          },
          {
            "dow": "MON",
            "hh": "13",
            "mm": "50",
            "congestionCar": [
              32,
              27,
              33,
              38,
              37,
              38,
              37,
              28,
              27,
              22
            ]
          }
        ]
      },
      {
        "startStationCode": "234",
        "startStationName": "신도림역",
        "endStationCode": "211",
        "endStationName": "성수역",
        "prevStationCode": "220",
        "prevStationName": "선릉역",
        "updnLine": 0,
        "directAt": 0,
        "data": [
          {
            "dow": "MON",
            "hh": "13",
            "mm": "00",
            "congestionCar": [
              29,
              29,
              33,
              40,
              38,
              38,
              33,
              34,
              22,
              23
            ]
          },
          {
            "dow": "MON",
            "hh": "13",
            "mm": "10",
            "congestionCar": [
              27,
              31,
              28,
              41,
              39,
              40,
              36,
              32,
              30,
              25
            ]
          },
          {
            "dow": "MON",
            "hh": "13",
            "mm": "20",
            "congestionCar": [
              30,
              29,
              40,
              38,
              45,
              39,
              40,
              34,
              29,
              25
            ]
          },
          {
            "dow": "MON",
            "hh": "13",
            "mm": "30",
            "congestionCar": [
              27,
              28,
              36,
              41,
              37,
              36,
              38,
              32,
              23,
              21
            ]
          },
          {
            "dow": "MON",
            "hh": "13",
            "mm": "40",
            "congestionCar": [
              28,
              28,
              33,
              39,
              39,
              37,
              43,
              36,
              25,
              22
            ]
          },
          {
            "dow": "MON",
            "hh": "13",
            "mm": "50",
            "congestionCar": [
              32,
              27,
              33,
              38,
              37,
              38,
              37,
              28,
              27,
              22
            ]
          }
        ]
      },
      {
        "startStationCode": "234",
        "startStationName": "신도림역",
        "endStationCode": "211-R",
        "endStationName": "성수역",
        "prevStationCode": "220",
        "prevStationName": "선릉역",
        "updnLine": 0,
        "directAt": 0,
        "data": [
          {
            "dow": "MON",
            "hh": "13",
            "mm": "00",
            "congestionCar": [
              29,
              29,
              33,
              40,
              38,
              38,
              33,
              34,
              22,
              23
            ]
          },
          {
            "dow": "MON",
            "hh": "13",
            "mm": "10",
            "congestionCar": [
              27,
              31,
              28,
              41,
              39,
              40,
              36,
              32,
              30,
              25
            ]
          },
          {
            "dow": "MON",
            "hh": "13",
            "mm": "20",
            "congestionCar": [
              30,
              29,
              40,
              38,
              45,
              39,
              40,
              34,
              29,
              25
            ]
          },
          {
            "dow": "MON",
            "hh": "13",
            "mm": "30",
            "congestionCar": [
              27,
              28,
              36,
              41,
              37,
              36,
              38,
              32,
              23,
              21
            ]
          },
          {
            "dow": "MON",
            "hh": "13",
            "mm": "40",
            "congestionCar": [
              28,
              28,
              33,
              39,
              39,
              37,
              43,
              36,
              25,
              22
            ]
          },
          {
            "dow": "MON",
            "hh": "13",
            "mm": "50",
            "congestionCar": [
              32,
              27,
              33,
              38,
              37,
              38,
              37,
              28,
              27,
              22
            ]
          }
        ]
      },
      {
        "startStationCode": "239",
        "startStationName": "홍대입구역",
        "endStationCode": "211",
        "endStationName": "성수역",
        "prevStationCode": "220",
        "prevStationName": "선릉역",
        "updnLine": 0,
        "directAt": 0,
        "data": [
          {
            "dow": "MON",
            "hh": "13",
            "mm": "00",
            "congestionCar": [
              29,
              29,
              33,
              40,
              38,
              38,
              33,
              34,
              22,
              23
            ]
          },
          {
            "dow": "MON",
            "hh": "13",
            "mm": "10",
            "congestionCar": [
              27,
              31,
              28,
              41,
              39,
              40,
              36,
              32,
              30,
              25
            ]
          },
          {
            "dow": "MON",
            "hh": "13",
            "mm": "20",
            "congestionCar": [
              30,
              29,
              40,
              38,
              45,
              39,
              40,
              34,
              29,
              25
            ]
          },
          {
            "dow": "MON",
            "hh": "13",
            "mm": "30",
            "congestionCar": [
              27,
              28,
              36,
              41,
              37,
              36,
              38,
              32,
              23,
              21
            ]
          },
          {
            "dow": "MON",
            "hh": "13",
            "mm": "40",
            "congestionCar": [
              28,
              28,
              33,
              39,
              39,
              37,
              43,
              36,
              25,
              22
            ]
          },
          {
            "dow": "MON",
            "hh": "13",
            "mm": "50",
            "congestionCar": [
              32,
              27,
              33,
              38,
              37,
              38,
              37,
              28,
              27,
              22
            ]
          }
        ]
      },
      {
        "startStationCode": "239",
        "startStationName": "홍대입구역",
        "endStationCode": "211-R",
        "endStationName": "성수역",
        "prevStationCode": "220",
        "prevStationName": "선릉역",
        "updnLine": 0,
        "directAt": 0,
        "data": [
          {
            "dow": "MON",
            "hh": "13",
            "mm": "00",
            "congestionCar": [
              29,
              29,
              33,
              40,
              38,
              38,
              33,
              34,
              22,
              23
            ]
          },
          {
            "dow": "MON",
            "hh": "13",
            "mm": "10",
            "congestionCar": [
              27,
              31,
              28,
              41,
              39,
              40,
              36,
              32,
              30,
              25
            ]
          },
          {
            "dow": "MON",
            "hh": "13",
            "mm": "20",
            "congestionCar": [
              30,
              29,
              40,
              38,
              45,
              39,
              40,
              34,
              29,
              25
            ]
          },
          {
            "dow": "MON",
            "hh": "13",
            "mm": "30",
            "congestionCar": [
              27,
              28,
              36,
              41,
              37,
              36,
              38,
              32,
              23,
              21
            ]
          },
          {
            "dow": "MON",
            "hh": "13",
            "mm": "40",
            "congestionCar": [
              28,
              28,
              33,
              39,
              39,
              37,
              43,
              36,
              25,
              22
            ]
          },
          {
            "dow": "MON",
            "hh": "13",
            "mm": "50",
            "congestionCar": [
              32,
              27,
              33,
              38,
              37,
              38,
              37,
              28,
              27,
              22
            ]
          }
        ]
      }
    ],
    "statStartDate": "20230923",
    "statEndDate": "20231222"
  }
}