{
  "status": {
    "code": "00",
    "message": "success",
    "totalCount": 1
  },
  "contents": {
    "subwayLine": "2호선",
    "stationName": "홍대입구역",
    "stationCode": "239",
    "stat": [
      {
        "startStationCode": "202",
        "startStationName": "을지로입구역",
        "endStationCode": "211",
        "endStationName": "성수역",
        "prevStationCode": "240",
        "prevStationName": "신촌역",
        "updnLine": 0,
        "directAt": 0,
        "data": [
          {
            "dow": "WED",
            "hh": "08",
            "mm": "00",
            "congestionCar": [
              32,
              37,
              49,
              47,
              38,
              38,
              34,
              39,
              30,
              26
            ]
          },
          {
            "dow": "WED",
            "hh": "08",
            "mm": "10",
            "congestionCar": [
              32,
              42,
              40,
              43,
              35,
              35,
              30,
              33,
              28,
              22
            ]
          },
          {
            "dow": "WED",
            "hh": "08",
            "mm": "20",
            "congestionCar": [
              35,
              46,
              43,
              47,
              34,
              31,
              35,
              36,
              30,
              22
            ]
          },
          {
            "dow": "WED",
            "hh": "08",
            "mm": "30",
            "congestionCar": [
              34,
              35,
              39,
              43,
              29,
              30,
              28,
              39,
              37,
              26
            ]
          },
          {
            "dow": "WED",
            "hh": "08",
            "mm": "40",
            "congestionCar": [
              20,
              22,
              29,
              29,
              22,
              20,
              22,
              30,
              22,
              14
            ]
          },
          {
            "dow": "WED",
            "hh": "08",
            "mm": "50",
            "congestionCar": [
              15,
              20,
              29,
              19,
              22,
              17,
              17,
              17,
              14,
              11
            ]
          }
        ]
      },
      {
        "startStationCode": "202",
        "startStationName": "을지로입구역",
        "endStationCode": "211-R",
        "endStationName": "성수역",
        "prevStationCode": "240",
        "prevStationName": "신촌역",
        "updnLine": 0,
        "directAt": 0,
        "data": [
          {
            "dow": "WED",
            "hh": "08",
            "mm": "00",
            "congestionCar": [
              32,
              37,
              49,
              47,
              38,
              38,
              34,
              39,
              30,
              26
            ]
          },
          {
            "dow": "WED",
            "hh": "08",
            "mm": "10",
            "congestionCar": [
              32,
              42,
              40,
              43,
              35,
              35,
              30,
              33,
              28,
              22
            ]
          },
          {
            "dow": "WED",
            "hh": "08",
            "mm": "20",
            "congestionCar": [
              35,
              46,
              43,
              47,
              34,
              31,
              35,
              36,
              30,
              22
            ]
          },
          {
            "dow": "WED",
            "hh": "08",
            "mm": "30",
            "congestionCar": [
              34,
              35,
              39,
              43,
              29,
              30,
              28,
              39,
              37,
              26
            ]
          },
          {
            "dow": "WED",
            "hh": "08",
            "mm": "40",
            "congestionCar": [
              20,
              22,
              29,
              29,
              22,
              20,
              22,
              30,
              22,
              14
            ]
          },
          {
            "dow": "WED",
            "hh": "08",
            "mm": "50",
            "congestionCar": [
              15,
              20,
              29,
              19,
              22,
              17,
              17,
              17,
              14,
              11
            ]
          }
        ]
      },
      {
        "startStationCode": "211",
        "startStationName": "성수역",
        "endStationCode": "202",
        "endStationName": "을지로입구역",
        "prevStationCode": "238",
        "prevStationName": "합정역",
        "updnLine": 1,
        "directAt": 0,
        "data": [
          {
            "dow": "WED",
            "hh": "08",
            "mm": "00",
            "congestionCar": [
              116,
              96,
              108,
              118,
              128,
              123,
              114,
              104,
              90,
              93
            ]
          },
          {
            "dow": "WED",
            "hh": "08",
            "mm": "10",
            "congestionCar": [
              140,
              120,
              124,
              145,
              146,
              141,
              147,
              173,
              129,
              135
            ]
          },
          {
            "dow": "WED",
            "hh": "08",
            "mm": "20",
            "congestionCar": [
              119,
              110,
              123,
              155,
              155,
              157,
              153,
              143,
              121,
              113
            ]
          },
          {
            "dow": "WED",
            "hh": "08",
            "mm": "30",
            "congestionCar": [
              152,
              140,
              138,
              133,
              140,
              146,
              146,
              132,
              108,
              105
            ]
          },
          {
            "dow": "WED",
            "hh": "08",
            "mm": "40",
            "congestionCar": [
              98,
              80,
              76,
              73,
              93,
              91,
              85,
              81,
              83,
              70
            ]
          },
          {
            "dow": "WED",
            "hh": "08",
            "mm": "50",
            "congestionCar": [
              69,
              62,
              56,
              49,
              67,
              65,
              70,
              65,
              58,
              49
            ]
          }
        ]
      },
      {
        "startStationCode": "211",
        "startStationName": "성수역",
        "endStationCode": "211",
        "endStationName": "성수역",
        "prevStationCode": "240",
        "prevStationName": "신촌역",
        "updnLine": 0,
        "directAt": 0,
        "data": [
          {
            "dow": "WED",
            "hh": "08",
            "mm": "00",
            "congestionCar": [
              29,
              33,
              44,
              42,
              34,
              34,
              30,
              35,
              27,
              23
            ]
          },
          {
            "dow": "WED",
            "hh": "08",
            "mm": "10",
            "congestionCar": [
              33,
              43,
              42,
              45,
              36,
              36,
              31,
              34,
              29,
              22
            ]
          },
          {
            "dow": "WED",
            "hh": "08",
            "mm": "20",
            "congestionCar": [
              36,
              47,
              44,
              48,
              35,
              32,
              36,
              37,
              31,
              23
            ]
          },
          {
            "dow": "WED",
            "hh": "08",
            "mm": "30",
            "congestionCar": [
              37,
              38,
              42,
              47,
              31,
              33,
              31,
              42,
              41,
              28
            ]
          },
          {
            "dow": "WED",
            "hh": "08",
            "mm": "40",
            "congestionCar": [
              23,
              24,
              33,
              33,
              25,
              22,
              25,
              34,
              25,
              16
            ]
          },
          {
            "dow": "WED",
            "hh": "08",
            "mm": "50",
            "congestionCar": [
              15,
              20,
              29,
              19,
              22,
              17,
              17,
              17,
              14,
              11
            ]
          }
        ]
      },
      {
        "startStationCode": "211",
        "startStationName": "성수역",
        "endStationCode": "211",
        "endStationName": "성수역",
        "prevStationCode": "238",
        "prevStationName": "합정역",
        "updnLine": 1,
        "directAt": 0,
        "data": [
          {
            "dow": "WED",
            "hh": "08",
            "mm": "00",
            "congestionCar": [
              116,
              96,
              108,
              118,
              128,
              123,
              114,
              104,
              90,
              93
            ]
          },
          {
            "dow": "WED",
            "hh": "08",
            "mm": "10",
            "congestionCar": [
              140,
              120,
              124,
              145,
              146,
              141,
              147,
              173,
              129,
              135
            ]
          },
          {
            "dow": "WED",
            "hh": "08",
            "mm": "20",
            "congestionCar": [
              119,
              110,
              123,
              155,
              155,
              157,
              153,
              143,
              121,
              113
            ]
          },
          {
            "dow": "WED",
            "hh": "08",
            "mm": "30",
            "congestionCar": [
              152,
              140,
              138,
              133,
              140,
              146,
              146,
              132,
              108,
              105
            ]
          },
          {
            "dow": "WED",
            "hh": "08",
            "mm": "40",
            "congestionCar": [
              38,
              31,
              29,
              28,
              36,
              35,
              33,
              31,
              32,
              27
            ]
          },
          {
            "dow": "WED",
            "hh": "08",
            "mm": "50",
            "congestionCar": [
              71,
              64,
              58,
              51,
              69,
              67,
              72,
              67,
              60,
              51
            ]
          }
        ]
      },
      {
        "startStationCode": "211",
        "startStationName": "성수역",
        "endStationCode": "211-R",
        "endStationName": "성수역",
        "prevStationCode": "240",
        "prevStationName": "신촌역",
        "updnLine": 0,
        "directAt": 0,
        "data": [
          {
            "dow": "WED",
            "hh": "08",
            "mm": "00",
            "congestionCar": [
              35,
              40,
              53,
              50,
              41,
              41,
              36,
              42,
              33,
              28
            ]
          },
          {
            "dow": "WED",
            "hh": "08",
            "mm": "10",
            "congestionCar": [
              32,
              42,
              40,
              43,
              35,
              35,
              30,
              33,
              28,
              22
            ]
          },
          {
            "dow": "WED",
            "hh": "08",
            "mm": "20",
            "congestionCar": [
              35,
              46,
              43,
              47,
              34,
              31,
              35,
              36,
              30,
              22
            ]
          },
          {
            "dow": "WED",
            "hh": "08",
            "mm": "30",
            "congestionCar": [
              34,
              35,
              39,
              43,
              29,
              30,
              28,
              39,
              37,
              26
            ]
          },
          {
            "dow": "WED",
            "hh": "08",
            "mm": "40",
            "congestionCar": [
              21,
              23,
              30,
              30,
              23,
              20,
              23,
              31,
              23,
              15
            ]
          },
          {
            "dow": "WED",
            "hh": "08",
            "mm": "50",
            "congestionCar": [
              16,
              22,
              31,
              20,
              23,
              18,
              18,
              17,
              15,
              11
            ]
          }
        ]
      },
      {
        "startStationCode": "211",
        "startStationName": "성수역",
        "endStationCode": "211-R",
        "endStationName": "성수역",
        "prevStationCode": "238",
        "prevStationName": "합정역",
        "updnLine": 1,
        "directAt": 0,
        "data": [
          {
            "dow": "WED",
            "hh": "08",
            "mm": "00",
            "congestionCar": [
              120,
              100,
              112,
              122,
              133,
              128,
              118,
              108,
              93,
              96
            ]
          },
          {
            "dow": "WED",
            "hh": "08",
            "mm": "10",
            "congestionCar": [
              140,
              120,
              124,
              145,
              146,
              141,
              147,
              173,
              129,
              135
            ]
          },
          {
            "dow": "WED",
            "hh": "08",
            "mm": "20",
            "congestionCar": [
              119,
              110,
              123,
              155,
              155,
              157,
              153,
              143,
              121,
              113
            ]
          },
          {
            "dow": "WED",
            "hh": "08",
            "mm": "30",
            "congestionCar": [
              152,
              140,
              138,
              133,
              140,
              146,
              146,
              132,
              108,
              105
            ]
          },
          {
            "dow": "WED",
            "hh": "08",
            "mm": "40",
            "congestionCar": [
              98,
              80,
              76,
              73,
              93,
              91,
              85,
              81,
              83,
              70
            ]
          },
          {
            "dow": "WED",
            "hh": "08",
            "mm": "50",
            "congestionCar": [
              69,
              62,
              56,
              49,
              67,
              65,
              70,
              65,
              58,
              49
            ]
          }
        ]
      },
      {
        "startStationCode": "211",
        "startStationName": "성수역",
        "endStationCode": "219",
        "endStationName": "삼성역",
        "prevStationCode": "240",
        "prevStationName": "신촌역",
        "updnLine": 0,
        "directAt": 0,
        "data": [
          {
            "dow": "WED",
            "hh": "08",
            "mm": "00",
            "congestionCar": [
              32,
              37,
              49,
              47,
              38,
              38,
              34,
              39,
              30,
              26
            ]
          },
          {
            "dow": "WED",
            "hh": "08",
            "mm": "10",
            "congestionCar": [
              32,
              42,
              40,
              43,
              35,
              35,
              30,
              33,
              28,
              22
            ]
          },
          {
            "dow": "WED",
            "hh": "08",
            "mm": "20",
            "congestionCar": [
              35,
              46,
              43,
              47,
              34,
              31,
              35,
              36,
              30,
              22
            ]
          },
          {
            "dow": "WED",
            "hh": "08",
            "mm": "30",
            "congestionCar": [
              34,
              35,
              39,
              43,
              29,
              30,
              28,
              39,
              37,
              26
            ]
          },
          {
            "dow": "WED",
            "hh": "08",
            "mm": "40",
            "congestionCar": [
              20,
              22,
              29,
              29,
              22,
              20,
              22,
              30,
              22,
              14
            ]
          },
          {
            "dow": "WED",
            "hh": "08",
            "mm": "50",
            "congestionCar": [
              15,
              20,
              29,
              19,
              22,
              17,
              17,
              17,
              14,
              11
            ]
          }
        ]
      },
      {
        "startStationCode": "211",
        "startStationName": "성수역",
        "endStationCode": "228",
        "endStationName": "서울대입구역",
        "prevStationCode": "240",
        "prevStationName": "신촌역",
        "updnLine": 0,
        "directAt": 0,
        "data": [
          {
            "dow": "WED",
            "hh": "08",
            "mm": "00",
            "congestionCar": [
              32,
              37,
              49,
              47,
              38,
              38,
              34,
              39,
              30,
              26
            ]
          },
          {
            "dow": "WED",
            "hh": "08",
            "mm": "10",
            "congestionCar": [
              32,
              42,
              40,
              43,
              35,
              35,
              30,
              33,
              28,
              22
            ]
          },
          {
            "dow": "WED",
            "hh": "08",
            "mm": "20",
            "congestionCar": [
              35,
              46,
              43,
              47,
              34,
              31,
              35,
              36,
              30,
              22
            ]
          },
          {
            "dow": "WED",
            "hh": "08",
            "mm": "30",
            "congestionCar": [
              34,
              35,
              39,
              43,
              29,
              30,
              28,
              39,
              37,
              26
            ]
          },
          {
            "dow": "WED",
            "hh": "08",
            "mm": "40",
            "congestionCar": [
              20,
              22,
              29,
              29,
              22,
              20,
              22,
              30,
              22,
              14
            ]
          },
          {
            "dow": "WED",
            "hh": "08",
            "mm": "50",
            "congestionCar": [
              15,
              20,
              29,
              19,
              22,
              17,
              17,
              17,
              14,
              11
            ]
          }
        ]
      },
      {
        "startStationCode": "211",
        "startStationName": "성수역",
        "endStationCode": "234",
        "endStationName": "신도림역",
        "prevStationCode": "240",
        "prevStationName": "신촌역",
        "updnLine": 0,
        "directAt": 0,
        "data": [
          {
            "dow": "WED",
            "hh": "08",
            "mm": "00",
            "congestionCar": [
              32,
              37,
              49,
              47,
              38,
              38,
              34,
              39,
              30,
              26
            ]
          },
          {
            "dow": "WED",
            "hh": "08",
            "mm": "10",
            "congestionCar": [
              32,
              42,
              40,
              43,
              35,
              35,
              30,
              33,
              28,
              22
            ]
          },
          {
            "dow": "WED",
            "hh": "08",
            "mm": "20",
            "congestionCar": [
              35,
              46,
              43,
              47,
              34,
              31,
              35,
              36,
              30,
              22
            ]
          },
          {
            "dow": "WED",
            "hh": "08",
            "mm": "30",
            "congestionCar": [
              9,
              9,
              10,
              11,
              8,
              8,
              8,
              10,
              10,
              7
            ]
          },
          {
            "dow": "WED",
            "hh": "08",
            "mm": "40",
            "congestionCar": [
              16,
              17,
              23,
              23,
              17,
              15,
              17,
              24,
              17,
              11
            ]
          },
          {
            "dow": "WED",
            "hh": "08",
            "mm": "50",
            "congestionCar": [
              15,
              20,
              29,
              19,
              22,
              17,
              17,
              17,
              14,
              11
            ]
          }
        ]
      },
      {
        "startStationCode": "211",
        "startStationName": "성수역",
        "endStationCode": "239",
        "endStationName": "홍대입구역",
        "prevStationCode": "240",
        "prevStationName": "신촌역",
        "updnLine": 0,
        "directAt": 0,
        "data": [
          {
            "dow": "WED",
            "hh": "08",
            "mm": "00",
            "congestionCar": [
              32,
              37,
              49,
              47,
              38,
              38,
              34,
              39,
              30,
              26
            ]
          },
          {
            "dow": "WED",
            "hh": "08",
            "mm": "10",
            "congestionCar": [
              32,
              42,
              40,
              43,
              35,
              35,
              30,
              33,
              28,
              22
            ]
          },
          {
            "dow": "WED",
            "hh": "08",
            "mm": "20",
            "congestionCar": [
              35,
              46,
              43,
              47,
              34,
              31,
              35,
              36,
              30,
              22
            ]
          },
          {
            "dow": "WED",
            "hh": "08",
            "mm": "30",
            "congestionCar": [
              34,
              35,
              39,
              43,
              29,
              30,
              28,
              39,
              37,
              26
            ]
          },
          {
            "dow": "WED",
            "hh": "08",
            "mm": "40",
            "congestionCar": [
              20,
              22,
              29,
              29,
              22,
              20,
              22,
              30,
              22,
              14
            ]
          },
          {
            "dow": "WED",
            "hh": "08",
            "mm": "50",
            "congestionCar": [
              15,
              20,
              29,
              19,
              22,
              17,
              17,
              17,
              14,
              11
            ]
          }
        ]
      },
      {
        "startStationCode": "211",
        "startStationName": "성수역",
        "endStationCode": "239",
        "endStationName": "홍대입구역",
        "prevStationCode": "238",
        "prevStationName": "합정역",
        "updnLine": 1,
        "directAt": 0,
        "data": [
          {
            "dow": "WED",
            "hh": "08",
            "mm": "00",
            "congestionCar": [
              116,
              96,
              108,
              118,
              128,
              123,
              114,
              104,
              90,
              93
            ]
          },
          {
            "dow": "WED",
            "hh": "08",
            "mm": "10",
            "congestionCar": [
              140,
              120,
              124,
              145,
              146,
              141,
              147,
              173,
              129,
              135
            ]
          },
          {
            "dow": "WED",
            "hh": "08",
            "mm": "20",
            "congestionCar": [
              119,
              110,
              123,
              155,
              155,
              157,
              153,
              143,
              121,
              113
            ]
          },
          {
            "dow": "WED",
            "hh": "08",
            "mm": "30",
            "congestionCar": [
              152,
              140,
              138,
              133,
              140,
              146,
              146,
              132,
              108,
              105
            ]
          },
          {
            "dow": "WED",
            "hh": "08",
            "mm": "40",
            "congestionCar": [
              98,
              80,
              76,
              73,
              93,
              91,
              85,
              81,
              83,
              70
            ]
          },
          {
            "dow": "WED",
            "hh": "08",
            "mm": "50",
            "congestionCar": [
              69,
              62,
              56,
              49,
              67,
              65,
              70,
              65,
              58,
              49
            ]
          }
        ]
      },
      {
        "startStationCode": "219",
        "startStationName": "삼성역",
        "endStationCode": "211-R",
        "endStationName": "성수역",
        "prevStationCode": "238",
        "prevStationName": "합정역",
        "updnLine": 1,
        "directAt": 0,
        "data": [
          {
            "dow": "WED",
            "hh": "08",
            "mm": "00",
            "congestionCar": [
              116,
              96,
              108,
              118,
              128,
              123,
              114,
              104,
              90,
              93
            ]
          },
          {
            "dow": "WED",
            "hh": "08",
            "mm": "10",
            "congestionCar": [
              140,
              120,
              124,
              145,
              146,
              141,
              147,
              173,
              129,
              135
            ]
          },
          {
            "dow": "WED",
            "hh": "08",
            "mm": "20",
            "congestionCar": [
              119,
              110,
              123,
              155,
              155,
              157,
              153,
              143,
              121,
              113
            ]
          },
          {
            "dow": "WED",
            "hh": "08",
            "mm": "30",
            "congestionCar": [
              152,
              140,
              138,
              133,
              140,
              146,
              146,
              132,
              108,
              105
            ]
          },
          {
            "dow": "WED",
            "hh": "08",
            "mm": "40",
            "congestionCar": [
              98,
              80,
              76,
              73,
              93,
              91,
              85,
              81,
              83,
              70
            ]
          },
          {
            "dow": "WED",
            "hh": "08",
            "mm": "50",
            "congestionCar": [
              69,
              62,
              56,
              49,
              67,
              65,
              70,
              65,
              58,
              49
            ]
          }
        ]
      },
      {
        "startStationCode": "228",
        "startStationName": "서울대입구역",
        "endStationCode": "211",
        "endStationName": "성수역",
        "prevStationCode": "238",
        "prevStationName": "합정역",
        "updnLine": 1,
        "directAt": 0,
        "data": [
          {
            "dow": "WED",
            "hh": "08",
            "mm": "00",
            "congestionCar": [
              116,
              96,
              108,
              118,
              128,
              123,
              114,
              104,
              90,
              93
            ]
          },
          {
            "dow": "WED",
            "hh": "08",
            "mm": "10",
            "congestionCar": [
              140,
              120,
              124,
              145,
              146,
              141,
              147,
              173,
              129,
              135
            ]
          },
          {
            "dow": "WED",
            "hh": "08",
            "mm": "20",
            "congestionCar": [
              119,
              110,
              123,
              155,
              155,
              157,
              153,
              143,
              121,
              113
            ]
          },
          {
            "dow": "WED",
            "hh": "08",
            "mm": "30",
            "congestionCar": [
              152,
              140,
              138,
              133,
              140,
              146,
              146,
              132,
              108,
              105
            ]
          },
          {
            "dow": "WED",
            "hh": "08",
            "mm": "40",
            "congestionCar": [
              98,
              80,
              76,
              73,
              93,
              91,
              85,
              81,
              83,
              70
            ]
          },
          {
            "dow": "WED",
            "hh": "08",
            "mm": "50",
            "congestionCar": [
              69,
              62,
              56,
              49,
              67,
              65,
              70,
              65,
              58,
              49
            ]
          }
        ]
      },
      {
        "startStationCode": "228",
        "startStationName": "서울대입구역",
        "endStationCode": "211-R",
        "endStationName": "성수역",
        "prevStationCode": "238",
        "prevStationName": "합정역",
        "updnLine": 1,
        "directAt": 0,
        "data": [
          {
            "dow": "WED",
            "hh": "08",
            "mm": "00",
            "congestionCar": [
              116,
              96,
              108,
              118,
              128,
              123,
              114,
              104,
              90,
              93
            ]
          },
          {
            "dow": "WED",
            "hh": "08",
            "mm": "10",
            "congestionCar": [
              140,
              120,
              124,
              145,
              146,
              141,
              147,
              173,
              129,
              135
            ]
          },
          {
            "dow": "WED",
            "hh": "08",
            "mm": "20",
            "congestionCar": [
              119,
              110,
              123,
              155,
              155,
              157,
              153,
              143,
              121,
              113
            ]
          },
          {
            "dow": "WED",
            "hh": "08",
            "mm": "30",
            "congestionCar": [
              152,
              140,
              138,
              133,
              140,
              146,
              146,
              132,
              108,
              105
            ]
          },
          {
            "dow": "WED",
            "hh": "08",
            "mm": "40",
            "congestionCar": [
              98,
              80,
              76,
              73,
              93,
              91,
              85,
              81,
              83,
              70
            ]
          },
          {
            "dow": "WED",
            "hh": "08",
            "mm": "50",
            "congestionCar": [
              69,
              62,
              56,
              49,
              67,
              65,
              70,
              65,
              58,
              49
            ]
          }
        ]
      },
      {
        "startStationCode": "234",
        "startStationName": "신도림역",
        "endStationCode": "211",
        "endStationName": "성수역",
        "prevStationCode": "238",
        "prevStationName": "합정역",
        "updnLine": 1,
        "directAt": 0,
        "data": [
          {
            "dow": "WED",
            "hh": "08",
            "mm": "00",
            "congestionCar": [
              116,
              96,
              108,
              118,
              128,
              123,
              114,
              104,
              90,
              93
            ]
          },
          {
            "dow": "WED",
            "hh": "08",
            "mm": "10",
            "congestionCar": [
              140,
              120,
              124,
              145,
              146,
              141,
              147,
              173,
              129,
              135
            ]
          },
          {
            "dow": "WED",
            "hh": "08",
            "mm": "20",
            "congestionCar": [
              119,
              110,
              123,
              155,
              155,
              157,
              153,
              143,
              121,
              113
            ]
          },
          {
            "dow": "WED",
            "hh": "08",
            "mm": "30",
            "congestionCar": [
              152,
              140,
              138,
              133,
              140,
              146,
              146,
              132,
              108,
              105
            ]
          },
          {
            "dow": "WED",
            "hh": "08",
            "mm": "40",
            "congestionCar": [
              98,
              80,
              76,
              73,
              93,
              91,
              85,
              81,
              83,
              70
            ]
          },
          {
            "dow": "WED",
            "hh": "08",
            "mm": "50",
            "congestionCar": [
              69,
              62,
              56,
              49,
              67,
              65,
              70,
              65,
              58,
              49
            ]
          }
        ]
      },
      {
        "startStationCode": "234",
        "startStationName": "신도림역",
        "endStationCode": "211-R",
        "endStationName": "성수역",
        "prevStationCode": "238",
        "prevStationName": "합정역",
        "updnLine": 1,
        "directAt": 0,
        "data": [
          {
            "dow": "WED",
            "hh": "08",
            "mm": "00",
            "congestionCar": [
              116,
              96,
              108,
              118,
              128,
              123,
              114,
              104,
              90,
              93
            ]
          },
          {
            "dow": "WED",
            "hh": "08",
            "mm": "10",
            "congestionCar": [
              140,
              120,
              124,
              145,
              146,
              141,
              147,
              173,
              129,
              135
            ]
          },
          {
            "dow": "WED",
            "hh": "08",
            "mm": "20",
            "congestionCar": [
              119,
              110,
              123,
              155,
              155,
              157,
              153,
              143,
              121,
              113
            ]
          },
          {
            "dow": "WED",
            "hh": "08",
            "mm": "30",
            "congestionCar": [
              152,
              140,
              138,
              133,
              140,
              146,
              146,
              132,
              108,
              105
            ]
          },
          {
            "dow": "WED",
            "hh": "08",
            "mm": "40",
            "congestionCar": [
              98,
              80,
              76,
              73,
              93,
              91,
              85,
              81,
              83,
              70
            ]
          },
          {
            "dow": "WED",
            "hh": "08",
            "mm": "50",
            "congestionCar": [
              69,
              62,
              56,
              49,
              67,
              65,
              70,
              65,
              58,
              49
            ]
          }
        ]
      }
    ],
    "statStartDate": "20230924",
    "statEndDate": "20231223"
  }
}