{
  "status": {
    "code": "00",
    "message": "success",
    "totalCount": 1
  },
  "contents": {
    "subwayLine": "2호선",
    "stationName": "뚝섬역",
    "stationCode": "210",
    "stat": [
      {
        "startStationCode": "202",
        "startStationName": "을지로입구역",
        "endStationCode": "211",
        "endStationName": "성수역",
        "prevStationCode": "209",
        "prevStationName": "한양대역",
        "updnLine": 1,
        "directAt": 0,
        "data": [
          {
            "dow": "MON",
            "hh": "13",
            "mm": "00",
            "congestionCar": [
              26,
              28,
              34,
              33,
              30,
              33,
              27,
              31,
              26,
              22
            ]
          },
          {
            "dow": "MON",
            "hh": "13",
            "mm": "10",
            "congestionCar": [
              27,
              30,
              30,
              36,
              36,
              32,
              34,
              33,
              26,
              27
            ]
          },
          {
            "dow": "MON",
            "hh": "13",
            "mm": "20",
            "congestionCar": [
              38,
              32,
              43,
              41,
              34,
              38,
              39,
              39,
              26,
              31
            ]
          },
          {
            "dow": "MON",
            "hh": "13",
            "mm": "30",
            "congestionCar": [
              31,
              31,
              43,
              44,
              36,
              43,
              35,
              31,
              26,
              29
            ]
          },
          {
            "dow": "MON",
            "hh": "13",
            "mm": "40",
            "congestionCar": [
              24,
              33,
              35,
              40,
              38,
              31,
              33,
              30,
              24,
              23
            ]
          },
          {
            "dow": "MON",
            "hh": "13",
            "mm": "50",
            "congestionCar": [
              27,
              31,
              40,
              40,
              35,
              35,
              35,
              35,
              29,
              24
            ]
          }
        ]
      },
      {
        "startStationCode": "202",
        "startStationName": "을지로입구역",
        "endStationCode": "211-R",
        "endStationName": "성수역",
        "prevStationCode": "209",
        "prevStationName": "한양대역",
        "updnLine": 1,
        "directAt": 0,
        "data": [
          {
            "dow": "MON",
            "hh": "13",
            "mm": "00",
            "congestionCar": [
              26,
              28,
              34,
              33,
              30,
              33,
              27,
              31,
              26,
              22
            ]
          },
          {
            "dow": "MON",
            "hh": "13",
            "mm": "10",
            "congestionCar": [
              27,
              30,
              30,
              36,
              36,
              32,
              34,
              33,
              26,
              27
            ]
          },
          {
            "dow": "MON",
            "hh": "13",
            "mm": "20",
            "congestionCar": [
              38,
              32,
              43,
              41,
              34,
              38,
              39,
              39,
              26,
              31
            ]
          },
          {
            "dow": "MON",
            "hh": "13",
            "mm": "30",
            "congestionCar": [
              31,
              31,
              43,
              44,
              36,
              43,
              35,
              31,
              26,
              29
            ]
          },
          {
            "dow": "MON",
            "hh": "13",
            "mm": "40",
            "congestionCar": [
              24,
              33,
              35,
              40,
              38,
              31,
              33,
              30,
              24,
              23
            ]
          },
          {
            "dow": "MON",
            "hh": "13",
            "mm": "50",
            "congestionCar": [
              27,
              31,
              40,
              40,
              35,
              35,
              35,
              35,
              29,
              24
            ]
          }
        ]
      },
      {
        "startStationCode": "211",
        "startStationName": "성수역",
        "endStationCode": "202",
        "endStationName": "을지로입구역",
        "prevStationCode": "211",
        "prevStationName": "성수역",
        "updnLine": 0,
        "directAt": 0,
        "data": [
          {
            "dow": "MON",
            "hh": "13",
            "mm": "00",
            "congestionCar": [
              16,
              19,
              20,
              19,
              20,
              21,
              19,
              18,
              15,
              15
            ]
          },
          {
            "dow": "MON",
            "hh": "13",
            "mm": "10",
            "congestionCar": [
              19,
              29,
              31,
              30,
              27,
              28,
              26,
              23,
              19,
              18
            ]
          },
          {
            "dow": "MON",
            "hh": "13",
            "mm": "20",
            "congestionCar": [
              19,
              25,
              31,
              25,
              25,
              28,
              25,
              24,
              17,
              19
            ]
          },
          {
            "dow": "MON",
            "hh": "13",
            "mm": "30",
            "congestionCar": [
              20,
              29,
              27,
              27,
              30,
              30,
              28,
              25,
              23,
              20
            ]
          },
          {
            "dow": "MON",
            "hh": "13",
            "mm": "40",
            "congestionCar": [
              17,
              22,
              27,
              22,
              27,
              24,
              24,
              21,
              18,
              19
            ]
          },
          {
            "dow": "MON",
            "hh": "13",
            "mm": "50",
            "congestionCar": [
              19,
              23,
              27,
              24,
              25,
              22,
              27,
              22,
              22,
              19
            ]
          }
        ]
      },
      {
        "startStationCode": "211",
        "startStationName": "성수역",
        "endStationCode": "211",
        "endStationName": "성수역",
        "prevStationCode": "211",
        "prevStationName": "성수역",
        "updnLine": 0,
        "directAt": 0,
        "data": [
          {
            "dow": "MON",
            "hh": "13",
            "mm": "00",
            "congestionCar": [
              16,
              19,
              20,
              19,
              20,
              21,
              19,
              18,
              15,
              15
            ]
          },
          {
            "dow": "MON",
            "hh": "13",
            "mm": "10",
            "congestionCar": [
              19,
              29,
              31,
              30,
              27,
              28,
              26,
              23,
              19,
              18
            ]
          },
          {
            "dow": "MON",
            "hh": "13",
            "mm": "20",
            "congestionCar": [
              19,
              25,
              31,
              25,
              25,
              28,
              25,
              24,
              17,
              19
            ]
          },
          {
            "dow": "MON",
            "hh": "13",
            "mm": "30",
            "congestionCar": [
              20,
              29,
              27,
              27,
              30,
              30,
              28,
              25,
              23,
              20
            ]
          },
          {
            "dow": "MON",
            "hh": "13",
            "mm": "40",
            "congestionCar": [
              17,
              22,
              27,
              22,
              27,
              24,
              24,
              21,
              18,
              19
            ]
          },
          {
            "dow": "MON",
            "hh": "13",
            "mm": "50",
            "congestionCar": [
              19,
              23,
              27,
              24,
              25,
              22,
              27,
              22,
              22,
              19
            ]
          }
        ]
      },
      {
        "startStationCode": "211",
        "startStationName": "성수역",
        "endStationCode": "211",
        "endStationName": "성수역",
        "prevStationCode": "209",
        "prevStationName": "한양대역",
        "updnLine": 1,
        "directAt": 0,
        "data": [
          {
            "dow": "MON",
            "hh": "13",
            "mm": "00",
            "congestionCar": [
              26,
              28,
              34,
              33,
              30,
              33,
              27,
              31,
              26,
              22
            ]
          },
          {
            "dow": "MON",
            "hh": "13",
            "mm": "10",
            "congestionCar": [
              27,
              30,
              30,
              36,
              36,
              32,
              34,
              33,
              26,
              27
            ]
          },
          {
            "dow": "MON",
            "hh": "13",
            "mm": "20",
            "congestionCar": [
              38,
              32,
              43,
              41,
              34,
              38,
              39,
              39,
              26,
              31
            ]
          },
          {
            "dow": "MON",
            "hh": "13",
            "mm": "30",
            "congestionCar": [
              31,
              31,
              43,
              44,
              36,
              43,
              35,
              31,
              26,
              29
            ]
          },
          {
            "dow": "MON",
            "hh": "13",
            "mm": "40",
            "congestionCar": [
              24,
              33,
              35,
              40,
              38,
              31,
              33,
              30,
              24,
              23
            ]
          },
          {
            "dow": "MON",
            "hh": "13",
            "mm": "50",
            "congestionCar": [
              27,
              31,
              40,
              40,
              35,
              35,
              35,
              35,
              29,
              24
            ]
          }
        ]
      },
      {
        "startStationCode": "211",
        "startStationName": "성수역",
        "endStationCode": "211-R",
        "endStationName": "성수역",
        "prevStationCode": "211",
        "prevStationName": "성수역",
        "updnLine": 0,
        "directAt": 0,
        "data": [
          {
            "dow": "MON",
            "hh": "13",
            "mm": "00",
            "congestionCar": [
              18,
              21,
              22,
              21,
              22,
              23,
              21,
              19,
              16,
              17
            ]
          },
          {
            "dow": "MON",
            "hh": "13",
            "mm": "10",
            "congestionCar": [
              19,
              29,
              31,
              30,
              27,
              28,
              26,
              23,
              19,
              18
            ]
          },
          {
            "dow": "MON",
            "hh": "13",
            "mm": "20",
            "congestionCar": [
              19,
              25,
              31,
              25,
              25,
              28,
              25,
              24,
              17,
              19
            ]
          },
          {
            "dow": "MON",
            "hh": "13",
            "mm": "30",
            "congestionCar": [
              20,
              29,
              27,
              27,
              30,
              30,
              28,
              25,
              23,
              20
            ]
          },
          {
            "dow": "MON",
            "hh": "13",
            "mm": "40",
            "congestionCar": [
              19,
              24,
              29,
              24,
              29,
              26,
              26,
              23,
              20,
              21
            ]
          },
          {
            "dow": "MON",
            "hh": "13",
            "mm": "50",
            "congestionCar": [
              20,
              25,
              30,
              27,
              28,
              24,
              29,
              24,
              23,
              20
            ]
          }
        ]
      },
      {
        "startStationCode": "211",
        "startStationName": "성수역",
        "endStationCode": "211-R",
        "endStationName": "성수역",
        "prevStationCode": "209",
        "prevStationName": "한양대역",
        "updnLine": 1,
        "directAt": 0,
        "data": [
          {
            "dow": "MON",
            "hh": "13",
            "mm": "00",
            "congestionCar": [
              24,
              26,
              32,
              31,
              28,
              30,
              25,
              29,
              24,
              20
            ]
          },
          {
            "dow": "MON",
            "hh": "13",
            "mm": "10",
            "congestionCar": [
              27,
              30,
              30,
              36,
              36,
              32,
              34,
              33,
              26,
              27
            ]
          },
          {
            "dow": "MON",
            "hh": "13",
            "mm": "20",
            "congestionCar": [
              41,
              35,
              47,
              45,
              37,
              41,
              42,
              42,
              28,
              33
            ]
          },
          {
            "dow": "MON",
            "hh": "13",
            "mm": "30",
            "congestionCar": [
              34,
              34,
              47,
              47,
              39,
              47,
              38,
              34,
              29,
              31
            ]
          },
          {
            "dow": "MON",
            "hh": "13",
            "mm": "40",
            "congestionCar": [
              27,
              36,
              39,
              44,
              42,
              34,
              36,
              32,
              26,
              25
            ]
          },
          {
            "dow": "MON",
            "hh": "13",
            "mm": "50",
            "congestionCar": [
              27,
              31,
              40,
              40,
              35,
              35,
              35,
              35,
              29,
              24
            ]
          }
        ]
      },
      {
        "startStationCode": "211",
        "startStationName": "성수역",
        "endStationCode": "219",
        "endStationName": "삼성역",
        "prevStationCode": "211",
        "prevStationName": "성수역",
        "updnLine": 0,
        "directAt": 0,
        "data": [
          {
            "dow": "MON",
            "hh": "13",
            "mm": "00",
            "congestionCar": [
              16,
              19,
              20,
              19,
              20,
              21,
              19,
              18,
              15,
              15
            ]
          },
          {
            "dow": "MON",
            "hh": "13",
            "mm": "10",
            "congestionCar": [
              19,
              29,
              31,
              30,
              27,
              28,
              26,
              23,
              19,
              18
            ]
          },
          {
            "dow": "MON",
            "hh": "13",
            "mm": "20",
            "congestionCar": [
              19,
              25,
              31,
              25,
              25,
              28,
              25,
              24,
              17,
              19
            ]
          },
          {
            "dow": "MON",
            "hh": "13",
            "mm": "30",
            "congestionCar": [
              20,
              29,
              27,
              27,
              30,
              30,
              28,
              25,
              23,
              20
            ]
          },
          {
            "dow": "MON",
            "hh": "13",
            "mm": "40",
            "congestionCar": [
              17,
              22,
              27,
              22,
              27,
              24,
              24,
              21,
              18,
              19
            ]
          },
          {
            "dow": "MON",
            "hh": "13",
            "mm": "50",
            "congestionCar": [
              19,
              23,
              27,
              24,
              25,
              22,
              27,
              22,
              22,
              19
            ]
          }
        ]
      },
      {
        "startStationCode": "211",
        "startStationName": "성수역",
        "endStationCode": "228",
        "endStationName": "서울대입구역",
        "prevStationCode": "211",
        "prevStationName": "성수역",
        "updnLine": 0,
        "directAt": 0,
        "data": [
          {
            "dow": "MON",
            "hh": "13",
            "mm": "00",
            "congestionCar": [
              16,
              19,
              20,
              19,
              20,
              21,
              19,
              18,
              15,
              15
            ]
          },
          {
            "dow": "MON",
            "hh": "13",
            "mm": "10",
            "congestionCar": [
              19,
              29,
              31,
              30,
              27,
              28,
              26,
              23,
              19,
              18
            ]
          },
          {
            "dow": "MON",
            "hh": "13",
            "mm": "20",
            "congestionCar": [
              19,
              25,
              31,
              25,
              25,
              28,
              25,
              24,
              17,
              19
            ]
          },
          {
            "dow": "MON",
            "hh": "13",
            "mm": "30",
            "congestionCar": [
              20,
              29,
              27,
              27,
              30,
              30,
              28,
              25,
              23,
              20
            ]
          },
          {
            "dow": "MON",
            "hh": "13",
            "mm": "40",
            "congestionCar": [
              17,
              22,
              27,
              22,
              27,
              24,
              24,
              21,
              18,
              19
            ]
          },
          {
            "dow": "MON",
            "hh": "13",
            "mm": "50",
            "congestionCar": [
              19,
              23,
              27,
              24,
              25,
              22,
              27,
              22,
              22,
              19
            ]
          }
        ]
      },
      {
        "startStationCode": "211",
        "startStationName": "성수역",
        "endStationCode": "234",
        "endStationName": "신도림역",
        "prevStationCode": "211",
        "prevStationName": "성수역",
        "updnLine": 0,
        "directAt": 0,
        "data": [
          {
            "dow": "MON",
            "hh": "13",
            "mm": "00",
            "congestionCar": [
              16,
              19,
              20,
              19,
              20,
              21,
              19,
              18,
              15,
              15
            ]
          },
          {
            "dow": "MON",
            "hh": "13",
            "mm": "10",
            "congestionCar": [
              19,
              29,
              31,
              30,
              27,
              28,
              26,
              23,
              19,
              18
            ]
          },
          {
            "dow": "MON",
            "hh": "13",
            "mm": "20",
            "congestionCar": [
              19,
              25,
              31,
              25,
              25,
              28,
              25,
              24,
              17,
              19
            ]
          },
          {
            "dow": "MON",
            "hh": "13",
            "mm": "30",
            "congestionCar": [
              20,
              29,
              27,
              27,
              30,
              30,
              28,
              25,
              23,
              20
            ]
          },
          {
            "dow": "MON",
            "hh": "13",
            "mm": "40",
            "congestionCar": [
              17,
              22,
              27,
              22,
              27,
              24,
              24,
              21,
              18,
              19
            ]
          },
          {
            "dow": "MON",
            "hh": "13",
            "mm": "50",
            "congestionCar": [
              19,
              23,
              27,
              24,
              25,
              22,
              27,
              22,
              22,
              19
            ]
          }
        ]
      },
      {
        "startStationCode": "211",
        "startStationName": "성수역",
        "endStationCode": "239",
        "endStationName": "홍대입구역",
        "prevStationCode": "211",
        "prevStationName": "성수역",
        "updnLine": 0,
        "directAt": 0,
        "data": [
          {
            "dow": "MON",
            "hh": "13",
            "mm": "00",
            "congestionCar": [
              16,
              19,
              20,
              19,
              20,
              21,
              19,
              18,
              15,
              15
            ]
          },
          {
            "dow": "MON",
            "hh": "13",
            "mm": "10",
            "congestionCar": [
              19,
              29,
              31,
              30,
              27,
              28,
              26,
              23,
              19,
              18
            ]
          },
          {
            "dow": "MON",
            "hh": "13",
            "mm": "20",
            "congestionCar": [
              19,
              25,
              31,
              25,
              25,
              28,
              25,
              24,
              17,
              19
            ]
          },
          {
            "dow": "MON",
            "hh": "13",
            "mm": "30",
            "congestionCar": [
              20,
              29,
              27,
              27,
              30,
              30,
              28,
              25,
              23,
              20
            ]
          },
          {
            "dow": "MON",
            "hh": "13",
            "mm": "40",
            "congestionCar": [
              17,
              22,
              27,
              22,
              27,
              24,
              24,
              21,
              18,
              19
            ]
          },
          {
            "dow": "MON",
            "hh": "13",
            "mm": "50",
            "congestionCar": [
              19,
              23,
              27,
              24,
              25,
              22,
              27,
              22,
              22,
              19
            ]
          }
        ]
      },
      {
        "startStationCode": "219",
        "startStationName": "삼성역",
        "endStationCode": "211-R",
        "endStationName": "성수역",
        "prevStationCode": "209",
        "prevStationName": "한양대역",
        "updnLine": 1,
        "directAt": 0,
        "data": [
          {
            "dow": "MON",
            "hh": "13",
            "mm": "00",
            "congestionCar": [
              43,
              46,
              57,
              55,
              50,
              54,
              45,
              52,
              43,
              36
            ]
          },
          {
            "dow": "MON",
            "hh": "13",
            "mm": "10",
            "congestionCar": [
              21,
              23,
              23,
              28,
              28,
              24,
              26,
              26,
              20,
              21
            ]
          },
          {
            "dow": "MON",
            "hh": "13",
            "mm": "20",
            "congestionCar": [
              38,
              32,
              43,
              41,
              34,
              38,
              39,
              39,
              26,
              31
            ]
          },
          {
            "dow": "MON",
            "hh": "13",
            "mm": "30",
            "congestionCar": [
              31,
              31,
              43,
              44,
              36,
              43,
              35,
              31,
              26,
              29
            ]
          },
          {
            "dow": "MON",
            "hh": "13",
            "mm": "40",
            "congestionCar": [
              24,
              33,
              35,
              40,
              38,
              31,
              33,
              30,
              24,
              23
            ]
          },
          {
            "dow": "MON",
            "hh": "13",
            "mm": "50",
            "congestionCar": [
              27,
              31,
              40,
              40,
              35,
              35,
              35,
              35,
              29,
              24
            ]
          }
        ]
      },
      {
        "startStationCode": "228",
        "startStationName": "서울대입구역",
        "endStationCode": "211",
        "endStationName": "성수역",
        "prevStationCode": "209",
        "prevStationName": "한양대역",
        "updnLine": 1,
        "directAt": 0,
        "data": [
          {
            "dow": "MON",
            "hh": "13",
            "mm": "00",
            "congestionCar": [
              26,
              28,
              34,
              33,
              30,
              33,
              27,
              31,
              26,
              22
            ]
          },
          {
            "dow": "MON",
            "hh": "13",
            "mm": "10",
            "congestionCar": [
              27,
              30,
              30,
              36,
              36,
              32,
              34,
              33,
              26,
              27
            ]
          },
          {
            "dow": "MON",
            "hh": "13",
            "mm": "20",
            "congestionCar": [
              38,
              32,
              43,
              41,
              34,
              38,
              39,
              39,
              26,
              31
            ]
          },
          {
            "dow": "MON",
            "hh": "13",
            "mm": "30",
            "congestionCar": [
              31,
              31,
              43,
              44,
              36,
              43,
              35,
              31,
              26,
              29
            ]
          },
          {
            "dow": "MON",
            "hh": "13",
            "mm": "40",
            "congestionCar": [
              24,
              33,
              35,
              40,
              38,
              31,
              33,
              30,
              24,
              23
            ]
          },
          {
            "dow": "MON",
            "hh": "13",
            "mm": "50",
            "congestionCar": [
              27,
              31,
              40,
              40,
              35,
              35,
              35,
              35,
              29,
              24
            ]
          }
        ]
      },
      {
        "startStationCode": "228",
        "startStationName": "서울대입구역",
        "endStationCode": "211-R",
        "endStationName": "성수역",
        "prevStationCode": "209",
        "prevStationName": "한양대역",
        "updnLine": 1,
        "directAt": 0,
        "data": [
          {
            "dow": "MON",
            "hh": "13",
            "mm": "00",
            "congestionCar": [
              26,
              28,
              34,
              33,
              30,
              33,
              27,
              31,
              26,
              22
            ]
          },
          {
            "dow": "MON",
            "hh": "13",
            "mm": "10",
            "congestionCar": [
              27,
              30,
              30,
              36,
              36,
              32,
              34,
              33,
              26,
              27
            ]
          },
          {
            "dow": "MON",
            "hh": "13",
            "mm": "20",
            "congestionCar": [
              38,
              32,
              43,
              41,
              34,
              38,
              39,
              39,
              26,
              31
            ]
          },
          {
            "dow": "MON",
            "hh": "13",
            "mm": "30",
            "congestionCar": [
              31,
              31,
              43,
              44,
              36,
              43,
              35,
              31,
              26,
              29
            ]
          },
          {
            "dow": "MON",
            "hh": "13",
            "mm": "40",
            "congestionCar": [
              24,
              33,
              35,
              40,
              38,
              31,
              33,
              30,
              24,
              23
            ]
          },
          {
            "dow": "MON",
            "hh": "13",
            "mm": "50",
            "congestionCar": [
              27,
              31,
              40,
              40,
              35,
              35,
              35,
              35,
              29,
              24
            ]
          }
        ]
      },
      {
        "startStationCode": "234",
        "startStationName": "신도림역",
        "endStationCode": "211",
        "endStationName": "성수역",
        "prevStationCode": "209",
        "prevStationName": "한양대역",
        "updnLine": 1,
        "directAt": 0,
        "data": [
          {
            "dow": "MON",
            "hh": "13",
            "mm": "00",
            "congestionCar": [
              26,
              28,
              34,
              33,
              30,
              33,
              27,
              31,
              26,
              22
            ]
          },
          {
            "dow": "MON",
            "hh": "13",
            "mm": "10",
            "congestionCar": [
              27,
              30,
              30,
              36,
              36,
              32,
              34,
              33,
              26,
              27
            ]
          },
          {
            "dow": "MON",
            "hh": "13",
            "mm": "20",
            "congestionCar": [
              38,
              32,
              43,
              41,
              34,
              38,
              39,
              39,
              26,
              31
            ]
          },
          {
            "dow": "MON",
            "hh": "13",
            "mm": "30",
            "congestionCar": [
              31,
              31,
              43,
              44,
              36,
              43,
              35,
              31,
              26,
              29
            ]
          },
          {
            "dow": "MON",
            "hh": "13",
            "mm": "40",
            "congestionCar": [
              24,
              33,
              35,
              40,
              38,
              31,
              33,
              30,
              24,
              23
            ]
          },
          {
            "dow": "MON",
            "hh": "13",
            "mm": "50",
            "congestionCar": [
              27,
              31,
              40,
              40,
              35,
              35,
              35,
              35,
              29,
              24
            ]
          }
        ]
      },
      {
        "startStationCode": "234",
        "startStationName": "신도림역",
        "endStationCode": "211-R",
        "endStationName": "성수역",
        "prevStationCode": "209",
        "prevStationName": "한양대역",
        "updnLine": 1,
        "directAt": 0,
        "data": [
          {
            "dow": "MON",
            "hh": "13",
            "mm": "00",
            "congestionCar": [
              26,
              28,
              34,
              33,
              30,
              33,
              27,
              31,
              26,
              22
            ]
          },
          {
            "dow": "MON",
            "hh": "13",
            "mm": "10",
            "congestionCar": [
              27,
              30,
              30,
              36,
              36,
              32,
              34,
              33,
              26,
              27
            ]
          },
          {
            "dow": "MON",
            "hh": "13",
            "mm": "20",
            "congestionCar": [
              38,
              32,
              43,
              41,
              34,
              38,
              39,
              39,
              26,
              31
            ]
          },
          {
            "dow": "MON",
            "hh": "13",
            "mm": "30",
            "congestionCar": [
              31,
              31,
              43,
              44,
              36,
              43,
              35,
              31,
              26,
              29
            ]
          },
          {
            "dow": "MON",
            "hh": "13",
            "mm": "40",
            "congestionCar": [
              24,
              33,
              35,
              40,
              38,
              31,
              33,
              30,
              24,
              23
            ]
          },
          {
            "dow": "MON",
            "hh": "13",
            "mm": "50",
            "congestionCar": [
              27,
              31,
              40,
              40,
              35,
              35,
              35,
              35,
              29,
              24
            ]
          }
        ]
      },
      {
        "startStationCode": "239",
        "startStationName": "홍대입구역",
        "endStationCode": "211",
        "endStationName": "성수역",
        "prevStationCode": "209",
        "prevStationName": "한양대역",
        "updnLine": 1,
        "directAt": 0,
        "data": [
          {
            "dow": "MON",
            "hh": "13",
            "mm": "00",
            "congestionCar": [
              26,
              28,
              34,
              33,
              30,
              33,
              27,
              31,
              26,
              22
            ]
          },
          {
            "dow": "MON",
            "hh": "13",
            "mm": "10",
            "congestionCar": [
              27,
              30,
              30,
              36,
              36,
              32,
              34,
              33,
              26,
              27
            ]
          },
          {
            "dow": "MON",
            "hh": "13",
            "mm": "20",
            "congestionCar": [
              38,
              32,
              43,
              41,
              34,
              38,
              39,
              39,
              26,
              31
            ]
          },
          {
            "dow": "MON",
            "hh": "13",
            "mm": "30",
            "congestionCar": [
              31,
              31,
              43,
              44,
              36,
              43,
              35,
              31,
              26,
              29
            ]
          },
          {
            "dow": "MON",
            "hh": "13",
            "mm": "40",
            "congestionCar": [
              24,
              33,
              35,
              40,
              38,
              31,
              33,
              30,
              24,
              23
            ]
          },
          {
            "dow": "MON",
            "hh": "13",
            "mm": "50",
            "congestionCar": [
              27,
              31,
              40,
              40,
              35,
              35,
              35,
              35,
              29,
              24
            ]
          }
        ]
      },
      {
        "startStationCode": "239",
        "startStationName": "홍대입구역",
        "endStationCode": "211-R",
        "endStationName": "성수역",
        "prevStationCode": "209",
        "prevStationName": "한양대역",
        "updnLine": 1,
        "directAt": 0,
        "data": [
          {
            "dow": "MON",
            "hh": "13",
            "mm": "00",
            "congestionCar": [
              26,
              28,
              34,
              33,
              30,
              33,
              27,
              31,
              26,
              22
            ]
          },
          {
            "dow": "MON",
            "hh": "13",
            "mm": "10",
            "congestionCar": [
              27,
              30,
              30,
              36,
              36,
              32,
              34,
              33,
              26,
              27
            ]
          },
          {
            "dow": "MON",
            "hh": "13",
            "mm": "20",
            "congestionCar": [
              38,
              32,
              43,
              41,
              34,
              38,
              39,
              39,
              26,
              31
            ]
          },
          {
            "dow": "MON",
            "hh": "13",
            "mm": "30",
            "congestionCar": [
              31,
              31,
              43,
              44,
              36,
              43,
              35,
              31,
              26,
              29
            ]
          },
          {
            "dow": "MON",
            "hh": "13",
            "mm": "40",
            "congestionCar": [
              24,
              33,
              35,
              40,
              38,
              31,
              33,
              30,
              24,
              23
            ]
          },
          {
            "dow": "MON",
            "hh": "13",
            "mm": "50",
            "congestionCar": [
              27,
              31,
              40,
              40,
              35,
              35,
              35,
              35,
              29,
              24
            ]
          }
        ]
      }
    ],
    "statStartDate": "20230923",
    "statEndDate": "20231222"
  }
}