{
  "status": {
    "code": "00",
    "message": "success",
    "totalCount": 1
  },
  "contents": {
    "subwayLine": "2호선",
    "stationName": "성수역",
    "stationCode": "211",
    "stat": [
      {
        "startStationCode": "202",
        "startStationName": "을지로입구역",
        "endStationCode": "211",
        "endStationName": "성수역",
        "prevStationCode": "212",
        "prevStationName": "건대입구역",
        "updnLine": 0,
        "directAt": 0,
        "data": [
          {
            "dow": "WED",
            "hh": "08",
            "mm": "00",
            "congestionCar": [
              70,
              73,
              78,
              75,
              73,
              83,
              91,
              69,
              81,
              86
            ]
          },
          {
            "dow": "WED",
            "hh": "08",
            "mm": "10",
            "congestionCar": [
              76,
              74,
              84,
              86,
              83,
              92,
              97,
              94,
              81,
              95
            ]
          },
          {
            "dow": "WED",
            "hh": "08",
            "mm": "20",
            "congestionCar": [
              87,
              102,
              104,
              100,
              96,
              109,
              107,
              88,
              84,
              93
            ]
          },
          {
            "dow": "WED",
            "hh": "08",
            "mm": "30",
            "congestionCar": [
              90,
              98,
              92,
              95,
              105,
              101,
              107,
              88,
              88,
              116
            ]
          },
          {
            "dow": "WED",
            "hh": "08",
            "mm": "40",
            "congestionCar": [
              69,
              69,
              73,
              72,
              69,
              70,
              73,
              70,
              75,
              81
            ]
          },
          {
            "dow": "WED",
            "hh": "08",
            "mm": "50",
            "congestionCar": [
              40,
              51,
              57,
              60,
              51,
              55,
              52,
              43,
              43,
              48
            ]
          }
        ]
      },
      {
        "startStationCode": "202",
        "startStationName": "을지로입구역",
        "endStationCode": "211",
        "endStationName": "성수역",
        "prevStationCode": "210",
        "prevStationName": "뚝섬역",
        "updnLine": 1,
        "directAt": 0,
        "data": [
          {
            "dow": "WED",
            "hh": "08",
            "mm": "00",
            "congestionCar": [
              65,
              48,
              57,
              54,
              56,
              47,
              56,
              56,
              46,
              56
            ]
          },
          {
            "dow": "WED",
            "hh": "08",
            "mm": "10",
            "congestionCar": [
              106,
              76,
              79,
              89,
              85,
              83,
              84,
              78,
              77,
              104
            ]
          },
          {
            "dow": "WED",
            "hh": "08",
            "mm": "20",
            "congestionCar": [
              96,
              69,
              74,
              75,
              75,
              80,
              67,
              73,
              67,
              85
            ]
          },
          {
            "dow": "WED",
            "hh": "08",
            "mm": "30",
            "congestionCar": [
              87,
              55,
              66,
              72,
              73,
              64,
              57,
              63,
              47,
              76
            ]
          },
          {
            "dow": "WED",
            "hh": "08",
            "mm": "40",
            "congestionCar": [
              108,
              62,
              79,
              76,
              71,
              66,
              61,
              75,
              56,
              85
            ]
          },
          {
            "dow": "WED",
            "hh": "08",
            "mm": "50",
            "congestionCar": [
              66,
              47,
              55,
              57,
              49,
              54,
              49,
              55,
              44,
              54
            ]
          }
        ]
      },
      {
        "startStationCode": "202",
        "startStationName": "을지로입구역",
        "endStationCode": "211-R",
        "endStationName": "성수역",
        "prevStationCode": "212",
        "prevStationName": "건대입구역",
        "updnLine": 0,
        "directAt": 0,
        "data": [
          {
            "dow": "WED",
            "hh": "08",
            "mm": "00",
            "congestionCar": [
              70,
              73,
              78,
              75,
              73,
              83,
              91,
              69,
              81,
              86
            ]
          },
          {
            "dow": "WED",
            "hh": "08",
            "mm": "10",
            "congestionCar": [
              76,
              74,
              84,
              86,
              83,
              92,
              97,
              94,
              81,
              95
            ]
          },
          {
            "dow": "WED",
            "hh": "08",
            "mm": "20",
            "congestionCar": [
              87,
              102,
              104,
              100,
              96,
              109,
              107,
              88,
              84,
              93
            ]
          },
          {
            "dow": "WED",
            "hh": "08",
            "mm": "30",
            "congestionCar": [
              90,
              98,
              92,
              95,
              105,
              101,
              107,
              88,
              88,
              116
            ]
          },
          {
            "dow": "WED",
            "hh": "08",
            "mm": "40",
            "congestionCar": [
              69,
              69,
              73,
              72,
              69,
              70,
              73,
              70,
              75,
              81
            ]
          },
          {
            "dow": "WED",
            "hh": "08",
            "mm": "50",
            "congestionCar": [
              40,
              51,
              57,
              60,
              51,
              55,
              52,
              43,
              43,
              48
            ]
          }
        ]
      },
      {
        "startStationCode": "202",
        "startStationName": "을지로입구역",
        "endStationCode": "211-R",
        "endStationName": "성수역",
        "prevStationCode": "210",
        "prevStationName": "뚝섬역",
        "updnLine": 1,
        "directAt": 0,
        "data": [
          {
            "dow": "WED",
            "hh": "08",
            "mm": "00",
            "congestionCar": [
              65,
              48,
              57,
              54,
              56,
              47,
              56,
              56,
              46,
              56
            ]
          },
          {
            "dow": "WED",
            "hh": "08",
            "mm": "10",
            "congestionCar": [
              106,
              76,
              79,
              89,
              85,
              83,
              84,
              78,
              77,
              104
            ]
          },
          {
            "dow": "WED",
            "hh": "08",
            "mm": "20",
            "congestionCar": [
              96,
              69,
              74,
              75,
              75,
              80,
              67,
              73,
              67,
              85
            ]
          },
          {
            "dow": "WED",
            "hh": "08",
            "mm": "30",
            "congestionCar": [
              87,
              55,
              66,
              72,
              73,
              64,
              57,
              63,
              47,
              76
            ]
          },
          {
            "dow": "WED",
            "hh": "08",
            "mm": "40",
            "congestionCar": [
              108,
              62,
              79,
              76,
              71,
              66,
              61,
              75,
              56,
              85
            ]
          },
          {
            "dow": "WED",
            "hh": "08",
            "mm": "50",
            "congestionCar": [
              66,
              47,
              55,
              57,
              49,
              54,
              49,
              55,
              44,
              54
            ]
          }
        ]
      },
      {
        "startStationCode": "211",
        "startStationName": "성수역",
        "endStationCode": "211",
        "endStationName": "성수역",
        "prevStationCode": "212",
        "prevStationName": "건대입구역",
        "updnLine": 0,
        "directAt": 0,
        "data": [
          {
            "dow": "WED",
            "hh": "08",
            "mm": "00",
            "congestionCar": [
              80,
              84,
              90,
              86,
              84,
              96,
              105,
              80,
              94,
              100
            ]
          },
          {
            "dow": "WED",
            "hh": "08",
            "mm": "10",
            "congestionCar": [
              72,
              70,
              80,
              82,
              79,
              88,
              92,
              90,
              77,
              90
            ]
          },
          {
            "dow": "WED",
            "hh": "08",
            "mm": "20",
            "congestionCar": [
              73,
              85,
              87,
              83,
              80,
              91,
              89,
              74,
              70,
              78
            ]
          },
          {
            "dow": "WED",
            "hh": "08",
            "mm": "30",
            "congestionCar": [
              84,
              92,
              86,
              89,
              99,
              95,
              100,
              82,
              83,
              109
            ]
          },
          {
            "dow": "WED",
            "hh": "08",
            "mm": "40",
            "congestionCar": [
              53,
              53,
              56,
              55,
              52,
              53,
              56,
              53,
              57,
              62
            ]
          },
          {
            "dow": "WED",
            "hh": "08",
            "mm": "50",
            "congestionCar": [
              34,
              44,
              49,
              51,
              44,
              47,
              45,
              37,
              37,
              42
            ]
          }
        ]
      },
      {
        "startStationCode": "211",
        "startStationName": "성수역",
        "endStationCode": "211",
        "endStationName": "성수역",
        "prevStationCode": "210",
        "prevStationName": "뚝섬역",
        "updnLine": 1,
        "directAt": 0,
        "data": [
          {
            "dow": "WED",
            "hh": "08",
            "mm": "00",
            "congestionCar": [
              61,
              45,
              54,
              51,
              53,
              44,
              53,
              53,
              43,
              53
            ]
          },
          {
            "dow": "WED",
            "hh": "08",
            "mm": "10",
            "congestionCar": [
              92,
              66,
              69,
              77,
              74,
              72,
              73,
              68,
              67,
              91
            ]
          },
          {
            "dow": "WED",
            "hh": "08",
            "mm": "20",
            "congestionCar": [
              98,
              71,
              76,
              77,
              77,
              82,
              69,
              75,
              69,
              87
            ]
          },
          {
            "dow": "WED",
            "hh": "08",
            "mm": "30",
            "congestionCar": [
              109,
              68,
              82,
              90,
              91,
              79,
              70,
              78,
              59,
              94
            ]
          },
          {
            "dow": "WED",
            "hh": "08",
            "mm": "40",
            "congestionCar": [
              61,
              35,
              45,
              43,
              40,
              38,
              35,
              42,
              32,
              48
            ]
          },
          {
            "dow": "WED",
            "hh": "08",
            "mm": "50",
            "congestionCar": [
              63,
              45,
              53,
              55,
              47,
              52,
              47,
              53,
              42,
              52
            ]
          }
        ]
      },
      {
        "startStationCode": "211",
        "startStationName": "성수역",
        "endStationCode": "211-R",
        "endStationName": "성수역",
        "prevStationCode": "212",
        "prevStationName": "건대입구역",
        "updnLine": 0,
        "directAt": 0,
        "data": [
          {
            "dow": "WED",
            "hh": "08",
            "mm": "00",
            "congestionCar": [
              66,
              69,
              74,
              71,
              69,
              79,
              86,
              66,
              77,
              82
            ]
          },
          {
            "dow": "WED",
            "hh": "08",
            "mm": "10",
            "congestionCar": [
              79,
              76,
              87,
              89,
              86,
              95,
              100,
              97,
              83,
              98
            ]
          },
          {
            "dow": "WED",
            "hh": "08",
            "mm": "20",
            "congestionCar": [
              87,
              102,
              104,
              100,
              96,
              109,
              107,
              88,
              84,
              93
            ]
          },
          {
            "dow": "WED",
            "hh": "08",
            "mm": "30",
            "congestionCar": [
              99,
              108,
              101,
              105,
              116,
              112,
              117,
              97,
              97,
              128
            ]
          },
          {
            "dow": "WED",
            "hh": "08",
            "mm": "40",
            "congestionCar": [
              77,
              77,
              81,
              80,
              76,
              78,
              82,
              77,
              83,
              90
            ]
          },
          {
            "dow": "WED",
            "hh": "08",
            "mm": "50",
            "congestionCar": [
              42,
              55,
              60,
              63,
              54,
              58,
              55,
              45,
              46,
              51
            ]
          }
        ]
      },
      {
        "startStationCode": "211",
        "startStationName": "성수역",
        "endStationCode": "211-R",
        "endStationName": "성수역",
        "prevStationCode": "210",
        "prevStationName": "뚝섬역",
        "updnLine": 1,
        "directAt": 0,
        "data": [
          {
            "dow": "WED",
            "hh": "08",
            "mm": "00",
            "congestionCar": [
              61,
              45,
              54,
              51,
              53,
              44,
              53,
              53,
              43,
              53
            ]
          },
          {
            "dow": "WED",
            "hh": "08",
            "mm": "10",
            "congestionCar": [
              105,
              75,
              78,
              88,
              84,
              82,
              83,
              77,
              76,
              103
            ]
          },
          {
            "dow": "WED",
            "hh": "08",
            "mm": "20",
            "congestionCar": [
              90,
              64,
              69,
              70,
              70,
              74,
              63,
              68,
              63,
              79
            ]
          },
          {
            "dow": "WED",
            "hh": "08",
            "mm": "30",
            "congestionCar": [
              79,
              50,
              60,
              66,
              67,
              58,
              52,
              57,
              43,
              69
            ]
          },
          {
            "dow": "WED",
            "hh": "08",
            "mm": "40",
            "congestionCar": [
              113,
              65,
              84,
              80,
              75,
              70,
              65,
              79,
              59,
              90
            ]
          },
          {
            "dow": "WED",
            "hh": "08",
            "mm": "50",
            "congestionCar": [
              67,
              48,
              56,
              58,
              50,
              55,
              50,
              56,
              45,
              55
            ]
          }
        ]
      },
      {
        "startStationCode": "219",
        "startStationName": "삼성역",
        "endStationCode": "211-R",
        "endStationName": "성수역",
        "prevStationCode": "212",
        "prevStationName": "건대입구역",
        "updnLine": 0,
        "directAt": 0,
        "data": [
          {
            "dow": "WED",
            "hh": "08",
            "mm": "00",
            "congestionCar": [
              70,
              73,
              78,
              75,
              73,
              83,
              91,
              69,
              81,
              86
            ]
          },
          {
            "dow": "WED",
            "hh": "08",
            "mm": "10",
            "congestionCar": [
              76,
              74,
              84,
              86,
              83,
              92,
              97,
              94,
              81,
              95
            ]
          },
          {
            "dow": "WED",
            "hh": "08",
            "mm": "20",
            "congestionCar": [
              87,
              102,
              104,
              100,
              96,
              109,
              107,
              88,
              84,
              93
            ]
          },
          {
            "dow": "WED",
            "hh": "08",
            "mm": "30",
            "congestionCar": [
              90,
              98,
              92,
              95,
              105,
              101,
              107,
              88,
              88,
              116
            ]
          },
          {
            "dow": "WED",
            "hh": "08",
            "mm": "40",
            "congestionCar": [
              69,
              69,
              73,
              72,
              69,
              70,
              73,
              70,
              75,
              81
            ]
          },
          {
            "dow": "WED",
            "hh": "08",
            "mm": "50",
            "congestionCar": [
              40,
              51,
              57,
              60,
              51,
              55,
              52,
              43,
              43,
              48
            ]
          }
        ]
      },
      {
        "startStationCode": "219",
        "startStationName": "삼성역",
        "endStationCode": "211-R",
        "endStationName": "성수역",
        "prevStationCode": "210",
        "prevStationName": "뚝섬역",
        "updnLine": 1,
        "directAt": 0,
        "data": [
          {
            "dow": "WED",
            "hh": "08",
            "mm": "00",
            "congestionCar": [
              65,
              48,
              57,
              54,
              56,
              47,
              56,
              56,
              46,
              56
            ]
          },
          {
            "dow": "WED",
            "hh": "08",
            "mm": "10",
            "congestionCar": [
              106,
              76,
              79,
              89,
              85,
              83,
              84,
              78,
              77,
              104
            ]
          },
          {
            "dow": "WED",
            "hh": "08",
            "mm": "20",
            "congestionCar": [
              96,
              69,
              74,
              75,
              75,
              80,
              67,
              73,
              67,
              85
            ]
          },
          {
            "dow": "WED",
            "hh": "08",
            "mm": "30",
            "congestionCar": [
              87,
              55,
              66,
              72,
              73,
              64,
              57,
              63,
              47,
              76
            ]
          },
          {
            "dow": "WED",
            "hh": "08",
            "mm": "40",
            "congestionCar": [
              108,
              62,
              79,
              76,
              71,
              66,
              61,
              75,
              56,
              85
            ]
          },
          {
            "dow": "WED",
            "hh": "08",
            "mm": "50",
            "congestionCar": [
              66,
              47,
              55,
              57,
              49,
              54,
              49,
              55,
              44,
              54
            ]
          }
        ]
      },
      {
        "startStationCode": "228",
        "startStationName": "서울대입구역",
        "endStationCode": "211",
        "endStationName": "성수역",
        "prevStationCode": "212",
        "prevStationName": "건대입구역",
        "updnLine": 0,
        "directAt": 0,
        "data": [
          {
            "dow": "WED",
            "hh": "08",
            "mm": "00",
            "congestionCar": [
              70,
              73,
              78,
              75,
              73,
              83,
              91,
              69,
              81,
              86
            ]
          },
          {
            "dow": "WED",
            "hh": "08",
            "mm": "10",
            "congestionCar": [
              76,
              74,
              84,
              86,
              83,
              92,
              97,
              94,
              81,
              95
            ]
          },
          {
            "dow": "WED",
            "hh": "08",
            "mm": "20",
            "congestionCar": [
              87,
              102,
              104,
              100,
              96,
              109,
              107,
              88,
              84,
              93
            ]
          },
          {
            "dow": "WED",
            "hh": "08",
            "mm": "30",
            "congestionCar": [
              90,
              98,
              92,
              95,
              105,
              101,
              107,
              88,
              88,
              116
            ]
          },
          {
            "dow": "WED",
            "hh": "08",
            "mm": "40",
            "congestionCar": [
              69,
              69,
              73,
              72,
              69,
              70,
              73,
              70,
              75,
              81
            ]
          },
          {
            "dow": "WED",
            "hh": "08",
            "mm": "50",
            "congestionCar": [
              40,
              51,
              57,
              60,
              51,
              55,
              52,
              43,
              43,
              48
            ]
          }
        ]
      },
      {
        "startStationCode": "228",
        "startStationName": "서울대입구역",
        "endStationCode": "211",
        "endStationName": "성수역",
        "prevStationCode": "210",
        "prevStationName": "뚝섬역",
        "updnLine": 1,
        "directAt": 0,
        "data": [
          {
            "dow": "WED",
            "hh": "08",
            "mm": "00",
            "congestionCar": [
              65,
              48,
              57,
              54,
              56,
              47,
              56,
              56,
              46,
              56
            ]
          },
          {
            "dow": "WED",
            "hh": "08",
            "mm": "10",
            "congestionCar": [
              106,
              76,
              79,
              89,
              85,
              83,
              84,
              78,
              77,
              104
            ]
          },
          {
            "dow": "WED",
            "hh": "08",
            "mm": "20",
            "congestionCar": [
              96,
              69,
              74,
              75,
              75,
              80,
              67,
              73,
              67,
              85
            ]
          },
          {
            "dow": "WED",
            "hh": "08",
            "mm": "30",
            "congestionCar": [
              87,
              55,
              66,
              72,
              73,
              64,
              57,
              63,
              47,
              76
            ]
          },
          {
            "dow": "WED",
            "hh": "08",
            "mm": "40",
            "congestionCar": [
              108,
              62,
              79,
              76,
              71,
              66,
              61,
              75,
              56,
              85
            ]
          },
          {
            "dow": "WED",
            "hh": "08",
            "mm": "50",
            "congestionCar": [
              66,
              47,
              55,
              57,
              49,
              54,
              49,
              55,
              44,
              54
            ]
          }
        ]
      },
      {
        "startStationCode": "228",
        "startStationName": "서울대입구역",
        "endStationCode": "211-R",
        "endStationName": "성수역",
        "prevStationCode": "212",
        "prevStationName": "건대입구역",
        "updnLine": 0,
        "directAt": 0,
        "data": [
          {
            "dow": "WED",
            "hh": "08",
            "mm": "00",
            "congestionCar": [
              70,
              73,
              78,
              75,
              73,
              83,
              91,
              69,
              81,
              86
            ]
          },
          {
            "dow": "WED",
            "hh": "08",
            "mm": "10",
            "congestionCar": [
              76,
              74,
              84,
              86,
              83,
              92,
              97,
              94,
              81,
              95
            ]
          },
          {
            "dow": "WED",
            "hh": "08",
            "mm": "20",
            "congestionCar": [
              87,
              102,
              104,
              100,
              96,
              109,
              107,
              88,
              84,
              93
            ]
          },
          {
            "dow": "WED",
            "hh": "08",
            "mm": "30",
            "congestionCar": [
              90,
              98,
              92,
              95,
              105,
              101,
              107,
              88,
              88,
              116
            ]
          },
          {
            "dow": "WED",
            "hh": "08",
            "mm": "40",
            "congestionCar": [
              69,
              69,
              73,
              72,
              69,
              70,
              73,
              70,
              75,
              81
            ]
          },
          {
            "dow": "WED",
            "hh": "08",
            "mm": "50",
            "congestionCar": [
              40,
              51,
              57,
              60,
              51,
              55,
              52,
              43,
              43,
              48
            ]
          }
        ]
      },
      {
        "startStationCode": "228",
        "startStationName": "서울대입구역",
        "endStationCode": "211-R",
        "endStationName": "성수역",
        "prevStationCode": "210",
        "prevStationName": "뚝섬역",
        "updnLine": 1,
        "directAt": 0,
        "data": [
          {
            "dow": "WED",
            "hh": "08",
            "mm": "00",
            "congestionCar": [
              65,
              48,
              57,
              54,
              56,
              47,
              56,
              56,
              46,
              56
            ]
          },
          {
            "dow": "WED",
            "hh": "08",
            "mm": "10",
            "congestionCar": [
              106,
              76,
              79,
              89,
              85,
              83,
              84,
              78,
              77,
              104
            ]
          },
          {
            "dow": "WED",
            "hh": "08",
            "mm": "20",
            "congestionCar": [
              96,
              69,
              74,
              75,
              75,
              80,
              67,
              73,
              67,
              85
            ]
          },
          {
            "dow": "WED",
            "hh": "08",
            "mm": "30",
            "congestionCar": [
              87,
              55,
              66,
              72,
              73,
              64,
              57,
              63,
              47,
              76
            ]
          },
          {
            "dow": "WED",
            "hh": "08",
            "mm": "40",
            "congestionCar": [
              108,
              62,
              79,
              76,
              71,
              66,
              61,
              75,
              56,
              85
            ]
          },
          {
            "dow": "WED",
            "hh": "08",
            "mm": "50",
            "congestionCar": [
              66,
              47,
              55,
              57,
              49,
              54,
              49,
              55,
              44,
              54
            ]
          }
        ]
      },
      {
        "startStationCode": "234",
        "startStationName": "신도림역",
        "endStationCode": "211",
        "endStationName": "성수역",
        "prevStationCode": "212",
        "prevStationName": "건대입구역",
        "updnLine": 0,
        "directAt": 0,
        "data": [
          {
            "dow": "WED",
            "hh": "08",
            "mm": "00",
            "congestionCar": [
              70,
              73,
              78,
              75,
              73,
              83,
              91,
              69,
              81,
              86
            ]
          },
          {
            "dow": "WED",
            "hh": "08",
            "mm": "10",
            "congestionCar": [
              76,
              74,
              84,
              86,
              83,
              92,
              97,
              94,
              81,
              95
            ]
          },
          {
            "dow": "WED",
            "hh": "08",
            "mm": "20",
            "congestionCar": [
              87,
              102,
              104,
              100,
              96,
              109,
              107,
              88,
              84,
              93
            ]
          },
          {
            "dow": "WED",
            "hh": "08",
            "mm": "30",
            "congestionCar": [
              90,
              98,
              92,
              95,
              105,
              101,
              107,
              88,
              88,
              116
            ]
          },
          {
            "dow": "WED",
            "hh": "08",
            "mm": "40",
            "congestionCar": [
              69,
              69,
              73,
              72,
              69,
              70,
              73,
              70,
              75,
              81
            ]
          },
          {
            "dow": "WED",
            "hh": "08",
            "mm": "50",
            "congestionCar": [
              40,
              51,
              57,
              60,
              51,
              55,
              52,
              43,
              43,
              48
            ]
          }
        ]
      },
      {
        "startStationCode": "234",
        "startStationName": "신도림역",
        "endStationCode": "211",
        "endStationName": "성수역",
        "prevStationCode": "210",
        "prevStationName": "뚝섬역",
        "updnLine": 1,
        "directAt": 0,
        "data": [
          {
            "dow": "WED",
            "hh": "08",
            "mm": "00",
            "congestionCar": [
              65,
              48,
              57,
              54,
              56,
              47,
              56,
              56,
              46,
              56
            ]
          },
          {
            "dow": "WED",
            "hh": "08",
            "mm": "10",
            "congestionCar": [
              106,
              76,
              79,
              89,
              85,
              83,
              84,
              78,
              77,
              104
            ]
          },
          {
            "dow": "WED",
            "hh": "08",
            "mm": "20",
            "congestionCar": [
              96,
              69,
              74,
              75,
              75,
              80,
              67,
              73,
              67,
              85
            ]
          },
          {
            "dow": "WED",
            "hh": "08",
            "mm": "30",
            "congestionCar": [
              87,
              55,
              66,
              72,
              73,
              64,
              57,
              63,
              47,
              76
            ]
          },
          {
            "dow": "WED",
            "hh": "08",
            "mm": "40",
            "congestionCar": [
              108,
              62,
              79,
              76,
              71,
              66,
              61,
              75,
              56,
              85
            ]
          },
          {
            "dow": "WED",
            "hh": "08",
            "mm": "50",
            "congestionCar": [
              66,
              47,
              55,
              57,
              49,
              54,
              49,
              55,
              44,
              54
            ]
          }
        ]
      },
      {
        "startStationCode": "234",
        "startStationName": "신도림역",
        "endStationCode": "211-R",
        "endStationName": "성수역",
        "prevStationCode": "212",
        "prevStationName": "건대입구역",
        "updnLine": 0,
        "directAt": 0,
        "data": [
          {
            "dow": "WED",
            "hh": "08",
            "mm": "00",
            "congestionCar": [
              65,
              68,
              73,
              70,
              68,
              78,
              85,
              65,
              76,
              81
            ]
          },
          {
            "dow": "WED",
            "hh": "08",
            "mm": "10",
            "congestionCar": [
              74,
              72,
              82,
              84,
              81,
              90,
              94,
              92,
              79,
              92
            ]
          },
          {
            "dow": "WED",
            "hh": "08",
            "mm": "20",
            "congestionCar": [
              101,
              118,
              121,
              116,
              112,
              127,
              124,
              103,
              98,
              108
            ]
          },
          {
            "dow": "WED",
            "hh": "08",
            "mm": "30",
            "congestionCar": [
              86,
              94,
              88,
              91,
              101,
              97,
              102,
              84,
              84,
              111
            ]
          },
          {
            "dow": "WED",
            "hh": "08",
            "mm": "40",
            "congestionCar": [
              79,
              79,
              83,
              82,
              78,
              79,
              84,
              79,
              85,
              92
            ]
          },
          {
            "dow": "WED",
            "hh": "08",
            "mm": "50",
            "congestionCar": [
              46,
              59,
              65,
              68,
              58,
              63,
              59,
              49,
              49,
              55
            ]
          }
        ]
      },
      {
        "startStationCode": "234",
        "startStationName": "신도림역",
        "endStationCode": "211-R",
        "endStationName": "성수역",
        "prevStationCode": "210",
        "prevStationName": "뚝섬역",
        "updnLine": 1,
        "directAt": 0,
        "data": [
          {
            "dow": "WED",
            "hh": "08",
            "mm": "00",
            "congestionCar": [
              105,
              78,
              93,
              88,
              91,
              77,
              91,
              91,
              75,
              91
            ]
          },
          {
            "dow": "WED",
            "hh": "08",
            "mm": "10",
            "congestionCar": [
              137,
              98,
              101,
              114,
              110,
              107,
              108,
              101,
              100,
              135
            ]
          },
          {
            "dow": "WED",
            "hh": "08",
            "mm": "20",
            "congestionCar": [
              140,
              101,
              108,
              110,
              109,
              116,
              98,
              106,
              98,
              124
            ]
          },
          {
            "dow": "WED",
            "hh": "08",
            "mm": "30",
            "congestionCar": [
              73,
              46,
              55,
              60,
              61,
              53,
              47,
              52,
              40,
              63
            ]
          },
          {
            "dow": "WED",
            "hh": "08",
            "mm": "40",
            "congestionCar": [
              108,
              62,
              79,
              76,
              71,
              66,
              61,
              75,
              56,
              85
            ]
          },
          {
            "dow": "WED",
            "hh": "08",
            "mm": "50",
            "congestionCar": [
              66,
              47,
              55,
              57,
              49,
              54,
              49,
              55,
              44,
              54
            ]
          }
        ]
      },
      {
        "startStationCode": "239",
        "startStationName": "홍대입구역",
        "endStationCode": "211",
        "endStationName": "성수역",
        "prevStationCode": "212",
        "prevStationName": "건대입구역",
        "updnLine": 0,
        "directAt": 0,
        "data": [
          {
            "dow": "WED",
            "hh": "08",
            "mm": "00",
            "congestionCar": [
              70,
              73,
              78,
              75,
              73,
              83,
              91,
              69,
              81,
              86
            ]
          },
          {
            "dow": "WED",
            "hh": "08",
            "mm": "10",
            "congestionCar": [
              76,
              74,
              84,
              86,
              83,
              92,
              97,
              94,
              81,
              95
            ]
          },
          {
            "dow": "WED",
            "hh": "08",
            "mm": "20",
            "congestionCar": [
              87,
              102,
              104,
              100,
              96,
              109,
              107,
              88,
              84,
              93
            ]
          },
          {
            "dow": "WED",
            "hh": "08",
            "mm": "30",
            "congestionCar": [
              90,
              98,
              92,
              95,
              105,
              101,
              107,
              88,
              88,
              116
            ]
          },
          {
            "dow": "WED",
            "hh": "08",
            "mm": "40",
            "congestionCar": [
              69,
              69,
              73,
              72,
              69,
              70,
              73,
              70,
              75,
              81
            ]
          },
          {
            "dow": "WED",
            "hh": "08",
            "mm": "50",
            "congestionCar": [
              40,
              51,
              57,
              60,
              51,
              55,
              52,
              43,
              43,
              48
            ]
          }
        ]
      },
      {
        "startStationCode": "239",
        "startStationName": "홍대입구역",
        "endStationCode": "211",
        "endStationName": "성수역",
        "prevStationCode": "210",
        "prevStationName": "뚝섬역",
        "updnLine": 1,
        "directAt": 0,
        "data": [
          {
            "dow": "WED",
            "hh": "08",
            "mm": "00",
            "congestionCar": [
              65,
              48,
              57,
              54,
              56,
              47,
              56,
              56,
              46,
              56
            ]
          },
          {
            "dow": "WED",
            "hh": "08",
            "mm": "10",
            "congestionCar": [
              106,
              76,
              79,
              89,
              85,
              83,
              84,
              78,
              77,
              104
            ]
          },
          {
            "dow": "WED",
            "hh": "08",
            "mm": "20",
            "congestionCar": [
              96,
              69,
              74,
              75,
              75,
              80,
              67,
              73,
              67,
              85
            ]
          },
          {
            "dow": "WED",
            "hh": "08",
            "mm": "30",
            "congestionCar": [
              87,
              55,
              66,
              72,
              73,
              64,
              57,
              63,
              47,
              76
            ]
          },
          {
            "dow": "WED",
            "hh": "08",
            "mm": "40",
            "congestionCar": [
              108,
              62,
              79,
              76,
              71,
              66,
              61,
              75,
              56,
              85
            ]
          },
          {
            "dow": "WED",
            "hh": "08",
            "mm": "50",
            "congestionCar": [
              66,
              47,
              55,
              57,
              49,
              54,
              49,
              55,
              44,
              54
            ]
          }
        ]
      },
      {
        "startStationCode": "239",
        "startStationName": "홍대입구역",
        "endStationCode": "211-R",
        "endStationName": "성수역",
        "prevStationCode": "212",
        "prevStationName": "건대입구역",
        "updnLine": 0,
        "directAt": 0,
        "data": [
          {
            "dow": "WED",
            "hh": "08",
            "mm": "00",
            "congestionCar": [
              70,
              73,
              78,
              75,
              73,
              83,
              91,
              69,
              81,
              86
            ]
          },
          {
            "dow": "WED",
            "hh": "08",
            "mm": "10",
            "congestionCar": [
              76,
              74,
              84,
              86,
              83,
              92,
              97,
              94,
              81,
              95
            ]
          },
          {
            "dow": "WED",
            "hh": "08",
            "mm": "20",
            "congestionCar": [
              87,
              102,
              104,
              100,
              96,
              109,
              107,
              88,
              84,
              93
            ]
          },
          {
            "dow": "WED",
            "hh": "08",
            "mm": "30",
            "congestionCar": [
              90,
              98,
              92,
              95,
              105,
              101,
              107,
              88,
              88,
              116
            ]
          },
          {
            "dow": "WED",
            "hh": "08",
            "mm": "40",
            "congestionCar": [
              69,
              69,
              73,
              72,
              69,
              70,
              73,
              70,
              75,
              81
            ]
          },
          {
            "dow": "WED",
            "hh": "08",
            "mm": "50",
            "congestionCar": [
              40,
              51,
              57,
              60,
              51,
              55,
              52,
              43,
              43,
              48
            ]
          }
        ]
      },
      {
        "startStationCode": "239",
        "startStationName": "홍대입구역",
        "endStationCode": "211-R",
        "endStationName": "성수역",
        "prevStationCode": "210",
        "prevStationName": "뚝섬역",
        "updnLine": 1,
        "directAt": 0,
        "data": [
          {
            "dow": "WED",
            "hh": "08",
            "mm": "00",
            "congestionCar": [
              65,
              48,
              57,
              54,
              56,
              47,
              56,
              56,
              46,
              56
            ]
          },
          {
            "dow": "WED",
            "hh": "08",
            "mm": "10",
            "congestionCar": [
              106,
              76,
              79,
              89,
              85,
              83,
              84,
              78,
              77,
              104
            ]
          },
          {
            "dow": "WED",
            "hh": "08",
            "mm": "20",
            "congestionCar": [
              96,
              69,
              74,
              75,
              75,
              80,
              67,
              73,
              67,
              85
            ]
          },
          {
            "dow": "WED",
            "hh": "08",
            "mm": "30",
            "congestionCar": [
              87,
              55,
              66,
              72,
              73,
              64,
              57,
              63,
              47,
              76
            ]
          },
          {
            "dow": "WED",
            "hh": "08",
            "mm": "40",
            "congestionCar": [
              108,
              62,
              79,
              76,
              71,
              66,
              61,
              75,
              56,
              85
            ]
          },
          {
            "dow": "WED",
            "hh": "08",
            "mm": "50",
            "congestionCar": [
              66,
              47,
              55,
              57,
              49,
              54,
              49,
              55,
              44,
              54
            ]
          }
        ]
      }
    ],
    "statStartDate": "20230923",
    "statEndDate": "20231222"
  }
}