{
    "status": {
        "code": "00",
        "message": "success",
        "totalCount": 1
    },
    "contents": {
        "subwayLine": "2호선",
        "stationName": "강남역",
        "stationCode": "222",
        "stat": [
            {
                "startStationCode": "202",
                "startStationName": "을지로입구역",
                "endStationCode": "211",
                "endStationName": "성수역",
                "prevStationCode": "223",
                "prevStationName": "교대역",
                "updnLine": 0,
                "directAt": 0,
                "data": [
                    {
                        "dow": "WED",
                        "hh": "13",
                        "mm": "00",
                        "congestionCar": [
                            34,
                            36,
                            43,
                            58,
                            61,
                            57,
                            53,
                            48,
                            39,
                            31
                        ]
                    },
                    {
                        "dow": "WED",
                        "hh": "13",
                        "mm": "10",
                        "congestionCar": [
                            33,
                            34,
                            48,
                            63,
                            63,
                            58,
                            56,
                            47,
                            43,
                            34
                        ]
                    },
                    {
                        "dow": "WED",
                        "hh": "13",
                        "mm": "20",
                        "congestionCar": [
                            36,
                            44,
                            64,
                            74,
                            74,
                            72,
                            68,
                            52,
                            49,
                            37
                        ]
                    },
                    {
                        "dow": "WED",
                        "hh": "13",
                        "mm": "30",
                        "congestionCar": [
                            43,
                            51,
                            62,
                            72,
                            82,
                            70,
                            74,
                            66,
                            50,
                            40
                        ]
                    },
                    {
                        "dow": "WED",
                        "hh": "13",
                        "mm": "40",
                        "congestionCar": [
                            40,
                            51,
                            67,
                            82,
                            79,
                            83,
                            73,
                            63,
                            55,
                            46
                        ]
                    },
                    {
                        "dow": "WED",
                        "hh": "13",
                        "mm": "50",
                        "congestionCar": [
                            35,
                            40,
                            55,
                            61,
                            68,
                            61,
                            61,
                            48,
                            45,
                            35
                        ]
                    }
                ]
            },
            {
                "startStationCode": "202",
                "startStationName": "을지로입구역",
                "endStationCode": "211-R",
                "endStationName": "성수역",
                "prevStationCode": "223",
                "prevStationName": "교대역",
                "updnLine": 0,
                "directAt": 0,
                "data": [
                    {
                        "dow": "WED",
                        "hh": "13",
                        "mm": "00",
                        "congestionCar": [
                            34,
                            36,
                            43,
                            58,
                            61,
                            57,
                            53,
                            48,
                            39,
                            31
                        ]
                    },
                    {
                        "dow": "WED",
                        "hh": "13",
                        "mm": "10",
                        "congestionCar": [
                            33,
                            34,
                            48,
                            63,
                            63,
                            58,
                            56,
                            47,
                            43,
                            34
                        ]
                    },
                    {
                        "dow": "WED",
                        "hh": "13",
                        "mm": "20",
                        "congestionCar": [
                            36,
                            44,
                            64,
                            74,
                            74,
                            72,
                            68,
                            52,
                            49,
                            37
                        ]
                    },
                    {
                        "dow": "WED",
                        "hh": "13",
                        "mm": "30",
                        "congestionCar": [
                            43,
                            51,
                            62,
                            72,
                            82,
                            70,
                            74,
                            66,
                            50,
                            40
                        ]
                    },
                    {
                        "dow": "WED",
                        "hh": "13",
                        "mm": "40",
                        "congestionCar": [
                            40,
                            51,
                            67,
                            82,
                            79,
                            83,
                            73,
                            63,
                            55,
                            46
                        ]
                    },
                    {
                        "dow": "WED",
                        "hh": "13",
                        "mm": "50",
                        "congestionCar": [
                            35,
                            40,
                            55,
                            61,
                            68,
                            61,
                            61,
                            48,
                            45,
                            35
                        ]
                    }
                ]
            },
            {
                "startStationCode": "211",
                "startStationName": "성수역",
                "endStationCode": "202",
                "endStationName": "을지로입구역",
                "prevStationCode": "221",
                "prevStationName": "역삼역",
                "updnLine": 1,
                "directAt": 0,
                "data": [
                    {
                        "dow": "WED",
                        "hh": "13",
                        "mm": "00",
                        "congestionCar": [
                            41,
                            39,
                            46,
                            51,
                            53,
                            53,
                            48,
                            43,
                            32,
                            26
                        ]
                    },
                    {
                        "dow": "WED",
                        "hh": "13",
                        "mm": "10",
                        "congestionCar": [
                            43,
                            36,
                            50,
                            50,
                            55,
                            55,
                            43,
                            39,
                            25,
                            25
                        ]
                    },
                    {
                        "dow": "WED",
                        "hh": "13",
                        "mm": "20",
                        "congestionCar": [
                            39,
                            45,
                            49,
                            53,
                            55,
                            63,
                            49,
                            40,
                            28,
                            30
                        ]
                    },
                    {
                        "dow": "WED",
                        "hh": "13",
                        "mm": "30",
                        "congestionCar": [
                            43,
                            39,
                            42,
                            48,
                            51,
                            52,
                            43,
                            38,
                            31,
                            23
                        ]
                    },
                    {
                        "dow": "WED",
                        "hh": "13",
                        "mm": "40",
                        "congestionCar": [
                            49,
                            42,
                            54,
                            65,
                            60,
                            70,
                            63,
                            43,
                            37,
                            28
                        ]
                    },
                    {
                        "dow": "WED",
                        "hh": "13",
                        "mm": "50",
                        "congestionCar": [
                            44,
                            37,
                            48,
                            55,
                            60,
                            62,
                            57,
                            46,
                            33,
                            29
                        ]
                    }
                ]
            },
            {
                "startStationCode": "211",
                "startStationName": "성수역",
                "endStationCode": "211",
                "endStationName": "성수역",
                "prevStationCode": "223",
                "prevStationName": "교대역",
                "updnLine": 0,
                "directAt": 0,
                "data": [
                    {
                        "dow": "WED",
                        "hh": "13",
                        "mm": "00",
                        "congestionCar": [
                            34,
                            36,
                            43,
                            58,
                            61,
                            57,
                            53,
                            48,
                            39,
                            31
                        ]
                    },
                    {
                        "dow": "WED",
                        "hh": "13",
                        "mm": "10",
                        "congestionCar": [
                            33,
                            34,
                            48,
                            63,
                            63,
                            58,
                            56,
                            47,
                            43,
                            34
                        ]
                    },
                    {
                        "dow": "WED",
                        "hh": "13",
                        "mm": "20",
                        "congestionCar": [
                            36,
                            44,
                            64,
                            74,
                            74,
                            72,
                            68,
                            52,
                            49,
                            37
                        ]
                    },
                    {
                        "dow": "WED",
                        "hh": "13",
                        "mm": "30",
                        "congestionCar": [
                            43,
                            51,
                            62,
                            72,
                            82,
                            70,
                            74,
                            66,
                            50,
                            40
                        ]
                    },
                    {
                        "dow": "WED",
                        "hh": "13",
                        "mm": "40",
                        "congestionCar": [
                            40,
                            51,
                            67,
                            82,
                            79,
                            83,
                            73,
                            63,
                            55,
                            46
                        ]
                    },
                    {
                        "dow": "WED",
                        "hh": "13",
                        "mm": "50",
                        "congestionCar": [
                            35,
                            40,
                            55,
                            61,
                            68,
                            61,
                            61,
                            48,
                            45,
                            35
                        ]
                    }
                ]
            },
            {
                "startStationCode": "211",
                "startStationName": "성수역",
                "endStationCode": "211",
                "endStationName": "성수역",
                "prevStationCode": "221",
                "prevStationName": "역삼역",
                "updnLine": 1,
                "directAt": 0,
                "data": [
                    {
                        "dow": "WED",
                        "hh": "13",
                        "mm": "00",
                        "congestionCar": [
                            41,
                            39,
                            46,
                            51,
                            53,
                            53,
                            48,
                            43,
                            32,
                            26
                        ]
                    },
                    {
                        "dow": "WED",
                        "hh": "13",
                        "mm": "10",
                        "congestionCar": [
                            43,
                            36,
                            50,
                            50,
                            55,
                            55,
                            43,
                            39,
                            25,
                            25
                        ]
                    },
                    {
                        "dow": "WED",
                        "hh": "13",
                        "mm": "20",
                        "congestionCar": [
                            39,
                            45,
                            49,
                            53,
                            55,
                            63,
                            49,
                            40,
                            28,
                            30
                        ]
                    },
                    {
                        "dow": "WED",
                        "hh": "13",
                        "mm": "30",
                        "congestionCar": [
                            43,
                            39,
                            42,
                            48,
                            51,
                            52,
                            43,
                            38,
                            31,
                            23
                        ]
                    },
                    {
                        "dow": "WED",
                        "hh": "13",
                        "mm": "40",
                        "congestionCar": [
                            49,
                            42,
                            54,
                            65,
                            60,
                            70,
                            63,
                            43,
                            37,
                            28
                        ]
                    },
                    {
                        "dow": "WED",
                        "hh": "13",
                        "mm": "50",
                        "congestionCar": [
                            44,
                            37,
                            48,
                            55,
                            60,
                            62,
                            57,
                            46,
                            33,
                            29
                        ]
                    }
                ]
            },
            {
                "startStationCode": "211",
                "startStationName": "성수역",
                "endStationCode": "211-R",
                "endStationName": "성수역",
                "prevStationCode": "223",
                "prevStationName": "교대역",
                "updnLine": 0,
                "directAt": 0,
                "data": [
                    {
                        "dow": "WED",
                        "hh": "13",
                        "mm": "00",
                        "congestionCar": [
                            34,
                            36,
                            43,
                            58,
                            61,
                            57,
                            53,
                            48,
                            39,
                            31
                        ]
                    },
                    {
                        "dow": "WED",
                        "hh": "13",
                        "mm": "10",
                        "congestionCar": [
                            33,
                            34,
                            48,
                            63,
                            63,
                            58,
                            56,
                            47,
                            43,
                            34
                        ]
                    },
                    {
                        "dow": "WED",
                        "hh": "13",
                        "mm": "20",
                        "congestionCar": [
                            36,
                            44,
                            64,
                            74,
                            74,
                            72,
                            68,
                            52,
                            49,
                            37
                        ]
                    },
                    {
                        "dow": "WED",
                        "hh": "13",
                        "mm": "30",
                        "congestionCar": [
                            43,
                            51,
                            63,
                            73,
                            83,
                            72,
                            75,
                            67,
                            51,
                            40
                        ]
                    },
                    {
                        "dow": "WED",
                        "hh": "13",
                        "mm": "40",
                        "congestionCar": [
                            41,
                            52,
                            68,
                            84,
                            80,
                            84,
                            75,
                            64,
                            56,
                            46
                        ]
                    },
                    {
                        "dow": "WED",
                        "hh": "13",
                        "mm": "50",
                        "congestionCar": [
                            35,
                            40,
                            55,
                            61,
                            68,
                            61,
                            61,
                            48,
                            45,
                            35
                        ]
                    }
                ]
            },
            {
                "startStationCode": "211",
                "startStationName": "성수역",
                "endStationCode": "211-R",
                "endStationName": "성수역",
                "prevStationCode": "221",
                "prevStationName": "역삼역",
                "updnLine": 1,
                "directAt": 0,
                "data": [
                    {
                        "dow": "WED",
                        "hh": "13",
                        "mm": "00",
                        "congestionCar": [
                            41,
                            39,
                            46,
                            51,
                            53,
                            53,
                            48,
                            43,
                            32,
                            26
                        ]
                    },
                    {
                        "dow": "WED",
                        "hh": "13",
                        "mm": "10",
                        "congestionCar": [
                            45,
                            38,
                            52,
                            52,
                            58,
                            58,
                            45,
                            41,
                            26,
                            26
                        ]
                    },
                    {
                        "dow": "WED",
                        "hh": "13",
                        "mm": "20",
                        "congestionCar": [
                            41,
                            47,
                            51,
                            56,
                            57,
                            66,
                            51,
                            41,
                            30,
                            31
                        ]
                    },
                    {
                        "dow": "WED",
                        "hh": "13",
                        "mm": "30",
                        "congestionCar": [
                            45,
                            41,
                            44,
                            50,
                            54,
                            54,
                            45,
                            40,
                            33,
                            24
                        ]
                    },
                    {
                        "dow": "WED",
                        "hh": "13",
                        "mm": "40",
                        "congestionCar": [
                            49,
                            42,
                            54,
                            65,
                            60,
                            70,
                            63,
                            43,
                            37,
                            28
                        ]
                    },
                    {
                        "dow": "WED",
                        "hh": "13",
                        "mm": "50",
                        "congestionCar": [
                            44,
                            37,
                            48,
                            55,
                            60,
                            62,
                            57,
                            46,
                            33,
                            29
                        ]
                    }
                ]
            },
            {
                "startStationCode": "211",
                "startStationName": "성수역",
                "endStationCode": "219",
                "endStationName": "삼성역",
                "prevStationCode": "223",
                "prevStationName": "교대역",
                "updnLine": 0,
                "directAt": 0,
                "data": [
                    {
                        "dow": "WED",
                        "hh": "13",
                        "mm": "00",
                        "congestionCar": [
                            34,
                            36,
                            43,
                            58,
                            61,
                            57,
                            53,
                            48,
                            39,
                            31
                        ]
                    },
                    {
                        "dow": "WED",
                        "hh": "13",
                        "mm": "10",
                        "congestionCar": [
                            33,
                            34,
                            48,
                            63,
                            63,
                            58,
                            56,
                            47,
                            43,
                            34
                        ]
                    },
                    {
                        "dow": "WED",
                        "hh": "13",
                        "mm": "20",
                        "congestionCar": [
                            36,
                            44,
                            64,
                            74,
                            74,
                            72,
                            68,
                            52,
                            49,
                            37
                        ]
                    },
                    {
                        "dow": "WED",
                        "hh": "13",
                        "mm": "30",
                        "congestionCar": [
                            43,
                            51,
                            62,
                            72,
                            82,
                            70,
                            74,
                            66,
                            50,
                            40
                        ]
                    },
                    {
                        "dow": "WED",
                        "hh": "13",
                        "mm": "40",
                        "congestionCar": [
                            40,
                            51,
                            67,
                            82,
                            79,
                            83,
                            73,
                            63,
                            55,
                            46
                        ]
                    },
                    {
                        "dow": "WED",
                        "hh": "13",
                        "mm": "50",
                        "congestionCar": [
                            35,
                            40,
                            55,
                            61,
                            68,
                            61,
                            61,
                            48,
                            45,
                            35
                        ]
                    }
                ]
            },
            {
                "startStationCode": "211",
                "startStationName": "성수역",
                "endStationCode": "228",
                "endStationName": "서울대입구역",
                "prevStationCode": "221",
                "prevStationName": "역삼역",
                "updnLine": 1,
                "directAt": 0,
                "data": [
                    {
                        "dow": "WED",
                        "hh": "13",
                        "mm": "00",
                        "congestionCar": [
                            41,
                            39,
                            46,
                            51,
                            53,
                            53,
                            48,
                            43,
                            32,
                            26
                        ]
                    },
                    {
                        "dow": "WED",
                        "hh": "13",
                        "mm": "10",
                        "congestionCar": [
                            43,
                            36,
                            50,
                            50,
                            55,
                            55,
                            43,
                            39,
                            25,
                            25
                        ]
                    },
                    {
                        "dow": "WED",
                        "hh": "13",
                        "mm": "20",
                        "congestionCar": [
                            39,
                            45,
                            49,
                            53,
                            55,
                            63,
                            49,
                            40,
                            28,
                            30
                        ]
                    },
                    {
                        "dow": "WED",
                        "hh": "13",
                        "mm": "30",
                        "congestionCar": [
                            43,
                            39,
                            42,
                            48,
                            51,
                            52,
                            43,
                            38,
                            31,
                            23
                        ]
                    },
                    {
                        "dow": "WED",
                        "hh": "13",
                        "mm": "40",
                        "congestionCar": [
                            49,
                            42,
                            54,
                            65,
                            60,
                            70,
                            63,
                            43,
                            37,
                            28
                        ]
                    },
                    {
                        "dow": "WED",
                        "hh": "13",
                        "mm": "50",
                        "congestionCar": [
                            44,
                            37,
                            48,
                            55,
                            60,
                            62,
                            57,
                            46,
                            33,
                            29
                        ]
                    }
                ]
            },
            {
                "startStationCode": "211",
                "startStationName": "성수역",
                "endStationCode": "234",
                "endStationName": "신도림역",
                "prevStationCode": "221",
                "prevStationName": "역삼역",
                "updnLine": 1,
                "directAt": 0,
                "data": [
                    {
                        "dow": "WED",
                        "hh": "13",
                        "mm": "00",
                        "congestionCar": [
                            41,
                            39,
                            46,
                            51,
                            53,
                            53,
                            48,
                            43,
                            32,
                            26
                        ]
                    },
                    {
                        "dow": "WED",
                        "hh": "13",
                        "mm": "10",
                        "congestionCar": [
                            43,
                            36,
                            50,
                            50,
                            55,
                            55,
                            43,
                            39,
                            25,
                            25
                        ]
                    },
                    {
                        "dow": "WED",
                        "hh": "13",
                        "mm": "20",
                        "congestionCar": [
                            39,
                            45,
                            49,
                            53,
                            55,
                            63,
                            49,
                            40,
                            28,
                            30
                        ]
                    },
                    {
                        "dow": "WED",
                        "hh": "13",
                        "mm": "30",
                        "congestionCar": [
                            43,
                            39,
                            42,
                            48,
                            51,
                            52,
                            43,
                            38,
                            31,
                            23
                        ]
                    },
                    {
                        "dow": "WED",
                        "hh": "13",
                        "mm": "40",
                        "congestionCar": [
                            49,
                            42,
                            54,
                            65,
                            60,
                            70,
                            63,
                            43,
                            37,
                            28
                        ]
                    },
                    {
                        "dow": "WED",
                        "hh": "13",
                        "mm": "50",
                        "congestionCar": [
                            44,
                            37,
                            48,
                            55,
                            60,
                            62,
                            57,
                            46,
                            33,
                            29
                        ]
                    }
                ]
            },
            {
                "startStationCode": "211",
                "startStationName": "성수역",
                "endStationCode": "239",
                "endStationName": "홍대입구역",
                "prevStationCode": "221",
                "prevStationName": "역삼역",
                "updnLine": 1,
                "directAt": 0,
                "data": [
                    {
                        "dow": "WED",
                        "hh": "13",
                        "mm": "00",
                        "congestionCar": [
                            41,
                            39,
                            46,
                            51,
                            53,
                            53,
                            48,
                            43,
                            32,
                            26
                        ]
                    },
                    {
                        "dow": "WED",
                        "hh": "13",
                        "mm": "10",
                        "congestionCar": [
                            43,
                            36,
                            50,
                            50,
                            55,
                            55,
                            43,
                            39,
                            25,
                            25
                        ]
                    },
                    {
                        "dow": "WED",
                        "hh": "13",
                        "mm": "20",
                        "congestionCar": [
                            39,
                            45,
                            49,
                            53,
                            55,
                            63,
                            49,
                            40,
                            28,
                            30
                        ]
                    },
                    {
                        "dow": "WED",
                        "hh": "13",
                        "mm": "30",
                        "congestionCar": [
                            43,
                            39,
                            42,
                            48,
                            51,
                            52,
                            43,
                            38,
                            31,
                            23
                        ]
                    },
                    {
                        "dow": "WED",
                        "hh": "13",
                        "mm": "40",
                        "congestionCar": [
                            49,
                            42,
                            54,
                            65,
                            60,
                            70,
                            63,
                            43,
                            37,
                            28
                        ]
                    },
                    {
                        "dow": "WED",
                        "hh": "13",
                        "mm": "50",
                        "congestionCar": [
                            44,
                            37,
                            48,
                            55,
                            60,
                            62,
                            57,
                            46,
                            33,
                            29
                        ]
                    }
                ]
            },
            {
                "startStationCode": "219",
                "startStationName": "삼성역",
                "endStationCode": "211-R",
                "endStationName": "성수역",
                "prevStationCode": "221",
                "prevStationName": "역삼역",
                "updnLine": 1,
                "directAt": 0,
                "data": [
                    {
                        "dow": "WED",
                        "hh": "13",
                        "mm": "00",
                        "congestionCar": [
                            41,
                            39,
                            46,
                            51,
                            53,
                            53,
                            48,
                            43,
                            32,
                            26
                        ]
                    },
                    {
                        "dow": "WED",
                        "hh": "13",
                        "mm": "10",
                        "congestionCar": [
                            43,
                            36,
                            50,
                            50,
                            55,
                            55,
                            43,
                            39,
                            25,
                            25
                        ]
                    },
                    {
                        "dow": "WED",
                        "hh": "13",
                        "mm": "20",
                        "congestionCar": [
                            39,
                            45,
                            49,
                            53,
                            55,
                            63,
                            49,
                            40,
                            28,
                            30
                        ]
                    },
                    {
                        "dow": "WED",
                        "hh": "13",
                        "mm": "30",
                        "congestionCar": [
                            43,
                            39,
                            42,
                            48,
                            51,
                            52,
                            43,
                            38,
                            31,
                            23
                        ]
                    },
                    {
                        "dow": "WED",
                        "hh": "13",
                        "mm": "40",
                        "congestionCar": [
                            49,
                            42,
                            54,
                            65,
                            60,
                            70,
                            63,
                            43,
                            37,
                            28
                        ]
                    },
                    {
                        "dow": "WED",
                        "hh": "13",
                        "mm": "50",
                        "congestionCar": [
                            44,
                            37,
                            48,
                            55,
                            60,
                            62,
                            57,
                            46,
                            33,
                            29
                        ]
                    }
                ]
            },
            {
                "startStationCode": "228",
                "startStationName": "서울대입구역",
                "endStationCode": "211",
                "endStationName": "성수역",
                "prevStationCode": "223",
                "prevStationName": "교대역",
                "updnLine": 0,
                "directAt": 0,
                "data": [
                    {
                        "dow": "WED",
                        "hh": "13",
                        "mm": "00",
                        "congestionCar": [
                            34,
                            36,
                            43,
                            58,
                            61,
                            57,
                            53,
                            48,
                            39,
                            31
                        ]
                    },
                    {
                        "dow": "WED",
                        "hh": "13",
                        "mm": "10",
                        "congestionCar": [
                            33,
                            34,
                            48,
                            63,
                            63,
                            58,
                            56,
                            47,
                            43,
                            34
                        ]
                    },
                    {
                        "dow": "WED",
                        "hh": "13",
                        "mm": "20",
                        "congestionCar": [
                            36,
                            44,
                            64,
                            74,
                            74,
                            72,
                            68,
                            52,
                            49,
                            37
                        ]
                    },
                    {
                        "dow": "WED",
                        "hh": "13",
                        "mm": "30",
                        "congestionCar": [
                            43,
                            51,
                            62,
                            72,
                            82,
                            70,
                            74,
                            66,
                            50,
                            40
                        ]
                    },
                    {
                        "dow": "WED",
                        "hh": "13",
                        "mm": "40",
                        "congestionCar": [
                            40,
                            51,
                            67,
                            82,
                            79,
                            83,
                            73,
                            63,
                            55,
                            46
                        ]
                    },
                    {
                        "dow": "WED",
                        "hh": "13",
                        "mm": "50",
                        "congestionCar": [
                            35,
                            40,
                            55,
                            61,
                            68,
                            61,
                            61,
                            48,
                            45,
                            35
                        ]
                    }
                ]
            },
            {
                "startStationCode": "228",
                "startStationName": "서울대입구역",
                "endStationCode": "211-R",
                "endStationName": "성수역",
                "prevStationCode": "223",
                "prevStationName": "교대역",
                "updnLine": 0,
                "directAt": 0,
                "data": [
                    {
                        "dow": "WED",
                        "hh": "13",
                        "mm": "00",
                        "congestionCar": [
                            34,
                            36,
                            43,
                            58,
                            61,
                            57,
                            53,
                            48,
                            39,
                            31
                        ]
                    },
                    {
                        "dow": "WED",
                        "hh": "13",
                        "mm": "10",
                        "congestionCar": [
                            33,
                            34,
                            48,
                            63,
                            63,
                            58,
                            56,
                            47,
                            43,
                            34
                        ]
                    },
                    {
                        "dow": "WED",
                        "hh": "13",
                        "mm": "20",
                        "congestionCar": [
                            36,
                            44,
                            64,
                            74,
                            74,
                            72,
                            68,
                            52,
                            49,
                            37
                        ]
                    },
                    {
                        "dow": "WED",
                        "hh": "13",
                        "mm": "30",
                        "congestionCar": [
                            43,
                            51,
                            62,
                            72,
                            82,
                            70,
                            74,
                            66,
                            50,
                            40
                        ]
                    },
                    {
                        "dow": "WED",
                        "hh": "13",
                        "mm": "40",
                        "congestionCar": [
                            40,
                            51,
                            67,
                            82,
                            79,
                            83,
                            73,
                            63,
                            55,
                            46
                        ]
                    },
                    {
                        "dow": "WED",
                        "hh": "13",
                        "mm": "50",
                        "congestionCar": [
                            35,
                            40,
                            55,
                            61,
                            68,
                            61,
                            61,
                            48,
                            45,
                            35
                        ]
                    }
                ]
            },
            {
                "startStationCode": "234",
                "startStationName": "신도림역",
                "endStationCode": "211",
                "endStationName": "성수역",
                "prevStationCode": "223",
                "prevStationName": "교대역",
                "updnLine": 0,
                "directAt": 0,
                "data": [
                    {
                        "dow": "WED",
                        "hh": "13",
                        "mm": "00",
                        "congestionCar": [
                            34,
                            36,
                            43,
                            58,
                            61,
                            57,
                            53,
                            48,
                            39,
                            31
                        ]
                    },
                    {
                        "dow": "WED",
                        "hh": "13",
                        "mm": "10",
                        "congestionCar": [
                            33,
                            34,
                            48,
                            63,
                            63,
                            58,
                            56,
                            47,
                            43,
                            34
                        ]
                    },
                    {
                        "dow": "WED",
                        "hh": "13",
                        "mm": "20",
                        "congestionCar": [
                            36,
                            44,
                            64,
                            74,
                            74,
                            72,
                            68,
                            52,
                            49,
                            37
                        ]
                    },
                    {
                        "dow": "WED",
                        "hh": "13",
                        "mm": "30",
                        "congestionCar": [
                            43,
                            51,
                            62,
                            72,
                            82,
                            70,
                            74,
                            66,
                            50,
                            40
                        ]
                    },
                    {
                        "dow": "WED",
                        "hh": "13",
                        "mm": "40",
                        "congestionCar": [
                            40,
                            51,
                            67,
                            82,
                            79,
                            83,
                            73,
                            63,
                            55,
                            46
                        ]
                    },
                    {
                        "dow": "WED",
                        "hh": "13",
                        "mm": "50",
                        "congestionCar": [
                            35,
                            40,
                            55,
                            61,
                            68,
                            61,
                            61,
                            48,
                            45,
                            35
                        ]
                    }
                ]
            },
            {
                "startStationCode": "234",
                "startStationName": "신도림역",
                "endStationCode": "211-R",
                "endStationName": "성수역",
                "prevStationCode": "223",
                "prevStationName": "교대역",
                "updnLine": 0,
                "directAt": 0,
                "data": [
                    {
                        "dow": "WED",
                        "hh": "13",
                        "mm": "00",
                        "congestionCar": [
                            34,
                            36,
                            43,
                            58,
                            61,
                            57,
                            53,
                            48,
                            39,
                            31
                        ]
                    },
                    {
                        "dow": "WED",
                        "hh": "13",
                        "mm": "10",
                        "congestionCar": [
                            20,
                            20,
                            29,
                            38,
                            38,
                            35,
                            34,
                            28,
                            26,
                            21
                        ]
                    },
                    {
                        "dow": "WED",
                        "hh": "13",
                        "mm": "20",
                        "congestionCar": [
                            37,
                            45,
                            65,
                            75,
                            75,
                            73,
                            69,
                            53,
                            50,
                            37
                        ]
                    },
                    {
                        "dow": "WED",
                        "hh": "13",
                        "mm": "30",
                        "congestionCar": [
                            41,
                            48,
                            59,
                            69,
                            78,
                            67,
                            70,
                            63,
                            48,
                            38
                        ]
                    },
                    {
                        "dow": "WED",
                        "hh": "13",
                        "mm": "40",
                        "congestionCar": [
                            36,
                            46,
                            61,
                            75,
                            71,
                            75,
                            67,
                            58,
                            50,
                            41
                        ]
                    },
                    {
                        "dow": "WED",
                        "hh": "13",
                        "mm": "50",
                        "congestionCar": [
                            20,
                            23,
                            31,
                            35,
                            39,
                            35,
                            35,
                            27,
                            26,
                            20
                        ]
                    }
                ]
            },
            {
                "startStationCode": "239",
                "startStationName": "홍대입구역",
                "endStationCode": "211",
                "endStationName": "성수역",
                "prevStationCode": "223",
                "prevStationName": "교대역",
                "updnLine": 0,
                "directAt": 0,
                "data": [
                    {
                        "dow": "WED",
                        "hh": "13",
                        "mm": "00",
                        "congestionCar": [
                            34,
                            36,
                            43,
                            58,
                            61,
                            57,
                            53,
                            48,
                            39,
                            31
                        ]
                    },
                    {
                        "dow": "WED",
                        "hh": "13",
                        "mm": "10",
                        "congestionCar": [
                            33,
                            34,
                            48,
                            63,
                            63,
                            58,
                            56,
                            47,
                            43,
                            34
                        ]
                    },
                    {
                        "dow": "WED",
                        "hh": "13",
                        "mm": "20",
                        "congestionCar": [
                            36,
                            44,
                            64,
                            74,
                            74,
                            72,
                            68,
                            52,
                            49,
                            37
                        ]
                    },
                    {
                        "dow": "WED",
                        "hh": "13",
                        "mm": "30",
                        "congestionCar": [
                            43,
                            51,
                            62,
                            72,
                            82,
                            70,
                            74,
                            66,
                            50,
                            40
                        ]
                    },
                    {
                        "dow": "WED",
                        "hh": "13",
                        "mm": "40",
                        "congestionCar": [
                            40,
                            51,
                            67,
                            82,
                            79,
                            83,
                            73,
                            63,
                            55,
                            46
                        ]
                    },
                    {
                        "dow": "WED",
                        "hh": "13",
                        "mm": "50",
                        "congestionCar": [
                            35,
                            40,
                            55,
                            61,
                            68,
                            61,
                            61,
                            48,
                            45,
                            35
                        ]
                    }
                ]
            },
            {
                "startStationCode": "239",
                "startStationName": "홍대입구역",
                "endStationCode": "211-R",
                "endStationName": "성수역",
                "prevStationCode": "223",
                "prevStationName": "교대역",
                "updnLine": 0,
                "directAt": 0,
                "data": [
                    {
                        "dow": "WED",
                        "hh": "13",
                        "mm": "00",
                        "congestionCar": [
                            34,
                            36,
                            43,
                            58,
                            61,
                            57,
                            53,
                            48,
                            39,
                            31
                        ]
                    },
                    {
                        "dow": "WED",
                        "hh": "13",
                        "mm": "10",
                        "congestionCar": [
                            33,
                            34,
                            48,
                            63,
                            63,
                            58,
                            56,
                            47,
                            43,
                            34
                        ]
                    },
                    {
                        "dow": "WED",
                        "hh": "13",
                        "mm": "20",
                        "congestionCar": [
                            36,
                            44,
                            64,
                            74,
                            74,
                            72,
                            68,
                            52,
                            49,
                            37
                        ]
                    },
                    {
                        "dow": "WED",
                        "hh": "13",
                        "mm": "30",
                        "congestionCar": [
                            43,
                            51,
                            62,
                            72,
                            82,
                            70,
                            74,
                            66,
                            50,
                            40
                        ]
                    },
                    {
                        "dow": "WED",
                        "hh": "13",
                        "mm": "40",
                        "congestionCar": [
                            40,
                            51,
                            67,
                            82,
                            79,
                            83,
                            73,
                            63,
                            55,
                            46
                        ]
                    },
                    {
                        "dow": "WED",
                        "hh": "13",
                        "mm": "50",
                        "congestionCar": [
                            35,
                            40,
                            55,
                            61,
                            68,
                            61,
                            61,
                            48,
                            45,
                            35
                        ]
                    }
                ]
            }
        ],
        "statStartDate": "20230923",
        "statEndDate": "20231222"
    }
}