{
  "status": {
    "code": "00",
    "message": "success",
    "totalCount": 1
  },
  "contents": {
    "subwayLine": "2호선",
    "stationName": "이대역",
    "stationCode": "241",
    "stat": [
      {
        "startStationCode": "202",
        "startStationName": "을지로입구역",
        "endStationCode": "211",
        "endStationName": "성수역",
        "prevStationCode": "242",
        "prevStationName": "아현역",
        "updnLine": 0,
        "directAt": 0,
        "data": [
          {
            "dow": "WED",
            "hh": "13",
            "mm": "00",
            "congestionCar": [
              22,
              26,
              39,
              39,
              37,
              34,
              33,
              33,
              35,
              30
            ]
          },
          {
            "dow": "WED",
            "hh": "13",
            "mm": "10",
            "congestionCar": [
              20,
              27,
              40,
              39,
              40,
              32,
              32,
              35,
              28,
              28
            ]
          },
          {
            "dow": "WED",
            "hh": "13",
            "mm": "20",
            "congestionCar": [
              22,
              29,
              38,
              33,
              29,
              38,
              31,
              35,
              31,
              23
            ]
          },
          {
            "dow": "WED",
            "hh": "13",
            "mm": "30",
            "congestionCar": [
              19,
              22,
              28,
              37,
              26,
              29,
              25,
              29,
              23,
              22
            ]
          },
          {
            "dow": "WED",
            "hh": "13",
            "mm": "40",
            "congestionCar": [
              19,
              28,
              38,
              35,
              27,
              29,
              26,
              28,
              28,
              21
            ]
          },
          {
            "dow": "WED",
            "hh": "13",
            "mm": "50",
            "congestionCar": [
              19,
              26,
              30,
              29,
              31,
              28,
              26,
              23,
              27,
              20
            ]
          }
        ]
      },
      {
        "startStationCode": "202",
        "startStationName": "을지로입구역",
        "endStationCode": "211-R",
        "endStationName": "성수역",
        "prevStationCode": "242",
        "prevStationName": "아현역",
        "updnLine": 0,
        "directAt": 0,
        "data": [
          {
            "dow": "WED",
            "hh": "13",
            "mm": "00",
            "congestionCar": [
              22,
              26,
              39,
              39,
              37,
              34,
              33,
              33,
              35,
              30
            ]
          },
          {
            "dow": "WED",
            "hh": "13",
            "mm": "10",
            "congestionCar": [
              20,
              27,
              40,
              39,
              40,
              32,
              32,
              35,
              28,
              28
            ]
          },
          {
            "dow": "WED",
            "hh": "13",
            "mm": "20",
            "congestionCar": [
              22,
              29,
              38,
              33,
              29,
              38,
              31,
              35,
              31,
              23
            ]
          },
          {
            "dow": "WED",
            "hh": "13",
            "mm": "30",
            "congestionCar": [
              19,
              22,
              28,
              37,
              26,
              29,
              25,
              29,
              23,
              22
            ]
          },
          {
            "dow": "WED",
            "hh": "13",
            "mm": "40",
            "congestionCar": [
              19,
              28,
              38,
              35,
              27,
              29,
              26,
              28,
              28,
              21
            ]
          },
          {
            "dow": "WED",
            "hh": "13",
            "mm": "50",
            "congestionCar": [
              19,
              26,
              30,
              29,
              31,
              28,
              26,
              23,
              27,
              20
            ]
          }
        ]
      },
      {
        "startStationCode": "211",
        "startStationName": "성수역",
        "endStationCode": "202",
        "endStationName": "을지로입구역",
        "prevStationCode": "240",
        "prevStationName": "신촌역",
        "updnLine": 1,
        "directAt": 0,
        "data": [
          {
            "dow": "WED",
            "hh": "13",
            "mm": "00",
            "congestionCar": [
              44,
              31,
              27,
              30,
              34,
              38,
              29,
              30,
              28,
              29
            ]
          },
          {
            "dow": "WED",
            "hh": "13",
            "mm": "10",
            "congestionCar": [
              41,
              35,
              28,
              44,
              36,
              40,
              33,
              36,
              28,
              29
            ]
          },
          {
            "dow": "WED",
            "hh": "13",
            "mm": "20",
            "congestionCar": [
              41,
              38,
              37,
              39,
              42,
              38,
              44,
              39,
              35,
              27
            ]
          },
          {
            "dow": "WED",
            "hh": "13",
            "mm": "30",
            "congestionCar": [
              39,
              38,
              36,
              39,
              38,
              42,
              40,
              37,
              36,
              25
            ]
          },
          {
            "dow": "WED",
            "hh": "13",
            "mm": "40",
            "congestionCar": [
              34,
              31,
              26,
              33,
              33,
              39,
              34,
              30,
              24,
              26
            ]
          },
          {
            "dow": "WED",
            "hh": "13",
            "mm": "50",
            "congestionCar": [
              25,
              28,
              27,
              29,
              32,
              33,
              29,
              31,
              24,
              22
            ]
          }
        ]
      },
      {
        "startStationCode": "211",
        "startStationName": "성수역",
        "endStationCode": "211",
        "endStationName": "성수역",
        "prevStationCode": "242",
        "prevStationName": "아현역",
        "updnLine": 0,
        "directAt": 0,
        "data": [
          {
            "dow": "WED",
            "hh": "13",
            "mm": "00",
            "congestionCar": [
              22,
              26,
              39,
              39,
              37,
              34,
              33,
              33,
              35,
              30
            ]
          },
          {
            "dow": "WED",
            "hh": "13",
            "mm": "10",
            "congestionCar": [
              20,
              27,
              40,
              39,
              40,
              32,
              32,
              35,
              28,
              28
            ]
          },
          {
            "dow": "WED",
            "hh": "13",
            "mm": "20",
            "congestionCar": [
              22,
              29,
              38,
              33,
              29,
              38,
              31,
              35,
              31,
              23
            ]
          },
          {
            "dow": "WED",
            "hh": "13",
            "mm": "30",
            "congestionCar": [
              19,
              22,
              28,
              37,
              26,
              29,
              25,
              29,
              23,
              22
            ]
          },
          {
            "dow": "WED",
            "hh": "13",
            "mm": "40",
            "congestionCar": [
              19,
              28,
              38,
              35,
              27,
              29,
              26,
              28,
              28,
              21
            ]
          },
          {
            "dow": "WED",
            "hh": "13",
            "mm": "50",
            "congestionCar": [
              19,
              26,
              30,
              29,
              31,
              28,
              26,
              23,
              27,
              20
            ]
          }
        ]
      },
      {
        "startStationCode": "211",
        "startStationName": "성수역",
        "endStationCode": "211",
        "endStationName": "성수역",
        "prevStationCode": "240",
        "prevStationName": "신촌역",
        "updnLine": 1,
        "directAt": 0,
        "data": [
          {
            "dow": "WED",
            "hh": "13",
            "mm": "00",
            "congestionCar": [
              44,
              31,
              27,
              30,
              34,
              38,
              29,
              30,
              28,
              29
            ]
          },
          {
            "dow": "WED",
            "hh": "13",
            "mm": "10",
            "congestionCar": [
              41,
              35,
              28,
              44,
              36,
              40,
              33,
              36,
              28,
              29
            ]
          },
          {
            "dow": "WED",
            "hh": "13",
            "mm": "20",
            "congestionCar": [
              41,
              38,
              37,
              39,
              42,
              38,
              44,
              39,
              35,
              27
            ]
          },
          {
            "dow": "WED",
            "hh": "13",
            "mm": "30",
            "congestionCar": [
              39,
              38,
              36,
              39,
              38,
              42,
              40,
              37,
              36,
              25
            ]
          },
          {
            "dow": "WED",
            "hh": "13",
            "mm": "40",
            "congestionCar": [
              34,
              31,
              26,
              33,
              33,
              39,
              34,
              30,
              24,
              26
            ]
          },
          {
            "dow": "WED",
            "hh": "13",
            "mm": "50",
            "congestionCar": [
              25,
              28,
              27,
              29,
              32,
              33,
              29,
              31,
              24,
              22
            ]
          }
        ]
      },
      {
        "startStationCode": "211",
        "startStationName": "성수역",
        "endStationCode": "211-R",
        "endStationName": "성수역",
        "prevStationCode": "242",
        "prevStationName": "아현역",
        "updnLine": 0,
        "directAt": 0,
        "data": [
          {
            "dow": "WED",
            "hh": "13",
            "mm": "00",
            "congestionCar": [
              22,
              26,
              39,
              39,
              37,
              34,
              33,
              33,
              35,
              30
            ]
          },
          {
            "dow": "WED",
            "hh": "13",
            "mm": "10",
            "congestionCar": [
              20,
              27,
              40,
              39,
              40,
              32,
              32,
              35,
              28,
              28
            ]
          },
          {
            "dow": "WED",
            "hh": "13",
            "mm": "20",
            "congestionCar": [
              22,
              29,
              38,
              33,
              29,
              38,
              31,
              35,
              31,
              23
            ]
          },
          {
            "dow": "WED",
            "hh": "13",
            "mm": "30",
            "congestionCar": [
              19,
              22,
              28,
              37,
              26,
              29,
              25,
              29,
              23,
              22
            ]
          },
          {
            "dow": "WED",
            "hh": "13",
            "mm": "40",
            "congestionCar": [
              19,
              28,
              38,
              35,
              27,
              29,
              26,
              28,
              28,
              21
            ]
          },
          {
            "dow": "WED",
            "hh": "13",
            "mm": "50",
            "congestionCar": [
              19,
              26,
              30,
              29,
              31,
              28,
              26,
              23,
              27,
              20
            ]
          }
        ]
      },
      {
        "startStationCode": "211",
        "startStationName": "성수역",
        "endStationCode": "211-R",
        "endStationName": "성수역",
        "prevStationCode": "240",
        "prevStationName": "신촌역",
        "updnLine": 1,
        "directAt": 0,
        "data": [
          {
            "dow": "WED",
            "hh": "13",
            "mm": "00",
            "congestionCar": [
              44,
              31,
              27,
              30,
              34,
              38,
              29,
              30,
              28,
              29
            ]
          },
          {
            "dow": "WED",
            "hh": "13",
            "mm": "10",
            "congestionCar": [
              41,
              35,
              28,
              44,
              36,
              40,
              33,
              36,
              28,
              29
            ]
          },
          {
            "dow": "WED",
            "hh": "13",
            "mm": "20",
            "congestionCar": [
              41,
              38,
              37,
              39,
              42,
              38,
              44,
              39,
              35,
              27
            ]
          },
          {
            "dow": "WED",
            "hh": "13",
            "mm": "30",
            "congestionCar": [
              39,
              38,
              36,
              39,
              38,
              42,
              40,
              37,
              36,
              25
            ]
          },
          {
            "dow": "WED",
            "hh": "13",
            "mm": "40",
            "congestionCar": [
              34,
              31,
              26,
              33,
              33,
              39,
              34,
              30,
              24,
              26
            ]
          },
          {
            "dow": "WED",
            "hh": "13",
            "mm": "50",
            "congestionCar": [
              27,
              30,
              29,
              31,
              34,
              35,
              31,
              33,
              26,
              23
            ]
          }
        ]
      },
      {
        "startStationCode": "211",
        "startStationName": "성수역",
        "endStationCode": "219",
        "endStationName": "삼성역",
        "prevStationCode": "242",
        "prevStationName": "아현역",
        "updnLine": 0,
        "directAt": 0,
        "data": [
          {
            "dow": "WED",
            "hh": "13",
            "mm": "00",
            "congestionCar": [
              22,
              26,
              39,
              39,
              37,
              34,
              33,
              33,
              35,
              30
            ]
          },
          {
            "dow": "WED",
            "hh": "13",
            "mm": "10",
            "congestionCar": [
              20,
              27,
              40,
              39,
              40,
              32,
              32,
              35,
              28,
              28
            ]
          },
          {
            "dow": "WED",
            "hh": "13",
            "mm": "20",
            "congestionCar": [
              22,
              29,
              38,
              33,
              29,
              38,
              31,
              35,
              31,
              23
            ]
          },
          {
            "dow": "WED",
            "hh": "13",
            "mm": "30",
            "congestionCar": [
              19,
              22,
              28,
              37,
              26,
              29,
              25,
              29,
              23,
              22
            ]
          },
          {
            "dow": "WED",
            "hh": "13",
            "mm": "40",
            "congestionCar": [
              19,
              28,
              38,
              35,
              27,
              29,
              26,
              28,
              28,
              21
            ]
          },
          {
            "dow": "WED",
            "hh": "13",
            "mm": "50",
            "congestionCar": [
              19,
              26,
              30,
              29,
              31,
              28,
              26,
              23,
              27,
              20
            ]
          }
        ]
      },
      {
        "startStationCode": "211",
        "startStationName": "성수역",
        "endStationCode": "228",
        "endStationName": "서울대입구역",
        "prevStationCode": "242",
        "prevStationName": "아현역",
        "updnLine": 0,
        "directAt": 0,
        "data": [
          {
            "dow": "WED",
            "hh": "13",
            "mm": "00",
            "congestionCar": [
              22,
              26,
              39,
              39,
              37,
              34,
              33,
              33,
              35,
              30
            ]
          },
          {
            "dow": "WED",
            "hh": "13",
            "mm": "10",
            "congestionCar": [
              20,
              27,
              40,
              39,
              40,
              32,
              32,
              35,
              28,
              28
            ]
          },
          {
            "dow": "WED",
            "hh": "13",
            "mm": "20",
            "congestionCar": [
              22,
              29,
              38,
              33,
              29,
              38,
              31,
              35,
              31,
              23
            ]
          },
          {
            "dow": "WED",
            "hh": "13",
            "mm": "30",
            "congestionCar": [
              19,
              22,
              28,
              37,
              26,
              29,
              25,
              29,
              23,
              22
            ]
          },
          {
            "dow": "WED",
            "hh": "13",
            "mm": "40",
            "congestionCar": [
              19,
              28,
              38,
              35,
              27,
              29,
              26,
              28,
              28,
              21
            ]
          },
          {
            "dow": "WED",
            "hh": "13",
            "mm": "50",
            "congestionCar": [
              19,
              26,
              30,
              29,
              31,
              28,
              26,
              23,
              27,
              20
            ]
          }
        ]
      },
      {
        "startStationCode": "211",
        "startStationName": "성수역",
        "endStationCode": "234",
        "endStationName": "신도림역",
        "prevStationCode": "242",
        "prevStationName": "아현역",
        "updnLine": 0,
        "directAt": 0,
        "data": [
          {
            "dow": "WED",
            "hh": "13",
            "mm": "00",
            "congestionCar": [
              22,
              26,
              39,
              39,
              37,
              34,
              33,
              33,
              35,
              30
            ]
          },
          {
            "dow": "WED",
            "hh": "13",
            "mm": "10",
            "congestionCar": [
              20,
              27,
              40,
              39,
              40,
              32,
              32,
              35,
              28,
              28
            ]
          },
          {
            "dow": "WED",
            "hh": "13",
            "mm": "20",
            "congestionCar": [
              22,
              29,
              38,
              33,
              29,
              38,
              31,
              35,
              31,
              23
            ]
          },
          {
            "dow": "WED",
            "hh": "13",
            "mm": "30",
            "congestionCar": [
              19,
              22,
              28,
              37,
              26,
              29,
              25,
              29,
              23,
              22
            ]
          },
          {
            "dow": "WED",
            "hh": "13",
            "mm": "40",
            "congestionCar": [
              19,
              28,
              38,
              35,
              27,
              29,
              26,
              28,
              28,
              21
            ]
          },
          {
            "dow": "WED",
            "hh": "13",
            "mm": "50",
            "congestionCar": [
              19,
              26,
              30,
              29,
              31,
              28,
              26,
              23,
              27,
              20
            ]
          }
        ]
      },
      {
        "startStationCode": "211",
        "startStationName": "성수역",
        "endStationCode": "239",
        "endStationName": "홍대입구역",
        "prevStationCode": "242",
        "prevStationName": "아현역",
        "updnLine": 0,
        "directAt": 0,
        "data": [
          {
            "dow": "WED",
            "hh": "13",
            "mm": "00",
            "congestionCar": [
              22,
              26,
              39,
              39,
              37,
              34,
              33,
              33,
              35,
              30
            ]
          },
          {
            "dow": "WED",
            "hh": "13",
            "mm": "10",
            "congestionCar": [
              20,
              27,
              40,
              39,
              40,
              32,
              32,
              35,
              28,
              28
            ]
          },
          {
            "dow": "WED",
            "hh": "13",
            "mm": "20",
            "congestionCar": [
              22,
              29,
              38,
              33,
              29,
              38,
              31,
              35,
              31,
              23
            ]
          },
          {
            "dow": "WED",
            "hh": "13",
            "mm": "30",
            "congestionCar": [
              19,
              22,
              28,
              37,
              26,
              29,
              25,
              29,
              23,
              22
            ]
          },
          {
            "dow": "WED",
            "hh": "13",
            "mm": "40",
            "congestionCar": [
              19,
              28,
              38,
              35,
              27,
              29,
              26,
              28,
              28,
              21
            ]
          },
          {
            "dow": "WED",
            "hh": "13",
            "mm": "50",
            "congestionCar": [
              19,
              26,
              30,
              29,
              31,
              28,
              26,
              23,
              27,
              20
            ]
          }
        ]
      },
      {
        "startStationCode": "219",
        "startStationName": "삼성역",
        "endStationCode": "211-R",
        "endStationName": "성수역",
        "prevStationCode": "240",
        "prevStationName": "신촌역",
        "updnLine": 1,
        "directAt": 0,
        "data": [
          {
            "dow": "WED",
            "hh": "13",
            "mm": "00",
            "congestionCar": [
              44,
              31,
              27,
              30,
              34,
              38,
              29,
              30,
              28,
              29
            ]
          },
          {
            "dow": "WED",
            "hh": "13",
            "mm": "10",
            "congestionCar": [
              41,
              35,
              28,
              44,
              36,
              40,
              33,
              36,
              28,
              29
            ]
          },
          {
            "dow": "WED",
            "hh": "13",
            "mm": "20",
            "congestionCar": [
              41,
              38,
              37,
              39,
              42,
              38,
              44,
              39,
              35,
              27
            ]
          },
          {
            "dow": "WED",
            "hh": "13",
            "mm": "30",
            "congestionCar": [
              39,
              38,
              36,
              39,
              38,
              42,
              40,
              37,
              36,
              25
            ]
          },
          {
            "dow": "WED",
            "hh": "13",
            "mm": "40",
            "congestionCar": [
              34,
              31,
              26,
              33,
              33,
              39,
              34,
              30,
              24,
              26
            ]
          },
          {
            "dow": "WED",
            "hh": "13",
            "mm": "50",
            "congestionCar": [
              25,
              28,
              27,
              29,
              32,
              33,
              29,
              31,
              24,
              22
            ]
          }
        ]
      },
      {
        "startStationCode": "228",
        "startStationName": "서울대입구역",
        "endStationCode": "211",
        "endStationName": "성수역",
        "prevStationCode": "240",
        "prevStationName": "신촌역",
        "updnLine": 1,
        "directAt": 0,
        "data": [
          {
            "dow": "WED",
            "hh": "13",
            "mm": "00",
            "congestionCar": [
              44,
              31,
              27,
              30,
              34,
              38,
              29,
              30,
              28,
              29
            ]
          },
          {
            "dow": "WED",
            "hh": "13",
            "mm": "10",
            "congestionCar": [
              41,
              35,
              28,
              44,
              36,
              40,
              33,
              36,
              28,
              29
            ]
          },
          {
            "dow": "WED",
            "hh": "13",
            "mm": "20",
            "congestionCar": [
              41,
              38,
              37,
              39,
              42,
              38,
              44,
              39,
              35,
              27
            ]
          },
          {
            "dow": "WED",
            "hh": "13",
            "mm": "30",
            "congestionCar": [
              39,
              38,
              36,
              39,
              38,
              42,
              40,
              37,
              36,
              25
            ]
          },
          {
            "dow": "WED",
            "hh": "13",
            "mm": "40",
            "congestionCar": [
              34,
              31,
              26,
              33,
              33,
              39,
              34,
              30,
              24,
              26
            ]
          },
          {
            "dow": "WED",
            "hh": "13",
            "mm": "50",
            "congestionCar": [
              25,
              28,
              27,
              29,
              32,
              33,
              29,
              31,
              24,
              22
            ]
          }
        ]
      },
      {
        "startStationCode": "228",
        "startStationName": "서울대입구역",
        "endStationCode": "211-R",
        "endStationName": "성수역",
        "prevStationCode": "240",
        "prevStationName": "신촌역",
        "updnLine": 1,
        "directAt": 0,
        "data": [
          {
            "dow": "WED",
            "hh": "13",
            "mm": "00",
            "congestionCar": [
              44,
              31,
              27,
              30,
              34,
              38,
              29,
              30,
              28,
              29
            ]
          },
          {
            "dow": "WED",
            "hh": "13",
            "mm": "10",
            "congestionCar": [
              41,
              35,
              28,
              44,
              36,
              40,
              33,
              36,
              28,
              29
            ]
          },
          {
            "dow": "WED",
            "hh": "13",
            "mm": "20",
            "congestionCar": [
              41,
              38,
              37,
              39,
              42,
              38,
              44,
              39,
              35,
              27
            ]
          },
          {
            "dow": "WED",
            "hh": "13",
            "mm": "30",
            "congestionCar": [
              39,
              38,
              36,
              39,
              38,
              42,
              40,
              37,
              36,
              25
            ]
          },
          {
            "dow": "WED",
            "hh": "13",
            "mm": "40",
            "congestionCar": [
              34,
              31,
              26,
              33,
              33,
              39,
              34,
              30,
              24,
              26
            ]
          },
          {
            "dow": "WED",
            "hh": "13",
            "mm": "50",
            "congestionCar": [
              25,
              28,
              27,
              29,
              32,
              33,
              29,
              31,
              24,
              22
            ]
          }
        ]
      },
      {
        "startStationCode": "234",
        "startStationName": "신도림역",
        "endStationCode": "211",
        "endStationName": "성수역",
        "prevStationCode": "240",
        "prevStationName": "신촌역",
        "updnLine": 1,
        "directAt": 0,
        "data": [
          {
            "dow": "WED",
            "hh": "13",
            "mm": "00",
            "congestionCar": [
              44,
              31,
              27,
              30,
              34,
              38,
              29,
              30,
              28,
              29
            ]
          },
          {
            "dow": "WED",
            "hh": "13",
            "mm": "10",
            "congestionCar": [
              41,
              35,
              28,
              44,
              36,
              40,
              33,
              36,
              28,
              29
            ]
          },
          {
            "dow": "WED",
            "hh": "13",
            "mm": "20",
            "congestionCar": [
              41,
              38,
              37,
              39,
              42,
              38,
              44,
              39,
              35,
              27
            ]
          },
          {
            "dow": "WED",
            "hh": "13",
            "mm": "30",
            "congestionCar": [
              39,
              38,
              36,
              39,
              38,
              42,
              40,
              37,
              36,
              25
            ]
          },
          {
            "dow": "WED",
            "hh": "13",
            "mm": "40",
            "congestionCar": [
              34,
              31,
              26,
              33,
              33,
              39,
              34,
              30,
              24,
              26
            ]
          },
          {
            "dow": "WED",
            "hh": "13",
            "mm": "50",
            "congestionCar": [
              25,
              28,
              27,
              29,
              32,
              33,
              29,
              31,
              24,
              22
            ]
          }
        ]
      },
      {
        "startStationCode": "234",
        "startStationName": "신도림역",
        "endStationCode": "211-R",
        "endStationName": "성수역",
        "prevStationCode": "240",
        "prevStationName": "신촌역",
        "updnLine": 1,
        "directAt": 0,
        "data": [
          {
            "dow": "WED",
            "hh": "13",
            "mm": "00",
            "congestionCar": [
              44,
              31,
              27,
              30,
              34,
              38,
              29,
              30,
              28,
              29
            ]
          },
          {
            "dow": "WED",
            "hh": "13",
            "mm": "10",
            "congestionCar": [
              41,
              35,
              28,
              44,
              36,
              40,
              33,
              36,
              28,
              29
            ]
          },
          {
            "dow": "WED",
            "hh": "13",
            "mm": "20",
            "congestionCar": [
              41,
              38,
              37,
              39,
              42,
              38,
              44,
              39,
              35,
              27
            ]
          },
          {
            "dow": "WED",
            "hh": "13",
            "mm": "30",
            "congestionCar": [
              39,
              38,
              36,
              39,
              38,
              42,
              40,
              37,
              36,
              25
            ]
          },
          {
            "dow": "WED",
            "hh": "13",
            "mm": "40",
            "congestionCar": [
              34,
              31,
              26,
              33,
              33,
              39,
              34,
              30,
              24,
              26
            ]
          },
          {
            "dow": "WED",
            "hh": "13",
            "mm": "50",
            "congestionCar": [
              25,
              28,
              27,
              29,
              32,
              33,
              29,
              31,
              24,
              22
            ]
          }
        ]
      },
      {
        "startStationCode": "239",
        "startStationName": "홍대입구역",
        "endStationCode": "211",
        "endStationName": "성수역",
        "prevStationCode": "240",
        "prevStationName": "신촌역",
        "updnLine": 1,
        "directAt": 0,
        "data": [
          {
            "dow": "WED",
            "hh": "13",
            "mm": "00",
            "congestionCar": [
              44,
              31,
              27,
              30,
              34,
              38,
              29,
              30,
              28,
              29
            ]
          },
          {
            "dow": "WED",
            "hh": "13",
            "mm": "10",
            "congestionCar": [
              41,
              35,
              28,
              44,
              36,
              40,
              33,
              36,
              28,
              29
            ]
          },
          {
            "dow": "WED",
            "hh": "13",
            "mm": "20",
            "congestionCar": [
              41,
              38,
              37,
              39,
              42,
              38,
              44,
              39,
              35,
              27
            ]
          },
          {
            "dow": "WED",
            "hh": "13",
            "mm": "30",
            "congestionCar": [
              39,
              38,
              36,
              39,
              38,
              42,
              40,
              37,
              36,
              25
            ]
          },
          {
            "dow": "WED",
            "hh": "13",
            "mm": "40",
            "congestionCar": [
              34,
              31,
              26,
              33,
              33,
              39,
              34,
              30,
              24,
              26
            ]
          },
          {
            "dow": "WED",
            "hh": "13",
            "mm": "50",
            "congestionCar": [
              25,
              28,
              27,
              29,
              32,
              33,
              29,
              31,
              24,
              22
            ]
          }
        ]
      },
      {
        "startStationCode": "239",
        "startStationName": "홍대입구역",
        "endStationCode": "211-R",
        "endStationName": "성수역",
        "prevStationCode": "240",
        "prevStationName": "신촌역",
        "updnLine": 1,
        "directAt": 0,
        "data": [
          {
            "dow": "WED",
            "hh": "13",
            "mm": "00",
            "congestionCar": [
              44,
              31,
              27,
              30,
              34,
              38,
              29,
              30,
              28,
              29
            ]
          },
          {
            "dow": "WED",
            "hh": "13",
            "mm": "10",
            "congestionCar": [
              41,
              35,
              28,
              44,
              36,
              40,
              33,
              36,
              28,
              29
            ]
          },
          {
            "dow": "WED",
            "hh": "13",
            "mm": "20",
            "congestionCar": [
              41,
              38,
              37,
              39,
              42,
              38,
              44,
              39,
              35,
              27
            ]
          },
          {
            "dow": "WED",
            "hh": "13",
            "mm": "30",
            "congestionCar": [
              39,
              38,
              36,
              39,
              38,
              42,
              40,
              37,
              36,
              25
            ]
          },
          {
            "dow": "WED",
            "hh": "13",
            "mm": "40",
            "congestionCar": [
              34,
              31,
              26,
              33,
              33,
              39,
              34,
              30,
              24,
              26
            ]
          },
          {
            "dow": "WED",
            "hh": "13",
            "mm": "50",
            "congestionCar": [
              25,
              28,
              27,
              29,
              32,
              33,
              29,
              31,
              24,
              22
            ]
          }
        ]
      }
    ],
    "statStartDate": "20230924",
    "statEndDate": "20231223"
  }
}