{
  "status": {
    "code": "00",
    "message": "success",
    "totalCount": 1
  },
  "contents": {
    "subwayLine": "2호선",
    "stationName": "뚝섬역",
    "stationCode": "210",
    "stat": [
      {
        "startStationCode": "202",
        "startStationName": "을지로입구역",
        "endStationCode": "211",
        "endStationName": "성수역",
        "prevStationCode": "209",
        "prevStationName": "한양대역",
        "updnLine": 1,
        "directAt": 0,
        "data": [
          {
            "dow": "FRI",
            "hh": "13",
            "mm": "00",
            "congestionCar": [
              30,
              32,
              40,
              39,
              35,
              38,
              32,
              37,
              30,
              26
            ]
          },
          {
            "dow": "FRI",
            "hh": "13",
            "mm": "10",
            "congestionCar": [
              36,
              40,
              40,
              48,
              48,
              42,
              44,
              44,
              35,
              35
            ]
          },
          {
            "dow": "FRI",
            "hh": "13",
            "mm": "20",
            "congestionCar": [
              54,
              46,
              61,
              58,
              48,
              53,
              55,
              55,
              36,
              43
            ]
          },
          {
            "dow": "FRI",
            "hh": "13",
            "mm": "30",
            "congestionCar": [
              49,
              49,
              67,
              69,
              57,
              68,
              55,
              49,
              42,
              45
            ]
          },
          {
            "dow": "FRI",
            "hh": "13",
            "mm": "40",
            "congestionCar": [
              34,
              45,
              49,
              55,
              53,
              43,
              45,
              41,
              33,
              32
            ]
          },
          {
            "dow": "FRI",
            "hh": "13",
            "mm": "50",
            "congestionCar": [
              33,
              38,
              50,
              50,
              43,
              44,
              43,
              44,
              36,
              29
            ]
          }
        ]
      },
      {
        "startStationCode": "202",
        "startStationName": "을지로입구역",
        "endStationCode": "211-R",
        "endStationName": "성수역",
        "prevStationCode": "209",
        "prevStationName": "한양대역",
        "updnLine": 1,
        "directAt": 0,
        "data": [
          {
            "dow": "FRI",
            "hh": "13",
            "mm": "00",
            "congestionCar": [
              30,
              32,
              40,
              39,
              35,
              38,
              32,
              37,
              30,
              26
            ]
          },
          {
            "dow": "FRI",
            "hh": "13",
            "mm": "10",
            "congestionCar": [
              36,
              40,
              40,
              48,
              48,
              42,
              44,
              44,
              35,
              35
            ]
          },
          {
            "dow": "FRI",
            "hh": "13",
            "mm": "20",
            "congestionCar": [
              54,
              46,
              61,
              58,
              48,
              53,
              55,
              55,
              36,
              43
            ]
          },
          {
            "dow": "FRI",
            "hh": "13",
            "mm": "30",
            "congestionCar": [
              49,
              49,
              67,
              69,
              57,
              68,
              55,
              49,
              42,
              45
            ]
          },
          {
            "dow": "FRI",
            "hh": "13",
            "mm": "40",
            "congestionCar": [
              34,
              45,
              49,
              55,
              53,
              43,
              45,
              41,
              33,
              32
            ]
          },
          {
            "dow": "FRI",
            "hh": "13",
            "mm": "50",
            "congestionCar": [
              33,
              38,
              50,
              50,
              43,
              44,
              43,
              44,
              36,
              29
            ]
          }
        ]
      },
      {
        "startStationCode": "211",
        "startStationName": "성수역",
        "endStationCode": "202",
        "endStationName": "을지로입구역",
        "prevStationCode": "211",
        "prevStationName": "성수역",
        "updnLine": 0,
        "directAt": 0,
        "data": [
          {
            "dow": "FRI",
            "hh": "13",
            "mm": "00",
            "congestionCar": [
              28,
              32,
              34,
              32,
              34,
              35,
              33,
              30,
              25,
              26
            ]
          },
          {
            "dow": "FRI",
            "hh": "13",
            "mm": "10",
            "congestionCar": [
              24,
              37,
              39,
              38,
              35,
              35,
              33,
              30,
              25,
              23
            ]
          },
          {
            "dow": "FRI",
            "hh": "13",
            "mm": "20",
            "congestionCar": [
              23,
              30,
              38,
              31,
              31,
              34,
              30,
              29,
              21,
              23
            ]
          },
          {
            "dow": "FRI",
            "hh": "13",
            "mm": "30",
            "congestionCar": [
              26,
              37,
              35,
              34,
              38,
              38,
              36,
              32,
              29,
              26
            ]
          },
          {
            "dow": "FRI",
            "hh": "13",
            "mm": "40",
            "congestionCar": [
              22,
              27,
              34,
              28,
              34,
              30,
              30,
              26,
              23,
              24
            ]
          },
          {
            "dow": "FRI",
            "hh": "13",
            "mm": "50",
            "congestionCar": [
              23,
              29,
              34,
              31,
              32,
              28,
              34,
              28,
              27,
              23
            ]
          }
        ]
      },
      {
        "startStationCode": "211",
        "startStationName": "성수역",
        "endStationCode": "211",
        "endStationName": "성수역",
        "prevStationCode": "211",
        "prevStationName": "성수역",
        "updnLine": 0,
        "directAt": 0,
        "data": [
          {
            "dow": "FRI",
            "hh": "13",
            "mm": "00",
            "congestionCar": [
              28,
              32,
              34,
              32,
              34,
              35,
              33,
              30,
              25,
              26
            ]
          },
          {
            "dow": "FRI",
            "hh": "13",
            "mm": "10",
            "congestionCar": [
              24,
              37,
              39,
              38,
              35,
              35,
              33,
              30,
              25,
              23
            ]
          },
          {
            "dow": "FRI",
            "hh": "13",
            "mm": "20",
            "congestionCar": [
              23,
              30,
              38,
              31,
              31,
              34,
              30,
              29,
              21,
              23
            ]
          },
          {
            "dow": "FRI",
            "hh": "13",
            "mm": "30",
            "congestionCar": [
              26,
              37,
              35,
              34,
              38,
              38,
              36,
              32,
              29,
              26
            ]
          },
          {
            "dow": "FRI",
            "hh": "13",
            "mm": "40",
            "congestionCar": [
              22,
              27,
              34,
              28,
              34,
              30,
              30,
              26,
              23,
              24
            ]
          },
          {
            "dow": "FRI",
            "hh": "13",
            "mm": "50",
            "congestionCar": [
              23,
              29,
              34,
              31,
              32,
              28,
              34,
              28,
              27,
              23
            ]
          }
        ]
      },
      {
        "startStationCode": "211",
        "startStationName": "성수역",
        "endStationCode": "211",
        "endStationName": "성수역",
        "prevStationCode": "209",
        "prevStationName": "한양대역",
        "updnLine": 1,
        "directAt": 0,
        "data": [
          {
            "dow": "FRI",
            "hh": "13",
            "mm": "00",
            "congestionCar": [
              30,
              32,
              40,
              39,
              35,
              38,
              32,
              37,
              30,
              26
            ]
          },
          {
            "dow": "FRI",
            "hh": "13",
            "mm": "10",
            "congestionCar": [
              22,
              24,
              24,
              29,
              29,
              26,
              27,
              27,
              21,
              21
            ]
          },
          {
            "dow": "FRI",
            "hh": "13",
            "mm": "20",
            "congestionCar": [
              54,
              46,
              61,
              58,
              48,
              53,
              55,
              55,
              36,
              43
            ]
          },
          {
            "dow": "FRI",
            "hh": "13",
            "mm": "30",
            "congestionCar": [
              46,
              46,
              62,
              64,
              53,
              63,
              51,
              46,
              39,
              42
            ]
          },
          {
            "dow": "FRI",
            "hh": "13",
            "mm": "40",
            "congestionCar": [
              30,
              41,
              44,
              50,
              48,
              39,
              41,
              37,
              30,
              29
            ]
          },
          {
            "dow": "FRI",
            "hh": "13",
            "mm": "50",
            "congestionCar": [
              22,
              26,
              34,
              34,
              29,
              30,
              29,
              30,
              24,
              20
            ]
          }
        ]
      },
      {
        "startStationCode": "211",
        "startStationName": "성수역",
        "endStationCode": "211-R",
        "endStationName": "성수역",
        "prevStationCode": "211",
        "prevStationName": "성수역",
        "updnLine": 0,
        "directAt": 0,
        "data": [
          {
            "dow": "FRI",
            "hh": "13",
            "mm": "00",
            "congestionCar": [
              30,
              34,
              36,
              34,
              36,
              38,
              35,
              32,
              27,
              28
            ]
          },
          {
            "dow": "FRI",
            "hh": "13",
            "mm": "10",
            "congestionCar": [
              27,
              41,
              43,
              42,
              38,
              39,
              36,
              33,
              27,
              25
            ]
          },
          {
            "dow": "FRI",
            "hh": "13",
            "mm": "20",
            "congestionCar": [
              27,
              34,
              43,
              35,
              35,
              39,
              34,
              33,
              24,
              26
            ]
          },
          {
            "dow": "FRI",
            "hh": "13",
            "mm": "30",
            "congestionCar": [
              29,
              42,
              39,
              38,
              42,
              42,
              40,
              36,
              33,
              29
            ]
          },
          {
            "dow": "FRI",
            "hh": "13",
            "mm": "40",
            "congestionCar": [
              23,
              29,
              37,
              30,
              36,
              33,
              32,
              28,
              25,
              26
            ]
          },
          {
            "dow": "FRI",
            "hh": "13",
            "mm": "50",
            "congestionCar": [
              25,
              31,
              37,
              33,
              34,
              30,
              36,
              30,
              29,
              25
            ]
          }
        ]
      },
      {
        "startStationCode": "211",
        "startStationName": "성수역",
        "endStationCode": "211-R",
        "endStationName": "성수역",
        "prevStationCode": "209",
        "prevStationName": "한양대역",
        "updnLine": 1,
        "directAt": 0,
        "data": [
          {
            "dow": "FRI",
            "hh": "13",
            "mm": "00",
            "congestionCar": [
              32,
              34,
              43,
              42,
              37,
              40,
              34,
              39,
              32,
              27
            ]
          },
          {
            "dow": "FRI",
            "hh": "13",
            "mm": "10",
            "congestionCar": [
              36,
              40,
              40,
              48,
              48,
              42,
              44,
              44,
              35,
              35
            ]
          },
          {
            "dow": "FRI",
            "hh": "13",
            "mm": "20",
            "congestionCar": [
              54,
              46,
              61,
              58,
              48,
              53,
              55,
              55,
              36,
              43
            ]
          },
          {
            "dow": "FRI",
            "hh": "13",
            "mm": "30",
            "congestionCar": [
              50,
              50,
              69,
              70,
              58,
              69,
              56,
              50,
              42,
              46
            ]
          },
          {
            "dow": "FRI",
            "hh": "13",
            "mm": "40",
            "congestionCar": [
              37,
              50,
              54,
              60,
              57,
              48,
              49,
              45,
              36,
              34
            ]
          },
          {
            "dow": "FRI",
            "hh": "13",
            "mm": "50",
            "congestionCar": [
              37,
              43,
              56,
              56,
              48,
              49,
              48,
              49,
              40,
              33
            ]
          }
        ]
      },
      {
        "startStationCode": "211",
        "startStationName": "성수역",
        "endStationCode": "219",
        "endStationName": "삼성역",
        "prevStationCode": "211",
        "prevStationName": "성수역",
        "updnLine": 0,
        "directAt": 0,
        "data": [
          {
            "dow": "FRI",
            "hh": "13",
            "mm": "00",
            "congestionCar": [
              28,
              32,
              34,
              32,
              34,
              35,
              33,
              30,
              25,
              26
            ]
          },
          {
            "dow": "FRI",
            "hh": "13",
            "mm": "10",
            "congestionCar": [
              24,
              37,
              39,
              38,
              35,
              35,
              33,
              30,
              25,
              23
            ]
          },
          {
            "dow": "FRI",
            "hh": "13",
            "mm": "20",
            "congestionCar": [
              23,
              30,
              38,
              31,
              31,
              34,
              30,
              29,
              21,
              23
            ]
          },
          {
            "dow": "FRI",
            "hh": "13",
            "mm": "30",
            "congestionCar": [
              26,
              37,
              35,
              34,
              38,
              38,
              36,
              32,
              29,
              26
            ]
          },
          {
            "dow": "FRI",
            "hh": "13",
            "mm": "40",
            "congestionCar": [
              22,
              27,
              34,
              28,
              34,
              30,
              30,
              26,
              23,
              24
            ]
          },
          {
            "dow": "FRI",
            "hh": "13",
            "mm": "50",
            "congestionCar": [
              23,
              29,
              34,
              31,
              32,
              28,
              34,
              28,
              27,
              23
            ]
          }
        ]
      },
      {
        "startStationCode": "211",
        "startStationName": "성수역",
        "endStationCode": "228",
        "endStationName": "서울대입구역",
        "prevStationCode": "211",
        "prevStationName": "성수역",
        "updnLine": 0,
        "directAt": 0,
        "data": [
          {
            "dow": "FRI",
            "hh": "13",
            "mm": "00",
            "congestionCar": [
              28,
              32,
              34,
              32,
              34,
              35,
              33,
              30,
              25,
              26
            ]
          },
          {
            "dow": "FRI",
            "hh": "13",
            "mm": "10",
            "congestionCar": [
              24,
              37,
              39,
              38,
              35,
              35,
              33,
              30,
              25,
              23
            ]
          },
          {
            "dow": "FRI",
            "hh": "13",
            "mm": "20",
            "congestionCar": [
              23,
              30,
              38,
              31,
              31,
              34,
              30,
              29,
              21,
              23
            ]
          },
          {
            "dow": "FRI",
            "hh": "13",
            "mm": "30",
            "congestionCar": [
              26,
              37,
              35,
              34,
              38,
              38,
              36,
              32,
              29,
              26
            ]
          },
          {
            "dow": "FRI",
            "hh": "13",
            "mm": "40",
            "congestionCar": [
              22,
              27,
              34,
              28,
              34,
              30,
              30,
              26,
              23,
              24
            ]
          },
          {
            "dow": "FRI",
            "hh": "13",
            "mm": "50",
            "congestionCar": [
              23,
              29,
              34,
              31,
              32,
              28,
              34,
              28,
              27,
              23
            ]
          }
        ]
      },
      {
        "startStationCode": "211",
        "startStationName": "성수역",
        "endStationCode": "234",
        "endStationName": "신도림역",
        "prevStationCode": "211",
        "prevStationName": "성수역",
        "updnLine": 0,
        "directAt": 0,
        "data": [
          {
            "dow": "FRI",
            "hh": "13",
            "mm": "00",
            "congestionCar": [
              28,
              32,
              34,
              32,
              34,
              35,
              33,
              30,
              25,
              26
            ]
          },
          {
            "dow": "FRI",
            "hh": "13",
            "mm": "10",
            "congestionCar": [
              24,
              37,
              39,
              38,
              35,
              35,
              33,
              30,
              25,
              23
            ]
          },
          {
            "dow": "FRI",
            "hh": "13",
            "mm": "20",
            "congestionCar": [
              23,
              30,
              38,
              31,
              31,
              34,
              30,
              29,
              21,
              23
            ]
          },
          {
            "dow": "FRI",
            "hh": "13",
            "mm": "30",
            "congestionCar": [
              26,
              37,
              35,
              34,
              38,
              38,
              36,
              32,
              29,
              26
            ]
          },
          {
            "dow": "FRI",
            "hh": "13",
            "mm": "40",
            "congestionCar": [
              22,
              27,
              34,
              28,
              34,
              30,
              30,
              26,
              23,
              24
            ]
          },
          {
            "dow": "FRI",
            "hh": "13",
            "mm": "50",
            "congestionCar": [
              23,
              29,
              34,
              31,
              32,
              28,
              34,
              28,
              27,
              23
            ]
          }
        ]
      },
      {
        "startStationCode": "211",
        "startStationName": "성수역",
        "endStationCode": "239",
        "endStationName": "홍대입구역",
        "prevStationCode": "211",
        "prevStationName": "성수역",
        "updnLine": 0,
        "directAt": 0,
        "data": [
          {
            "dow": "FRI",
            "hh": "13",
            "mm": "00",
            "congestionCar": [
              28,
              32,
              34,
              32,
              34,
              35,
              33,
              30,
              25,
              26
            ]
          },
          {
            "dow": "FRI",
            "hh": "13",
            "mm": "10",
            "congestionCar": [
              24,
              37,
              39,
              38,
              35,
              35,
              33,
              30,
              25,
              23
            ]
          },
          {
            "dow": "FRI",
            "hh": "13",
            "mm": "20",
            "congestionCar": [
              23,
              30,
              38,
              31,
              31,
              34,
              30,
              29,
              21,
              23
            ]
          },
          {
            "dow": "FRI",
            "hh": "13",
            "mm": "30",
            "congestionCar": [
              26,
              37,
              35,
              34,
              38,
              38,
              36,
              32,
              29,
              26
            ]
          },
          {
            "dow": "FRI",
            "hh": "13",
            "mm": "40",
            "congestionCar": [
              22,
              27,
              34,
              28,
              34,
              30,
              30,
              26,
              23,
              24
            ]
          },
          {
            "dow": "FRI",
            "hh": "13",
            "mm": "50",
            "congestionCar": [
              23,
              29,
              34,
              31,
              32,
              28,
              34,
              28,
              27,
              23
            ]
          }
        ]
      },
      {
        "startStationCode": "219",
        "startStationName": "삼성역",
        "endStationCode": "211-R",
        "endStationName": "성수역",
        "prevStationCode": "209",
        "prevStationName": "한양대역",
        "updnLine": 1,
        "directAt": 0,
        "data": [
          {
            "dow": "FRI",
            "hh": "13",
            "mm": "00",
            "congestionCar": [
              30,
              32,
              40,
              39,
              35,
              38,
              32,
              37,
              30,
              26
            ]
          },
          {
            "dow": "FRI",
            "hh": "13",
            "mm": "10",
            "congestionCar": [
              36,
              40,
              40,
              48,
              48,
              42,
              44,
              44,
              35,
              35
            ]
          },
          {
            "dow": "FRI",
            "hh": "13",
            "mm": "20",
            "congestionCar": [
              54,
              46,
              61,
              58,
              48,
              53,
              55,
              55,
              36,
              43
            ]
          },
          {
            "dow": "FRI",
            "hh": "13",
            "mm": "30",
            "congestionCar": [
              49,
              49,
              67,
              69,
              57,
              68,
              55,
              49,
              42,
              45
            ]
          },
          {
            "dow": "FRI",
            "hh": "13",
            "mm": "40",
            "congestionCar": [
              34,
              45,
              49,
              55,
              53,
              43,
              45,
              41,
              33,
              32
            ]
          },
          {
            "dow": "FRI",
            "hh": "13",
            "mm": "50",
            "congestionCar": [
              33,
              38,
              50,
              50,
              43,
              44,
              43,
              44,
              36,
              29
            ]
          }
        ]
      },
      {
        "startStationCode": "228",
        "startStationName": "서울대입구역",
        "endStationCode": "211",
        "endStationName": "성수역",
        "prevStationCode": "209",
        "prevStationName": "한양대역",
        "updnLine": 1,
        "directAt": 0,
        "data": [
          {
            "dow": "FRI",
            "hh": "13",
            "mm": "00",
            "congestionCar": [
              30,
              32,
              40,
              39,
              35,
              38,
              32,
              37,
              30,
              26
            ]
          },
          {
            "dow": "FRI",
            "hh": "13",
            "mm": "10",
            "congestionCar": [
              36,
              40,
              40,
              48,
              48,
              42,
              44,
              44,
              35,
              35
            ]
          },
          {
            "dow": "FRI",
            "hh": "13",
            "mm": "20",
            "congestionCar": [
              54,
              46,
              61,
              58,
              48,
              53,
              55,
              55,
              36,
              43
            ]
          },
          {
            "dow": "FRI",
            "hh": "13",
            "mm": "30",
            "congestionCar": [
              49,
              49,
              67,
              69,
              57,
              68,
              55,
              49,
              42,
              45
            ]
          },
          {
            "dow": "FRI",
            "hh": "13",
            "mm": "40",
            "congestionCar": [
              34,
              45,
              49,
              55,
              53,
              43,
              45,
              41,
              33,
              32
            ]
          },
          {
            "dow": "FRI",
            "hh": "13",
            "mm": "50",
            "congestionCar": [
              33,
              38,
              50,
              50,
              43,
              44,
              43,
              44,
              36,
              29
            ]
          }
        ]
      },
      {
        "startStationCode": "228",
        "startStationName": "서울대입구역",
        "endStationCode": "211-R",
        "endStationName": "성수역",
        "prevStationCode": "209",
        "prevStationName": "한양대역",
        "updnLine": 1,
        "directAt": 0,
        "data": [
          {
            "dow": "FRI",
            "hh": "13",
            "mm": "00",
            "congestionCar": [
              30,
              32,
              40,
              39,
              35,
              38,
              32,
              37,
              30,
              26
            ]
          },
          {
            "dow": "FRI",
            "hh": "13",
            "mm": "10",
            "congestionCar": [
              36,
              40,
              40,
              48,
              48,
              42,
              44,
              44,
              35,
              35
            ]
          },
          {
            "dow": "FRI",
            "hh": "13",
            "mm": "20",
            "congestionCar": [
              54,
              46,
              61,
              58,
              48,
              53,
              55,
              55,
              36,
              43
            ]
          },
          {
            "dow": "FRI",
            "hh": "13",
            "mm": "30",
            "congestionCar": [
              49,
              49,
              67,
              69,
              57,
              68,
              55,
              49,
              42,
              45
            ]
          },
          {
            "dow": "FRI",
            "hh": "13",
            "mm": "40",
            "congestionCar": [
              34,
              45,
              49,
              55,
              53,
              43,
              45,
              41,
              33,
              32
            ]
          },
          {
            "dow": "FRI",
            "hh": "13",
            "mm": "50",
            "congestionCar": [
              33,
              38,
              50,
              50,
              43,
              44,
              43,
              44,
              36,
              29
            ]
          }
        ]
      },
      {
        "startStationCode": "234",
        "startStationName": "신도림역",
        "endStationCode": "211",
        "endStationName": "성수역",
        "prevStationCode": "209",
        "prevStationName": "한양대역",
        "updnLine": 1,
        "directAt": 0,
        "data": [
          {
            "dow": "FRI",
            "hh": "13",
            "mm": "00",
            "congestionCar": [
              30,
              32,
              40,
              39,
              35,
              38,
              32,
              37,
              30,
              26
            ]
          },
          {
            "dow": "FRI",
            "hh": "13",
            "mm": "10",
            "congestionCar": [
              36,
              40,
              40,
              48,
              48,
              42,
              44,
              44,
              35,
              35
            ]
          },
          {
            "dow": "FRI",
            "hh": "13",
            "mm": "20",
            "congestionCar": [
              54,
              46,
              61,
              58,
              48,
              53,
              55,
              55,
              36,
              43
            ]
          },
          {
            "dow": "FRI",
            "hh": "13",
            "mm": "30",
            "congestionCar": [
              49,
              49,
              67,
              69,
              57,
              68,
              55,
              49,
              42,
              45
            ]
          },
          {
            "dow": "FRI",
            "hh": "13",
            "mm": "40",
            "congestionCar": [
              34,
              45,
              49,
              55,
              53,
              43,
              45,
              41,
              33,
              32
            ]
          },
          {
            "dow": "FRI",
            "hh": "13",
            "mm": "50",
            "congestionCar": [
              33,
              38,
              50,
              50,
              43,
              44,
              43,
              44,
              36,
              29
            ]
          }
        ]
      },
      {
        "startStationCode": "234",
        "startStationName": "신도림역",
        "endStationCode": "211-R",
        "endStationName": "성수역",
        "prevStationCode": "209",
        "prevStationName": "한양대역",
        "updnLine": 1,
        "directAt": 0,
        "data": [
          {
            "dow": "FRI",
            "hh": "13",
            "mm": "00",
            "congestionCar": [
              30,
              32,
              40,
              39,
              35,
              38,
              32,
              37,
              30,
              26
            ]
          },
          {
            "dow": "FRI",
            "hh": "13",
            "mm": "10",
            "congestionCar": [
              36,
              40,
              40,
              48,
              48,
              42,
              44,
              44,
              35,
              35
            ]
          },
          {
            "dow": "FRI",
            "hh": "13",
            "mm": "20",
            "congestionCar": [
              54,
              46,
              61,
              58,
              48,
              53,
              55,
              55,
              36,
              43
            ]
          },
          {
            "dow": "FRI",
            "hh": "13",
            "mm": "30",
            "congestionCar": [
              49,
              49,
              67,
              69,
              57,
              68,
              55,
              49,
              42,
              45
            ]
          },
          {
            "dow": "FRI",
            "hh": "13",
            "mm": "40",
            "congestionCar": [
              34,
              45,
              49,
              55,
              53,
              43,
              45,
              41,
              33,
              32
            ]
          },
          {
            "dow": "FRI",
            "hh": "13",
            "mm": "50",
            "congestionCar": [
              33,
              38,
              50,
              50,
              43,
              44,
              43,
              44,
              36,
              29
            ]
          }
        ]
      },
      {
        "startStationCode": "239",
        "startStationName": "홍대입구역",
        "endStationCode": "211",
        "endStationName": "성수역",
        "prevStationCode": "209",
        "prevStationName": "한양대역",
        "updnLine": 1,
        "directAt": 0,
        "data": [
          {
            "dow": "FRI",
            "hh": "13",
            "mm": "00",
            "congestionCar": [
              30,
              32,
              40,
              39,
              35,
              38,
              32,
              37,
              30,
              26
            ]
          },
          {
            "dow": "FRI",
            "hh": "13",
            "mm": "10",
            "congestionCar": [
              36,
              40,
              40,
              48,
              48,
              42,
              44,
              44,
              35,
              35
            ]
          },
          {
            "dow": "FRI",
            "hh": "13",
            "mm": "20",
            "congestionCar": [
              54,
              46,
              61,
              58,
              48,
              53,
              55,
              55,
              36,
              43
            ]
          },
          {
            "dow": "FRI",
            "hh": "13",
            "mm": "30",
            "congestionCar": [
              49,
              49,
              67,
              69,
              57,
              68,
              55,
              49,
              42,
              45
            ]
          },
          {
            "dow": "FRI",
            "hh": "13",
            "mm": "40",
            "congestionCar": [
              34,
              45,
              49,
              55,
              53,
              43,
              45,
              41,
              33,
              32
            ]
          },
          {
            "dow": "FRI",
            "hh": "13",
            "mm": "50",
            "congestionCar": [
              33,
              38,
              50,
              50,
              43,
              44,
              43,
              44,
              36,
              29
            ]
          }
        ]
      },
      {
        "startStationCode": "239",
        "startStationName": "홍대입구역",
        "endStationCode": "211-R",
        "endStationName": "성수역",
        "prevStationCode": "209",
        "prevStationName": "한양대역",
        "updnLine": 1,
        "directAt": 0,
        "data": [
          {
            "dow": "FRI",
            "hh": "13",
            "mm": "00",
            "congestionCar": [
              30,
              32,
              40,
              39,
              35,
              38,
              32,
              37,
              30,
              26
            ]
          },
          {
            "dow": "FRI",
            "hh": "13",
            "mm": "10",
            "congestionCar": [
              36,
              40,
              40,
              48,
              48,
              42,
              44,
              44,
              35,
              35
            ]
          },
          {
            "dow": "FRI",
            "hh": "13",
            "mm": "20",
            "congestionCar": [
              54,
              46,
              61,
              58,
              48,
              53,
              55,
              55,
              36,
              43
            ]
          },
          {
            "dow": "FRI",
            "hh": "13",
            "mm": "30",
            "congestionCar": [
              49,
              49,
              67,
              69,
              57,
              68,
              55,
              49,
              42,
              45
            ]
          },
          {
            "dow": "FRI",
            "hh": "13",
            "mm": "40",
            "congestionCar": [
              34,
              45,
              49,
              55,
              53,
              43,
              45,
              41,
              33,
              32
            ]
          },
          {
            "dow": "FRI",
            "hh": "13",
            "mm": "50",
            "congestionCar": [
              33,
              38,
              50,
              50,
              43,
              44,
              43,
              44,
              36,
              29
            ]
          }
        ]
      }
    ],
    "statStartDate": "20230923",
    "statEndDate": "20231222"
  }
}