{
  "status": {
    "code": "00",
    "message": "success",
    "totalCount": 1
  },
  "contents": {
    "subwayLine": "2호선",
    "stationName": "대림역",
    "stationCode": "233",
    "stat": [
      {
        "startStationCode": "202",
        "startStationName": "을지로입구역",
        "endStationCode": "211",
        "endStationName": "성수역",
        "prevStationCode": "234",
        "prevStationName": "신도림역",
        "updnLine": 0,
        "directAt": 0,
        "data": [
          {
            "dow": "MON",
            "hh": "13",
            "mm": "00",
            "congestionCar": [
              23,
              29,
              33,
              33,
              32,
              31,
              28,
              31,
              23,
              19
            ]
          },
          {
            "dow": "MON",
            "hh": "13",
            "mm": "10",
            "congestionCar": [
              31,
              36,
              35,
              37,
              33,
              28,
              29,
              29,
              28,
              25
            ]
          },
          {
            "dow": "MON",
            "hh": "13",
            "mm": "20",
            "congestionCar": [
              27,
              33,
              49,
              41,
              41,
              31,
              34,
              30,
              27,
              27
            ]
          },
          {
            "dow": "MON",
            "hh": "13",
            "mm": "30",
            "congestionCar": [
              23,
              30,
              37,
              37,
              35,
              29,
              26,
              29,
              22,
              21
            ]
          },
          {
            "dow": "MON",
            "hh": "13",
            "mm": "40",
            "congestionCar": [
              23,
              24,
              32,
              30,
              27,
              20,
              23,
              23,
              20,
              19
            ]
          },
          {
            "dow": "MON",
            "hh": "13",
            "mm": "50",
            "congestionCar": [
              19,
              21,
              27,
              28,
              27,
              22,
              22,
              23,
              21,
              20
            ]
          }
        ]
      },
      {
        "startStationCode": "202",
        "startStationName": "을지로입구역",
        "endStationCode": "211-R",
        "endStationName": "성수역",
        "prevStationCode": "234",
        "prevStationName": "신도림역",
        "updnLine": 0,
        "directAt": 0,
        "data": [
          {
            "dow": "MON",
            "hh": "13",
            "mm": "00",
            "congestionCar": [
              23,
              29,
              33,
              33,
              32,
              31,
              28,
              31,
              23,
              19
            ]
          },
          {
            "dow": "MON",
            "hh": "13",
            "mm": "10",
            "congestionCar": [
              31,
              36,
              35,
              37,
              33,
              28,
              29,
              29,
              28,
              25
            ]
          },
          {
            "dow": "MON",
            "hh": "13",
            "mm": "20",
            "congestionCar": [
              27,
              33,
              49,
              41,
              41,
              31,
              34,
              30,
              27,
              27
            ]
          },
          {
            "dow": "MON",
            "hh": "13",
            "mm": "30",
            "congestionCar": [
              23,
              30,
              37,
              37,
              35,
              29,
              26,
              29,
              22,
              21
            ]
          },
          {
            "dow": "MON",
            "hh": "13",
            "mm": "40",
            "congestionCar": [
              23,
              24,
              32,
              30,
              27,
              20,
              23,
              23,
              20,
              19
            ]
          },
          {
            "dow": "MON",
            "hh": "13",
            "mm": "50",
            "congestionCar": [
              19,
              21,
              27,
              28,
              27,
              22,
              22,
              23,
              21,
              20
            ]
          }
        ]
      },
      {
        "startStationCode": "211",
        "startStationName": "성수역",
        "endStationCode": "202",
        "endStationName": "을지로입구역",
        "prevStationCode": "232",
        "prevStationName": "구로디지털단지역",
        "updnLine": 1,
        "directAt": 0,
        "data": [
          {
            "dow": "MON",
            "hh": "13",
            "mm": "00",
            "congestionCar": [
              23,
              31,
              37,
              56,
              47,
              39,
              45,
              37,
              29,
              24
            ]
          },
          {
            "dow": "MON",
            "hh": "13",
            "mm": "10",
            "congestionCar": [
              29,
              29,
              44,
              59,
              42,
              48,
              50,
              39,
              28,
              32
            ]
          },
          {
            "dow": "MON",
            "hh": "13",
            "mm": "20",
            "congestionCar": [
              31,
              31,
              36,
              54,
              46,
              45,
              51,
              37,
              32,
              26
            ]
          },
          {
            "dow": "MON",
            "hh": "13",
            "mm": "30",
            "congestionCar": [
              18,
              25,
              36,
              46,
              41,
              40,
              45,
              35,
              29,
              25
            ]
          },
          {
            "dow": "MON",
            "hh": "13",
            "mm": "40",
            "congestionCar": [
              22,
              22,
              27,
              40,
              31,
              36,
              37,
              32,
              23,
              19
            ]
          },
          {
            "dow": "MON",
            "hh": "13",
            "mm": "50",
            "congestionCar": [
              18,
              23,
              26,
              33,
              28,
              35,
              38,
              26,
              23,
              19
            ]
          }
        ]
      },
      {
        "startStationCode": "211",
        "startStationName": "성수역",
        "endStationCode": "211",
        "endStationName": "성수역",
        "prevStationCode": "234",
        "prevStationName": "신도림역",
        "updnLine": 0,
        "directAt": 0,
        "data": [
          {
            "dow": "MON",
            "hh": "13",
            "mm": "00",
            "congestionCar": [
              23,
              29,
              33,
              33,
              32,
              31,
              28,
              31,
              23,
              19
            ]
          },
          {
            "dow": "MON",
            "hh": "13",
            "mm": "10",
            "congestionCar": [
              31,
              36,
              35,
              37,
              33,
              28,
              29,
              29,
              28,
              25
            ]
          },
          {
            "dow": "MON",
            "hh": "13",
            "mm": "20",
            "congestionCar": [
              27,
              33,
              49,
              41,
              41,
              31,
              34,
              30,
              27,
              27
            ]
          },
          {
            "dow": "MON",
            "hh": "13",
            "mm": "30",
            "congestionCar": [
              23,
              30,
              37,
              37,
              35,
              29,
              26,
              29,
              22,
              21
            ]
          },
          {
            "dow": "MON",
            "hh": "13",
            "mm": "40",
            "congestionCar": [
              23,
              24,
              32,
              30,
              27,
              20,
              23,
              23,
              20,
              19
            ]
          },
          {
            "dow": "MON",
            "hh": "13",
            "mm": "50",
            "congestionCar": [
              19,
              21,
              27,
              28,
              27,
              22,
              22,
              23,
              21,
              20
            ]
          }
        ]
      },
      {
        "startStationCode": "211",
        "startStationName": "성수역",
        "endStationCode": "211",
        "endStationName": "성수역",
        "prevStationCode": "232",
        "prevStationName": "구로디지털단지역",
        "updnLine": 1,
        "directAt": 0,
        "data": [
          {
            "dow": "MON",
            "hh": "13",
            "mm": "00",
            "congestionCar": [
              23,
              31,
              37,
              56,
              47,
              39,
              45,
              37,
              29,
              24
            ]
          },
          {
            "dow": "MON",
            "hh": "13",
            "mm": "10",
            "congestionCar": [
              29,
              29,
              44,
              59,
              42,
              48,
              50,
              39,
              28,
              32
            ]
          },
          {
            "dow": "MON",
            "hh": "13",
            "mm": "20",
            "congestionCar": [
              31,
              31,
              36,
              54,
              46,
              45,
              51,
              37,
              32,
              26
            ]
          },
          {
            "dow": "MON",
            "hh": "13",
            "mm": "30",
            "congestionCar": [
              18,
              25,
              36,
              46,
              41,
              40,
              45,
              35,
              29,
              25
            ]
          },
          {
            "dow": "MON",
            "hh": "13",
            "mm": "40",
            "congestionCar": [
              22,
              22,
              27,
              40,
              31,
              36,
              37,
              32,
              23,
              19
            ]
          },
          {
            "dow": "MON",
            "hh": "13",
            "mm": "50",
            "congestionCar": [
              18,
              23,
              26,
              33,
              28,
              35,
              38,
              26,
              23,
              19
            ]
          }
        ]
      },
      {
        "startStationCode": "211",
        "startStationName": "성수역",
        "endStationCode": "211-R",
        "endStationName": "성수역",
        "prevStationCode": "234",
        "prevStationName": "신도림역",
        "updnLine": 0,
        "directAt": 0,
        "data": [
          {
            "dow": "MON",
            "hh": "13",
            "mm": "00",
            "congestionCar": [
              24,
              31,
              35,
              35,
              34,
              33,
              30,
              33,
              24,
              20
            ]
          },
          {
            "dow": "MON",
            "hh": "13",
            "mm": "10",
            "congestionCar": [
              33,
              38,
              37,
              39,
              36,
              30,
              31,
              30,
              29,
              26
            ]
          },
          {
            "dow": "MON",
            "hh": "13",
            "mm": "20",
            "congestionCar": [
              30,
              36,
              53,
              45,
              44,
              34,
              37,
              33,
              29,
              29
            ]
          },
          {
            "dow": "MON",
            "hh": "13",
            "mm": "30",
            "congestionCar": [
              23,
              30,
              37,
              37,
              35,
              29,
              26,
              29,
              22,
              21
            ]
          },
          {
            "dow": "MON",
            "hh": "13",
            "mm": "40",
            "congestionCar": [
              23,
              24,
              32,
              30,
              27,
              20,
              23,
              23,
              20,
              19
            ]
          },
          {
            "dow": "MON",
            "hh": "13",
            "mm": "50",
            "congestionCar": [
              19,
              21,
              27,
              28,
              27,
              22,
              22,
              23,
              21,
              20
            ]
          }
        ]
      },
      {
        "startStationCode": "211",
        "startStationName": "성수역",
        "endStationCode": "211-R",
        "endStationName": "성수역",
        "prevStationCode": "232",
        "prevStationName": "구로디지털단지역",
        "updnLine": 1,
        "directAt": 0,
        "data": [
          {
            "dow": "MON",
            "hh": "13",
            "mm": "00",
            "congestionCar": [
              23,
              31,
              37,
              56,
              47,
              39,
              45,
              37,
              29,
              24
            ]
          },
          {
            "dow": "MON",
            "hh": "13",
            "mm": "10",
            "congestionCar": [
              29,
              29,
              44,
              59,
              42,
              48,
              50,
              39,
              28,
              32
            ]
          },
          {
            "dow": "MON",
            "hh": "13",
            "mm": "20",
            "congestionCar": [
              34,
              34,
              39,
              58,
              49,
              49,
              55,
              40,
              35,
              28
            ]
          },
          {
            "dow": "MON",
            "hh": "13",
            "mm": "30",
            "congestionCar": [
              20,
              27,
              40,
              51,
              44,
              44,
              49,
              38,
              31,
              27
            ]
          },
          {
            "dow": "MON",
            "hh": "13",
            "mm": "40",
            "congestionCar": [
              24,
              23,
              29,
              42,
              33,
              39,
              40,
              34,
              25,
              20
            ]
          },
          {
            "dow": "MON",
            "hh": "13",
            "mm": "50",
            "congestionCar": [
              20,
              24,
              28,
              36,
              30,
              38,
              41,
              28,
              25,
              20
            ]
          }
        ]
      },
      {
        "startStationCode": "211",
        "startStationName": "성수역",
        "endStationCode": "219",
        "endStationName": "삼성역",
        "prevStationCode": "234",
        "prevStationName": "신도림역",
        "updnLine": 0,
        "directAt": 0,
        "data": [
          {
            "dow": "MON",
            "hh": "13",
            "mm": "00",
            "congestionCar": [
              23,
              29,
              33,
              33,
              32,
              31,
              28,
              31,
              23,
              19
            ]
          },
          {
            "dow": "MON",
            "hh": "13",
            "mm": "10",
            "congestionCar": [
              31,
              36,
              35,
              37,
              33,
              28,
              29,
              29,
              28,
              25
            ]
          },
          {
            "dow": "MON",
            "hh": "13",
            "mm": "20",
            "congestionCar": [
              27,
              33,
              49,
              41,
              41,
              31,
              34,
              30,
              27,
              27
            ]
          },
          {
            "dow": "MON",
            "hh": "13",
            "mm": "30",
            "congestionCar": [
              23,
              30,
              37,
              37,
              35,
              29,
              26,
              29,
              22,
              21
            ]
          },
          {
            "dow": "MON",
            "hh": "13",
            "mm": "40",
            "congestionCar": [
              23,
              24,
              32,
              30,
              27,
              20,
              23,
              23,
              20,
              19
            ]
          },
          {
            "dow": "MON",
            "hh": "13",
            "mm": "50",
            "congestionCar": [
              19,
              21,
              27,
              28,
              27,
              22,
              22,
              23,
              21,
              20
            ]
          }
        ]
      },
      {
        "startStationCode": "211",
        "startStationName": "성수역",
        "endStationCode": "228",
        "endStationName": "서울대입구역",
        "prevStationCode": "234",
        "prevStationName": "신도림역",
        "updnLine": 0,
        "directAt": 0,
        "data": [
          {
            "dow": "MON",
            "hh": "13",
            "mm": "00",
            "congestionCar": [
              23,
              29,
              33,
              33,
              32,
              31,
              28,
              31,
              23,
              19
            ]
          },
          {
            "dow": "MON",
            "hh": "13",
            "mm": "10",
            "congestionCar": [
              31,
              36,
              35,
              37,
              33,
              28,
              29,
              29,
              28,
              25
            ]
          },
          {
            "dow": "MON",
            "hh": "13",
            "mm": "20",
            "congestionCar": [
              27,
              33,
              49,
              41,
              41,
              31,
              34,
              30,
              27,
              27
            ]
          },
          {
            "dow": "MON",
            "hh": "13",
            "mm": "30",
            "congestionCar": [
              23,
              30,
              37,
              37,
              35,
              29,
              26,
              29,
              22,
              21
            ]
          },
          {
            "dow": "MON",
            "hh": "13",
            "mm": "40",
            "congestionCar": [
              23,
              24,
              32,
              30,
              27,
              20,
              23,
              23,
              20,
              19
            ]
          },
          {
            "dow": "MON",
            "hh": "13",
            "mm": "50",
            "congestionCar": [
              19,
              21,
              27,
              28,
              27,
              22,
              22,
              23,
              21,
              20
            ]
          }
        ]
      },
      {
        "startStationCode": "211",
        "startStationName": "성수역",
        "endStationCode": "234",
        "endStationName": "신도림역",
        "prevStationCode": "232",
        "prevStationName": "구로디지털단지역",
        "updnLine": 1,
        "directAt": 0,
        "data": [
          {
            "dow": "MON",
            "hh": "13",
            "mm": "00",
            "congestionCar": [
              23,
              31,
              37,
              56,
              47,
              39,
              45,
              37,
              29,
              24
            ]
          },
          {
            "dow": "MON",
            "hh": "13",
            "mm": "10",
            "congestionCar": [
              29,
              29,
              44,
              59,
              42,
              48,
              50,
              39,
              28,
              32
            ]
          },
          {
            "dow": "MON",
            "hh": "13",
            "mm": "20",
            "congestionCar": [
              31,
              31,
              36,
              54,
              46,
              45,
              51,
              37,
              32,
              26
            ]
          },
          {
            "dow": "MON",
            "hh": "13",
            "mm": "30",
            "congestionCar": [
              18,
              25,
              36,
              46,
              41,
              40,
              45,
              35,
              29,
              25
            ]
          },
          {
            "dow": "MON",
            "hh": "13",
            "mm": "40",
            "congestionCar": [
              22,
              22,
              27,
              40,
              31,
              36,
              37,
              32,
              23,
              19
            ]
          },
          {
            "dow": "MON",
            "hh": "13",
            "mm": "50",
            "congestionCar": [
              18,
              23,
              26,
              33,
              28,
              35,
              38,
              26,
              23,
              19
            ]
          }
        ]
      },
      {
        "startStationCode": "211",
        "startStationName": "성수역",
        "endStationCode": "239",
        "endStationName": "홍대입구역",
        "prevStationCode": "232",
        "prevStationName": "구로디지털단지역",
        "updnLine": 1,
        "directAt": 0,
        "data": [
          {
            "dow": "MON",
            "hh": "13",
            "mm": "00",
            "congestionCar": [
              23,
              31,
              37,
              56,
              47,
              39,
              45,
              37,
              29,
              24
            ]
          },
          {
            "dow": "MON",
            "hh": "13",
            "mm": "10",
            "congestionCar": [
              29,
              29,
              44,
              59,
              42,
              48,
              50,
              39,
              28,
              32
            ]
          },
          {
            "dow": "MON",
            "hh": "13",
            "mm": "20",
            "congestionCar": [
              31,
              31,
              36,
              54,
              46,
              45,
              51,
              37,
              32,
              26
            ]
          },
          {
            "dow": "MON",
            "hh": "13",
            "mm": "30",
            "congestionCar": [
              18,
              25,
              36,
              46,
              41,
              40,
              45,
              35,
              29,
              25
            ]
          },
          {
            "dow": "MON",
            "hh": "13",
            "mm": "40",
            "congestionCar": [
              22,
              22,
              27,
              40,
              31,
              36,
              37,
              32,
              23,
              19
            ]
          },
          {
            "dow": "MON",
            "hh": "13",
            "mm": "50",
            "congestionCar": [
              18,
              23,
              26,
              33,
              28,
              35,
              38,
              26,
              23,
              19
            ]
          }
        ]
      },
      {
        "startStationCode": "219",
        "startStationName": "삼성역",
        "endStationCode": "211-R",
        "endStationName": "성수역",
        "prevStationCode": "232",
        "prevStationName": "구로디지털단지역",
        "updnLine": 1,
        "directAt": 0,
        "data": [
          {
            "dow": "MON",
            "hh": "13",
            "mm": "00",
            "congestionCar": [
              23,
              31,
              37,
              56,
              47,
              39,
              45,
              37,
              29,
              24
            ]
          },
          {
            "dow": "MON",
            "hh": "13",
            "mm": "10",
            "congestionCar": [
              29,
              29,
              44,
              59,
              42,
              48,
              50,
              39,
              28,
              32
            ]
          },
          {
            "dow": "MON",
            "hh": "13",
            "mm": "20",
            "congestionCar": [
              31,
              31,
              36,
              54,
              46,
              45,
              51,
              37,
              32,
              26
            ]
          },
          {
            "dow": "MON",
            "hh": "13",
            "mm": "30",
            "congestionCar": [
              18,
              25,
              36,
              46,
              41,
              40,
              45,
              35,
              29,
              25
            ]
          },
          {
            "dow": "MON",
            "hh": "13",
            "mm": "40",
            "congestionCar": [
              22,
              22,
              27,
              40,
              31,
              36,
              37,
              32,
              23,
              19
            ]
          },
          {
            "dow": "MON",
            "hh": "13",
            "mm": "50",
            "congestionCar": [
              18,
              23,
              26,
              33,
              28,
              35,
              38,
              26,
              23,
              19
            ]
          }
        ]
      },
      {
        "startStationCode": "228",
        "startStationName": "서울대입구역",
        "endStationCode": "211",
        "endStationName": "성수역",
        "prevStationCode": "232",
        "prevStationName": "구로디지털단지역",
        "updnLine": 1,
        "directAt": 0,
        "data": [
          {
            "dow": "MON",
            "hh": "13",
            "mm": "00",
            "congestionCar": [
              23,
              31,
              37,
              56,
              47,
              39,
              45,
              37,
              29,
              24
            ]
          },
          {
            "dow": "MON",
            "hh": "13",
            "mm": "10",
            "congestionCar": [
              29,
              29,
              44,
              59,
              42,
              48,
              50,
              39,
              28,
              32
            ]
          },
          {
            "dow": "MON",
            "hh": "13",
            "mm": "20",
            "congestionCar": [
              31,
              31,
              36,
              54,
              46,
              45,
              51,
              37,
              32,
              26
            ]
          },
          {
            "dow": "MON",
            "hh": "13",
            "mm": "30",
            "congestionCar": [
              18,
              25,
              36,
              46,
              41,
              40,
              45,
              35,
              29,
              25
            ]
          },
          {
            "dow": "MON",
            "hh": "13",
            "mm": "40",
            "congestionCar": [
              22,
              22,
              27,
              40,
              31,
              36,
              37,
              32,
              23,
              19
            ]
          },
          {
            "dow": "MON",
            "hh": "13",
            "mm": "50",
            "congestionCar": [
              18,
              23,
              26,
              33,
              28,
              35,
              38,
              26,
              23,
              19
            ]
          }
        ]
      },
      {
        "startStationCode": "228",
        "startStationName": "서울대입구역",
        "endStationCode": "211-R",
        "endStationName": "성수역",
        "prevStationCode": "232",
        "prevStationName": "구로디지털단지역",
        "updnLine": 1,
        "directAt": 0,
        "data": [
          {
            "dow": "MON",
            "hh": "13",
            "mm": "00",
            "congestionCar": [
              23,
              31,
              37,
              56,
              47,
              39,
              45,
              37,
              29,
              24
            ]
          },
          {
            "dow": "MON",
            "hh": "13",
            "mm": "10",
            "congestionCar": [
              29,
              29,
              44,
              59,
              42,
              48,
              50,
              39,
              28,
              32
            ]
          },
          {
            "dow": "MON",
            "hh": "13",
            "mm": "20",
            "congestionCar": [
              31,
              31,
              36,
              54,
              46,
              45,
              51,
              37,
              32,
              26
            ]
          },
          {
            "dow": "MON",
            "hh": "13",
            "mm": "30",
            "congestionCar": [
              18,
              25,
              36,
              46,
              41,
              40,
              45,
              35,
              29,
              25
            ]
          },
          {
            "dow": "MON",
            "hh": "13",
            "mm": "40",
            "congestionCar": [
              22,
              22,
              27,
              40,
              31,
              36,
              37,
              32,
              23,
              19
            ]
          },
          {
            "dow": "MON",
            "hh": "13",
            "mm": "50",
            "congestionCar": [
              18,
              23,
              26,
              33,
              28,
              35,
              38,
              26,
              23,
              19
            ]
          }
        ]
      },
      {
        "startStationCode": "234",
        "startStationName": "신도림역",
        "endStationCode": "211",
        "endStationName": "성수역",
        "prevStationCode": "234",
        "prevStationName": "신도림역",
        "updnLine": 0,
        "directAt": 0,
        "data": [
          {
            "dow": "MON",
            "hh": "13",
            "mm": "00",
            "congestionCar": [
              23,
              29,
              33,
              33,
              32,
              31,
              28,
              31,
              23,
              19
            ]
          },
          {
            "dow": "MON",
            "hh": "13",
            "mm": "10",
            "congestionCar": [
              31,
              36,
              35,
              37,
              33,
              28,
              29,
              29,
              28,
              25
            ]
          },
          {
            "dow": "MON",
            "hh": "13",
            "mm": "20",
            "congestionCar": [
              27,
              33,
              49,
              41,
              41,
              31,
              34,
              30,
              27,
              27
            ]
          },
          {
            "dow": "MON",
            "hh": "13",
            "mm": "30",
            "congestionCar": [
              23,
              30,
              37,
              37,
              35,
              29,
              26,
              29,
              22,
              21
            ]
          },
          {
            "dow": "MON",
            "hh": "13",
            "mm": "40",
            "congestionCar": [
              23,
              24,
              32,
              30,
              27,
              20,
              23,
              23,
              20,
              19
            ]
          },
          {
            "dow": "MON",
            "hh": "13",
            "mm": "50",
            "congestionCar": [
              19,
              21,
              27,
              28,
              27,
              22,
              22,
              23,
              21,
              20
            ]
          }
        ]
      },
      {
        "startStationCode": "234",
        "startStationName": "신도림역",
        "endStationCode": "211-R",
        "endStationName": "성수역",
        "prevStationCode": "234",
        "prevStationName": "신도림역",
        "updnLine": 0,
        "directAt": 0,
        "data": [
          {
            "dow": "MON",
            "hh": "13",
            "mm": "00",
            "congestionCar": [
              23,
              29,
              33,
              33,
              32,
              31,
              28,
              31,
              23,
              19
            ]
          },
          {
            "dow": "MON",
            "hh": "13",
            "mm": "10",
            "congestionCar": [
              31,
              36,
              35,
              37,
              33,
              28,
              29,
              29,
              28,
              25
            ]
          },
          {
            "dow": "MON",
            "hh": "13",
            "mm": "20",
            "congestionCar": [
              27,
              33,
              49,
              41,
              41,
              31,
              34,
              30,
              27,
              27
            ]
          },
          {
            "dow": "MON",
            "hh": "13",
            "mm": "30",
            "congestionCar": [
              23,
              30,
              37,
              37,
              35,
              29,
              26,
              29,
              22,
              21
            ]
          },
          {
            "dow": "MON",
            "hh": "13",
            "mm": "40",
            "congestionCar": [
              23,
              24,
              32,
              30,
              27,
              20,
              23,
              23,
              20,
              19
            ]
          },
          {
            "dow": "MON",
            "hh": "13",
            "mm": "50",
            "congestionCar": [
              19,
              21,
              27,
              28,
              27,
              22,
              22,
              23,
              21,
              20
            ]
          }
        ]
      },
      {
        "startStationCode": "239",
        "startStationName": "홍대입구역",
        "endStationCode": "211",
        "endStationName": "성수역",
        "prevStationCode": "234",
        "prevStationName": "신도림역",
        "updnLine": 0,
        "directAt": 0,
        "data": [
          {
            "dow": "MON",
            "hh": "13",
            "mm": "00",
            "congestionCar": [
              23,
              29,
              33,
              33,
              32,
              31,
              28,
              31,
              23,
              19
            ]
          },
          {
            "dow": "MON",
            "hh": "13",
            "mm": "10",
            "congestionCar": [
              31,
              36,
              35,
              37,
              33,
              28,
              29,
              29,
              28,
              25
            ]
          },
          {
            "dow": "MON",
            "hh": "13",
            "mm": "20",
            "congestionCar": [
              27,
              33,
              49,
              41,
              41,
              31,
              34,
              30,
              27,
              27
            ]
          },
          {
            "dow": "MON",
            "hh": "13",
            "mm": "30",
            "congestionCar": [
              23,
              30,
              37,
              37,
              35,
              29,
              26,
              29,
              22,
              21
            ]
          },
          {
            "dow": "MON",
            "hh": "13",
            "mm": "40",
            "congestionCar": [
              23,
              24,
              32,
              30,
              27,
              20,
              23,
              23,
              20,
              19
            ]
          },
          {
            "dow": "MON",
            "hh": "13",
            "mm": "50",
            "congestionCar": [
              19,
              21,
              27,
              28,
              27,
              22,
              22,
              23,
              21,
              20
            ]
          }
        ]
      },
      {
        "startStationCode": "239",
        "startStationName": "홍대입구역",
        "endStationCode": "211-R",
        "endStationName": "성수역",
        "prevStationCode": "234",
        "prevStationName": "신도림역",
        "updnLine": 0,
        "directAt": 0,
        "data": [
          {
            "dow": "MON",
            "hh": "13",
            "mm": "00",
            "congestionCar": [
              23,
              29,
              33,
              33,
              32,
              31,
              28,
              31,
              23,
              19
            ]
          },
          {
            "dow": "MON",
            "hh": "13",
            "mm": "10",
            "congestionCar": [
              31,
              36,
              35,
              37,
              33,
              28,
              29,
              29,
              28,
              25
            ]
          },
          {
            "dow": "MON",
            "hh": "13",
            "mm": "20",
            "congestionCar": [
              27,
              33,
              49,
              41,
              41,
              31,
              34,
              30,
              27,
              27
            ]
          },
          {
            "dow": "MON",
            "hh": "13",
            "mm": "30",
            "congestionCar": [
              23,
              30,
              37,
              37,
              35,
              29,
              26,
              29,
              22,
              21
            ]
          },
          {
            "dow": "MON",
            "hh": "13",
            "mm": "40",
            "congestionCar": [
              23,
              24,
              32,
              30,
              27,
              20,
              23,
              23,
              20,
              19
            ]
          },
          {
            "dow": "MON",
            "hh": "13",
            "mm": "50",
            "congestionCar": [
              19,
              21,
              27,
              28,
              27,
              22,
              22,
              23,
              21,
              20
            ]
          }
        ]
      }
    ],
    "statStartDate": "20230924",
    "statEndDate": "20231223"
  }
}