{
  "status": {
    "code": "00",
    "message": "success",
    "totalCount": 1
  },
  "contents": {
    "subwayLine": "2호선",
    "stationName": "서초역",
    "stationCode": "224",
    "stat": [
      {
        "startStationCode": "202",
        "startStationName": "을지로입구역",
        "endStationCode": "211",
        "endStationName": "성수역",
        "prevStationCode": "225",
        "prevStationName": "방배역",
        "updnLine": 0,
        "directAt": 0,
        "data": [
          {
            "dow": "MON",
            "hh": "13",
            "mm": "00",
            "congestionCar": [
              33,
              34,
              45,
              62,
              61,
              60,
              58,
              45,
              38,
              43
            ]
          },
          {
            "dow": "MON",
            "hh": "13",
            "mm": "10",
            "congestionCar": [
              34,
              37,
              50,
              66,
              71,
              62,
              56,
              44,
              39,
              51
            ]
          },
          {
            "dow": "MON",
            "hh": "13",
            "mm": "20",
            "congestionCar": [
              37,
              39,
              60,
              66,
              65,
              67,
              63,
              53,
              43,
              48
            ]
          },
          {
            "dow": "MON",
            "hh": "13",
            "mm": "30",
            "congestionCar": [
              38,
              46,
              61,
              69,
              75,
              69,
              68,
              53,
              46,
              56
            ]
          },
          {
            "dow": "MON",
            "hh": "13",
            "mm": "40",
            "congestionCar": [
              38,
              44,
              65,
              77,
              82,
              75,
              69,
              54,
              50,
              56
            ]
          },
          {
            "dow": "MON",
            "hh": "13",
            "mm": "50",
            "congestionCar": [
              26,
              30,
              44,
              46,
              58,
              54,
              48,
              41,
              34,
              40
            ]
          }
        ]
      },
      {
        "startStationCode": "202",
        "startStationName": "을지로입구역",
        "endStationCode": "211-R",
        "endStationName": "성수역",
        "prevStationCode": "225",
        "prevStationName": "방배역",
        "updnLine": 0,
        "directAt": 0,
        "data": [
          {
            "dow": "MON",
            "hh": "13",
            "mm": "00",
            "congestionCar": [
              33,
              34,
              45,
              62,
              61,
              60,
              58,
              45,
              38,
              43
            ]
          },
          {
            "dow": "MON",
            "hh": "13",
            "mm": "10",
            "congestionCar": [
              34,
              37,
              50,
              66,
              71,
              62,
              56,
              44,
              39,
              51
            ]
          },
          {
            "dow": "MON",
            "hh": "13",
            "mm": "20",
            "congestionCar": [
              37,
              39,
              60,
              66,
              65,
              67,
              63,
              53,
              43,
              48
            ]
          },
          {
            "dow": "MON",
            "hh": "13",
            "mm": "30",
            "congestionCar": [
              38,
              46,
              61,
              69,
              75,
              69,
              68,
              53,
              46,
              56
            ]
          },
          {
            "dow": "MON",
            "hh": "13",
            "mm": "40",
            "congestionCar": [
              38,
              44,
              65,
              77,
              82,
              75,
              69,
              54,
              50,
              56
            ]
          },
          {
            "dow": "MON",
            "hh": "13",
            "mm": "50",
            "congestionCar": [
              26,
              30,
              44,
              46,
              58,
              54,
              48,
              41,
              34,
              40
            ]
          }
        ]
      },
      {
        "startStationCode": "211",
        "startStationName": "성수역",
        "endStationCode": "202",
        "endStationName": "을지로입구역",
        "prevStationCode": "223",
        "prevStationName": "교대역",
        "updnLine": 1,
        "directAt": 0,
        "data": [
          {
            "dow": "MON",
            "hh": "13",
            "mm": "00",
            "congestionCar": [
              43,
              45,
              47,
              48,
              54,
              54,
              47,
              41,
              29,
              21
            ]
          },
          {
            "dow": "MON",
            "hh": "13",
            "mm": "10",
            "congestionCar": [
              47,
              45,
              56,
              54,
              58,
              59,
              48,
              39,
              28,
              26
            ]
          },
          {
            "dow": "MON",
            "hh": "13",
            "mm": "20",
            "congestionCar": [
              44,
              42,
              48,
              46,
              50,
              52,
              46,
              34,
              25,
              24
            ]
          },
          {
            "dow": "MON",
            "hh": "13",
            "mm": "30",
            "congestionCar": [
              35,
              43,
              40,
              47,
              51,
              57,
              43,
              34,
              28,
              22
            ]
          },
          {
            "dow": "MON",
            "hh": "13",
            "mm": "40",
            "congestionCar": [
              36,
              43,
              54,
              53,
              57,
              58,
              52,
              38,
              34,
              25
            ]
          },
          {
            "dow": "MON",
            "hh": "13",
            "mm": "50",
            "congestionCar": [
              39,
              34,
              44,
              53,
              57,
              61,
              46,
              38,
              29,
              28
            ]
          }
        ]
      },
      {
        "startStationCode": "211",
        "startStationName": "성수역",
        "endStationCode": "211",
        "endStationName": "성수역",
        "prevStationCode": "225",
        "prevStationName": "방배역",
        "updnLine": 0,
        "directAt": 0,
        "data": [
          {
            "dow": "MON",
            "hh": "13",
            "mm": "00",
            "congestionCar": [
              33,
              34,
              45,
              62,
              61,
              60,
              58,
              45,
              38,
              43
            ]
          },
          {
            "dow": "MON",
            "hh": "13",
            "mm": "10",
            "congestionCar": [
              34,
              37,
              50,
              66,
              71,
              62,
              56,
              44,
              39,
              51
            ]
          },
          {
            "dow": "MON",
            "hh": "13",
            "mm": "20",
            "congestionCar": [
              37,
              39,
              60,
              66,
              65,
              67,
              63,
              53,
              43,
              48
            ]
          },
          {
            "dow": "MON",
            "hh": "13",
            "mm": "30",
            "congestionCar": [
              38,
              46,
              61,
              69,
              75,
              69,
              68,
              53,
              46,
              56
            ]
          },
          {
            "dow": "MON",
            "hh": "13",
            "mm": "40",
            "congestionCar": [
              38,
              44,
              65,
              77,
              82,
              75,
              69,
              54,
              50,
              56
            ]
          },
          {
            "dow": "MON",
            "hh": "13",
            "mm": "50",
            "congestionCar": [
              26,
              30,
              44,
              46,
              58,
              54,
              48,
              41,
              34,
              40
            ]
          }
        ]
      },
      {
        "startStationCode": "211",
        "startStationName": "성수역",
        "endStationCode": "211",
        "endStationName": "성수역",
        "prevStationCode": "223",
        "prevStationName": "교대역",
        "updnLine": 1,
        "directAt": 0,
        "data": [
          {
            "dow": "MON",
            "hh": "13",
            "mm": "00",
            "congestionCar": [
              41,
              43,
              45,
              46,
              51,
              51,
              44,
              39,
              28,
              20
            ]
          },
          {
            "dow": "MON",
            "hh": "13",
            "mm": "10",
            "congestionCar": [
              42,
              40,
              50,
              48,
              52,
              52,
              43,
              34,
              25,
              23
            ]
          },
          {
            "dow": "MON",
            "hh": "13",
            "mm": "20",
            "congestionCar": [
              44,
              42,
              48,
              46,
              50,
              52,
              46,
              34,
              25,
              24
            ]
          },
          {
            "dow": "MON",
            "hh": "13",
            "mm": "30",
            "congestionCar": [
              18,
              21,
              20,
              23,
              26,
              28,
              21,
              17,
              14,
              11
            ]
          },
          {
            "dow": "MON",
            "hh": "13",
            "mm": "40",
            "congestionCar": [
              36,
              43,
              54,
              53,
              57,
              58,
              52,
              38,
              34,
              25
            ]
          },
          {
            "dow": "MON",
            "hh": "13",
            "mm": "50",
            "congestionCar": [
              39,
              34,
              44,
              53,
              57,
              61,
              46,
              38,
              29,
              28
            ]
          }
        ]
      },
      {
        "startStationCode": "211",
        "startStationName": "성수역",
        "endStationCode": "211-R",
        "endStationName": "성수역",
        "prevStationCode": "225",
        "prevStationName": "방배역",
        "updnLine": 0,
        "directAt": 0,
        "data": [
          {
            "dow": "MON",
            "hh": "13",
            "mm": "00",
            "congestionCar": [
              33,
              34,
              45,
              62,
              61,
              60,
              58,
              45,
              38,
              43
            ]
          },
          {
            "dow": "MON",
            "hh": "13",
            "mm": "10",
            "congestionCar": [
              34,
              37,
              50,
              66,
              71,
              62,
              56,
              44,
              39,
              51
            ]
          },
          {
            "dow": "MON",
            "hh": "13",
            "mm": "20",
            "congestionCar": [
              39,
              41,
              63,
              70,
              69,
              71,
              66,
              56,
              45,
              50
            ]
          },
          {
            "dow": "MON",
            "hh": "13",
            "mm": "30",
            "congestionCar": [
              41,
              49,
              65,
              74,
              80,
              73,
              73,
              57,
              49,
              59
            ]
          },
          {
            "dow": "MON",
            "hh": "13",
            "mm": "40",
            "congestionCar": [
              40,
              46,
              68,
              81,
              86,
              79,
              72,
              57,
              53,
              59
            ]
          },
          {
            "dow": "MON",
            "hh": "13",
            "mm": "50",
            "congestionCar": [
              26,
              30,
              44,
              46,
              58,
              54,
              48,
              41,
              34,
              40
            ]
          }
        ]
      },
      {
        "startStationCode": "211",
        "startStationName": "성수역",
        "endStationCode": "211-R",
        "endStationName": "성수역",
        "prevStationCode": "223",
        "prevStationName": "교대역",
        "updnLine": 1,
        "directAt": 0,
        "data": [
          {
            "dow": "MON",
            "hh": "13",
            "mm": "00",
            "congestionCar": [
              44,
              46,
              48,
              49,
              55,
              55,
              48,
              42,
              30,
              22
            ]
          },
          {
            "dow": "MON",
            "hh": "13",
            "mm": "10",
            "congestionCar": [
              48,
              46,
              57,
              56,
              59,
              60,
              49,
              39,
              28,
              27
            ]
          },
          {
            "dow": "MON",
            "hh": "13",
            "mm": "20",
            "congestionCar": [
              44,
              42,
              48,
              46,
              50,
              52,
              46,
              34,
              25,
              24
            ]
          },
          {
            "dow": "MON",
            "hh": "13",
            "mm": "30",
            "congestionCar": [
              35,
              43,
              40,
              47,
              51,
              57,
              43,
              34,
              28,
              22
            ]
          },
          {
            "dow": "MON",
            "hh": "13",
            "mm": "40",
            "congestionCar": [
              36,
              43,
              54,
              53,
              57,
              58,
              52,
              38,
              34,
              25
            ]
          },
          {
            "dow": "MON",
            "hh": "13",
            "mm": "50",
            "congestionCar": [
              39,
              34,
              44,
              53,
              57,
              61,
              46,
              38,
              29,
              28
            ]
          }
        ]
      },
      {
        "startStationCode": "211",
        "startStationName": "성수역",
        "endStationCode": "219",
        "endStationName": "삼성역",
        "prevStationCode": "225",
        "prevStationName": "방배역",
        "updnLine": 0,
        "directAt": 0,
        "data": [
          {
            "dow": "MON",
            "hh": "13",
            "mm": "00",
            "congestionCar": [
              33,
              34,
              45,
              62,
              61,
              60,
              58,
              45,
              38,
              43
            ]
          },
          {
            "dow": "MON",
            "hh": "13",
            "mm": "10",
            "congestionCar": [
              34,
              37,
              50,
              66,
              71,
              62,
              56,
              44,
              39,
              51
            ]
          },
          {
            "dow": "MON",
            "hh": "13",
            "mm": "20",
            "congestionCar": [
              37,
              39,
              60,
              66,
              65,
              67,
              63,
              53,
              43,
              48
            ]
          },
          {
            "dow": "MON",
            "hh": "13",
            "mm": "30",
            "congestionCar": [
              38,
              46,
              61,
              69,
              75,
              69,
              68,
              53,
              46,
              56
            ]
          },
          {
            "dow": "MON",
            "hh": "13",
            "mm": "40",
            "congestionCar": [
              38,
              44,
              65,
              77,
              82,
              75,
              69,
              54,
              50,
              56
            ]
          },
          {
            "dow": "MON",
            "hh": "13",
            "mm": "50",
            "congestionCar": [
              26,
              30,
              44,
              46,
              58,
              54,
              48,
              41,
              34,
              40
            ]
          }
        ]
      },
      {
        "startStationCode": "211",
        "startStationName": "성수역",
        "endStationCode": "228",
        "endStationName": "서울대입구역",
        "prevStationCode": "223",
        "prevStationName": "교대역",
        "updnLine": 1,
        "directAt": 0,
        "data": [
          {
            "dow": "MON",
            "hh": "13",
            "mm": "00",
            "congestionCar": [
              43,
              45,
              47,
              48,
              54,
              54,
              47,
              41,
              29,
              21
            ]
          },
          {
            "dow": "MON",
            "hh": "13",
            "mm": "10",
            "congestionCar": [
              47,
              45,
              56,
              54,
              58,
              59,
              48,
              39,
              28,
              26
            ]
          },
          {
            "dow": "MON",
            "hh": "13",
            "mm": "20",
            "congestionCar": [
              44,
              42,
              48,
              46,
              50,
              52,
              46,
              34,
              25,
              24
            ]
          },
          {
            "dow": "MON",
            "hh": "13",
            "mm": "30",
            "congestionCar": [
              35,
              43,
              40,
              47,
              51,
              57,
              43,
              34,
              28,
              22
            ]
          },
          {
            "dow": "MON",
            "hh": "13",
            "mm": "40",
            "congestionCar": [
              36,
              43,
              54,
              53,
              57,
              58,
              52,
              38,
              34,
              25
            ]
          },
          {
            "dow": "MON",
            "hh": "13",
            "mm": "50",
            "congestionCar": [
              39,
              34,
              44,
              53,
              57,
              61,
              46,
              38,
              29,
              28
            ]
          }
        ]
      },
      {
        "startStationCode": "211",
        "startStationName": "성수역",
        "endStationCode": "234",
        "endStationName": "신도림역",
        "prevStationCode": "223",
        "prevStationName": "교대역",
        "updnLine": 1,
        "directAt": 0,
        "data": [
          {
            "dow": "MON",
            "hh": "13",
            "mm": "00",
            "congestionCar": [
              43,
              45,
              47,
              48,
              54,
              54,
              47,
              41,
              29,
              21
            ]
          },
          {
            "dow": "MON",
            "hh": "13",
            "mm": "10",
            "congestionCar": [
              47,
              45,
              56,
              54,
              58,
              59,
              48,
              39,
              28,
              26
            ]
          },
          {
            "dow": "MON",
            "hh": "13",
            "mm": "20",
            "congestionCar": [
              44,
              42,
              48,
              46,
              50,
              52,
              46,
              34,
              25,
              24
            ]
          },
          {
            "dow": "MON",
            "hh": "13",
            "mm": "30",
            "congestionCar": [
              35,
              43,
              40,
              47,
              51,
              57,
              43,
              34,
              28,
              22
            ]
          },
          {
            "dow": "MON",
            "hh": "13",
            "mm": "40",
            "congestionCar": [
              36,
              43,
              54,
              53,
              57,
              58,
              52,
              38,
              34,
              25
            ]
          },
          {
            "dow": "MON",
            "hh": "13",
            "mm": "50",
            "congestionCar": [
              39,
              34,
              44,
              53,
              57,
              61,
              46,
              38,
              29,
              28
            ]
          }
        ]
      },
      {
        "startStationCode": "211",
        "startStationName": "성수역",
        "endStationCode": "239",
        "endStationName": "홍대입구역",
        "prevStationCode": "223",
        "prevStationName": "교대역",
        "updnLine": 1,
        "directAt": 0,
        "data": [
          {
            "dow": "MON",
            "hh": "13",
            "mm": "00",
            "congestionCar": [
              43,
              45,
              47,
              48,
              54,
              54,
              47,
              41,
              29,
              21
            ]
          },
          {
            "dow": "MON",
            "hh": "13",
            "mm": "10",
            "congestionCar": [
              47,
              45,
              56,
              54,
              58,
              59,
              48,
              39,
              28,
              26
            ]
          },
          {
            "dow": "MON",
            "hh": "13",
            "mm": "20",
            "congestionCar": [
              44,
              42,
              48,
              46,
              50,
              52,
              46,
              34,
              25,
              24
            ]
          },
          {
            "dow": "MON",
            "hh": "13",
            "mm": "30",
            "congestionCar": [
              35,
              43,
              40,
              47,
              51,
              57,
              43,
              34,
              28,
              22
            ]
          },
          {
            "dow": "MON",
            "hh": "13",
            "mm": "40",
            "congestionCar": [
              36,
              43,
              54,
              53,
              57,
              58,
              52,
              38,
              34,
              25
            ]
          },
          {
            "dow": "MON",
            "hh": "13",
            "mm": "50",
            "congestionCar": [
              39,
              34,
              44,
              53,
              57,
              61,
              46,
              38,
              29,
              28
            ]
          }
        ]
      },
      {
        "startStationCode": "219",
        "startStationName": "삼성역",
        "endStationCode": "211-R",
        "endStationName": "성수역",
        "prevStationCode": "223",
        "prevStationName": "교대역",
        "updnLine": 1,
        "directAt": 0,
        "data": [
          {
            "dow": "MON",
            "hh": "13",
            "mm": "00",
            "congestionCar": [
              43,
              45,
              47,
              48,
              54,
              54,
              47,
              41,
              29,
              21
            ]
          },
          {
            "dow": "MON",
            "hh": "13",
            "mm": "10",
            "congestionCar": [
              47,
              45,
              56,
              54,
              58,
              59,
              48,
              39,
              28,
              26
            ]
          },
          {
            "dow": "MON",
            "hh": "13",
            "mm": "20",
            "congestionCar": [
              44,
              42,
              48,
              46,
              50,
              52,
              46,
              34,
              25,
              24
            ]
          },
          {
            "dow": "MON",
            "hh": "13",
            "mm": "30",
            "congestionCar": [
              35,
              43,
              40,
              47,
              51,
              57,
              43,
              34,
              28,
              22
            ]
          },
          {
            "dow": "MON",
            "hh": "13",
            "mm": "40",
            "congestionCar": [
              36,
              43,
              54,
              53,
              57,
              58,
              52,
              38,
              34,
              25
            ]
          },
          {
            "dow": "MON",
            "hh": "13",
            "mm": "50",
            "congestionCar": [
              39,
              34,
              44,
              53,
              57,
              61,
              46,
              38,
              29,
              28
            ]
          }
        ]
      },
      {
        "startStationCode": "228",
        "startStationName": "서울대입구역",
        "endStationCode": "211",
        "endStationName": "성수역",
        "prevStationCode": "225",
        "prevStationName": "방배역",
        "updnLine": 0,
        "directAt": 0,
        "data": [
          {
            "dow": "MON",
            "hh": "13",
            "mm": "00",
            "congestionCar": [
              33,
              34,
              45,
              62,
              61,
              60,
              58,
              45,
              38,
              43
            ]
          },
          {
            "dow": "MON",
            "hh": "13",
            "mm": "10",
            "congestionCar": [
              34,
              37,
              50,
              66,
              71,
              62,
              56,
              44,
              39,
              51
            ]
          },
          {
            "dow": "MON",
            "hh": "13",
            "mm": "20",
            "congestionCar": [
              37,
              39,
              60,
              66,
              65,
              67,
              63,
              53,
              43,
              48
            ]
          },
          {
            "dow": "MON",
            "hh": "13",
            "mm": "30",
            "congestionCar": [
              38,
              46,
              61,
              69,
              75,
              69,
              68,
              53,
              46,
              56
            ]
          },
          {
            "dow": "MON",
            "hh": "13",
            "mm": "40",
            "congestionCar": [
              38,
              44,
              65,
              77,
              82,
              75,
              69,
              54,
              50,
              56
            ]
          },
          {
            "dow": "MON",
            "hh": "13",
            "mm": "50",
            "congestionCar": [
              26,
              30,
              44,
              46,
              58,
              54,
              48,
              41,
              34,
              40
            ]
          }
        ]
      },
      {
        "startStationCode": "228",
        "startStationName": "서울대입구역",
        "endStationCode": "211-R",
        "endStationName": "성수역",
        "prevStationCode": "225",
        "prevStationName": "방배역",
        "updnLine": 0,
        "directAt": 0,
        "data": [
          {
            "dow": "MON",
            "hh": "13",
            "mm": "00",
            "congestionCar": [
              33,
              34,
              45,
              62,
              61,
              60,
              58,
              45,
              38,
              43
            ]
          },
          {
            "dow": "MON",
            "hh": "13",
            "mm": "10",
            "congestionCar": [
              34,
              37,
              50,
              66,
              71,
              62,
              56,
              44,
              39,
              51
            ]
          },
          {
            "dow": "MON",
            "hh": "13",
            "mm": "20",
            "congestionCar": [
              37,
              39,
              60,
              66,
              65,
              67,
              63,
              53,
              43,
              48
            ]
          },
          {
            "dow": "MON",
            "hh": "13",
            "mm": "30",
            "congestionCar": [
              38,
              46,
              61,
              69,
              75,
              69,
              68,
              53,
              46,
              56
            ]
          },
          {
            "dow": "MON",
            "hh": "13",
            "mm": "40",
            "congestionCar": [
              38,
              44,
              65,
              77,
              82,
              75,
              69,
              54,
              50,
              56
            ]
          },
          {
            "dow": "MON",
            "hh": "13",
            "mm": "50",
            "congestionCar": [
              26,
              30,
              44,
              46,
              58,
              54,
              48,
              41,
              34,
              40
            ]
          }
        ]
      },
      {
        "startStationCode": "234",
        "startStationName": "신도림역",
        "endStationCode": "211",
        "endStationName": "성수역",
        "prevStationCode": "225",
        "prevStationName": "방배역",
        "updnLine": 0,
        "directAt": 0,
        "data": [
          {
            "dow": "MON",
            "hh": "13",
            "mm": "00",
            "congestionCar": [
              33,
              34,
              45,
              62,
              61,
              60,
              58,
              45,
              38,
              43
            ]
          },
          {
            "dow": "MON",
            "hh": "13",
            "mm": "10",
            "congestionCar": [
              34,
              37,
              50,
              66,
              71,
              62,
              56,
              44,
              39,
              51
            ]
          },
          {
            "dow": "MON",
            "hh": "13",
            "mm": "20",
            "congestionCar": [
              37,
              39,
              60,
              66,
              65,
              67,
              63,
              53,
              43,
              48
            ]
          },
          {
            "dow": "MON",
            "hh": "13",
            "mm": "30",
            "congestionCar": [
              38,
              46,
              61,
              69,
              75,
              69,
              68,
              53,
              46,
              56
            ]
          },
          {
            "dow": "MON",
            "hh": "13",
            "mm": "40",
            "congestionCar": [
              38,
              44,
              65,
              77,
              82,
              75,
              69,
              54,
              50,
              56
            ]
          },
          {
            "dow": "MON",
            "hh": "13",
            "mm": "50",
            "congestionCar": [
              26,
              30,
              44,
              46,
              58,
              54,
              48,
              41,
              34,
              40
            ]
          }
        ]
      },
      {
        "startStationCode": "234",
        "startStationName": "신도림역",
        "endStationCode": "211-R",
        "endStationName": "성수역",
        "prevStationCode": "225",
        "prevStationName": "방배역",
        "updnLine": 0,
        "directAt": 0,
        "data": [
          {
            "dow": "MON",
            "hh": "13",
            "mm": "00",
            "congestionCar": [
              33,
              34,
              45,
              62,
              61,
              60,
              58,
              45,
              38,
              43
            ]
          },
          {
            "dow": "MON",
            "hh": "13",
            "mm": "10",
            "congestionCar": [
              34,
              37,
              50,
              66,
              71,
              62,
              56,
              44,
              39,
              51
            ]
          },
          {
            "dow": "MON",
            "hh": "13",
            "mm": "20",
            "congestionCar": [
              37,
              39,
              60,
              66,
              65,
              67,
              63,
              53,
              43,
              48
            ]
          },
          {
            "dow": "MON",
            "hh": "13",
            "mm": "30",
            "congestionCar": [
              38,
              46,
              61,
              69,
              75,
              69,
              68,
              53,
              46,
              56
            ]
          },
          {
            "dow": "MON",
            "hh": "13",
            "mm": "40",
            "congestionCar": [
              38,
              44,
              65,
              77,
              82,
              75,
              69,
              54,
              50,
              56
            ]
          },
          {
            "dow": "MON",
            "hh": "13",
            "mm": "50",
            "congestionCar": [
              26,
              30,
              44,
              46,
              58,
              54,
              48,
              41,
              34,
              40
            ]
          }
        ]
      },
      {
        "startStationCode": "239",
        "startStationName": "홍대입구역",
        "endStationCode": "211",
        "endStationName": "성수역",
        "prevStationCode": "225",
        "prevStationName": "방배역",
        "updnLine": 0,
        "directAt": 0,
        "data": [
          {
            "dow": "MON",
            "hh": "13",
            "mm": "00",
            "congestionCar": [
              33,
              34,
              45,
              62,
              61,
              60,
              58,
              45,
              38,
              43
            ]
          },
          {
            "dow": "MON",
            "hh": "13",
            "mm": "10",
            "congestionCar": [
              34,
              37,
              50,
              66,
              71,
              62,
              56,
              44,
              39,
              51
            ]
          },
          {
            "dow": "MON",
            "hh": "13",
            "mm": "20",
            "congestionCar": [
              37,
              39,
              60,
              66,
              65,
              67,
              63,
              53,
              43,
              48
            ]
          },
          {
            "dow": "MON",
            "hh": "13",
            "mm": "30",
            "congestionCar": [
              38,
              46,
              61,
              69,
              75,
              69,
              68,
              53,
              46,
              56
            ]
          },
          {
            "dow": "MON",
            "hh": "13",
            "mm": "40",
            "congestionCar": [
              38,
              44,
              65,
              77,
              82,
              75,
              69,
              54,
              50,
              56
            ]
          },
          {
            "dow": "MON",
            "hh": "13",
            "mm": "50",
            "congestionCar": [
              26,
              30,
              44,
              46,
              58,
              54,
              48,
              41,
              34,
              40
            ]
          }
        ]
      },
      {
        "startStationCode": "239",
        "startStationName": "홍대입구역",
        "endStationCode": "211-R",
        "endStationName": "성수역",
        "prevStationCode": "225",
        "prevStationName": "방배역",
        "updnLine": 0,
        "directAt": 0,
        "data": [
          {
            "dow": "MON",
            "hh": "13",
            "mm": "00",
            "congestionCar": [
              33,
              34,
              45,
              62,
              61,
              60,
              58,
              45,
              38,
              43
            ]
          },
          {
            "dow": "MON",
            "hh": "13",
            "mm": "10",
            "congestionCar": [
              34,
              37,
              50,
              66,
              71,
              62,
              56,
              44,
              39,
              51
            ]
          },
          {
            "dow": "MON",
            "hh": "13",
            "mm": "20",
            "congestionCar": [
              37,
              39,
              60,
              66,
              65,
              67,
              63,
              53,
              43,
              48
            ]
          },
          {
            "dow": "MON",
            "hh": "13",
            "mm": "30",
            "congestionCar": [
              38,
              46,
              61,
              69,
              75,
              69,
              68,
              53,
              46,
              56
            ]
          },
          {
            "dow": "MON",
            "hh": "13",
            "mm": "40",
            "congestionCar": [
              38,
              44,
              65,
              77,
              82,
              75,
              69,
              54,
              50,
              56
            ]
          },
          {
            "dow": "MON",
            "hh": "13",
            "mm": "50",
            "congestionCar": [
              26,
              30,
              44,
              46,
              58,
              54,
              48,
              41,
              34,
              40
            ]
          }
        ]
      }
    ],
    "statStartDate": "20230924",
    "statEndDate": "20231223"
  }
}