{
  "status": {
    "code": "00",
    "message": "success",
    "totalCount": 1
  },
  "contents": {
    "subwayLine": "2호선",
    "stationName": "홍대입구역",
    "stationCode": "239",
    "stat": [
      {
        "startStationCode": "202",
        "startStationName": "을지로입구역",
        "endStationCode": "211",
        "endStationName": "성수역",
        "prevStationCode": "240",
        "prevStationName": "신촌역",
        "updnLine": 0,
        "directAt": 0,
        "data": [
          {
            "dow": "FRI",
            "hh": "13",
            "mm": "00",
            "congestionCar": [
              27,
              27,
              35,
              39,
              31,
              31,
              30,
              24,
              26,
              20
            ]
          },
          {
            "dow": "FRI",
            "hh": "13",
            "mm": "10",
            "congestionCar": [
              20,
              29,
              42,
              38,
              36,
              30,
              31,
              33,
              27,
              24
            ]
          },
          {
            "dow": "FRI",
            "hh": "13",
            "mm": "20",
            "congestionCar": [
              23,
              32,
              41,
              40,
              37,
              38,
              37,
              37,
              27,
              19
            ]
          },
          {
            "dow": "FRI",
            "hh": "13",
            "mm": "30",
            "congestionCar": [
              25,
              34,
              42,
              43,
              31,
              35,
              32,
              35,
              27,
              26
            ]
          },
          {
            "dow": "FRI",
            "hh": "13",
            "mm": "40",
            "congestionCar": [
              19,
              26,
              35,
              37,
              26,
              26,
              28,
              25,
              20,
              18
            ]
          },
          {
            "dow": "FRI",
            "hh": "13",
            "mm": "50",
            "congestionCar": [
              23,
              31,
              41,
              38,
              36,
              31,
              31,
              27,
              32,
              19
            ]
          }
        ]
      },
      {
        "startStationCode": "202",
        "startStationName": "을지로입구역",
        "endStationCode": "211-R",
        "endStationName": "성수역",
        "prevStationCode": "240",
        "prevStationName": "신촌역",
        "updnLine": 0,
        "directAt": 0,
        "data": [
          {
            "dow": "FRI",
            "hh": "13",
            "mm": "00",
            "congestionCar": [
              27,
              27,
              35,
              39,
              31,
              31,
              30,
              24,
              26,
              20
            ]
          },
          {
            "dow": "FRI",
            "hh": "13",
            "mm": "10",
            "congestionCar": [
              20,
              29,
              42,
              38,
              36,
              30,
              31,
              33,
              27,
              24
            ]
          },
          {
            "dow": "FRI",
            "hh": "13",
            "mm": "20",
            "congestionCar": [
              23,
              32,
              41,
              40,
              37,
              38,
              37,
              37,
              27,
              19
            ]
          },
          {
            "dow": "FRI",
            "hh": "13",
            "mm": "30",
            "congestionCar": [
              25,
              34,
              42,
              43,
              31,
              35,
              32,
              35,
              27,
              26
            ]
          },
          {
            "dow": "FRI",
            "hh": "13",
            "mm": "40",
            "congestionCar": [
              19,
              26,
              35,
              37,
              26,
              26,
              28,
              25,
              20,
              18
            ]
          },
          {
            "dow": "FRI",
            "hh": "13",
            "mm": "50",
            "congestionCar": [
              23,
              31,
              41,
              38,
              36,
              31,
              31,
              27,
              32,
              19
            ]
          }
        ]
      },
      {
        "startStationCode": "211",
        "startStationName": "성수역",
        "endStationCode": "202",
        "endStationName": "을지로입구역",
        "prevStationCode": "238",
        "prevStationName": "합정역",
        "updnLine": 1,
        "directAt": 0,
        "data": [
          {
            "dow": "FRI",
            "hh": "13",
            "mm": "00",
            "congestionCar": [
              39,
              33,
              34,
              37,
              45,
              46,
              38,
              38,
              30,
              30
            ]
          },
          {
            "dow": "FRI",
            "hh": "13",
            "mm": "10",
            "congestionCar": [
              42,
              39,
              40,
              53,
              54,
              54,
              48,
              54,
              38,
              37
            ]
          },
          {
            "dow": "FRI",
            "hh": "13",
            "mm": "20",
            "congestionCar": [
              42,
              38,
              46,
              53,
              52,
              58,
              63,
              51,
              43,
              33
            ]
          },
          {
            "dow": "FRI",
            "hh": "13",
            "mm": "30",
            "congestionCar": [
              34,
              36,
              37,
              42,
              41,
              43,
              43,
              43,
              30,
              30
            ]
          },
          {
            "dow": "FRI",
            "hh": "13",
            "mm": "40",
            "congestionCar": [
              30,
              32,
              30,
              33,
              35,
              44,
              44,
              37,
              28,
              27
            ]
          },
          {
            "dow": "FRI",
            "hh": "13",
            "mm": "50",
            "congestionCar": [
              27,
              24,
              27,
              33,
              45,
              42,
              35,
              39,
              26,
              22
            ]
          }
        ]
      },
      {
        "startStationCode": "211",
        "startStationName": "성수역",
        "endStationCode": "211",
        "endStationName": "성수역",
        "prevStationCode": "240",
        "prevStationName": "신촌역",
        "updnLine": 0,
        "directAt": 0,
        "data": [
          {
            "dow": "FRI",
            "hh": "13",
            "mm": "00",
            "congestionCar": [
              27,
              27,
              35,
              39,
              31,
              31,
              30,
              24,
              26,
              20
            ]
          },
          {
            "dow": "FRI",
            "hh": "13",
            "mm": "10",
            "congestionCar": [
              20,
              29,
              42,
              38,
              36,
              30,
              31,
              33,
              27,
              24
            ]
          },
          {
            "dow": "FRI",
            "hh": "13",
            "mm": "20",
            "congestionCar": [
              23,
              32,
              41,
              40,
              37,
              38,
              37,
              37,
              27,
              19
            ]
          },
          {
            "dow": "FRI",
            "hh": "13",
            "mm": "30",
            "congestionCar": [
              25,
              34,
              42,
              43,
              31,
              35,
              32,
              35,
              27,
              26
            ]
          },
          {
            "dow": "FRI",
            "hh": "13",
            "mm": "40",
            "congestionCar": [
              19,
              26,
              35,
              37,
              26,
              26,
              28,
              25,
              20,
              18
            ]
          },
          {
            "dow": "FRI",
            "hh": "13",
            "mm": "50",
            "congestionCar": [
              23,
              31,
              41,
              38,
              36,
              31,
              31,
              27,
              32,
              19
            ]
          }
        ]
      },
      {
        "startStationCode": "211",
        "startStationName": "성수역",
        "endStationCode": "211",
        "endStationName": "성수역",
        "prevStationCode": "238",
        "prevStationName": "합정역",
        "updnLine": 1,
        "directAt": 0,
        "data": [
          {
            "dow": "FRI",
            "hh": "13",
            "mm": "00",
            "congestionCar": [
              20,
              17,
              17,
              19,
              23,
              24,
              19,
              19,
              16,
              15
            ]
          },
          {
            "dow": "FRI",
            "hh": "13",
            "mm": "10",
            "congestionCar": [
              35,
              32,
              33,
              44,
              45,
              44,
              40,
              45,
              32,
              31
            ]
          },
          {
            "dow": "FRI",
            "hh": "13",
            "mm": "20",
            "congestionCar": [
              17,
              15,
              18,
              21,
              20,
              23,
              25,
              20,
              17,
              13
            ]
          },
          {
            "dow": "FRI",
            "hh": "13",
            "mm": "30",
            "congestionCar": [
              34,
              36,
              37,
              42,
              41,
              43,
              43,
              43,
              30,
              30
            ]
          },
          {
            "dow": "FRI",
            "hh": "13",
            "mm": "40",
            "congestionCar": [
              30,
              32,
              30,
              33,
              35,
              44,
              44,
              37,
              28,
              27
            ]
          },
          {
            "dow": "FRI",
            "hh": "13",
            "mm": "50",
            "congestionCar": [
              27,
              24,
              27,
              33,
              45,
              42,
              35,
              39,
              26,
              22
            ]
          }
        ]
      },
      {
        "startStationCode": "211",
        "startStationName": "성수역",
        "endStationCode": "211-R",
        "endStationName": "성수역",
        "prevStationCode": "240",
        "prevStationName": "신촌역",
        "updnLine": 0,
        "directAt": 0,
        "data": [
          {
            "dow": "FRI",
            "hh": "13",
            "mm": "00",
            "congestionCar": [
              29,
              29,
              37,
              42,
              34,
              33,
              32,
              25,
              27,
              22
            ]
          },
          {
            "dow": "FRI",
            "hh": "13",
            "mm": "10",
            "congestionCar": [
              20,
              29,
              42,
              38,
              36,
              30,
              31,
              33,
              27,
              24
            ]
          },
          {
            "dow": "FRI",
            "hh": "13",
            "mm": "20",
            "congestionCar": [
              23,
              32,
              41,
              40,
              37,
              38,
              37,
              37,
              27,
              19
            ]
          },
          {
            "dow": "FRI",
            "hh": "13",
            "mm": "30",
            "congestionCar": [
              26,
              36,
              45,
              46,
              33,
              37,
              34,
              37,
              29,
              28
            ]
          },
          {
            "dow": "FRI",
            "hh": "13",
            "mm": "40",
            "congestionCar": [
              22,
              29,
              39,
              41,
              29,
              29,
              31,
              28,
              22,
              20
            ]
          },
          {
            "dow": "FRI",
            "hh": "13",
            "mm": "50",
            "congestionCar": [
              25,
              33,
              45,
              41,
              40,
              34,
              34,
              30,
              35,
              21
            ]
          }
        ]
      },
      {
        "startStationCode": "211",
        "startStationName": "성수역",
        "endStationCode": "211-R",
        "endStationName": "성수역",
        "prevStationCode": "238",
        "prevStationName": "합정역",
        "updnLine": 1,
        "directAt": 0,
        "data": [
          {
            "dow": "FRI",
            "hh": "13",
            "mm": "00",
            "congestionCar": [
              41,
              35,
              36,
              39,
              48,
              49,
              40,
              40,
              32,
              31
            ]
          },
          {
            "dow": "FRI",
            "hh": "13",
            "mm": "10",
            "congestionCar": [
              44,
              40,
              41,
              56,
              56,
              56,
              50,
              57,
              40,
              39
            ]
          },
          {
            "dow": "FRI",
            "hh": "13",
            "mm": "20",
            "congestionCar": [
              44,
              40,
              48,
              55,
              54,
              61,
              66,
              53,
              45,
              34
            ]
          },
          {
            "dow": "FRI",
            "hh": "13",
            "mm": "30",
            "congestionCar": [
              38,
              40,
              42,
              47,
              47,
              49,
              49,
              49,
              34,
              34
            ]
          },
          {
            "dow": "FRI",
            "hh": "13",
            "mm": "40",
            "congestionCar": [
              34,
              36,
              33,
              37,
              40,
              49,
              49,
              41,
              32,
              30
            ]
          },
          {
            "dow": "FRI",
            "hh": "13",
            "mm": "50",
            "congestionCar": [
              29,
              26,
              29,
              35,
              48,
              44,
              37,
              42,
              27,
              23
            ]
          }
        ]
      },
      {
        "startStationCode": "211",
        "startStationName": "성수역",
        "endStationCode": "219",
        "endStationName": "삼성역",
        "prevStationCode": "240",
        "prevStationName": "신촌역",
        "updnLine": 0,
        "directAt": 0,
        "data": [
          {
            "dow": "FRI",
            "hh": "13",
            "mm": "00",
            "congestionCar": [
              27,
              27,
              35,
              39,
              31,
              31,
              30,
              24,
              26,
              20
            ]
          },
          {
            "dow": "FRI",
            "hh": "13",
            "mm": "10",
            "congestionCar": [
              20,
              29,
              42,
              38,
              36,
              30,
              31,
              33,
              27,
              24
            ]
          },
          {
            "dow": "FRI",
            "hh": "13",
            "mm": "20",
            "congestionCar": [
              23,
              32,
              41,
              40,
              37,
              38,
              37,
              37,
              27,
              19
            ]
          },
          {
            "dow": "FRI",
            "hh": "13",
            "mm": "30",
            "congestionCar": [
              25,
              34,
              42,
              43,
              31,
              35,
              32,
              35,
              27,
              26
            ]
          },
          {
            "dow": "FRI",
            "hh": "13",
            "mm": "40",
            "congestionCar": [
              19,
              26,
              35,
              37,
              26,
              26,
              28,
              25,
              20,
              18
            ]
          },
          {
            "dow": "FRI",
            "hh": "13",
            "mm": "50",
            "congestionCar": [
              23,
              31,
              41,
              38,
              36,
              31,
              31,
              27,
              32,
              19
            ]
          }
        ]
      },
      {
        "startStationCode": "211",
        "startStationName": "성수역",
        "endStationCode": "228",
        "endStationName": "서울대입구역",
        "prevStationCode": "240",
        "prevStationName": "신촌역",
        "updnLine": 0,
        "directAt": 0,
        "data": [
          {
            "dow": "FRI",
            "hh": "13",
            "mm": "00",
            "congestionCar": [
              27,
              27,
              35,
              39,
              31,
              31,
              30,
              24,
              26,
              20
            ]
          },
          {
            "dow": "FRI",
            "hh": "13",
            "mm": "10",
            "congestionCar": [
              20,
              29,
              42,
              38,
              36,
              30,
              31,
              33,
              27,
              24
            ]
          },
          {
            "dow": "FRI",
            "hh": "13",
            "mm": "20",
            "congestionCar": [
              23,
              32,
              41,
              40,
              37,
              38,
              37,
              37,
              27,
              19
            ]
          },
          {
            "dow": "FRI",
            "hh": "13",
            "mm": "30",
            "congestionCar": [
              25,
              34,
              42,
              43,
              31,
              35,
              32,
              35,
              27,
              26
            ]
          },
          {
            "dow": "FRI",
            "hh": "13",
            "mm": "40",
            "congestionCar": [
              19,
              26,
              35,
              37,
              26,
              26,
              28,
              25,
              20,
              18
            ]
          },
          {
            "dow": "FRI",
            "hh": "13",
            "mm": "50",
            "congestionCar": [
              23,
              31,
              41,
              38,
              36,
              31,
              31,
              27,
              32,
              19
            ]
          }
        ]
      },
      {
        "startStationCode": "211",
        "startStationName": "성수역",
        "endStationCode": "234",
        "endStationName": "신도림역",
        "prevStationCode": "240",
        "prevStationName": "신촌역",
        "updnLine": 0,
        "directAt": 0,
        "data": [
          {
            "dow": "FRI",
            "hh": "13",
            "mm": "00",
            "congestionCar": [
              27,
              27,
              35,
              39,
              31,
              31,
              30,
              24,
              26,
              20
            ]
          },
          {
            "dow": "FRI",
            "hh": "13",
            "mm": "10",
            "congestionCar": [
              20,
              29,
              42,
              38,
              36,
              30,
              31,
              33,
              27,
              24
            ]
          },
          {
            "dow": "FRI",
            "hh": "13",
            "mm": "20",
            "congestionCar": [
              23,
              32,
              41,
              40,
              37,
              38,
              37,
              37,
              27,
              19
            ]
          },
          {
            "dow": "FRI",
            "hh": "13",
            "mm": "30",
            "congestionCar": [
              25,
              34,
              42,
              43,
              31,
              35,
              32,
              35,
              27,
              26
            ]
          },
          {
            "dow": "FRI",
            "hh": "13",
            "mm": "40",
            "congestionCar": [
              19,
              26,
              35,
              37,
              26,
              26,
              28,
              25,
              20,
              18
            ]
          },
          {
            "dow": "FRI",
            "hh": "13",
            "mm": "50",
            "congestionCar": [
              23,
              31,
              41,
              38,
              36,
              31,
              31,
              27,
              32,
              19
            ]
          }
        ]
      },
      {
        "startStationCode": "211",
        "startStationName": "성수역",
        "endStationCode": "239",
        "endStationName": "홍대입구역",
        "prevStationCode": "240",
        "prevStationName": "신촌역",
        "updnLine": 0,
        "directAt": 0,
        "data": [
          {
            "dow": "FRI",
            "hh": "13",
            "mm": "00",
            "congestionCar": [
              27,
              27,
              35,
              39,
              31,
              31,
              30,
              24,
              26,
              20
            ]
          },
          {
            "dow": "FRI",
            "hh": "13",
            "mm": "10",
            "congestionCar": [
              20,
              29,
              42,
              38,
              36,
              30,
              31,
              33,
              27,
              24
            ]
          },
          {
            "dow": "FRI",
            "hh": "13",
            "mm": "20",
            "congestionCar": [
              23,
              32,
              41,
              40,
              37,
              38,
              37,
              37,
              27,
              19
            ]
          },
          {
            "dow": "FRI",
            "hh": "13",
            "mm": "30",
            "congestionCar": [
              25,
              34,
              42,
              43,
              31,
              35,
              32,
              35,
              27,
              26
            ]
          },
          {
            "dow": "FRI",
            "hh": "13",
            "mm": "40",
            "congestionCar": [
              19,
              26,
              35,
              37,
              26,
              26,
              28,
              25,
              20,
              18
            ]
          },
          {
            "dow": "FRI",
            "hh": "13",
            "mm": "50",
            "congestionCar": [
              23,
              31,
              41,
              38,
              36,
              31,
              31,
              27,
              32,
              19
            ]
          }
        ]
      },
      {
        "startStationCode": "211",
        "startStationName": "성수역",
        "endStationCode": "239",
        "endStationName": "홍대입구역",
        "prevStationCode": "238",
        "prevStationName": "합정역",
        "updnLine": 1,
        "directAt": 0,
        "data": [
          {
            "dow": "FRI",
            "hh": "13",
            "mm": "00",
            "congestionCar": [
              39,
              33,
              34,
              37,
              45,
              46,
              38,
              38,
              30,
              30
            ]
          },
          {
            "dow": "FRI",
            "hh": "13",
            "mm": "10",
            "congestionCar": [
              42,
              39,
              40,
              53,
              54,
              54,
              48,
              54,
              38,
              37
            ]
          },
          {
            "dow": "FRI",
            "hh": "13",
            "mm": "20",
            "congestionCar": [
              42,
              38,
              46,
              53,
              52,
              58,
              63,
              51,
              43,
              33
            ]
          },
          {
            "dow": "FRI",
            "hh": "13",
            "mm": "30",
            "congestionCar": [
              34,
              36,
              37,
              42,
              41,
              43,
              43,
              43,
              30,
              30
            ]
          },
          {
            "dow": "FRI",
            "hh": "13",
            "mm": "40",
            "congestionCar": [
              30,
              32,
              30,
              33,
              35,
              44,
              44,
              37,
              28,
              27
            ]
          },
          {
            "dow": "FRI",
            "hh": "13",
            "mm": "50",
            "congestionCar": [
              27,
              24,
              27,
              33,
              45,
              42,
              35,
              39,
              26,
              22
            ]
          }
        ]
      },
      {
        "startStationCode": "219",
        "startStationName": "삼성역",
        "endStationCode": "211-R",
        "endStationName": "성수역",
        "prevStationCode": "238",
        "prevStationName": "합정역",
        "updnLine": 1,
        "directAt": 0,
        "data": [
          {
            "dow": "FRI",
            "hh": "13",
            "mm": "00",
            "congestionCar": [
              39,
              33,
              34,
              37,
              45,
              46,
              38,
              38,
              30,
              30
            ]
          },
          {
            "dow": "FRI",
            "hh": "13",
            "mm": "10",
            "congestionCar": [
              42,
              39,
              40,
              53,
              54,
              54,
              48,
              54,
              38,
              37
            ]
          },
          {
            "dow": "FRI",
            "hh": "13",
            "mm": "20",
            "congestionCar": [
              42,
              38,
              46,
              53,
              52,
              58,
              63,
              51,
              43,
              33
            ]
          },
          {
            "dow": "FRI",
            "hh": "13",
            "mm": "30",
            "congestionCar": [
              34,
              36,
              37,
              42,
              41,
              43,
              43,
              43,
              30,
              30
            ]
          },
          {
            "dow": "FRI",
            "hh": "13",
            "mm": "40",
            "congestionCar": [
              30,
              32,
              30,
              33,
              35,
              44,
              44,
              37,
              28,
              27
            ]
          },
          {
            "dow": "FRI",
            "hh": "13",
            "mm": "50",
            "congestionCar": [
              27,
              24,
              27,
              33,
              45,
              42,
              35,
              39,
              26,
              22
            ]
          }
        ]
      },
      {
        "startStationCode": "228",
        "startStationName": "서울대입구역",
        "endStationCode": "211",
        "endStationName": "성수역",
        "prevStationCode": "238",
        "prevStationName": "합정역",
        "updnLine": 1,
        "directAt": 0,
        "data": [
          {
            "dow": "FRI",
            "hh": "13",
            "mm": "00",
            "congestionCar": [
              39,
              33,
              34,
              37,
              45,
              46,
              38,
              38,
              30,
              30
            ]
          },
          {
            "dow": "FRI",
            "hh": "13",
            "mm": "10",
            "congestionCar": [
              42,
              39,
              40,
              53,
              54,
              54,
              48,
              54,
              38,
              37
            ]
          },
          {
            "dow": "FRI",
            "hh": "13",
            "mm": "20",
            "congestionCar": [
              42,
              38,
              46,
              53,
              52,
              58,
              63,
              51,
              43,
              33
            ]
          },
          {
            "dow": "FRI",
            "hh": "13",
            "mm": "30",
            "congestionCar": [
              34,
              36,
              37,
              42,
              41,
              43,
              43,
              43,
              30,
              30
            ]
          },
          {
            "dow": "FRI",
            "hh": "13",
            "mm": "40",
            "congestionCar": [
              30,
              32,
              30,
              33,
              35,
              44,
              44,
              37,
              28,
              27
            ]
          },
          {
            "dow": "FRI",
            "hh": "13",
            "mm": "50",
            "congestionCar": [
              27,
              24,
              27,
              33,
              45,
              42,
              35,
              39,
              26,
              22
            ]
          }
        ]
      },
      {
        "startStationCode": "228",
        "startStationName": "서울대입구역",
        "endStationCode": "211-R",
        "endStationName": "성수역",
        "prevStationCode": "238",
        "prevStationName": "합정역",
        "updnLine": 1,
        "directAt": 0,
        "data": [
          {
            "dow": "FRI",
            "hh": "13",
            "mm": "00",
            "congestionCar": [
              39,
              33,
              34,
              37,
              45,
              46,
              38,
              38,
              30,
              30
            ]
          },
          {
            "dow": "FRI",
            "hh": "13",
            "mm": "10",
            "congestionCar": [
              42,
              39,
              40,
              53,
              54,
              54,
              48,
              54,
              38,
              37
            ]
          },
          {
            "dow": "FRI",
            "hh": "13",
            "mm": "20",
            "congestionCar": [
              42,
              38,
              46,
              53,
              52,
              58,
              63,
              51,
              43,
              33
            ]
          },
          {
            "dow": "FRI",
            "hh": "13",
            "mm": "30",
            "congestionCar": [
              34,
              36,
              37,
              42,
              41,
              43,
              43,
              43,
              30,
              30
            ]
          },
          {
            "dow": "FRI",
            "hh": "13",
            "mm": "40",
            "congestionCar": [
              30,
              32,
              30,
              33,
              35,
              44,
              44,
              37,
              28,
              27
            ]
          },
          {
            "dow": "FRI",
            "hh": "13",
            "mm": "50",
            "congestionCar": [
              27,
              24,
              27,
              33,
              45,
              42,
              35,
              39,
              26,
              22
            ]
          }
        ]
      },
      {
        "startStationCode": "234",
        "startStationName": "신도림역",
        "endStationCode": "211",
        "endStationName": "성수역",
        "prevStationCode": "238",
        "prevStationName": "합정역",
        "updnLine": 1,
        "directAt": 0,
        "data": [
          {
            "dow": "FRI",
            "hh": "13",
            "mm": "00",
            "congestionCar": [
              39,
              33,
              34,
              37,
              45,
              46,
              38,
              38,
              30,
              30
            ]
          },
          {
            "dow": "FRI",
            "hh": "13",
            "mm": "10",
            "congestionCar": [
              42,
              39,
              40,
              53,
              54,
              54,
              48,
              54,
              38,
              37
            ]
          },
          {
            "dow": "FRI",
            "hh": "13",
            "mm": "20",
            "congestionCar": [
              42,
              38,
              46,
              53,
              52,
              58,
              63,
              51,
              43,
              33
            ]
          },
          {
            "dow": "FRI",
            "hh": "13",
            "mm": "30",
            "congestionCar": [
              34,
              36,
              37,
              42,
              41,
              43,
              43,
              43,
              30,
              30
            ]
          },
          {
            "dow": "FRI",
            "hh": "13",
            "mm": "40",
            "congestionCar": [
              30,
              32,
              30,
              33,
              35,
              44,
              44,
              37,
              28,
              27
            ]
          },
          {
            "dow": "FRI",
            "hh": "13",
            "mm": "50",
            "congestionCar": [
              27,
              24,
              27,
              33,
              45,
              42,
              35,
              39,
              26,
              22
            ]
          }
        ]
      },
      {
        "startStationCode": "234",
        "startStationName": "신도림역",
        "endStationCode": "211-R",
        "endStationName": "성수역",
        "prevStationCode": "238",
        "prevStationName": "합정역",
        "updnLine": 1,
        "directAt": 0,
        "data": [
          {
            "dow": "FRI",
            "hh": "13",
            "mm": "00",
            "congestionCar": [
              39,
              33,
              34,
              37,
              45,
              46,
              38,
              38,
              30,
              30
            ]
          },
          {
            "dow": "FRI",
            "hh": "13",
            "mm": "10",
            "congestionCar": [
              42,
              39,
              40,
              53,
              54,
              54,
              48,
              54,
              38,
              37
            ]
          },
          {
            "dow": "FRI",
            "hh": "13",
            "mm": "20",
            "congestionCar": [
              42,
              38,
              46,
              53,
              52,
              58,
              63,
              51,
              43,
              33
            ]
          },
          {
            "dow": "FRI",
            "hh": "13",
            "mm": "30",
            "congestionCar": [
              34,
              36,
              37,
              42,
              41,
              43,
              43,
              43,
              30,
              30
            ]
          },
          {
            "dow": "FRI",
            "hh": "13",
            "mm": "40",
            "congestionCar": [
              30,
              32,
              30,
              33,
              35,
              44,
              44,
              37,
              28,
              27
            ]
          },
          {
            "dow": "FRI",
            "hh": "13",
            "mm": "50",
            "congestionCar": [
              27,
              24,
              27,
              33,
              45,
              42,
              35,
              39,
              26,
              22
            ]
          }
        ]
      }
    ],
    "statStartDate": "20230924",
    "statEndDate": "20231223"
  }
}