{
  "status": {
    "code": "00",
    "message": "success",
    "totalCount": 1
  },
  "contents": {
    "subwayLine": "2호선",
    "stationName": "잠실나루역",
    "stationCode": "215",
    "stat": [
      {
        "startStationCode": "202",
        "startStationName": "을지로입구역",
        "endStationCode": "211",
        "endStationName": "성수역",
        "prevStationCode": "216",
        "prevStationName": "잠실역",
        "updnLine": 0,
        "directAt": 0,
        "data": [
          {
            "dow": "FRI",
            "hh": "13",
            "mm": "00",
            "congestionCar": [
              32,
              38,
              36,
              43,
              37,
              34,
              34,
              35,
              22,
              19
            ]
          },
          {
            "dow": "FRI",
            "hh": "13",
            "mm": "10",
            "congestionCar": [
              25,
              30,
              36,
              32,
              30,
              36,
              37,
              33,
              21,
              19
            ]
          },
          {
            "dow": "FRI",
            "hh": "13",
            "mm": "20",
            "congestionCar": [
              24,
              40,
              39,
              42,
              51,
              42,
              49,
              42,
              35,
              25
            ]
          },
          {
            "dow": "FRI",
            "hh": "13",
            "mm": "30",
            "congestionCar": [
              26,
              36,
              46,
              40,
              45,
              36,
              43,
              36,
              28,
              25
            ]
          },
          {
            "dow": "FRI",
            "hh": "13",
            "mm": "40",
            "congestionCar": [
              27,
              37,
              42,
              40,
              41,
              38,
              46,
              37,
              26,
              25
            ]
          },
          {
            "dow": "FRI",
            "hh": "13",
            "mm": "50",
            "congestionCar": [
              33,
              34,
              41,
              45,
              46,
              38,
              44,
              36,
              24,
              20
            ]
          }
        ]
      },
      {
        "startStationCode": "202",
        "startStationName": "을지로입구역",
        "endStationCode": "211-R",
        "endStationName": "성수역",
        "prevStationCode": "216",
        "prevStationName": "잠실역",
        "updnLine": 0,
        "directAt": 0,
        "data": [
          {
            "dow": "FRI",
            "hh": "13",
            "mm": "00",
            "congestionCar": [
              32,
              38,
              36,
              43,
              37,
              34,
              34,
              35,
              22,
              19
            ]
          },
          {
            "dow": "FRI",
            "hh": "13",
            "mm": "10",
            "congestionCar": [
              25,
              30,
              36,
              32,
              30,
              36,
              37,
              33,
              21,
              19
            ]
          },
          {
            "dow": "FRI",
            "hh": "13",
            "mm": "20",
            "congestionCar": [
              24,
              40,
              39,
              42,
              51,
              42,
              49,
              42,
              35,
              25
            ]
          },
          {
            "dow": "FRI",
            "hh": "13",
            "mm": "30",
            "congestionCar": [
              26,
              36,
              46,
              40,
              45,
              36,
              43,
              36,
              28,
              25
            ]
          },
          {
            "dow": "FRI",
            "hh": "13",
            "mm": "40",
            "congestionCar": [
              27,
              37,
              42,
              40,
              41,
              38,
              46,
              37,
              26,
              25
            ]
          },
          {
            "dow": "FRI",
            "hh": "13",
            "mm": "50",
            "congestionCar": [
              33,
              34,
              41,
              45,
              46,
              38,
              44,
              36,
              24,
              20
            ]
          }
        ]
      },
      {
        "startStationCode": "211",
        "startStationName": "성수역",
        "endStationCode": "202",
        "endStationName": "을지로입구역",
        "prevStationCode": "214",
        "prevStationName": "강변역",
        "updnLine": 1,
        "directAt": 0,
        "data": [
          {
            "dow": "FRI",
            "hh": "13",
            "mm": "00",
            "congestionCar": [
              30,
              33,
              40,
              37,
              45,
              41,
              31,
              28,
              23,
              22
            ]
          },
          {
            "dow": "FRI",
            "hh": "13",
            "mm": "10",
            "congestionCar": [
              25,
              33,
              39,
              44,
              45,
              39,
              33,
              32,
              26,
              23
            ]
          },
          {
            "dow": "FRI",
            "hh": "13",
            "mm": "20",
            "congestionCar": [
              29,
              38,
              43,
              48,
              46,
              43,
              40,
              36,
              30,
              26
            ]
          },
          {
            "dow": "FRI",
            "hh": "13",
            "mm": "30",
            "congestionCar": [
              34,
              37,
              43,
              48,
              49,
              47,
              46,
              36,
              24,
              26
            ]
          },
          {
            "dow": "FRI",
            "hh": "13",
            "mm": "40",
            "congestionCar": [
              31,
              38,
              45,
              49,
              47,
              45,
              39,
              33,
              26,
              27
            ]
          },
          {
            "dow": "FRI",
            "hh": "13",
            "mm": "50",
            "congestionCar": [
              29,
              42,
              40,
              51,
              49,
              43,
              38,
              31,
              26,
              23
            ]
          }
        ]
      },
      {
        "startStationCode": "211",
        "startStationName": "성수역",
        "endStationCode": "211",
        "endStationName": "성수역",
        "prevStationCode": "216",
        "prevStationName": "잠실역",
        "updnLine": 0,
        "directAt": 0,
        "data": [
          {
            "dow": "FRI",
            "hh": "13",
            "mm": "00",
            "congestionCar": [
              32,
              38,
              36,
              43,
              37,
              34,
              34,
              35,
              22,
              19
            ]
          },
          {
            "dow": "FRI",
            "hh": "13",
            "mm": "10",
            "congestionCar": [
              25,
              30,
              36,
              32,
              30,
              36,
              37,
              33,
              21,
              19
            ]
          },
          {
            "dow": "FRI",
            "hh": "13",
            "mm": "20",
            "congestionCar": [
              24,
              40,
              39,
              42,
              51,
              42,
              49,
              42,
              35,
              25
            ]
          },
          {
            "dow": "FRI",
            "hh": "13",
            "mm": "30",
            "congestionCar": [
              26,
              36,
              46,
              40,
              45,
              36,
              43,
              36,
              28,
              25
            ]
          },
          {
            "dow": "FRI",
            "hh": "13",
            "mm": "40",
            "congestionCar": [
              27,
              37,
              42,
              40,
              41,
              38,
              46,
              37,
              26,
              25
            ]
          },
          {
            "dow": "FRI",
            "hh": "13",
            "mm": "50",
            "congestionCar": [
              33,
              34,
              41,
              45,
              46,
              38,
              44,
              36,
              24,
              20
            ]
          }
        ]
      },
      {
        "startStationCode": "211",
        "startStationName": "성수역",
        "endStationCode": "211",
        "endStationName": "성수역",
        "prevStationCode": "214",
        "prevStationName": "강변역",
        "updnLine": 1,
        "directAt": 0,
        "data": [
          {
            "dow": "FRI",
            "hh": "13",
            "mm": "00",
            "congestionCar": [
              30,
              33,
              40,
              37,
              45,
              41,
              31,
              28,
              23,
              22
            ]
          },
          {
            "dow": "FRI",
            "hh": "13",
            "mm": "10",
            "congestionCar": [
              25,
              33,
              39,
              44,
              45,
              39,
              33,
              32,
              26,
              23
            ]
          },
          {
            "dow": "FRI",
            "hh": "13",
            "mm": "20",
            "congestionCar": [
              29,
              38,
              43,
              48,
              46,
              43,
              40,
              36,
              30,
              26
            ]
          },
          {
            "dow": "FRI",
            "hh": "13",
            "mm": "30",
            "congestionCar": [
              34,
              37,
              43,
              48,
              49,
              47,
              46,
              36,
              24,
              26
            ]
          },
          {
            "dow": "FRI",
            "hh": "13",
            "mm": "40",
            "congestionCar": [
              31,
              38,
              45,
              49,
              47,
              45,
              39,
              33,
              26,
              27
            ]
          },
          {
            "dow": "FRI",
            "hh": "13",
            "mm": "50",
            "congestionCar": [
              29,
              42,
              40,
              51,
              49,
              43,
              38,
              31,
              26,
              23
            ]
          }
        ]
      },
      {
        "startStationCode": "211",
        "startStationName": "성수역",
        "endStationCode": "211-R",
        "endStationName": "성수역",
        "prevStationCode": "216",
        "prevStationName": "잠실역",
        "updnLine": 0,
        "directAt": 0,
        "data": [
          {
            "dow": "FRI",
            "hh": "13",
            "mm": "00",
            "congestionCar": [
              34,
              41,
              38,
              45,
              39,
              36,
              37,
              37,
              23,
              20
            ]
          },
          {
            "dow": "FRI",
            "hh": "13",
            "mm": "10",
            "congestionCar": [
              27,
              32,
              39,
              34,
              32,
              38,
              39,
              36,
              23,
              21
            ]
          },
          {
            "dow": "FRI",
            "hh": "13",
            "mm": "20",
            "congestionCar": [
              24,
              40,
              39,
              42,
              51,
              42,
              49,
              42,
              35,
              25
            ]
          },
          {
            "dow": "FRI",
            "hh": "13",
            "mm": "30",
            "congestionCar": [
              26,
              36,
              46,
              40,
              45,
              36,
              43,
              36,
              28,
              25
            ]
          },
          {
            "dow": "FRI",
            "hh": "13",
            "mm": "40",
            "congestionCar": [
              27,
              37,
              42,
              40,
              41,
              38,
              46,
              37,
              26,
              25
            ]
          },
          {
            "dow": "FRI",
            "hh": "13",
            "mm": "50",
            "congestionCar": [
              33,
              34,
              41,
              45,
              46,
              38,
              44,
              36,
              24,
              20
            ]
          }
        ]
      },
      {
        "startStationCode": "211",
        "startStationName": "성수역",
        "endStationCode": "211-R",
        "endStationName": "성수역",
        "prevStationCode": "214",
        "prevStationName": "강변역",
        "updnLine": 1,
        "directAt": 0,
        "data": [
          {
            "dow": "FRI",
            "hh": "13",
            "mm": "00",
            "congestionCar": [
              30,
              33,
              40,
              37,
              45,
              41,
              31,
              28,
              23,
              22
            ]
          },
          {
            "dow": "FRI",
            "hh": "13",
            "mm": "10",
            "congestionCar": [
              25,
              33,
              39,
              44,
              45,
              39,
              33,
              32,
              26,
              23
            ]
          },
          {
            "dow": "FRI",
            "hh": "13",
            "mm": "20",
            "congestionCar": [
              29,
              38,
              43,
              48,
              46,
              43,
              40,
              36,
              30,
              26
            ]
          },
          {
            "dow": "FRI",
            "hh": "13",
            "mm": "30",
            "congestionCar": [
              37,
              40,
              46,
              52,
              53,
              50,
              50,
              39,
              25,
              28
            ]
          },
          {
            "dow": "FRI",
            "hh": "13",
            "mm": "40",
            "congestionCar": [
              35,
              42,
              51,
              56,
              53,
              51,
              44,
              38,
              29,
              31
            ]
          },
          {
            "dow": "FRI",
            "hh": "13",
            "mm": "50",
            "congestionCar": [
              33,
              48,
              45,
              57,
              55,
              48,
              43,
              35,
              29,
              26
            ]
          }
        ]
      },
      {
        "startStationCode": "211",
        "startStationName": "성수역",
        "endStationCode": "219",
        "endStationName": "삼성역",
        "prevStationCode": "214",
        "prevStationName": "강변역",
        "updnLine": 1,
        "directAt": 0,
        "data": [
          {
            "dow": "FRI",
            "hh": "13",
            "mm": "00",
            "congestionCar": [
              30,
              33,
              40,
              37,
              45,
              41,
              31,
              28,
              23,
              22
            ]
          },
          {
            "dow": "FRI",
            "hh": "13",
            "mm": "10",
            "congestionCar": [
              25,
              33,
              39,
              44,
              45,
              39,
              33,
              32,
              26,
              23
            ]
          },
          {
            "dow": "FRI",
            "hh": "13",
            "mm": "20",
            "congestionCar": [
              29,
              38,
              43,
              48,
              46,
              43,
              40,
              36,
              30,
              26
            ]
          },
          {
            "dow": "FRI",
            "hh": "13",
            "mm": "30",
            "congestionCar": [
              34,
              37,
              43,
              48,
              49,
              47,
              46,
              36,
              24,
              26
            ]
          },
          {
            "dow": "FRI",
            "hh": "13",
            "mm": "40",
            "congestionCar": [
              31,
              38,
              45,
              49,
              47,
              45,
              39,
              33,
              26,
              27
            ]
          },
          {
            "dow": "FRI",
            "hh": "13",
            "mm": "50",
            "congestionCar": [
              29,
              42,
              40,
              51,
              49,
              43,
              38,
              31,
              26,
              23
            ]
          }
        ]
      },
      {
        "startStationCode": "211",
        "startStationName": "성수역",
        "endStationCode": "228",
        "endStationName": "서울대입구역",
        "prevStationCode": "214",
        "prevStationName": "강변역",
        "updnLine": 1,
        "directAt": 0,
        "data": [
          {
            "dow": "FRI",
            "hh": "13",
            "mm": "00",
            "congestionCar": [
              30,
              33,
              40,
              37,
              45,
              41,
              31,
              28,
              23,
              22
            ]
          },
          {
            "dow": "FRI",
            "hh": "13",
            "mm": "10",
            "congestionCar": [
              25,
              33,
              39,
              44,
              45,
              39,
              33,
              32,
              26,
              23
            ]
          },
          {
            "dow": "FRI",
            "hh": "13",
            "mm": "20",
            "congestionCar": [
              29,
              38,
              43,
              48,
              46,
              43,
              40,
              36,
              30,
              26
            ]
          },
          {
            "dow": "FRI",
            "hh": "13",
            "mm": "30",
            "congestionCar": [
              34,
              37,
              43,
              48,
              49,
              47,
              46,
              36,
              24,
              26
            ]
          },
          {
            "dow": "FRI",
            "hh": "13",
            "mm": "40",
            "congestionCar": [
              31,
              38,
              45,
              49,
              47,
              45,
              39,
              33,
              26,
              27
            ]
          },
          {
            "dow": "FRI",
            "hh": "13",
            "mm": "50",
            "congestionCar": [
              29,
              42,
              40,
              51,
              49,
              43,
              38,
              31,
              26,
              23
            ]
          }
        ]
      },
      {
        "startStationCode": "211",
        "startStationName": "성수역",
        "endStationCode": "234",
        "endStationName": "신도림역",
        "prevStationCode": "214",
        "prevStationName": "강변역",
        "updnLine": 1,
        "directAt": 0,
        "data": [
          {
            "dow": "FRI",
            "hh": "13",
            "mm": "00",
            "congestionCar": [
              30,
              33,
              40,
              37,
              45,
              41,
              31,
              28,
              23,
              22
            ]
          },
          {
            "dow": "FRI",
            "hh": "13",
            "mm": "10",
            "congestionCar": [
              25,
              33,
              39,
              44,
              45,
              39,
              33,
              32,
              26,
              23
            ]
          },
          {
            "dow": "FRI",
            "hh": "13",
            "mm": "20",
            "congestionCar": [
              29,
              38,
              43,
              48,
              46,
              43,
              40,
              36,
              30,
              26
            ]
          },
          {
            "dow": "FRI",
            "hh": "13",
            "mm": "30",
            "congestionCar": [
              34,
              37,
              43,
              48,
              49,
              47,
              46,
              36,
              24,
              26
            ]
          },
          {
            "dow": "FRI",
            "hh": "13",
            "mm": "40",
            "congestionCar": [
              31,
              38,
              45,
              49,
              47,
              45,
              39,
              33,
              26,
              27
            ]
          },
          {
            "dow": "FRI",
            "hh": "13",
            "mm": "50",
            "congestionCar": [
              29,
              42,
              40,
              51,
              49,
              43,
              38,
              31,
              26,
              23
            ]
          }
        ]
      },
      {
        "startStationCode": "211",
        "startStationName": "성수역",
        "endStationCode": "239",
        "endStationName": "홍대입구역",
        "prevStationCode": "214",
        "prevStationName": "강변역",
        "updnLine": 1,
        "directAt": 0,
        "data": [
          {
            "dow": "FRI",
            "hh": "13",
            "mm": "00",
            "congestionCar": [
              30,
              33,
              40,
              37,
              45,
              41,
              31,
              28,
              23,
              22
            ]
          },
          {
            "dow": "FRI",
            "hh": "13",
            "mm": "10",
            "congestionCar": [
              25,
              33,
              39,
              44,
              45,
              39,
              33,
              32,
              26,
              23
            ]
          },
          {
            "dow": "FRI",
            "hh": "13",
            "mm": "20",
            "congestionCar": [
              29,
              38,
              43,
              48,
              46,
              43,
              40,
              36,
              30,
              26
            ]
          },
          {
            "dow": "FRI",
            "hh": "13",
            "mm": "30",
            "congestionCar": [
              34,
              37,
              43,
              48,
              49,
              47,
              46,
              36,
              24,
              26
            ]
          },
          {
            "dow": "FRI",
            "hh": "13",
            "mm": "40",
            "congestionCar": [
              31,
              38,
              45,
              49,
              47,
              45,
              39,
              33,
              26,
              27
            ]
          },
          {
            "dow": "FRI",
            "hh": "13",
            "mm": "50",
            "congestionCar": [
              29,
              42,
              40,
              51,
              49,
              43,
              38,
              31,
              26,
              23
            ]
          }
        ]
      },
      {
        "startStationCode": "219",
        "startStationName": "삼성역",
        "endStationCode": "211-R",
        "endStationName": "성수역",
        "prevStationCode": "216",
        "prevStationName": "잠실역",
        "updnLine": 0,
        "directAt": 0,
        "data": [
          {
            "dow": "FRI",
            "hh": "13",
            "mm": "00",
            "congestionCar": [
              32,
              38,
              36,
              43,
              37,
              34,
              34,
              35,
              22,
              19
            ]
          },
          {
            "dow": "FRI",
            "hh": "13",
            "mm": "10",
            "congestionCar": [
              25,
              30,
              36,
              32,
              30,
              36,
              37,
              33,
              21,
              19
            ]
          },
          {
            "dow": "FRI",
            "hh": "13",
            "mm": "20",
            "congestionCar": [
              24,
              40,
              39,
              42,
              51,
              42,
              49,
              42,
              35,
              25
            ]
          },
          {
            "dow": "FRI",
            "hh": "13",
            "mm": "30",
            "congestionCar": [
              26,
              36,
              46,
              40,
              45,
              36,
              43,
              36,
              28,
              25
            ]
          },
          {
            "dow": "FRI",
            "hh": "13",
            "mm": "40",
            "congestionCar": [
              27,
              37,
              42,
              40,
              41,
              38,
              46,
              37,
              26,
              25
            ]
          },
          {
            "dow": "FRI",
            "hh": "13",
            "mm": "50",
            "congestionCar": [
              33,
              34,
              41,
              45,
              46,
              38,
              44,
              36,
              24,
              20
            ]
          }
        ]
      },
      {
        "startStationCode": "228",
        "startStationName": "서울대입구역",
        "endStationCode": "211",
        "endStationName": "성수역",
        "prevStationCode": "216",
        "prevStationName": "잠실역",
        "updnLine": 0,
        "directAt": 0,
        "data": [
          {
            "dow": "FRI",
            "hh": "13",
            "mm": "00",
            "congestionCar": [
              32,
              38,
              36,
              43,
              37,
              34,
              34,
              35,
              22,
              19
            ]
          },
          {
            "dow": "FRI",
            "hh": "13",
            "mm": "10",
            "congestionCar": [
              25,
              30,
              36,
              32,
              30,
              36,
              37,
              33,
              21,
              19
            ]
          },
          {
            "dow": "FRI",
            "hh": "13",
            "mm": "20",
            "congestionCar": [
              24,
              40,
              39,
              42,
              51,
              42,
              49,
              42,
              35,
              25
            ]
          },
          {
            "dow": "FRI",
            "hh": "13",
            "mm": "30",
            "congestionCar": [
              26,
              36,
              46,
              40,
              45,
              36,
              43,
              36,
              28,
              25
            ]
          },
          {
            "dow": "FRI",
            "hh": "13",
            "mm": "40",
            "congestionCar": [
              27,
              37,
              42,
              40,
              41,
              38,
              46,
              37,
              26,
              25
            ]
          },
          {
            "dow": "FRI",
            "hh": "13",
            "mm": "50",
            "congestionCar": [
              33,
              34,
              41,
              45,
              46,
              38,
              44,
              36,
              24,
              20
            ]
          }
        ]
      },
      {
        "startStationCode": "228",
        "startStationName": "서울대입구역",
        "endStationCode": "211-R",
        "endStationName": "성수역",
        "prevStationCode": "216",
        "prevStationName": "잠실역",
        "updnLine": 0,
        "directAt": 0,
        "data": [
          {
            "dow": "FRI",
            "hh": "13",
            "mm": "00",
            "congestionCar": [
              32,
              38,
              36,
              43,
              37,
              34,
              34,
              35,
              22,
              19
            ]
          },
          {
            "dow": "FRI",
            "hh": "13",
            "mm": "10",
            "congestionCar": [
              25,
              30,
              36,
              32,
              30,
              36,
              37,
              33,
              21,
              19
            ]
          },
          {
            "dow": "FRI",
            "hh": "13",
            "mm": "20",
            "congestionCar": [
              24,
              40,
              39,
              42,
              51,
              42,
              49,
              42,
              35,
              25
            ]
          },
          {
            "dow": "FRI",
            "hh": "13",
            "mm": "30",
            "congestionCar": [
              26,
              36,
              46,
              40,
              45,
              36,
              43,
              36,
              28,
              25
            ]
          },
          {
            "dow": "FRI",
            "hh": "13",
            "mm": "40",
            "congestionCar": [
              27,
              37,
              42,
              40,
              41,
              38,
              46,
              37,
              26,
              25
            ]
          },
          {
            "dow": "FRI",
            "hh": "13",
            "mm": "50",
            "congestionCar": [
              33,
              34,
              41,
              45,
              46,
              38,
              44,
              36,
              24,
              20
            ]
          }
        ]
      },
      {
        "startStationCode": "234",
        "startStationName": "신도림역",
        "endStationCode": "211",
        "endStationName": "성수역",
        "prevStationCode": "216",
        "prevStationName": "잠실역",
        "updnLine": 0,
        "directAt": 0,
        "data": [
          {
            "dow": "FRI",
            "hh": "13",
            "mm": "00",
            "congestionCar": [
              32,
              38,
              36,
              43,
              37,
              34,
              34,
              35,
              22,
              19
            ]
          },
          {
            "dow": "FRI",
            "hh": "13",
            "mm": "10",
            "congestionCar": [
              25,
              30,
              36,
              32,
              30,
              36,
              37,
              33,
              21,
              19
            ]
          },
          {
            "dow": "FRI",
            "hh": "13",
            "mm": "20",
            "congestionCar": [
              24,
              40,
              39,
              42,
              51,
              42,
              49,
              42,
              35,
              25
            ]
          },
          {
            "dow": "FRI",
            "hh": "13",
            "mm": "30",
            "congestionCar": [
              26,
              36,
              46,
              40,
              45,
              36,
              43,
              36,
              28,
              25
            ]
          },
          {
            "dow": "FRI",
            "hh": "13",
            "mm": "40",
            "congestionCar": [
              27,
              37,
              42,
              40,
              41,
              38,
              46,
              37,
              26,
              25
            ]
          },
          {
            "dow": "FRI",
            "hh": "13",
            "mm": "50",
            "congestionCar": [
              33,
              34,
              41,
              45,
              46,
              38,
              44,
              36,
              24,
              20
            ]
          }
        ]
      },
      {
        "startStationCode": "234",
        "startStationName": "신도림역",
        "endStationCode": "211-R",
        "endStationName": "성수역",
        "prevStationCode": "216",
        "prevStationName": "잠실역",
        "updnLine": 0,
        "directAt": 0,
        "data": [
          {
            "dow": "FRI",
            "hh": "13",
            "mm": "00",
            "congestionCar": [
              32,
              38,
              36,
              43,
              37,
              34,
              34,
              35,
              22,
              19
            ]
          },
          {
            "dow": "FRI",
            "hh": "13",
            "mm": "10",
            "congestionCar": [
              25,
              30,
              36,
              32,
              30,
              36,
              37,
              33,
              21,
              19
            ]
          },
          {
            "dow": "FRI",
            "hh": "13",
            "mm": "20",
            "congestionCar": [
              24,
              40,
              39,
              42,
              51,
              42,
              49,
              42,
              35,
              25
            ]
          },
          {
            "dow": "FRI",
            "hh": "13",
            "mm": "30",
            "congestionCar": [
              26,
              36,
              46,
              40,
              45,
              36,
              43,
              36,
              28,
              25
            ]
          },
          {
            "dow": "FRI",
            "hh": "13",
            "mm": "40",
            "congestionCar": [
              27,
              37,
              42,
              40,
              41,
              38,
              46,
              37,
              26,
              25
            ]
          },
          {
            "dow": "FRI",
            "hh": "13",
            "mm": "50",
            "congestionCar": [
              33,
              34,
              41,
              45,
              46,
              38,
              44,
              36,
              24,
              20
            ]
          }
        ]
      },
      {
        "startStationCode": "239",
        "startStationName": "홍대입구역",
        "endStationCode": "211",
        "endStationName": "성수역",
        "prevStationCode": "216",
        "prevStationName": "잠실역",
        "updnLine": 0,
        "directAt": 0,
        "data": [
          {
            "dow": "FRI",
            "hh": "13",
            "mm": "00",
            "congestionCar": [
              32,
              38,
              36,
              43,
              37,
              34,
              34,
              35,
              22,
              19
            ]
          },
          {
            "dow": "FRI",
            "hh": "13",
            "mm": "10",
            "congestionCar": [
              25,
              30,
              36,
              32,
              30,
              36,
              37,
              33,
              21,
              19
            ]
          },
          {
            "dow": "FRI",
            "hh": "13",
            "mm": "20",
            "congestionCar": [
              24,
              40,
              39,
              42,
              51,
              42,
              49,
              42,
              35,
              25
            ]
          },
          {
            "dow": "FRI",
            "hh": "13",
            "mm": "30",
            "congestionCar": [
              26,
              36,
              46,
              40,
              45,
              36,
              43,
              36,
              28,
              25
            ]
          },
          {
            "dow": "FRI",
            "hh": "13",
            "mm": "40",
            "congestionCar": [
              27,
              37,
              42,
              40,
              41,
              38,
              46,
              37,
              26,
              25
            ]
          },
          {
            "dow": "FRI",
            "hh": "13",
            "mm": "50",
            "congestionCar": [
              33,
              34,
              41,
              45,
              46,
              38,
              44,
              36,
              24,
              20
            ]
          }
        ]
      },
      {
        "startStationCode": "239",
        "startStationName": "홍대입구역",
        "endStationCode": "211-R",
        "endStationName": "성수역",
        "prevStationCode": "216",
        "prevStationName": "잠실역",
        "updnLine": 0,
        "directAt": 0,
        "data": [
          {
            "dow": "FRI",
            "hh": "13",
            "mm": "00",
            "congestionCar": [
              32,
              38,
              36,
              43,
              37,
              34,
              34,
              35,
              22,
              19
            ]
          },
          {
            "dow": "FRI",
            "hh": "13",
            "mm": "10",
            "congestionCar": [
              25,
              30,
              36,
              32,
              30,
              36,
              37,
              33,
              21,
              19
            ]
          },
          {
            "dow": "FRI",
            "hh": "13",
            "mm": "20",
            "congestionCar": [
              24,
              40,
              39,
              42,
              51,
              42,
              49,
              42,
              35,
              25
            ]
          },
          {
            "dow": "FRI",
            "hh": "13",
            "mm": "30",
            "congestionCar": [
              26,
              36,
              46,
              40,
              45,
              36,
              43,
              36,
              28,
              25
            ]
          },
          {
            "dow": "FRI",
            "hh": "13",
            "mm": "40",
            "congestionCar": [
              27,
              37,
              42,
              40,
              41,
              38,
              46,
              37,
              26,
              25
            ]
          },
          {
            "dow": "FRI",
            "hh": "13",
            "mm": "50",
            "congestionCar": [
              33,
              34,
              41,
              45,
              46,
              38,
              44,
              36,
              24,
              20
            ]
          }
        ]
      }
    ],
    "statStartDate": "20230923",
    "statEndDate": "20231222"
  }
}