{
  "status": {
    "code": "00",
    "message": "success",
    "totalCount": 1
  },
  "contents": {
    "subwayLine": "2호선",
    "stationName": "영등포구청역",
    "stationCode": "236",
    "stat": [
      {
        "startStationCode": "202",
        "startStationName": "을지로입구역",
        "endStationCode": "211",
        "endStationName": "성수역",
        "prevStationCode": "237",
        "prevStationName": "당산역",
        "updnLine": 0,
        "directAt": 0,
        "data": [
          {
            "dow": "FRI",
            "hh": "08",
            "mm": "00",
            "congestionCar": [
              67,
              90,
              91,
              100,
              78,
              76,
              74,
              55,
              60,
              69
            ]
          },
          {
            "dow": "FRI",
            "hh": "08",
            "mm": "10",
            "congestionCar": [
              58,
              72,
              75,
              91,
              72,
              78,
              69,
              62,
              51,
              41
            ]
          },
          {
            "dow": "FRI",
            "hh": "08",
            "mm": "20",
            "congestionCar": [
              60,
              81,
              65,
              85,
              63,
              57,
              64,
              57,
              46,
              42
            ]
          },
          {
            "dow": "FRI",
            "hh": "08",
            "mm": "30",
            "congestionCar": [
              57,
              76,
              64,
              67,
              49,
              48,
              55,
              44,
              39,
              32
            ]
          },
          {
            "dow": "FRI",
            "hh": "08",
            "mm": "40",
            "congestionCar": [
              44,
              54,
              54,
              46,
              35,
              34,
              35,
              40,
              32,
              26
            ]
          },
          {
            "dow": "FRI",
            "hh": "08",
            "mm": "50",
            "congestionCar": [
              27,
              33,
              42,
              35,
              32,
              28,
              30,
              30,
              25,
              17
            ]
          }
        ]
      },
      {
        "startStationCode": "202",
        "startStationName": "을지로입구역",
        "endStationCode": "211-R",
        "endStationName": "성수역",
        "prevStationCode": "237",
        "prevStationName": "당산역",
        "updnLine": 0,
        "directAt": 0,
        "data": [
          {
            "dow": "FRI",
            "hh": "08",
            "mm": "00",
            "congestionCar": [
              67,
              90,
              91,
              100,
              78,
              76,
              74,
              55,
              60,
              69
            ]
          },
          {
            "dow": "FRI",
            "hh": "08",
            "mm": "10",
            "congestionCar": [
              58,
              72,
              75,
              91,
              72,
              78,
              69,
              62,
              51,
              41
            ]
          },
          {
            "dow": "FRI",
            "hh": "08",
            "mm": "20",
            "congestionCar": [
              60,
              81,
              65,
              85,
              63,
              57,
              64,
              57,
              46,
              42
            ]
          },
          {
            "dow": "FRI",
            "hh": "08",
            "mm": "30",
            "congestionCar": [
              57,
              76,
              64,
              67,
              49,
              48,
              55,
              44,
              39,
              32
            ]
          },
          {
            "dow": "FRI",
            "hh": "08",
            "mm": "40",
            "congestionCar": [
              44,
              54,
              54,
              46,
              35,
              34,
              35,
              40,
              32,
              26
            ]
          },
          {
            "dow": "FRI",
            "hh": "08",
            "mm": "50",
            "congestionCar": [
              27,
              33,
              42,
              35,
              32,
              28,
              30,
              30,
              25,
              17
            ]
          }
        ]
      },
      {
        "startStationCode": "211",
        "startStationName": "성수역",
        "endStationCode": "202",
        "endStationName": "을지로입구역",
        "prevStationCode": "235",
        "prevStationName": "문래역",
        "updnLine": 1,
        "directAt": 0,
        "data": [
          {
            "dow": "FRI",
            "hh": "08",
            "mm": "00",
            "congestionCar": [
              101,
              104,
              95,
              111,
              123,
              108,
              132,
              137,
              126,
              111
            ]
          },
          {
            "dow": "FRI",
            "hh": "08",
            "mm": "10",
            "congestionCar": [
              107,
              125,
              120,
              137,
              141,
              145,
              154,
              156,
              143,
              121
            ]
          },
          {
            "dow": "FRI",
            "hh": "08",
            "mm": "20",
            "congestionCar": [
              136,
              134,
              149,
              138,
              146,
              152,
              153,
              159,
              144,
              109
            ]
          },
          {
            "dow": "FRI",
            "hh": "08",
            "mm": "30",
            "congestionCar": [
              106,
              121,
              108,
              95,
              103,
              111,
              110,
              113,
              105,
              98
            ]
          },
          {
            "dow": "FRI",
            "hh": "08",
            "mm": "40",
            "congestionCar": [
              75,
              89,
              70,
              71,
              78,
              90,
              97,
              97,
              74,
              59
            ]
          },
          {
            "dow": "FRI",
            "hh": "08",
            "mm": "50",
            "congestionCar": [
              54,
              69,
              59,
              63,
              66,
              71,
              80,
              75,
              70,
              54
            ]
          }
        ]
      },
      {
        "startStationCode": "211",
        "startStationName": "성수역",
        "endStationCode": "211",
        "endStationName": "성수역",
        "prevStationCode": "237",
        "prevStationName": "당산역",
        "updnLine": 0,
        "directAt": 0,
        "data": [
          {
            "dow": "FRI",
            "hh": "08",
            "mm": "00",
            "congestionCar": [
              62,
              83,
              84,
              92,
              72,
              70,
              68,
              51,
              55,
              64
            ]
          },
          {
            "dow": "FRI",
            "hh": "08",
            "mm": "10",
            "congestionCar": [
              30,
              38,
              39,
              48,
              37,
              41,
              36,
              33,
              27,
              22
            ]
          },
          {
            "dow": "FRI",
            "hh": "08",
            "mm": "20",
            "congestionCar": [
              20,
              27,
              22,
              29,
              21,
              19,
              22,
              19,
              16,
              14
            ]
          },
          {
            "dow": "FRI",
            "hh": "08",
            "mm": "30",
            "congestionCar": [
              46,
              62,
              52,
              54,
              40,
              39,
              44,
              36,
              32,
              26
            ]
          },
          {
            "dow": "FRI",
            "hh": "08",
            "mm": "40",
            "congestionCar": [
              47,
              58,
              58,
              49,
              38,
              36,
              38,
              43,
              34,
              28
            ]
          },
          {
            "dow": "FRI",
            "hh": "08",
            "mm": "50",
            "congestionCar": [
              27,
              33,
              42,
              35,
              32,
              28,
              30,
              30,
              25,
              17
            ]
          }
        ]
      },
      {
        "startStationCode": "211",
        "startStationName": "성수역",
        "endStationCode": "211",
        "endStationName": "성수역",
        "prevStationCode": "235",
        "prevStationName": "문래역",
        "updnLine": 1,
        "directAt": 0,
        "data": [
          {
            "dow": "FRI",
            "hh": "08",
            "mm": "00",
            "congestionCar": [
              101,
              104,
              95,
              111,
              123,
              108,
              132,
              137,
              126,
              111
            ]
          },
          {
            "dow": "FRI",
            "hh": "08",
            "mm": "10",
            "congestionCar": [
              107,
              125,
              120,
              137,
              141,
              145,
              154,
              156,
              143,
              121
            ]
          },
          {
            "dow": "FRI",
            "hh": "08",
            "mm": "20",
            "congestionCar": [
              136,
              134,
              149,
              138,
              146,
              152,
              153,
              159,
              144,
              109
            ]
          },
          {
            "dow": "FRI",
            "hh": "08",
            "mm": "30",
            "congestionCar": [
              106,
              121,
              108,
              95,
              103,
              111,
              110,
              113,
              105,
              98
            ]
          },
          {
            "dow": "FRI",
            "hh": "08",
            "mm": "40",
            "congestionCar": [
              25,
              30,
              24,
              24,
              26,
              30,
              33,
              33,
              25,
              20
            ]
          },
          {
            "dow": "FRI",
            "hh": "08",
            "mm": "50",
            "congestionCar": [
              44,
              56,
              48,
              51,
              54,
              58,
              65,
              61,
              57,
              44
            ]
          }
        ]
      },
      {
        "startStationCode": "211",
        "startStationName": "성수역",
        "endStationCode": "211-R",
        "endStationName": "성수역",
        "prevStationCode": "237",
        "prevStationName": "당산역",
        "updnLine": 0,
        "directAt": 0,
        "data": [
          {
            "dow": "FRI",
            "hh": "08",
            "mm": "00",
            "congestionCar": [
              73,
              99,
              99,
              110,
              85,
              83,
              80,
              60,
              65,
              76
            ]
          },
          {
            "dow": "FRI",
            "hh": "08",
            "mm": "10",
            "congestionCar": [
              59,
              75,
              78,
              94,
              74,
              81,
              71,
              64,
              52,
              42
            ]
          },
          {
            "dow": "FRI",
            "hh": "08",
            "mm": "20",
            "congestionCar": [
              64,
              86,
              70,
              91,
              67,
              61,
              68,
              61,
              49,
              44
            ]
          },
          {
            "dow": "FRI",
            "hh": "08",
            "mm": "30",
            "congestionCar": [
              63,
              85,
              71,
              74,
              55,
              53,
              61,
              49,
              43,
              36
            ]
          },
          {
            "dow": "FRI",
            "hh": "08",
            "mm": "40",
            "congestionCar": [
              44,
              54,
              54,
              46,
              35,
              34,
              35,
              40,
              32,
              26
            ]
          },
          {
            "dow": "FRI",
            "hh": "08",
            "mm": "50",
            "congestionCar": [
              30,
              36,
              47,
              39,
              35,
              31,
              33,
              33,
              27,
              19
            ]
          }
        ]
      },
      {
        "startStationCode": "211",
        "startStationName": "성수역",
        "endStationCode": "211-R",
        "endStationName": "성수역",
        "prevStationCode": "235",
        "prevStationName": "문래역",
        "updnLine": 1,
        "directAt": 0,
        "data": [
          {
            "dow": "FRI",
            "hh": "08",
            "mm": "00",
            "congestionCar": [
              101,
              104,
              95,
              111,
              123,
              108,
              132,
              137,
              126,
              111
            ]
          },
          {
            "dow": "FRI",
            "hh": "08",
            "mm": "10",
            "congestionCar": [
              107,
              125,
              120,
              137,
              141,
              145,
              154,
              156,
              143,
              121
            ]
          },
          {
            "dow": "FRI",
            "hh": "08",
            "mm": "20",
            "congestionCar": [
              136,
              134,
              149,
              138,
              146,
              152,
              153,
              159,
              144,
              109
            ]
          },
          {
            "dow": "FRI",
            "hh": "08",
            "mm": "30",
            "congestionCar": [
              109,
              124,
              111,
              98,
              105,
              114,
              113,
              116,
              108,
              101
            ]
          },
          {
            "dow": "FRI",
            "hh": "08",
            "mm": "40",
            "congestionCar": [
              77,
              92,
              72,
              73,
              80,
              92,
              100,
              99,
              75,
              60
            ]
          },
          {
            "dow": "FRI",
            "hh": "08",
            "mm": "50",
            "congestionCar": [
              58,
              73,
              63,
              66,
              70,
              75,
              84,
              79,
              74,
              57
            ]
          }
        ]
      },
      {
        "startStationCode": "211",
        "startStationName": "성수역",
        "endStationCode": "219",
        "endStationName": "삼성역",
        "prevStationCode": "237",
        "prevStationName": "당산역",
        "updnLine": 0,
        "directAt": 0,
        "data": [
          {
            "dow": "FRI",
            "hh": "08",
            "mm": "00",
            "congestionCar": [
              67,
              90,
              91,
              100,
              78,
              76,
              74,
              55,
              60,
              69
            ]
          },
          {
            "dow": "FRI",
            "hh": "08",
            "mm": "10",
            "congestionCar": [
              58,
              72,
              75,
              91,
              72,
              78,
              69,
              62,
              51,
              41
            ]
          },
          {
            "dow": "FRI",
            "hh": "08",
            "mm": "20",
            "congestionCar": [
              60,
              81,
              65,
              85,
              63,
              57,
              64,
              57,
              46,
              42
            ]
          },
          {
            "dow": "FRI",
            "hh": "08",
            "mm": "30",
            "congestionCar": [
              57,
              76,
              64,
              67,
              49,
              48,
              55,
              44,
              39,
              32
            ]
          },
          {
            "dow": "FRI",
            "hh": "08",
            "mm": "40",
            "congestionCar": [
              44,
              54,
              54,
              46,
              35,
              34,
              35,
              40,
              32,
              26
            ]
          },
          {
            "dow": "FRI",
            "hh": "08",
            "mm": "50",
            "congestionCar": [
              27,
              33,
              42,
              35,
              32,
              28,
              30,
              30,
              25,
              17
            ]
          }
        ]
      },
      {
        "startStationCode": "211",
        "startStationName": "성수역",
        "endStationCode": "228",
        "endStationName": "서울대입구역",
        "prevStationCode": "237",
        "prevStationName": "당산역",
        "updnLine": 0,
        "directAt": 0,
        "data": [
          {
            "dow": "FRI",
            "hh": "08",
            "mm": "00",
            "congestionCar": [
              67,
              90,
              91,
              100,
              78,
              76,
              74,
              55,
              60,
              69
            ]
          },
          {
            "dow": "FRI",
            "hh": "08",
            "mm": "10",
            "congestionCar": [
              58,
              72,
              75,
              91,
              72,
              78,
              69,
              62,
              51,
              41
            ]
          },
          {
            "dow": "FRI",
            "hh": "08",
            "mm": "20",
            "congestionCar": [
              60,
              81,
              65,
              85,
              63,
              57,
              64,
              57,
              46,
              42
            ]
          },
          {
            "dow": "FRI",
            "hh": "08",
            "mm": "30",
            "congestionCar": [
              57,
              76,
              64,
              67,
              49,
              48,
              55,
              44,
              39,
              32
            ]
          },
          {
            "dow": "FRI",
            "hh": "08",
            "mm": "40",
            "congestionCar": [
              44,
              54,
              54,
              46,
              35,
              34,
              35,
              40,
              32,
              26
            ]
          },
          {
            "dow": "FRI",
            "hh": "08",
            "mm": "50",
            "congestionCar": [
              27,
              33,
              42,
              35,
              32,
              28,
              30,
              30,
              25,
              17
            ]
          }
        ]
      },
      {
        "startStationCode": "211",
        "startStationName": "성수역",
        "endStationCode": "234",
        "endStationName": "신도림역",
        "prevStationCode": "237",
        "prevStationName": "당산역",
        "updnLine": 0,
        "directAt": 0,
        "data": [
          {
            "dow": "FRI",
            "hh": "08",
            "mm": "00",
            "congestionCar": [
              67,
              90,
              91,
              100,
              78,
              76,
              74,
              55,
              60,
              69
            ]
          },
          {
            "dow": "FRI",
            "hh": "08",
            "mm": "10",
            "congestionCar": [
              58,
              72,
              75,
              91,
              72,
              78,
              69,
              62,
              51,
              41
            ]
          },
          {
            "dow": "FRI",
            "hh": "08",
            "mm": "20",
            "congestionCar": [
              60,
              81,
              65,
              85,
              63,
              57,
              64,
              57,
              46,
              42
            ]
          },
          {
            "dow": "FRI",
            "hh": "08",
            "mm": "30",
            "congestionCar": [
              12,
              16,
              13,
              14,
              10,
              10,
              11,
              9,
              8,
              7
            ]
          },
          {
            "dow": "FRI",
            "hh": "08",
            "mm": "40",
            "congestionCar": [
              25,
              31,
              31,
              26,
              20,
              20,
              20,
              23,
              18,
              15
            ]
          },
          {
            "dow": "FRI",
            "hh": "08",
            "mm": "50",
            "congestionCar": [
              15,
              18,
              23,
              19,
              17,
              15,
              16,
              16,
              13,
              9
            ]
          }
        ]
      },
      {
        "startStationCode": "211",
        "startStationName": "성수역",
        "endStationCode": "239",
        "endStationName": "홍대입구역",
        "prevStationCode": "235",
        "prevStationName": "문래역",
        "updnLine": 1,
        "directAt": 0,
        "data": [
          {
            "dow": "FRI",
            "hh": "08",
            "mm": "00",
            "congestionCar": [
              101,
              104,
              95,
              111,
              123,
              108,
              132,
              137,
              126,
              111
            ]
          },
          {
            "dow": "FRI",
            "hh": "08",
            "mm": "10",
            "congestionCar": [
              107,
              125,
              120,
              137,
              141,
              145,
              154,
              156,
              143,
              121
            ]
          },
          {
            "dow": "FRI",
            "hh": "08",
            "mm": "20",
            "congestionCar": [
              136,
              134,
              149,
              138,
              146,
              152,
              153,
              159,
              144,
              109
            ]
          },
          {
            "dow": "FRI",
            "hh": "08",
            "mm": "30",
            "congestionCar": [
              106,
              121,
              108,
              95,
              103,
              111,
              110,
              113,
              105,
              98
            ]
          },
          {
            "dow": "FRI",
            "hh": "08",
            "mm": "40",
            "congestionCar": [
              75,
              89,
              70,
              71,
              78,
              90,
              97,
              97,
              74,
              59
            ]
          },
          {
            "dow": "FRI",
            "hh": "08",
            "mm": "50",
            "congestionCar": [
              54,
              69,
              59,
              63,
              66,
              71,
              80,
              75,
              70,
              54
            ]
          }
        ]
      },
      {
        "startStationCode": "219",
        "startStationName": "삼성역",
        "endStationCode": "211-R",
        "endStationName": "성수역",
        "prevStationCode": "235",
        "prevStationName": "문래역",
        "updnLine": 1,
        "directAt": 0,
        "data": [
          {
            "dow": "FRI",
            "hh": "08",
            "mm": "00",
            "congestionCar": [
              101,
              104,
              95,
              111,
              123,
              108,
              132,
              137,
              126,
              111
            ]
          },
          {
            "dow": "FRI",
            "hh": "08",
            "mm": "10",
            "congestionCar": [
              107,
              125,
              120,
              137,
              141,
              145,
              154,
              156,
              143,
              121
            ]
          },
          {
            "dow": "FRI",
            "hh": "08",
            "mm": "20",
            "congestionCar": [
              136,
              134,
              149,
              138,
              146,
              152,
              153,
              159,
              144,
              109
            ]
          },
          {
            "dow": "FRI",
            "hh": "08",
            "mm": "30",
            "congestionCar": [
              106,
              121,
              108,
              95,
              103,
              111,
              110,
              113,
              105,
              98
            ]
          },
          {
            "dow": "FRI",
            "hh": "08",
            "mm": "40",
            "congestionCar": [
              75,
              89,
              70,
              71,
              78,
              90,
              97,
              97,
              74,
              59
            ]
          },
          {
            "dow": "FRI",
            "hh": "08",
            "mm": "50",
            "congestionCar": [
              54,
              69,
              59,
              63,
              66,
              71,
              80,
              75,
              70,
              54
            ]
          }
        ]
      },
      {
        "startStationCode": "228",
        "startStationName": "서울대입구역",
        "endStationCode": "211",
        "endStationName": "성수역",
        "prevStationCode": "235",
        "prevStationName": "문래역",
        "updnLine": 1,
        "directAt": 0,
        "data": [
          {
            "dow": "FRI",
            "hh": "08",
            "mm": "00",
            "congestionCar": [
              101,
              104,
              95,
              111,
              123,
              108,
              132,
              137,
              126,
              111
            ]
          },
          {
            "dow": "FRI",
            "hh": "08",
            "mm": "10",
            "congestionCar": [
              107,
              125,
              120,
              137,
              141,
              145,
              154,
              156,
              143,
              121
            ]
          },
          {
            "dow": "FRI",
            "hh": "08",
            "mm": "20",
            "congestionCar": [
              136,
              134,
              149,
              138,
              146,
              152,
              153,
              159,
              144,
              109
            ]
          },
          {
            "dow": "FRI",
            "hh": "08",
            "mm": "30",
            "congestionCar": [
              106,
              121,
              108,
              95,
              103,
              111,
              110,
              113,
              105,
              98
            ]
          },
          {
            "dow": "FRI",
            "hh": "08",
            "mm": "40",
            "congestionCar": [
              75,
              89,
              70,
              71,
              78,
              90,
              97,
              97,
              74,
              59
            ]
          },
          {
            "dow": "FRI",
            "hh": "08",
            "mm": "50",
            "congestionCar": [
              54,
              69,
              59,
              63,
              66,
              71,
              80,
              75,
              70,
              54
            ]
          }
        ]
      },
      {
        "startStationCode": "228",
        "startStationName": "서울대입구역",
        "endStationCode": "211-R",
        "endStationName": "성수역",
        "prevStationCode": "235",
        "prevStationName": "문래역",
        "updnLine": 1,
        "directAt": 0,
        "data": [
          {
            "dow": "FRI",
            "hh": "08",
            "mm": "00",
            "congestionCar": [
              101,
              104,
              95,
              111,
              123,
              108,
              132,
              137,
              126,
              111
            ]
          },
          {
            "dow": "FRI",
            "hh": "08",
            "mm": "10",
            "congestionCar": [
              107,
              125,
              120,
              137,
              141,
              145,
              154,
              156,
              143,
              121
            ]
          },
          {
            "dow": "FRI",
            "hh": "08",
            "mm": "20",
            "congestionCar": [
              136,
              134,
              149,
              138,
              146,
              152,
              153,
              159,
              144,
              109
            ]
          },
          {
            "dow": "FRI",
            "hh": "08",
            "mm": "30",
            "congestionCar": [
              106,
              121,
              108,
              95,
              103,
              111,
              110,
              113,
              105,
              98
            ]
          },
          {
            "dow": "FRI",
            "hh": "08",
            "mm": "40",
            "congestionCar": [
              75,
              89,
              70,
              71,
              78,
              90,
              97,
              97,
              74,
              59
            ]
          },
          {
            "dow": "FRI",
            "hh": "08",
            "mm": "50",
            "congestionCar": [
              54,
              69,
              59,
              63,
              66,
              71,
              80,
              75,
              70,
              54
            ]
          }
        ]
      },
      {
        "startStationCode": "234",
        "startStationName": "신도림역",
        "endStationCode": "211",
        "endStationName": "성수역",
        "prevStationCode": "235",
        "prevStationName": "문래역",
        "updnLine": 1,
        "directAt": 0,
        "data": [
          {
            "dow": "FRI",
            "hh": "08",
            "mm": "00",
            "congestionCar": [
              101,
              104,
              95,
              111,
              123,
              108,
              132,
              137,
              126,
              111
            ]
          },
          {
            "dow": "FRI",
            "hh": "08",
            "mm": "10",
            "congestionCar": [
              107,
              125,
              120,
              137,
              141,
              145,
              154,
              156,
              143,
              121
            ]
          },
          {
            "dow": "FRI",
            "hh": "08",
            "mm": "20",
            "congestionCar": [
              136,
              134,
              149,
              138,
              146,
              152,
              153,
              159,
              144,
              109
            ]
          },
          {
            "dow": "FRI",
            "hh": "08",
            "mm": "30",
            "congestionCar": [
              106,
              121,
              108,
              95,
              103,
              111,
              110,
              113,
              105,
              98
            ]
          },
          {
            "dow": "FRI",
            "hh": "08",
            "mm": "40",
            "congestionCar": [
              75,
              89,
              70,
              71,
              78,
              90,
              97,
              97,
              74,
              59
            ]
          },
          {
            "dow": "FRI",
            "hh": "08",
            "mm": "50",
            "congestionCar": [
              54,
              69,
              59,
              63,
              66,
              71,
              80,
              75,
              70,
              54
            ]
          }
        ]
      },
      {
        "startStationCode": "234",
        "startStationName": "신도림역",
        "endStationCode": "211-R",
        "endStationName": "성수역",
        "prevStationCode": "235",
        "prevStationName": "문래역",
        "updnLine": 1,
        "directAt": 0,
        "data": [
          {
            "dow": "FRI",
            "hh": "08",
            "mm": "00",
            "congestionCar": [
              18,
              18,
              16,
              19,
              21,
              19,
              23,
              24,
              22,
              19
            ]
          },
          {
            "dow": "FRI",
            "hh": "08",
            "mm": "10",
            "congestionCar": [
              107,
              125,
              120,
              137,
              141,
              145,
              154,
              156,
              143,
              121
            ]
          },
          {
            "dow": "FRI",
            "hh": "08",
            "mm": "20",
            "congestionCar": [
              136,
              134,
              149,
              138,
              146,
              152,
              153,
              159,
              144,
              109
            ]
          },
          {
            "dow": "FRI",
            "hh": "08",
            "mm": "30",
            "congestionCar": [
              106,
              121,
              108,
              95,
              103,
              111,
              110,
              113,
              105,
              98
            ]
          },
          {
            "dow": "FRI",
            "hh": "08",
            "mm": "40",
            "congestionCar": [
              75,
              89,
              70,
              71,
              78,
              90,
              97,
              97,
              74,
              59
            ]
          },
          {
            "dow": "FRI",
            "hh": "08",
            "mm": "50",
            "congestionCar": [
              54,
              69,
              59,
              63,
              66,
              71,
              80,
              75,
              70,
              54
            ]
          }
        ]
      },
      {
        "startStationCode": "239",
        "startStationName": "홍대입구역",
        "endStationCode": "211",
        "endStationName": "성수역",
        "prevStationCode": "237",
        "prevStationName": "당산역",
        "updnLine": 0,
        "directAt": 0,
        "data": [
          {
            "dow": "FRI",
            "hh": "08",
            "mm": "00",
            "congestionCar": [
              67,
              90,
              91,
              100,
              78,
              76,
              74,
              55,
              60,
              69
            ]
          },
          {
            "dow": "FRI",
            "hh": "08",
            "mm": "10",
            "congestionCar": [
              58,
              72,
              75,
              91,
              72,
              78,
              69,
              62,
              51,
              41
            ]
          },
          {
            "dow": "FRI",
            "hh": "08",
            "mm": "20",
            "congestionCar": [
              60,
              81,
              65,
              85,
              63,
              57,
              64,
              57,
              46,
              42
            ]
          },
          {
            "dow": "FRI",
            "hh": "08",
            "mm": "30",
            "congestionCar": [
              57,
              76,
              64,
              67,
              49,
              48,
              55,
              44,
              39,
              32
            ]
          },
          {
            "dow": "FRI",
            "hh": "08",
            "mm": "40",
            "congestionCar": [
              44,
              54,
              54,
              46,
              35,
              34,
              35,
              40,
              32,
              26
            ]
          },
          {
            "dow": "FRI",
            "hh": "08",
            "mm": "50",
            "congestionCar": [
              27,
              33,
              42,
              35,
              32,
              28,
              30,
              30,
              25,
              17
            ]
          }
        ]
      },
      {
        "startStationCode": "239",
        "startStationName": "홍대입구역",
        "endStationCode": "211-R",
        "endStationName": "성수역",
        "prevStationCode": "237",
        "prevStationName": "당산역",
        "updnLine": 0,
        "directAt": 0,
        "data": [
          {
            "dow": "FRI",
            "hh": "08",
            "mm": "00",
            "congestionCar": [
              67,
              90,
              91,
              100,
              78,
              76,
              74,
              55,
              60,
              69
            ]
          },
          {
            "dow": "FRI",
            "hh": "08",
            "mm": "10",
            "congestionCar": [
              58,
              72,
              75,
              91,
              72,
              78,
              69,
              62,
              51,
              41
            ]
          },
          {
            "dow": "FRI",
            "hh": "08",
            "mm": "20",
            "congestionCar": [
              60,
              81,
              65,
              85,
              63,
              57,
              64,
              57,
              46,
              42
            ]
          },
          {
            "dow": "FRI",
            "hh": "08",
            "mm": "30",
            "congestionCar": [
              57,
              76,
              64,
              67,
              49,
              48,
              55,
              44,
              39,
              32
            ]
          },
          {
            "dow": "FRI",
            "hh": "08",
            "mm": "40",
            "congestionCar": [
              44,
              54,
              54,
              46,
              35,
              34,
              35,
              40,
              32,
              26
            ]
          },
          {
            "dow": "FRI",
            "hh": "08",
            "mm": "50",
            "congestionCar": [
              27,
              33,
              42,
              35,
              32,
              28,
              30,
              30,
              25,
              17
            ]
          }
        ]
      }
    ],
    "statStartDate": "20230924",
    "statEndDate": "20231223"
  }
}