{
  "status": {
    "code": "00",
    "message": "success",
    "totalCount": 1
  },
  "contents": {
    "subwayLine": "2호선",
    "stationName": "선릉역",
    "stationCode": "220",
    "stat": [
      {
        "startStationCode": "202",
        "startStationName": "을지로입구역",
        "endStationCode": "211",
        "endStationName": "성수역",
        "prevStationCode": "221",
        "prevStationName": "역삼역",
        "updnLine": 0,
        "directAt": 0,
        "data": [
          {
            "dow": "WED",
            "hh": "13",
            "mm": "00",
            "congestionCar": [
              29,
              30,
              39,
              47,
              51,
              48,
              44,
              42,
              31,
              29
            ]
          },
          {
            "dow": "WED",
            "hh": "13",
            "mm": "10",
            "congestionCar": [
              28,
              35,
              36,
              52,
              53,
              52,
              49,
              47,
              37,
              30
            ]
          },
          {
            "dow": "WED",
            "hh": "13",
            "mm": "20",
            "congestionCar": [
              35,
              38,
              52,
              60,
              69,
              57,
              56,
              45,
              46,
              33
            ]
          },
          {
            "dow": "WED",
            "hh": "13",
            "mm": "30",
            "congestionCar": [
              36,
              39,
              52,
              60,
              58,
              56,
              59,
              54,
              42,
              33
            ]
          },
          {
            "dow": "WED",
            "hh": "13",
            "mm": "40",
            "congestionCar": [
              33,
              40,
              51,
              57,
              66,
              58,
              63,
              49,
              40,
              33
            ]
          },
          {
            "dow": "WED",
            "hh": "13",
            "mm": "50",
            "congestionCar": [
              37,
              42,
              53,
              59,
              62,
              63,
              57,
              46,
              41,
              30
            ]
          }
        ]
      },
      {
        "startStationCode": "202",
        "startStationName": "을지로입구역",
        "endStationCode": "211-R",
        "endStationName": "성수역",
        "prevStationCode": "221",
        "prevStationName": "역삼역",
        "updnLine": 0,
        "directAt": 0,
        "data": [
          {
            "dow": "WED",
            "hh": "13",
            "mm": "00",
            "congestionCar": [
              29,
              30,
              39,
              47,
              51,
              48,
              44,
              42,
              31,
              29
            ]
          },
          {
            "dow": "WED",
            "hh": "13",
            "mm": "10",
            "congestionCar": [
              28,
              35,
              36,
              52,
              53,
              52,
              49,
              47,
              37,
              30
            ]
          },
          {
            "dow": "WED",
            "hh": "13",
            "mm": "20",
            "congestionCar": [
              35,
              38,
              52,
              60,
              69,
              57,
              56,
              45,
              46,
              33
            ]
          },
          {
            "dow": "WED",
            "hh": "13",
            "mm": "30",
            "congestionCar": [
              36,
              39,
              52,
              60,
              58,
              56,
              59,
              54,
              42,
              33
            ]
          },
          {
            "dow": "WED",
            "hh": "13",
            "mm": "40",
            "congestionCar": [
              33,
              40,
              51,
              57,
              66,
              58,
              63,
              49,
              40,
              33
            ]
          },
          {
            "dow": "WED",
            "hh": "13",
            "mm": "50",
            "congestionCar": [
              37,
              42,
              53,
              59,
              62,
              63,
              57,
              46,
              41,
              30
            ]
          }
        ]
      },
      {
        "startStationCode": "211",
        "startStationName": "성수역",
        "endStationCode": "202",
        "endStationName": "을지로입구역",
        "prevStationCode": "219",
        "prevStationName": "삼성역",
        "updnLine": 1,
        "directAt": 0,
        "data": [
          {
            "dow": "WED",
            "hh": "13",
            "mm": "00",
            "congestionCar": [
              32,
              33,
              42,
              43,
              40,
              47,
              37,
              37,
              27,
              22
            ]
          },
          {
            "dow": "WED",
            "hh": "13",
            "mm": "10",
            "congestionCar": [
              31,
              32,
              38,
              35,
              38,
              40,
              35,
              25,
              17,
              19
            ]
          },
          {
            "dow": "WED",
            "hh": "13",
            "mm": "20",
            "congestionCar": [
              30,
              38,
              36,
              40,
              36,
              41,
              38,
              28,
              23,
              20
            ]
          },
          {
            "dow": "WED",
            "hh": "13",
            "mm": "30",
            "congestionCar": [
              39,
              40,
              47,
              42,
              51,
              49,
              43,
              34,
              32,
              23
            ]
          },
          {
            "dow": "WED",
            "hh": "13",
            "mm": "40",
            "congestionCar": [
              42,
              41,
              44,
              47,
              51,
              56,
              47,
              37,
              28,
              26
            ]
          },
          {
            "dow": "WED",
            "hh": "13",
            "mm": "50",
            "congestionCar": [
              34,
              37,
              43,
              46,
              40,
              49,
              40,
              33,
              28,
              20
            ]
          }
        ]
      },
      {
        "startStationCode": "211",
        "startStationName": "성수역",
        "endStationCode": "211",
        "endStationName": "성수역",
        "prevStationCode": "221",
        "prevStationName": "역삼역",
        "updnLine": 0,
        "directAt": 0,
        "data": [
          {
            "dow": "WED",
            "hh": "13",
            "mm": "00",
            "congestionCar": [
              29,
              30,
              39,
              47,
              51,
              48,
              44,
              42,
              31,
              29
            ]
          },
          {
            "dow": "WED",
            "hh": "13",
            "mm": "10",
            "congestionCar": [
              28,
              35,
              36,
              52,
              53,
              52,
              49,
              47,
              37,
              30
            ]
          },
          {
            "dow": "WED",
            "hh": "13",
            "mm": "20",
            "congestionCar": [
              35,
              38,
              52,
              60,
              69,
              57,
              56,
              45,
              46,
              33
            ]
          },
          {
            "dow": "WED",
            "hh": "13",
            "mm": "30",
            "congestionCar": [
              36,
              39,
              52,
              60,
              58,
              56,
              59,
              54,
              42,
              33
            ]
          },
          {
            "dow": "WED",
            "hh": "13",
            "mm": "40",
            "congestionCar": [
              33,
              40,
              51,
              57,
              66,
              58,
              63,
              49,
              40,
              33
            ]
          },
          {
            "dow": "WED",
            "hh": "13",
            "mm": "50",
            "congestionCar": [
              37,
              42,
              53,
              59,
              62,
              63,
              57,
              46,
              41,
              30
            ]
          }
        ]
      },
      {
        "startStationCode": "211",
        "startStationName": "성수역",
        "endStationCode": "211",
        "endStationName": "성수역",
        "prevStationCode": "219",
        "prevStationName": "삼성역",
        "updnLine": 1,
        "directAt": 0,
        "data": [
          {
            "dow": "WED",
            "hh": "13",
            "mm": "00",
            "congestionCar": [
              32,
              33,
              42,
              43,
              40,
              47,
              37,
              37,
              27,
              22
            ]
          },
          {
            "dow": "WED",
            "hh": "13",
            "mm": "10",
            "congestionCar": [
              31,
              32,
              38,
              35,
              38,
              40,
              35,
              25,
              17,
              19
            ]
          },
          {
            "dow": "WED",
            "hh": "13",
            "mm": "20",
            "congestionCar": [
              30,
              38,
              36,
              40,
              36,
              41,
              38,
              28,
              23,
              20
            ]
          },
          {
            "dow": "WED",
            "hh": "13",
            "mm": "30",
            "congestionCar": [
              39,
              40,
              47,
              42,
              51,
              49,
              43,
              34,
              32,
              23
            ]
          },
          {
            "dow": "WED",
            "hh": "13",
            "mm": "40",
            "congestionCar": [
              42,
              41,
              44,
              47,
              51,
              56,
              47,
              37,
              28,
              26
            ]
          },
          {
            "dow": "WED",
            "hh": "13",
            "mm": "50",
            "congestionCar": [
              34,
              37,
              43,
              46,
              40,
              49,
              40,
              33,
              28,
              20
            ]
          }
        ]
      },
      {
        "startStationCode": "211",
        "startStationName": "성수역",
        "endStationCode": "211-R",
        "endStationName": "성수역",
        "prevStationCode": "221",
        "prevStationName": "역삼역",
        "updnLine": 0,
        "directAt": 0,
        "data": [
          {
            "dow": "WED",
            "hh": "13",
            "mm": "00",
            "congestionCar": [
              29,
              30,
              39,
              47,
              51,
              48,
              44,
              42,
              31,
              29
            ]
          },
          {
            "dow": "WED",
            "hh": "13",
            "mm": "10",
            "congestionCar": [
              28,
              35,
              36,
              52,
              53,
              52,
              49,
              47,
              37,
              30
            ]
          },
          {
            "dow": "WED",
            "hh": "13",
            "mm": "20",
            "congestionCar": [
              37,
              41,
              55,
              63,
              73,
              60,
              59,
              48,
              49,
              35
            ]
          },
          {
            "dow": "WED",
            "hh": "13",
            "mm": "30",
            "congestionCar": [
              37,
              41,
              54,
              63,
              61,
              59,
              62,
              57,
              43,
              35
            ]
          },
          {
            "dow": "WED",
            "hh": "13",
            "mm": "40",
            "congestionCar": [
              33,
              40,
              51,
              57,
              66,
              58,
              63,
              49,
              40,
              33
            ]
          },
          {
            "dow": "WED",
            "hh": "13",
            "mm": "50",
            "congestionCar": [
              37,
              42,
              53,
              59,
              62,
              63,
              57,
              46,
              41,
              30
            ]
          }
        ]
      },
      {
        "startStationCode": "211",
        "startStationName": "성수역",
        "endStationCode": "211-R",
        "endStationName": "성수역",
        "prevStationCode": "219",
        "prevStationName": "삼성역",
        "updnLine": 1,
        "directAt": 0,
        "data": [
          {
            "dow": "WED",
            "hh": "13",
            "mm": "00",
            "congestionCar": [
              32,
              33,
              42,
              43,
              40,
              47,
              37,
              37,
              27,
              22
            ]
          },
          {
            "dow": "WED",
            "hh": "13",
            "mm": "10",
            "congestionCar": [
              33,
              35,
              40,
              38,
              40,
              43,
              37,
              26,
              18,
              20
            ]
          },
          {
            "dow": "WED",
            "hh": "13",
            "mm": "20",
            "congestionCar": [
              32,
              40,
              38,
              42,
              38,
              44,
              40,
              30,
              25,
              21
            ]
          },
          {
            "dow": "WED",
            "hh": "13",
            "mm": "30",
            "congestionCar": [
              41,
              42,
              49,
              44,
              53,
              51,
              46,
              36,
              34,
              24
            ]
          },
          {
            "dow": "WED",
            "hh": "13",
            "mm": "40",
            "congestionCar": [
              42,
              41,
              44,
              47,
              51,
              56,
              47,
              37,
              28,
              26
            ]
          },
          {
            "dow": "WED",
            "hh": "13",
            "mm": "50",
            "congestionCar": [
              34,
              37,
              43,
              46,
              40,
              49,
              40,
              33,
              28,
              20
            ]
          }
        ]
      },
      {
        "startStationCode": "211",
        "startStationName": "성수역",
        "endStationCode": "219",
        "endStationName": "삼성역",
        "prevStationCode": "221",
        "prevStationName": "역삼역",
        "updnLine": 0,
        "directAt": 0,
        "data": [
          {
            "dow": "WED",
            "hh": "13",
            "mm": "00",
            "congestionCar": [
              29,
              30,
              39,
              47,
              51,
              48,
              44,
              42,
              31,
              29
            ]
          },
          {
            "dow": "WED",
            "hh": "13",
            "mm": "10",
            "congestionCar": [
              28,
              35,
              36,
              52,
              53,
              52,
              49,
              47,
              37,
              30
            ]
          },
          {
            "dow": "WED",
            "hh": "13",
            "mm": "20",
            "congestionCar": [
              35,
              38,
              52,
              60,
              69,
              57,
              56,
              45,
              46,
              33
            ]
          },
          {
            "dow": "WED",
            "hh": "13",
            "mm": "30",
            "congestionCar": [
              36,
              39,
              52,
              60,
              58,
              56,
              59,
              54,
              42,
              33
            ]
          },
          {
            "dow": "WED",
            "hh": "13",
            "mm": "40",
            "congestionCar": [
              33,
              40,
              51,
              57,
              66,
              58,
              63,
              49,
              40,
              33
            ]
          },
          {
            "dow": "WED",
            "hh": "13",
            "mm": "50",
            "congestionCar": [
              37,
              42,
              53,
              59,
              62,
              63,
              57,
              46,
              41,
              30
            ]
          }
        ]
      },
      {
        "startStationCode": "211",
        "startStationName": "성수역",
        "endStationCode": "228",
        "endStationName": "서울대입구역",
        "prevStationCode": "219",
        "prevStationName": "삼성역",
        "updnLine": 1,
        "directAt": 0,
        "data": [
          {
            "dow": "WED",
            "hh": "13",
            "mm": "00",
            "congestionCar": [
              32,
              33,
              42,
              43,
              40,
              47,
              37,
              37,
              27,
              22
            ]
          },
          {
            "dow": "WED",
            "hh": "13",
            "mm": "10",
            "congestionCar": [
              31,
              32,
              38,
              35,
              38,
              40,
              35,
              25,
              17,
              19
            ]
          },
          {
            "dow": "WED",
            "hh": "13",
            "mm": "20",
            "congestionCar": [
              30,
              38,
              36,
              40,
              36,
              41,
              38,
              28,
              23,
              20
            ]
          },
          {
            "dow": "WED",
            "hh": "13",
            "mm": "30",
            "congestionCar": [
              39,
              40,
              47,
              42,
              51,
              49,
              43,
              34,
              32,
              23
            ]
          },
          {
            "dow": "WED",
            "hh": "13",
            "mm": "40",
            "congestionCar": [
              42,
              41,
              44,
              47,
              51,
              56,
              47,
              37,
              28,
              26
            ]
          },
          {
            "dow": "WED",
            "hh": "13",
            "mm": "50",
            "congestionCar": [
              34,
              37,
              43,
              46,
              40,
              49,
              40,
              33,
              28,
              20
            ]
          }
        ]
      },
      {
        "startStationCode": "211",
        "startStationName": "성수역",
        "endStationCode": "234",
        "endStationName": "신도림역",
        "prevStationCode": "219",
        "prevStationName": "삼성역",
        "updnLine": 1,
        "directAt": 0,
        "data": [
          {
            "dow": "WED",
            "hh": "13",
            "mm": "00",
            "congestionCar": [
              32,
              33,
              42,
              43,
              40,
              47,
              37,
              37,
              27,
              22
            ]
          },
          {
            "dow": "WED",
            "hh": "13",
            "mm": "10",
            "congestionCar": [
              31,
              32,
              38,
              35,
              38,
              40,
              35,
              25,
              17,
              19
            ]
          },
          {
            "dow": "WED",
            "hh": "13",
            "mm": "20",
            "congestionCar": [
              30,
              38,
              36,
              40,
              36,
              41,
              38,
              28,
              23,
              20
            ]
          },
          {
            "dow": "WED",
            "hh": "13",
            "mm": "30",
            "congestionCar": [
              39,
              40,
              47,
              42,
              51,
              49,
              43,
              34,
              32,
              23
            ]
          },
          {
            "dow": "WED",
            "hh": "13",
            "mm": "40",
            "congestionCar": [
              42,
              41,
              44,
              47,
              51,
              56,
              47,
              37,
              28,
              26
            ]
          },
          {
            "dow": "WED",
            "hh": "13",
            "mm": "50",
            "congestionCar": [
              34,
              37,
              43,
              46,
              40,
              49,
              40,
              33,
              28,
              20
            ]
          }
        ]
      },
      {
        "startStationCode": "211",
        "startStationName": "성수역",
        "endStationCode": "239",
        "endStationName": "홍대입구역",
        "prevStationCode": "219",
        "prevStationName": "삼성역",
        "updnLine": 1,
        "directAt": 0,
        "data": [
          {
            "dow": "WED",
            "hh": "13",
            "mm": "00",
            "congestionCar": [
              32,
              33,
              42,
              43,
              40,
              47,
              37,
              37,
              27,
              22
            ]
          },
          {
            "dow": "WED",
            "hh": "13",
            "mm": "10",
            "congestionCar": [
              31,
              32,
              38,
              35,
              38,
              40,
              35,
              25,
              17,
              19
            ]
          },
          {
            "dow": "WED",
            "hh": "13",
            "mm": "20",
            "congestionCar": [
              30,
              38,
              36,
              40,
              36,
              41,
              38,
              28,
              23,
              20
            ]
          },
          {
            "dow": "WED",
            "hh": "13",
            "mm": "30",
            "congestionCar": [
              39,
              40,
              47,
              42,
              51,
              49,
              43,
              34,
              32,
              23
            ]
          },
          {
            "dow": "WED",
            "hh": "13",
            "mm": "40",
            "congestionCar": [
              42,
              41,
              44,
              47,
              51,
              56,
              47,
              37,
              28,
              26
            ]
          },
          {
            "dow": "WED",
            "hh": "13",
            "mm": "50",
            "congestionCar": [
              34,
              37,
              43,
              46,
              40,
              49,
              40,
              33,
              28,
              20
            ]
          }
        ]
      },
      {
        "startStationCode": "219",
        "startStationName": "삼성역",
        "endStationCode": "211-R",
        "endStationName": "성수역",
        "prevStationCode": "219",
        "prevStationName": "삼성역",
        "updnLine": 1,
        "directAt": 0,
        "data": [
          {
            "dow": "WED",
            "hh": "13",
            "mm": "00",
            "congestionCar": [
              32,
              33,
              42,
              43,
              40,
              47,
              37,
              37,
              27,
              22
            ]
          },
          {
            "dow": "WED",
            "hh": "13",
            "mm": "10",
            "congestionCar": [
              31,
              32,
              38,
              35,
              38,
              40,
              35,
              25,
              17,
              19
            ]
          },
          {
            "dow": "WED",
            "hh": "13",
            "mm": "20",
            "congestionCar": [
              30,
              38,
              36,
              40,
              36,
              41,
              38,
              28,
              23,
              20
            ]
          },
          {
            "dow": "WED",
            "hh": "13",
            "mm": "30",
            "congestionCar": [
              39,
              40,
              47,
              42,
              51,
              49,
              43,
              34,
              32,
              23
            ]
          },
          {
            "dow": "WED",
            "hh": "13",
            "mm": "40",
            "congestionCar": [
              42,
              41,
              44,
              47,
              51,
              56,
              47,
              37,
              28,
              26
            ]
          },
          {
            "dow": "WED",
            "hh": "13",
            "mm": "50",
            "congestionCar": [
              34,
              37,
              43,
              46,
              40,
              49,
              40,
              33,
              28,
              20
            ]
          }
        ]
      },
      {
        "startStationCode": "228",
        "startStationName": "서울대입구역",
        "endStationCode": "211",
        "endStationName": "성수역",
        "prevStationCode": "221",
        "prevStationName": "역삼역",
        "updnLine": 0,
        "directAt": 0,
        "data": [
          {
            "dow": "WED",
            "hh": "13",
            "mm": "00",
            "congestionCar": [
              29,
              30,
              39,
              47,
              51,
              48,
              44,
              42,
              31,
              29
            ]
          },
          {
            "dow": "WED",
            "hh": "13",
            "mm": "10",
            "congestionCar": [
              28,
              35,
              36,
              52,
              53,
              52,
              49,
              47,
              37,
              30
            ]
          },
          {
            "dow": "WED",
            "hh": "13",
            "mm": "20",
            "congestionCar": [
              35,
              38,
              52,
              60,
              69,
              57,
              56,
              45,
              46,
              33
            ]
          },
          {
            "dow": "WED",
            "hh": "13",
            "mm": "30",
            "congestionCar": [
              36,
              39,
              52,
              60,
              58,
              56,
              59,
              54,
              42,
              33
            ]
          },
          {
            "dow": "WED",
            "hh": "13",
            "mm": "40",
            "congestionCar": [
              33,
              40,
              51,
              57,
              66,
              58,
              63,
              49,
              40,
              33
            ]
          },
          {
            "dow": "WED",
            "hh": "13",
            "mm": "50",
            "congestionCar": [
              37,
              42,
              53,
              59,
              62,
              63,
              57,
              46,
              41,
              30
            ]
          }
        ]
      },
      {
        "startStationCode": "228",
        "startStationName": "서울대입구역",
        "endStationCode": "211-R",
        "endStationName": "성수역",
        "prevStationCode": "221",
        "prevStationName": "역삼역",
        "updnLine": 0,
        "directAt": 0,
        "data": [
          {
            "dow": "WED",
            "hh": "13",
            "mm": "00",
            "congestionCar": [
              29,
              30,
              39,
              47,
              51,
              48,
              44,
              42,
              31,
              29
            ]
          },
          {
            "dow": "WED",
            "hh": "13",
            "mm": "10",
            "congestionCar": [
              28,
              35,
              36,
              52,
              53,
              52,
              49,
              47,
              37,
              30
            ]
          },
          {
            "dow": "WED",
            "hh": "13",
            "mm": "20",
            "congestionCar": [
              35,
              38,
              52,
              60,
              69,
              57,
              56,
              45,
              46,
              33
            ]
          },
          {
            "dow": "WED",
            "hh": "13",
            "mm": "30",
            "congestionCar": [
              36,
              39,
              52,
              60,
              58,
              56,
              59,
              54,
              42,
              33
            ]
          },
          {
            "dow": "WED",
            "hh": "13",
            "mm": "40",
            "congestionCar": [
              33,
              40,
              51,
              57,
              66,
              58,
              63,
              49,
              40,
              33
            ]
          },
          {
            "dow": "WED",
            "hh": "13",
            "mm": "50",
            "congestionCar": [
              37,
              42,
              53,
              59,
              62,
              63,
              57,
              46,
              41,
              30
            ]
          }
        ]
      },
      {
        "startStationCode": "234",
        "startStationName": "신도림역",
        "endStationCode": "211",
        "endStationName": "성수역",
        "prevStationCode": "221",
        "prevStationName": "역삼역",
        "updnLine": 0,
        "directAt": 0,
        "data": [
          {
            "dow": "WED",
            "hh": "13",
            "mm": "00",
            "congestionCar": [
              29,
              30,
              39,
              47,
              51,
              48,
              44,
              42,
              31,
              29
            ]
          },
          {
            "dow": "WED",
            "hh": "13",
            "mm": "10",
            "congestionCar": [
              28,
              35,
              36,
              52,
              53,
              52,
              49,
              47,
              37,
              30
            ]
          },
          {
            "dow": "WED",
            "hh": "13",
            "mm": "20",
            "congestionCar": [
              35,
              38,
              52,
              60,
              69,
              57,
              56,
              45,
              46,
              33
            ]
          },
          {
            "dow": "WED",
            "hh": "13",
            "mm": "30",
            "congestionCar": [
              36,
              39,
              52,
              60,
              58,
              56,
              59,
              54,
              42,
              33
            ]
          },
          {
            "dow": "WED",
            "hh": "13",
            "mm": "40",
            "congestionCar": [
              33,
              40,
              51,
              57,
              66,
              58,
              63,
              49,
              40,
              33
            ]
          },
          {
            "dow": "WED",
            "hh": "13",
            "mm": "50",
            "congestionCar": [
              37,
              42,
              53,
              59,
              62,
              63,
              57,
              46,
              41,
              30
            ]
          }
        ]
      },
      {
        "startStationCode": "234",
        "startStationName": "신도림역",
        "endStationCode": "211-R",
        "endStationName": "성수역",
        "prevStationCode": "221",
        "prevStationName": "역삼역",
        "updnLine": 0,
        "directAt": 0,
        "data": [
          {
            "dow": "WED",
            "hh": "13",
            "mm": "00",
            "congestionCar": [
              29,
              30,
              39,
              47,
              51,
              48,
              44,
              42,
              31,
              29
            ]
          },
          {
            "dow": "WED",
            "hh": "13",
            "mm": "10",
            "congestionCar": [
              28,
              35,
              36,
              52,
              53,
              52,
              49,
              47,
              37,
              30
            ]
          },
          {
            "dow": "WED",
            "hh": "13",
            "mm": "20",
            "congestionCar": [
              35,
              38,
              52,
              60,
              69,
              57,
              56,
              45,
              46,
              33
            ]
          },
          {
            "dow": "WED",
            "hh": "13",
            "mm": "30",
            "congestionCar": [
              20,
              22,
              29,
              33,
              32,
              31,
              33,
              30,
              23,
              18
            ]
          },
          {
            "dow": "WED",
            "hh": "13",
            "mm": "40",
            "congestionCar": [
              37,
              45,
              57,
              63,
              72,
              64,
              69,
              54,
              44,
              37
            ]
          },
          {
            "dow": "WED",
            "hh": "13",
            "mm": "50",
            "congestionCar": [
              41,
              46,
              58,
              65,
              69,
              69,
              63,
              51,
              45,
              33
            ]
          }
        ]
      },
      {
        "startStationCode": "239",
        "startStationName": "홍대입구역",
        "endStationCode": "211",
        "endStationName": "성수역",
        "prevStationCode": "221",
        "prevStationName": "역삼역",
        "updnLine": 0,
        "directAt": 0,
        "data": [
          {
            "dow": "WED",
            "hh": "13",
            "mm": "00",
            "congestionCar": [
              29,
              30,
              39,
              47,
              51,
              48,
              44,
              42,
              31,
              29
            ]
          },
          {
            "dow": "WED",
            "hh": "13",
            "mm": "10",
            "congestionCar": [
              28,
              35,
              36,
              52,
              53,
              52,
              49,
              47,
              37,
              30
            ]
          },
          {
            "dow": "WED",
            "hh": "13",
            "mm": "20",
            "congestionCar": [
              35,
              38,
              52,
              60,
              69,
              57,
              56,
              45,
              46,
              33
            ]
          },
          {
            "dow": "WED",
            "hh": "13",
            "mm": "30",
            "congestionCar": [
              36,
              39,
              52,
              60,
              58,
              56,
              59,
              54,
              42,
              33
            ]
          },
          {
            "dow": "WED",
            "hh": "13",
            "mm": "40",
            "congestionCar": [
              33,
              40,
              51,
              57,
              66,
              58,
              63,
              49,
              40,
              33
            ]
          },
          {
            "dow": "WED",
            "hh": "13",
            "mm": "50",
            "congestionCar": [
              37,
              42,
              53,
              59,
              62,
              63,
              57,
              46,
              41,
              30
            ]
          }
        ]
      },
      {
        "startStationCode": "239",
        "startStationName": "홍대입구역",
        "endStationCode": "211-R",
        "endStationName": "성수역",
        "prevStationCode": "221",
        "prevStationName": "역삼역",
        "updnLine": 0,
        "directAt": 0,
        "data": [
          {
            "dow": "WED",
            "hh": "13",
            "mm": "00",
            "congestionCar": [
              29,
              30,
              39,
              47,
              51,
              48,
              44,
              42,
              31,
              29
            ]
          },
          {
            "dow": "WED",
            "hh": "13",
            "mm": "10",
            "congestionCar": [
              28,
              35,
              36,
              52,
              53,
              52,
              49,
              47,
              37,
              30
            ]
          },
          {
            "dow": "WED",
            "hh": "13",
            "mm": "20",
            "congestionCar": [
              35,
              38,
              52,
              60,
              69,
              57,
              56,
              45,
              46,
              33
            ]
          },
          {
            "dow": "WED",
            "hh": "13",
            "mm": "30",
            "congestionCar": [
              36,
              39,
              52,
              60,
              58,
              56,
              59,
              54,
              42,
              33
            ]
          },
          {
            "dow": "WED",
            "hh": "13",
            "mm": "40",
            "congestionCar": [
              33,
              40,
              51,
              57,
              66,
              58,
              63,
              49,
              40,
              33
            ]
          },
          {
            "dow": "WED",
            "hh": "13",
            "mm": "50",
            "congestionCar": [
              37,
              42,
              53,
              59,
              62,
              63,
              57,
              46,
              41,
              30
            ]
          }
        ]
      }
    ],
    "statStartDate": "20230923",
    "statEndDate": "20231222"
  }
}