{
  "status": {
    "code": "00",
    "message": "success",
    "totalCount": 1
  },
  "contents": {
    "subwayLine": "2호선",
    "stationName": "신도림역",
    "stationCode": "234",
    "stat": [
      {
        "startStationCode": "202",
        "startStationName": "을지로입구역",
        "endStationCode": "211",
        "endStationName": "성수역",
        "prevStationCode": "235",
        "prevStationName": "문래역",
        "updnLine": 0,
        "directAt": 0,
        "data": [
          {
            "dow": "MON",
            "hh": "08",
            "mm": "00",
            "congestionCar": [
              114,
              121,
              124,
              135,
              110,
              88,
              101,
              73,
              77,
              98
            ]
          },
          {
            "dow": "MON",
            "hh": "08",
            "mm": "10",
            "congestionCar": [
              87,
              115,
              120,
              117,
              93,
              95,
              86,
              72,
              72,
              62
            ]
          },
          {
            "dow": "MON",
            "hh": "08",
            "mm": "20",
            "congestionCar": [
              85,
              95,
              97,
              106,
              87,
              81,
              75,
              73,
              56,
              56
            ]
          },
          {
            "dow": "MON",
            "hh": "08",
            "mm": "30",
            "congestionCar": [
              83,
              93,
              79,
              91,
              57,
              57,
              62,
              55,
              44,
              38
            ]
          },
          {
            "dow": "MON",
            "hh": "08",
            "mm": "40",
            "congestionCar": [
              64,
              79,
              73,
              64,
              52,
              49,
              45,
              45,
              35,
              34
            ]
          },
          {
            "dow": "MON",
            "hh": "08",
            "mm": "50",
            "congestionCar": [
              46,
              53,
              69,
              46,
              40,
              33,
              32,
              35,
              31,
              24
            ]
          }
        ]
      },
      {
        "startStationCode": "202",
        "startStationName": "을지로입구역",
        "endStationCode": "211-R",
        "endStationName": "성수역",
        "prevStationCode": "235",
        "prevStationName": "문래역",
        "updnLine": 0,
        "directAt": 0,
        "data": [
          {
            "dow": "MON",
            "hh": "08",
            "mm": "00",
            "congestionCar": [
              114,
              121,
              124,
              135,
              110,
              88,
              101,
              73,
              77,
              98
            ]
          },
          {
            "dow": "MON",
            "hh": "08",
            "mm": "10",
            "congestionCar": [
              87,
              115,
              120,
              117,
              93,
              95,
              86,
              72,
              72,
              62
            ]
          },
          {
            "dow": "MON",
            "hh": "08",
            "mm": "20",
            "congestionCar": [
              85,
              95,
              97,
              106,
              87,
              81,
              75,
              73,
              56,
              56
            ]
          },
          {
            "dow": "MON",
            "hh": "08",
            "mm": "30",
            "congestionCar": [
              83,
              93,
              79,
              91,
              57,
              57,
              62,
              55,
              44,
              38
            ]
          },
          {
            "dow": "MON",
            "hh": "08",
            "mm": "40",
            "congestionCar": [
              64,
              79,
              73,
              64,
              52,
              49,
              45,
              45,
              35,
              34
            ]
          },
          {
            "dow": "MON",
            "hh": "08",
            "mm": "50",
            "congestionCar": [
              46,
              53,
              69,
              46,
              40,
              33,
              32,
              35,
              31,
              24
            ]
          }
        ]
      },
      {
        "startStationCode": "211",
        "startStationName": "성수역",
        "endStationCode": "202",
        "endStationName": "을지로입구역",
        "prevStationCode": "233",
        "prevStationName": "대림역",
        "updnLine": 1,
        "directAt": 0,
        "data": [
          {
            "dow": "MON",
            "hh": "08",
            "mm": "00",
            "congestionCar": [
              71,
              76,
              84,
              116,
              105,
              110,
              128,
              129,
              100,
              92
            ]
          },
          {
            "dow": "MON",
            "hh": "08",
            "mm": "10",
            "congestionCar": [
              75,
              83,
              96,
              137,
              127,
              125,
              123,
              117,
              111,
              95
            ]
          },
          {
            "dow": "MON",
            "hh": "08",
            "mm": "20",
            "congestionCar": [
              86,
              100,
              106,
              113,
              99,
              109,
              119,
              108,
              101,
              79
            ]
          },
          {
            "dow": "MON",
            "hh": "08",
            "mm": "30",
            "congestionCar": [
              70,
              76,
              81,
              97,
              79,
              101,
              105,
              97,
              78,
              75
            ]
          },
          {
            "dow": "MON",
            "hh": "08",
            "mm": "40",
            "congestionCar": [
              47,
              50,
              53,
              63,
              55,
              66,
              89,
              71,
              62,
              44
            ]
          },
          {
            "dow": "MON",
            "hh": "08",
            "mm": "50",
            "congestionCar": [
              41,
              44,
              45,
              56,
              48,
              52,
              67,
              55,
              47,
              44
            ]
          }
        ]
      },
      {
        "startStationCode": "211",
        "startStationName": "성수역",
        "endStationCode": "211",
        "endStationName": "성수역",
        "prevStationCode": "235",
        "prevStationName": "문래역",
        "updnLine": 0,
        "directAt": 0,
        "data": [
          {
            "dow": "MON",
            "hh": "08",
            "mm": "00",
            "congestionCar": [
              108,
              115,
              118,
              128,
              105,
              84,
              96,
              69,
              74,
              93
            ]
          },
          {
            "dow": "MON",
            "hh": "08",
            "mm": "10",
            "congestionCar": [
              94,
              124,
              130,
              126,
              100,
              102,
              93,
              77,
              78,
              67
            ]
          },
          {
            "dow": "MON",
            "hh": "08",
            "mm": "20",
            "congestionCar": [
              108,
              120,
              123,
              135,
              111,
              104,
              95,
              93,
              71,
              71
            ]
          },
          {
            "dow": "MON",
            "hh": "08",
            "mm": "30",
            "congestionCar": [
              84,
              95,
              80,
              93,
              58,
              58,
              63,
              56,
              45,
              38
            ]
          },
          {
            "dow": "MON",
            "hh": "08",
            "mm": "40",
            "congestionCar": [
              54,
              66,
              61,
              54,
              43,
              40,
              38,
              37,
              29,
              28
            ]
          },
          {
            "dow": "MON",
            "hh": "08",
            "mm": "50",
            "congestionCar": [
              52,
              60,
              77,
              52,
              45,
              37,
              36,
              39,
              35,
              27
            ]
          }
        ]
      },
      {
        "startStationCode": "211",
        "startStationName": "성수역",
        "endStationCode": "211",
        "endStationName": "성수역",
        "prevStationCode": "233",
        "prevStationName": "대림역",
        "updnLine": 1,
        "directAt": 0,
        "data": [
          {
            "dow": "MON",
            "hh": "08",
            "mm": "00",
            "congestionCar": [
              71,
              76,
              84,
              116,
              105,
              110,
              128,
              129,
              100,
              92
            ]
          },
          {
            "dow": "MON",
            "hh": "08",
            "mm": "10",
            "congestionCar": [
              75,
              83,
              96,
              137,
              127,
              125,
              123,
              117,
              111,
              95
            ]
          },
          {
            "dow": "MON",
            "hh": "08",
            "mm": "20",
            "congestionCar": [
              86,
              100,
              106,
              113,
              99,
              109,
              119,
              108,
              101,
              79
            ]
          },
          {
            "dow": "MON",
            "hh": "08",
            "mm": "30",
            "congestionCar": [
              26,
              28,
              30,
              36,
              29,
              38,
              39,
              36,
              29,
              28
            ]
          },
          {
            "dow": "MON",
            "hh": "08",
            "mm": "40",
            "congestionCar": [
              49,
              53,
              55,
              67,
              58,
              69,
              93,
              75,
              65,
              46
            ]
          },
          {
            "dow": "MON",
            "hh": "08",
            "mm": "50",
            "congestionCar": [
              39,
              42,
              44,
              53,
              46,
              50,
              65,
              53,
              45,
              42
            ]
          }
        ]
      },
      {
        "startStationCode": "211",
        "startStationName": "성수역",
        "endStationCode": "211-R",
        "endStationName": "성수역",
        "prevStationCode": "235",
        "prevStationName": "문래역",
        "updnLine": 0,
        "directAt": 0,
        "data": [
          {
            "dow": "MON",
            "hh": "08",
            "mm": "00",
            "congestionCar": [
              118,
              125,
              129,
              140,
              115,
              91,
              105,
              75,
              80,
              102
            ]
          },
          {
            "dow": "MON",
            "hh": "08",
            "mm": "10",
            "congestionCar": [
              82,
              108,
              113,
              110,
              86,
              89,
              81,
              67,
              68,
              58
            ]
          },
          {
            "dow": "MON",
            "hh": "08",
            "mm": "20",
            "congestionCar": [
              80,
              90,
              92,
              101,
              83,
              77,
              71,
              69,
              53,
              53
            ]
          },
          {
            "dow": "MON",
            "hh": "08",
            "mm": "30",
            "congestionCar": [
              83,
              93,
              79,
              91,
              57,
              57,
              62,
              55,
              44,
              38
            ]
          },
          {
            "dow": "MON",
            "hh": "08",
            "mm": "40",
            "congestionCar": [
              68,
              83,
              77,
              68,
              55,
              51,
              48,
              47,
              37,
              36
            ]
          },
          {
            "dow": "MON",
            "hh": "08",
            "mm": "50",
            "congestionCar": [
              51,
              59,
              75,
              50,
              44,
              37,
              35,
              38,
              34,
              27
            ]
          }
        ]
      },
      {
        "startStationCode": "211",
        "startStationName": "성수역",
        "endStationCode": "211-R",
        "endStationName": "성수역",
        "prevStationCode": "233",
        "prevStationName": "대림역",
        "updnLine": 1,
        "directAt": 0,
        "data": [
          {
            "dow": "MON",
            "hh": "08",
            "mm": "00",
            "congestionCar": [
              71,
              76,
              84,
              116,
              105,
              110,
              128,
              129,
              100,
              92
            ]
          },
          {
            "dow": "MON",
            "hh": "08",
            "mm": "10",
            "congestionCar": [
              75,
              83,
              96,
              137,
              127,
              125,
              123,
              117,
              111,
              95
            ]
          },
          {
            "dow": "MON",
            "hh": "08",
            "mm": "20",
            "congestionCar": [
              90,
              105,
              111,
              119,
              104,
              115,
              124,
              113,
              106,
              83
            ]
          },
          {
            "dow": "MON",
            "hh": "08",
            "mm": "30",
            "congestionCar": [
              72,
              79,
              84,
              101,
              82,
              105,
              108,
              101,
              81,
              78
            ]
          },
          {
            "dow": "MON",
            "hh": "08",
            "mm": "40",
            "congestionCar": [
              47,
              50,
              53,
              63,
              55,
              66,
              89,
              71,
              62,
              44
            ]
          },
          {
            "dow": "MON",
            "hh": "08",
            "mm": "50",
            "congestionCar": [
              42,
              46,
              47,
              58,
              50,
              54,
              70,
              58,
              49,
              46
            ]
          }
        ]
      },
      {
        "startStationCode": "211",
        "startStationName": "성수역",
        "endStationCode": "219",
        "endStationName": "삼성역",
        "prevStationCode": "235",
        "prevStationName": "문래역",
        "updnLine": 0,
        "directAt": 0,
        "data": [
          {
            "dow": "MON",
            "hh": "08",
            "mm": "00",
            "congestionCar": [
              114,
              121,
              124,
              135,
              110,
              88,
              101,
              73,
              77,
              98
            ]
          },
          {
            "dow": "MON",
            "hh": "08",
            "mm": "10",
            "congestionCar": [
              87,
              115,
              120,
              117,
              93,
              95,
              86,
              72,
              72,
              62
            ]
          },
          {
            "dow": "MON",
            "hh": "08",
            "mm": "20",
            "congestionCar": [
              85,
              95,
              97,
              106,
              87,
              81,
              75,
              73,
              56,
              56
            ]
          },
          {
            "dow": "MON",
            "hh": "08",
            "mm": "30",
            "congestionCar": [
              83,
              93,
              79,
              91,
              57,
              57,
              62,
              55,
              44,
              38
            ]
          },
          {
            "dow": "MON",
            "hh": "08",
            "mm": "40",
            "congestionCar": [
              64,
              79,
              73,
              64,
              52,
              49,
              45,
              45,
              35,
              34
            ]
          },
          {
            "dow": "MON",
            "hh": "08",
            "mm": "50",
            "congestionCar": [
              46,
              53,
              69,
              46,
              40,
              33,
              32,
              35,
              31,
              24
            ]
          }
        ]
      },
      {
        "startStationCode": "211",
        "startStationName": "성수역",
        "endStationCode": "228",
        "endStationName": "서울대입구역",
        "prevStationCode": "235",
        "prevStationName": "문래역",
        "updnLine": 0,
        "directAt": 0,
        "data": [
          {
            "dow": "MON",
            "hh": "08",
            "mm": "00",
            "congestionCar": [
              114,
              121,
              124,
              135,
              110,
              88,
              101,
              73,
              77,
              98
            ]
          },
          {
            "dow": "MON",
            "hh": "08",
            "mm": "10",
            "congestionCar": [
              87,
              115,
              120,
              117,
              93,
              95,
              86,
              72,
              72,
              62
            ]
          },
          {
            "dow": "MON",
            "hh": "08",
            "mm": "20",
            "congestionCar": [
              85,
              95,
              97,
              106,
              87,
              81,
              75,
              73,
              56,
              56
            ]
          },
          {
            "dow": "MON",
            "hh": "08",
            "mm": "30",
            "congestionCar": [
              83,
              93,
              79,
              91,
              57,
              57,
              62,
              55,
              44,
              38
            ]
          },
          {
            "dow": "MON",
            "hh": "08",
            "mm": "40",
            "congestionCar": [
              64,
              79,
              73,
              64,
              52,
              49,
              45,
              45,
              35,
              34
            ]
          },
          {
            "dow": "MON",
            "hh": "08",
            "mm": "50",
            "congestionCar": [
              46,
              53,
              69,
              46,
              40,
              33,
              32,
              35,
              31,
              24
            ]
          }
        ]
      },
      {
        "startStationCode": "211",
        "startStationName": "성수역",
        "endStationCode": "234",
        "endStationName": "신도림역",
        "prevStationCode": "235",
        "prevStationName": "문래역",
        "updnLine": 0,
        "directAt": 0,
        "data": [
          {
            "dow": "MON",
            "hh": "08",
            "mm": "00",
            "congestionCar": [
              114,
              121,
              124,
              135,
              110,
              88,
              101,
              73,
              77,
              98
            ]
          },
          {
            "dow": "MON",
            "hh": "08",
            "mm": "10",
            "congestionCar": [
              87,
              115,
              120,
              117,
              93,
              95,
              86,
              72,
              72,
              62
            ]
          },
          {
            "dow": "MON",
            "hh": "08",
            "mm": "20",
            "congestionCar": [
              85,
              95,
              97,
              106,
              87,
              81,
              75,
              73,
              56,
              56
            ]
          },
          {
            "dow": "MON",
            "hh": "08",
            "mm": "30",
            "congestionCar": [
              83,
              93,
              79,
              91,
              57,
              57,
              62,
              55,
              44,
              38
            ]
          },
          {
            "dow": "MON",
            "hh": "08",
            "mm": "40",
            "congestionCar": [
              64,
              79,
              73,
              64,
              52,
              49,
              45,
              45,
              35,
              34
            ]
          },
          {
            "dow": "MON",
            "hh": "08",
            "mm": "50",
            "congestionCar": [
              9,
              10,
              13,
              9,
              8,
              6,
              6,
              7,
              6,
              5
            ]
          }
        ]
      },
      {
        "startStationCode": "211",
        "startStationName": "성수역",
        "endStationCode": "234",
        "endStationName": "신도림역",
        "prevStationCode": "233",
        "prevStationName": "대림역",
        "updnLine": 1,
        "directAt": 0,
        "data": [
          {
            "dow": "MON",
            "hh": "08",
            "mm": "00",
            "congestionCar": [
              71,
              76,
              84,
              116,
              105,
              110,
              128,
              129,
              100,
              92
            ]
          },
          {
            "dow": "MON",
            "hh": "08",
            "mm": "10",
            "congestionCar": [
              75,
              83,
              96,
              137,
              127,
              125,
              123,
              117,
              111,
              95
            ]
          },
          {
            "dow": "MON",
            "hh": "08",
            "mm": "20",
            "congestionCar": [
              86,
              100,
              106,
              113,
              99,
              109,
              119,
              108,
              101,
              79
            ]
          },
          {
            "dow": "MON",
            "hh": "08",
            "mm": "30",
            "congestionCar": [
              70,
              76,
              81,
              97,
              79,
              101,
              105,
              97,
              78,
              75
            ]
          },
          {
            "dow": "MON",
            "hh": "08",
            "mm": "40",
            "congestionCar": [
              47,
              50,
              53,
              63,
              55,
              66,
              89,
              71,
              62,
              44
            ]
          },
          {
            "dow": "MON",
            "hh": "08",
            "mm": "50",
            "congestionCar": [
              41,
              44,
              45,
              56,
              48,
              52,
              67,
              55,
              47,
              44
            ]
          }
        ]
      },
      {
        "startStationCode": "211",
        "startStationName": "성수역",
        "endStationCode": "239",
        "endStationName": "홍대입구역",
        "prevStationCode": "233",
        "prevStationName": "대림역",
        "updnLine": 1,
        "directAt": 0,
        "data": [
          {
            "dow": "MON",
            "hh": "08",
            "mm": "00",
            "congestionCar": [
              71,
              76,
              84,
              116,
              105,
              110,
              128,
              129,
              100,
              92
            ]
          },
          {
            "dow": "MON",
            "hh": "08",
            "mm": "10",
            "congestionCar": [
              75,
              83,
              96,
              137,
              127,
              125,
              123,
              117,
              111,
              95
            ]
          },
          {
            "dow": "MON",
            "hh": "08",
            "mm": "20",
            "congestionCar": [
              86,
              100,
              106,
              113,
              99,
              109,
              119,
              108,
              101,
              79
            ]
          },
          {
            "dow": "MON",
            "hh": "08",
            "mm": "30",
            "congestionCar": [
              70,
              76,
              81,
              97,
              79,
              101,
              105,
              97,
              78,
              75
            ]
          },
          {
            "dow": "MON",
            "hh": "08",
            "mm": "40",
            "congestionCar": [
              47,
              50,
              53,
              63,
              55,
              66,
              89,
              71,
              62,
              44
            ]
          },
          {
            "dow": "MON",
            "hh": "08",
            "mm": "50",
            "congestionCar": [
              41,
              44,
              45,
              56,
              48,
              52,
              67,
              55,
              47,
              44
            ]
          }
        ]
      },
      {
        "startStationCode": "219",
        "startStationName": "삼성역",
        "endStationCode": "211-R",
        "endStationName": "성수역",
        "prevStationCode": "233",
        "prevStationName": "대림역",
        "updnLine": 1,
        "directAt": 0,
        "data": [
          {
            "dow": "MON",
            "hh": "08",
            "mm": "00",
            "congestionCar": [
              71,
              76,
              84,
              116,
              105,
              110,
              128,
              129,
              100,
              92
            ]
          },
          {
            "dow": "MON",
            "hh": "08",
            "mm": "10",
            "congestionCar": [
              75,
              83,
              96,
              137,
              127,
              125,
              123,
              117,
              111,
              95
            ]
          },
          {
            "dow": "MON",
            "hh": "08",
            "mm": "20",
            "congestionCar": [
              86,
              100,
              106,
              113,
              99,
              109,
              119,
              108,
              101,
              79
            ]
          },
          {
            "dow": "MON",
            "hh": "08",
            "mm": "30",
            "congestionCar": [
              70,
              76,
              81,
              97,
              79,
              101,
              105,
              97,
              78,
              75
            ]
          },
          {
            "dow": "MON",
            "hh": "08",
            "mm": "40",
            "congestionCar": [
              47,
              50,
              53,
              63,
              55,
              66,
              89,
              71,
              62,
              44
            ]
          },
          {
            "dow": "MON",
            "hh": "08",
            "mm": "50",
            "congestionCar": [
              41,
              44,
              45,
              56,
              48,
              52,
              67,
              55,
              47,
              44
            ]
          }
        ]
      },
      {
        "startStationCode": "228",
        "startStationName": "서울대입구역",
        "endStationCode": "211",
        "endStationName": "성수역",
        "prevStationCode": "233",
        "prevStationName": "대림역",
        "updnLine": 1,
        "directAt": 0,
        "data": [
          {
            "dow": "MON",
            "hh": "08",
            "mm": "00",
            "congestionCar": [
              71,
              76,
              84,
              116,
              105,
              110,
              128,
              129,
              100,
              92
            ]
          },
          {
            "dow": "MON",
            "hh": "08",
            "mm": "10",
            "congestionCar": [
              75,
              83,
              96,
              137,
              127,
              125,
              123,
              117,
              111,
              95
            ]
          },
          {
            "dow": "MON",
            "hh": "08",
            "mm": "20",
            "congestionCar": [
              86,
              100,
              106,
              113,
              99,
              109,
              119,
              108,
              101,
              79
            ]
          },
          {
            "dow": "MON",
            "hh": "08",
            "mm": "30",
            "congestionCar": [
              70,
              76,
              81,
              97,
              79,
              101,
              105,
              97,
              78,
              75
            ]
          },
          {
            "dow": "MON",
            "hh": "08",
            "mm": "40",
            "congestionCar": [
              47,
              50,
              53,
              63,
              55,
              66,
              89,
              71,
              62,
              44
            ]
          },
          {
            "dow": "MON",
            "hh": "08",
            "mm": "50",
            "congestionCar": [
              41,
              44,
              45,
              56,
              48,
              52,
              67,
              55,
              47,
              44
            ]
          }
        ]
      },
      {
        "startStationCode": "228",
        "startStationName": "서울대입구역",
        "endStationCode": "211-R",
        "endStationName": "성수역",
        "prevStationCode": "233",
        "prevStationName": "대림역",
        "updnLine": 1,
        "directAt": 0,
        "data": [
          {
            "dow": "MON",
            "hh": "08",
            "mm": "00",
            "congestionCar": [
              71,
              76,
              84,
              116,
              105,
              110,
              128,
              129,
              100,
              92
            ]
          },
          {
            "dow": "MON",
            "hh": "08",
            "mm": "10",
            "congestionCar": [
              75,
              83,
              96,
              137,
              127,
              125,
              123,
              117,
              111,
              95
            ]
          },
          {
            "dow": "MON",
            "hh": "08",
            "mm": "20",
            "congestionCar": [
              86,
              100,
              106,
              113,
              99,
              109,
              119,
              108,
              101,
              79
            ]
          },
          {
            "dow": "MON",
            "hh": "08",
            "mm": "30",
            "congestionCar": [
              70,
              76,
              81,
              97,
              79,
              101,
              105,
              97,
              78,
              75
            ]
          },
          {
            "dow": "MON",
            "hh": "08",
            "mm": "40",
            "congestionCar": [
              47,
              50,
              53,
              63,
              55,
              66,
              89,
              71,
              62,
              44
            ]
          },
          {
            "dow": "MON",
            "hh": "08",
            "mm": "50",
            "congestionCar": [
              41,
              44,
              45,
              56,
              48,
              52,
              67,
              55,
              47,
              44
            ]
          }
        ]
      },
      {
        "startStationCode": "239",
        "startStationName": "홍대입구역",
        "endStationCode": "211",
        "endStationName": "성수역",
        "prevStationCode": "235",
        "prevStationName": "문래역",
        "updnLine": 0,
        "directAt": 0,
        "data": [
          {
            "dow": "MON",
            "hh": "08",
            "mm": "00",
            "congestionCar": [
              114,
              121,
              124,
              135,
              110,
              88,
              101,
              73,
              77,
              98
            ]
          },
          {
            "dow": "MON",
            "hh": "08",
            "mm": "10",
            "congestionCar": [
              87,
              115,
              120,
              117,
              93,
              95,
              86,
              72,
              72,
              62
            ]
          },
          {
            "dow": "MON",
            "hh": "08",
            "mm": "20",
            "congestionCar": [
              85,
              95,
              97,
              106,
              87,
              81,
              75,
              73,
              56,
              56
            ]
          },
          {
            "dow": "MON",
            "hh": "08",
            "mm": "30",
            "congestionCar": [
              83,
              93,
              79,
              91,
              57,
              57,
              62,
              55,
              44,
              38
            ]
          },
          {
            "dow": "MON",
            "hh": "08",
            "mm": "40",
            "congestionCar": [
              64,
              79,
              73,
              64,
              52,
              49,
              45,
              45,
              35,
              34
            ]
          },
          {
            "dow": "MON",
            "hh": "08",
            "mm": "50",
            "congestionCar": [
              46,
              53,
              69,
              46,
              40,
              33,
              32,
              35,
              31,
              24
            ]
          }
        ]
      },
      {
        "startStationCode": "239",
        "startStationName": "홍대입구역",
        "endStationCode": "211-R",
        "endStationName": "성수역",
        "prevStationCode": "235",
        "prevStationName": "문래역",
        "updnLine": 0,
        "directAt": 0,
        "data": [
          {
            "dow": "MON",
            "hh": "08",
            "mm": "00",
            "congestionCar": [
              114,
              121,
              124,
              135,
              110,
              88,
              101,
              73,
              77,
              98
            ]
          },
          {
            "dow": "MON",
            "hh": "08",
            "mm": "10",
            "congestionCar": [
              87,
              115,
              120,
              117,
              93,
              95,
              86,
              72,
              72,
              62
            ]
          },
          {
            "dow": "MON",
            "hh": "08",
            "mm": "20",
            "congestionCar": [
              85,
              95,
              97,
              106,
              87,
              81,
              75,
              73,
              56,
              56
            ]
          },
          {
            "dow": "MON",
            "hh": "08",
            "mm": "30",
            "congestionCar": [
              83,
              93,
              79,
              91,
              57,
              57,
              62,
              55,
              44,
              38
            ]
          },
          {
            "dow": "MON",
            "hh": "08",
            "mm": "40",
            "congestionCar": [
              64,
              79,
              73,
              64,
              52,
              49,
              45,
              45,
              35,
              34
            ]
          },
          {
            "dow": "MON",
            "hh": "08",
            "mm": "50",
            "congestionCar": [
              46,
              53,
              69,
              46,
              40,
              33,
              32,
              35,
              31,
              24
            ]
          }
        ]
      }
    ],
    "statStartDate": "20230924",
    "statEndDate": "20231223"
  }
}