{
  "status": {
    "code": "00",
    "message": "success",
    "totalCount": 1
  },
  "contents": {
    "subwayLine": "2호선",
    "stationName": "교대역",
    "stationCode": "223",
    "stat": [
      {
        "startStationCode": "202",
        "startStationName": "을지로입구역",
        "endStationCode": "211",
        "endStationName": "성수역",
        "prevStationCode": "224",
        "prevStationName": "서초역",
        "updnLine": 0,
        "directAt": 0,
        "data": [
          {
            "dow": "WED",
            "hh": "13",
            "mm": "00",
            "congestionCar": [
              35,
              33,
              44,
              61,
              61,
              61,
              58,
              46,
              38,
              44
            ]
          },
          {
            "dow": "WED",
            "hh": "13",
            "mm": "10",
            "congestionCar": [
              34,
              37,
              53,
              64,
              70,
              64,
              58,
              46,
              42,
              50
            ]
          },
          {
            "dow": "WED",
            "hh": "13",
            "mm": "20",
            "congestionCar": [
              36,
              44,
              63,
              75,
              74,
              73,
              69,
              57,
              46,
              53
            ]
          },
          {
            "dow": "WED",
            "hh": "13",
            "mm": "30",
            "congestionCar": [
              44,
              47,
              67,
              78,
              85,
              78,
              77,
              63,
              49,
              61
            ]
          },
          {
            "dow": "WED",
            "hh": "13",
            "mm": "40",
            "congestionCar": [
              36,
              48,
              67,
              78,
              84,
              77,
              68,
              55,
              49,
              57
            ]
          },
          {
            "dow": "WED",
            "hh": "13",
            "mm": "50",
            "congestionCar": [
              32,
              38,
              52,
              57,
              65,
              62,
              58,
              48,
              39,
              48
            ]
          }
        ]
      },
      {
        "startStationCode": "202",
        "startStationName": "을지로입구역",
        "endStationCode": "211-R",
        "endStationName": "성수역",
        "prevStationCode": "224",
        "prevStationName": "서초역",
        "updnLine": 0,
        "directAt": 0,
        "data": [
          {
            "dow": "WED",
            "hh": "13",
            "mm": "00",
            "congestionCar": [
              35,
              33,
              44,
              61,
              61,
              61,
              58,
              46,
              38,
              44
            ]
          },
          {
            "dow": "WED",
            "hh": "13",
            "mm": "10",
            "congestionCar": [
              34,
              37,
              53,
              64,
              70,
              64,
              58,
              46,
              42,
              50
            ]
          },
          {
            "dow": "WED",
            "hh": "13",
            "mm": "20",
            "congestionCar": [
              36,
              44,
              63,
              75,
              74,
              73,
              69,
              57,
              46,
              53
            ]
          },
          {
            "dow": "WED",
            "hh": "13",
            "mm": "30",
            "congestionCar": [
              44,
              47,
              67,
              78,
              85,
              78,
              77,
              63,
              49,
              61
            ]
          },
          {
            "dow": "WED",
            "hh": "13",
            "mm": "40",
            "congestionCar": [
              36,
              48,
              67,
              78,
              84,
              77,
              68,
              55,
              49,
              57
            ]
          },
          {
            "dow": "WED",
            "hh": "13",
            "mm": "50",
            "congestionCar": [
              32,
              38,
              52,
              57,
              65,
              62,
              58,
              48,
              39,
              48
            ]
          }
        ]
      },
      {
        "startStationCode": "211",
        "startStationName": "성수역",
        "endStationCode": "202",
        "endStationName": "을지로입구역",
        "prevStationCode": "222",
        "prevStationName": "강남역",
        "updnLine": 1,
        "directAt": 0,
        "data": [
          {
            "dow": "WED",
            "hh": "13",
            "mm": "00",
            "congestionCar": [
              45,
              44,
              47,
              51,
              57,
              54,
              46,
              43,
              32,
              23
            ]
          },
          {
            "dow": "WED",
            "hh": "13",
            "mm": "10",
            "congestionCar": [
              49,
              43,
              58,
              54,
              66,
              64,
              47,
              41,
              29,
              28
            ]
          },
          {
            "dow": "WED",
            "hh": "13",
            "mm": "20",
            "congestionCar": [
              44,
              44,
              50,
              55,
              54,
              59,
              50,
              40,
              27,
              28
            ]
          },
          {
            "dow": "WED",
            "hh": "13",
            "mm": "30",
            "congestionCar": [
              38,
              38,
              39,
              48,
              50,
              53,
              40,
              34,
              28,
              22
            ]
          },
          {
            "dow": "WED",
            "hh": "13",
            "mm": "40",
            "congestionCar": [
              48,
              39,
              54,
              59,
              61,
              64,
              54,
              41,
              33,
              27
            ]
          },
          {
            "dow": "WED",
            "hh": "13",
            "mm": "50",
            "congestionCar": [
              50,
              37,
              52,
              61,
              68,
              70,
              57,
              49,
              33,
              32
            ]
          }
        ]
      },
      {
        "startStationCode": "211",
        "startStationName": "성수역",
        "endStationCode": "211",
        "endStationName": "성수역",
        "prevStationCode": "224",
        "prevStationName": "서초역",
        "updnLine": 0,
        "directAt": 0,
        "data": [
          {
            "dow": "WED",
            "hh": "13",
            "mm": "00",
            "congestionCar": [
              35,
              33,
              44,
              61,
              61,
              61,
              58,
              46,
              38,
              44
            ]
          },
          {
            "dow": "WED",
            "hh": "13",
            "mm": "10",
            "congestionCar": [
              34,
              37,
              53,
              64,
              70,
              64,
              58,
              46,
              42,
              50
            ]
          },
          {
            "dow": "WED",
            "hh": "13",
            "mm": "20",
            "congestionCar": [
              36,
              44,
              63,
              75,
              74,
              73,
              69,
              57,
              46,
              53
            ]
          },
          {
            "dow": "WED",
            "hh": "13",
            "mm": "30",
            "congestionCar": [
              44,
              47,
              67,
              78,
              85,
              78,
              77,
              63,
              49,
              61
            ]
          },
          {
            "dow": "WED",
            "hh": "13",
            "mm": "40",
            "congestionCar": [
              36,
              48,
              67,
              78,
              84,
              77,
              68,
              55,
              49,
              57
            ]
          },
          {
            "dow": "WED",
            "hh": "13",
            "mm": "50",
            "congestionCar": [
              32,
              38,
              52,
              57,
              65,
              62,
              58,
              48,
              39,
              48
            ]
          }
        ]
      },
      {
        "startStationCode": "211",
        "startStationName": "성수역",
        "endStationCode": "211",
        "endStationName": "성수역",
        "prevStationCode": "222",
        "prevStationName": "강남역",
        "updnLine": 1,
        "directAt": 0,
        "data": [
          {
            "dow": "WED",
            "hh": "13",
            "mm": "00",
            "congestionCar": [
              45,
              44,
              47,
              51,
              57,
              54,
              46,
              43,
              32,
              23
            ]
          },
          {
            "dow": "WED",
            "hh": "13",
            "mm": "10",
            "congestionCar": [
              49,
              43,
              58,
              54,
              66,
              64,
              47,
              41,
              29,
              28
            ]
          },
          {
            "dow": "WED",
            "hh": "13",
            "mm": "20",
            "congestionCar": [
              44,
              44,
              50,
              55,
              54,
              59,
              50,
              40,
              27,
              28
            ]
          },
          {
            "dow": "WED",
            "hh": "13",
            "mm": "30",
            "congestionCar": [
              38,
              38,
              39,
              48,
              50,
              53,
              40,
              34,
              28,
              22
            ]
          },
          {
            "dow": "WED",
            "hh": "13",
            "mm": "40",
            "congestionCar": [
              48,
              39,
              54,
              59,
              61,
              64,
              54,
              41,
              33,
              27
            ]
          },
          {
            "dow": "WED",
            "hh": "13",
            "mm": "50",
            "congestionCar": [
              50,
              37,
              52,
              61,
              68,
              70,
              57,
              49,
              33,
              32
            ]
          }
        ]
      },
      {
        "startStationCode": "211",
        "startStationName": "성수역",
        "endStationCode": "211-R",
        "endStationName": "성수역",
        "prevStationCode": "224",
        "prevStationName": "서초역",
        "updnLine": 0,
        "directAt": 0,
        "data": [
          {
            "dow": "WED",
            "hh": "13",
            "mm": "00",
            "congestionCar": [
              35,
              33,
              44,
              61,
              61,
              61,
              58,
              46,
              38,
              44
            ]
          },
          {
            "dow": "WED",
            "hh": "13",
            "mm": "10",
            "congestionCar": [
              34,
              37,
              53,
              64,
              70,
              64,
              58,
              46,
              42,
              50
            ]
          },
          {
            "dow": "WED",
            "hh": "13",
            "mm": "20",
            "congestionCar": [
              36,
              44,
              63,
              75,
              74,
              73,
              69,
              57,
              46,
              53
            ]
          },
          {
            "dow": "WED",
            "hh": "13",
            "mm": "30",
            "congestionCar": [
              45,
              48,
              68,
              79,
              86,
              79,
              79,
              64,
              50,
              62
            ]
          },
          {
            "dow": "WED",
            "hh": "13",
            "mm": "40",
            "congestionCar": [
              36,
              48,
              67,
              78,
              84,
              77,
              68,
              55,
              49,
              57
            ]
          },
          {
            "dow": "WED",
            "hh": "13",
            "mm": "50",
            "congestionCar": [
              32,
              38,
              52,
              57,
              65,
              62,
              58,
              48,
              39,
              48
            ]
          }
        ]
      },
      {
        "startStationCode": "211",
        "startStationName": "성수역",
        "endStationCode": "211-R",
        "endStationName": "성수역",
        "prevStationCode": "222",
        "prevStationName": "강남역",
        "updnLine": 1,
        "directAt": 0,
        "data": [
          {
            "dow": "WED",
            "hh": "13",
            "mm": "00",
            "congestionCar": [
              45,
              44,
              47,
              51,
              57,
              54,
              46,
              43,
              32,
              23
            ]
          },
          {
            "dow": "WED",
            "hh": "13",
            "mm": "10",
            "congestionCar": [
              51,
              44,
              61,
              56,
              68,
              67,
              49,
              43,
              31,
              29
            ]
          },
          {
            "dow": "WED",
            "hh": "13",
            "mm": "20",
            "congestionCar": [
              47,
              46,
              53,
              59,
              58,
              63,
              53,
              42,
              28,
              29
            ]
          },
          {
            "dow": "WED",
            "hh": "13",
            "mm": "30",
            "congestionCar": [
              41,
              41,
              42,
              52,
              54,
              58,
              43,
              36,
              30,
              24
            ]
          },
          {
            "dow": "WED",
            "hh": "13",
            "mm": "40",
            "congestionCar": [
              48,
              39,
              54,
              59,
              61,
              64,
              54,
              41,
              33,
              27
            ]
          },
          {
            "dow": "WED",
            "hh": "13",
            "mm": "50",
            "congestionCar": [
              50,
              37,
              52,
              61,
              68,
              70,
              57,
              49,
              33,
              32
            ]
          }
        ]
      },
      {
        "startStationCode": "211",
        "startStationName": "성수역",
        "endStationCode": "219",
        "endStationName": "삼성역",
        "prevStationCode": "224",
        "prevStationName": "서초역",
        "updnLine": 0,
        "directAt": 0,
        "data": [
          {
            "dow": "WED",
            "hh": "13",
            "mm": "00",
            "congestionCar": [
              35,
              33,
              44,
              61,
              61,
              61,
              58,
              46,
              38,
              44
            ]
          },
          {
            "dow": "WED",
            "hh": "13",
            "mm": "10",
            "congestionCar": [
              34,
              37,
              53,
              64,
              70,
              64,
              58,
              46,
              42,
              50
            ]
          },
          {
            "dow": "WED",
            "hh": "13",
            "mm": "20",
            "congestionCar": [
              36,
              44,
              63,
              75,
              74,
              73,
              69,
              57,
              46,
              53
            ]
          },
          {
            "dow": "WED",
            "hh": "13",
            "mm": "30",
            "congestionCar": [
              44,
              47,
              67,
              78,
              85,
              78,
              77,
              63,
              49,
              61
            ]
          },
          {
            "dow": "WED",
            "hh": "13",
            "mm": "40",
            "congestionCar": [
              36,
              48,
              67,
              78,
              84,
              77,
              68,
              55,
              49,
              57
            ]
          },
          {
            "dow": "WED",
            "hh": "13",
            "mm": "50",
            "congestionCar": [
              32,
              38,
              52,
              57,
              65,
              62,
              58,
              48,
              39,
              48
            ]
          }
        ]
      },
      {
        "startStationCode": "211",
        "startStationName": "성수역",
        "endStationCode": "228",
        "endStationName": "서울대입구역",
        "prevStationCode": "222",
        "prevStationName": "강남역",
        "updnLine": 1,
        "directAt": 0,
        "data": [
          {
            "dow": "WED",
            "hh": "13",
            "mm": "00",
            "congestionCar": [
              45,
              44,
              47,
              51,
              57,
              54,
              46,
              43,
              32,
              23
            ]
          },
          {
            "dow": "WED",
            "hh": "13",
            "mm": "10",
            "congestionCar": [
              49,
              43,
              58,
              54,
              66,
              64,
              47,
              41,
              29,
              28
            ]
          },
          {
            "dow": "WED",
            "hh": "13",
            "mm": "20",
            "congestionCar": [
              44,
              44,
              50,
              55,
              54,
              59,
              50,
              40,
              27,
              28
            ]
          },
          {
            "dow": "WED",
            "hh": "13",
            "mm": "30",
            "congestionCar": [
              38,
              38,
              39,
              48,
              50,
              53,
              40,
              34,
              28,
              22
            ]
          },
          {
            "dow": "WED",
            "hh": "13",
            "mm": "40",
            "congestionCar": [
              48,
              39,
              54,
              59,
              61,
              64,
              54,
              41,
              33,
              27
            ]
          },
          {
            "dow": "WED",
            "hh": "13",
            "mm": "50",
            "congestionCar": [
              50,
              37,
              52,
              61,
              68,
              70,
              57,
              49,
              33,
              32
            ]
          }
        ]
      },
      {
        "startStationCode": "211",
        "startStationName": "성수역",
        "endStationCode": "234",
        "endStationName": "신도림역",
        "prevStationCode": "222",
        "prevStationName": "강남역",
        "updnLine": 1,
        "directAt": 0,
        "data": [
          {
            "dow": "WED",
            "hh": "13",
            "mm": "00",
            "congestionCar": [
              45,
              44,
              47,
              51,
              57,
              54,
              46,
              43,
              32,
              23
            ]
          },
          {
            "dow": "WED",
            "hh": "13",
            "mm": "10",
            "congestionCar": [
              49,
              43,
              58,
              54,
              66,
              64,
              47,
              41,
              29,
              28
            ]
          },
          {
            "dow": "WED",
            "hh": "13",
            "mm": "20",
            "congestionCar": [
              44,
              44,
              50,
              55,
              54,
              59,
              50,
              40,
              27,
              28
            ]
          },
          {
            "dow": "WED",
            "hh": "13",
            "mm": "30",
            "congestionCar": [
              38,
              38,
              39,
              48,
              50,
              53,
              40,
              34,
              28,
              22
            ]
          },
          {
            "dow": "WED",
            "hh": "13",
            "mm": "40",
            "congestionCar": [
              48,
              39,
              54,
              59,
              61,
              64,
              54,
              41,
              33,
              27
            ]
          },
          {
            "dow": "WED",
            "hh": "13",
            "mm": "50",
            "congestionCar": [
              50,
              37,
              52,
              61,
              68,
              70,
              57,
              49,
              33,
              32
            ]
          }
        ]
      },
      {
        "startStationCode": "211",
        "startStationName": "성수역",
        "endStationCode": "239",
        "endStationName": "홍대입구역",
        "prevStationCode": "222",
        "prevStationName": "강남역",
        "updnLine": 1,
        "directAt": 0,
        "data": [
          {
            "dow": "WED",
            "hh": "13",
            "mm": "00",
            "congestionCar": [
              45,
              44,
              47,
              51,
              57,
              54,
              46,
              43,
              32,
              23
            ]
          },
          {
            "dow": "WED",
            "hh": "13",
            "mm": "10",
            "congestionCar": [
              49,
              43,
              58,
              54,
              66,
              64,
              47,
              41,
              29,
              28
            ]
          },
          {
            "dow": "WED",
            "hh": "13",
            "mm": "20",
            "congestionCar": [
              44,
              44,
              50,
              55,
              54,
              59,
              50,
              40,
              27,
              28
            ]
          },
          {
            "dow": "WED",
            "hh": "13",
            "mm": "30",
            "congestionCar": [
              38,
              38,
              39,
              48,
              50,
              53,
              40,
              34,
              28,
              22
            ]
          },
          {
            "dow": "WED",
            "hh": "13",
            "mm": "40",
            "congestionCar": [
              48,
              39,
              54,
              59,
              61,
              64,
              54,
              41,
              33,
              27
            ]
          },
          {
            "dow": "WED",
            "hh": "13",
            "mm": "50",
            "congestionCar": [
              50,
              37,
              52,
              61,
              68,
              70,
              57,
              49,
              33,
              32
            ]
          }
        ]
      },
      {
        "startStationCode": "219",
        "startStationName": "삼성역",
        "endStationCode": "211-R",
        "endStationName": "성수역",
        "prevStationCode": "222",
        "prevStationName": "강남역",
        "updnLine": 1,
        "directAt": 0,
        "data": [
          {
            "dow": "WED",
            "hh": "13",
            "mm": "00",
            "congestionCar": [
              45,
              44,
              47,
              51,
              57,
              54,
              46,
              43,
              32,
              23
            ]
          },
          {
            "dow": "WED",
            "hh": "13",
            "mm": "10",
            "congestionCar": [
              49,
              43,
              58,
              54,
              66,
              64,
              47,
              41,
              29,
              28
            ]
          },
          {
            "dow": "WED",
            "hh": "13",
            "mm": "20",
            "congestionCar": [
              44,
              44,
              50,
              55,
              54,
              59,
              50,
              40,
              27,
              28
            ]
          },
          {
            "dow": "WED",
            "hh": "13",
            "mm": "30",
            "congestionCar": [
              38,
              38,
              39,
              48,
              50,
              53,
              40,
              34,
              28,
              22
            ]
          },
          {
            "dow": "WED",
            "hh": "13",
            "mm": "40",
            "congestionCar": [
              48,
              39,
              54,
              59,
              61,
              64,
              54,
              41,
              33,
              27
            ]
          },
          {
            "dow": "WED",
            "hh": "13",
            "mm": "50",
            "congestionCar": [
              50,
              37,
              52,
              61,
              68,
              70,
              57,
              49,
              33,
              32
            ]
          }
        ]
      },
      {
        "startStationCode": "228",
        "startStationName": "서울대입구역",
        "endStationCode": "211",
        "endStationName": "성수역",
        "prevStationCode": "224",
        "prevStationName": "서초역",
        "updnLine": 0,
        "directAt": 0,
        "data": [
          {
            "dow": "WED",
            "hh": "13",
            "mm": "00",
            "congestionCar": [
              35,
              33,
              44,
              61,
              61,
              61,
              58,
              46,
              38,
              44
            ]
          },
          {
            "dow": "WED",
            "hh": "13",
            "mm": "10",
            "congestionCar": [
              34,
              37,
              53,
              64,
              70,
              64,
              58,
              46,
              42,
              50
            ]
          },
          {
            "dow": "WED",
            "hh": "13",
            "mm": "20",
            "congestionCar": [
              36,
              44,
              63,
              75,
              74,
              73,
              69,
              57,
              46,
              53
            ]
          },
          {
            "dow": "WED",
            "hh": "13",
            "mm": "30",
            "congestionCar": [
              44,
              47,
              67,
              78,
              85,
              78,
              77,
              63,
              49,
              61
            ]
          },
          {
            "dow": "WED",
            "hh": "13",
            "mm": "40",
            "congestionCar": [
              36,
              48,
              67,
              78,
              84,
              77,
              68,
              55,
              49,
              57
            ]
          },
          {
            "dow": "WED",
            "hh": "13",
            "mm": "50",
            "congestionCar": [
              32,
              38,
              52,
              57,
              65,
              62,
              58,
              48,
              39,
              48
            ]
          }
        ]
      },
      {
        "startStationCode": "228",
        "startStationName": "서울대입구역",
        "endStationCode": "211-R",
        "endStationName": "성수역",
        "prevStationCode": "224",
        "prevStationName": "서초역",
        "updnLine": 0,
        "directAt": 0,
        "data": [
          {
            "dow": "WED",
            "hh": "13",
            "mm": "00",
            "congestionCar": [
              35,
              33,
              44,
              61,
              61,
              61,
              58,
              46,
              38,
              44
            ]
          },
          {
            "dow": "WED",
            "hh": "13",
            "mm": "10",
            "congestionCar": [
              34,
              37,
              53,
              64,
              70,
              64,
              58,
              46,
              42,
              50
            ]
          },
          {
            "dow": "WED",
            "hh": "13",
            "mm": "20",
            "congestionCar": [
              36,
              44,
              63,
              75,
              74,
              73,
              69,
              57,
              46,
              53
            ]
          },
          {
            "dow": "WED",
            "hh": "13",
            "mm": "30",
            "congestionCar": [
              44,
              47,
              67,
              78,
              85,
              78,
              77,
              63,
              49,
              61
            ]
          },
          {
            "dow": "WED",
            "hh": "13",
            "mm": "40",
            "congestionCar": [
              36,
              48,
              67,
              78,
              84,
              77,
              68,
              55,
              49,
              57
            ]
          },
          {
            "dow": "WED",
            "hh": "13",
            "mm": "50",
            "congestionCar": [
              32,
              38,
              52,
              57,
              65,
              62,
              58,
              48,
              39,
              48
            ]
          }
        ]
      },
      {
        "startStationCode": "234",
        "startStationName": "신도림역",
        "endStationCode": "211",
        "endStationName": "성수역",
        "prevStationCode": "224",
        "prevStationName": "서초역",
        "updnLine": 0,
        "directAt": 0,
        "data": [
          {
            "dow": "WED",
            "hh": "13",
            "mm": "00",
            "congestionCar": [
              35,
              33,
              44,
              61,
              61,
              61,
              58,
              46,
              38,
              44
            ]
          },
          {
            "dow": "WED",
            "hh": "13",
            "mm": "10",
            "congestionCar": [
              34,
              37,
              53,
              64,
              70,
              64,
              58,
              46,
              42,
              50
            ]
          },
          {
            "dow": "WED",
            "hh": "13",
            "mm": "20",
            "congestionCar": [
              36,
              44,
              63,
              75,
              74,
              73,
              69,
              57,
              46,
              53
            ]
          },
          {
            "dow": "WED",
            "hh": "13",
            "mm": "30",
            "congestionCar": [
              44,
              47,
              67,
              78,
              85,
              78,
              77,
              63,
              49,
              61
            ]
          },
          {
            "dow": "WED",
            "hh": "13",
            "mm": "40",
            "congestionCar": [
              36,
              48,
              67,
              78,
              84,
              77,
              68,
              55,
              49,
              57
            ]
          },
          {
            "dow": "WED",
            "hh": "13",
            "mm": "50",
            "congestionCar": [
              32,
              38,
              52,
              57,
              65,
              62,
              58,
              48,
              39,
              48
            ]
          }
        ]
      },
      {
        "startStationCode": "234",
        "startStationName": "신도림역",
        "endStationCode": "211-R",
        "endStationName": "성수역",
        "prevStationCode": "224",
        "prevStationName": "서초역",
        "updnLine": 0,
        "directAt": 0,
        "data": [
          {
            "dow": "WED",
            "hh": "13",
            "mm": "00",
            "congestionCar": [
              35,
              33,
              44,
              61,
              61,
              61,
              58,
              46,
              38,
              44
            ]
          },
          {
            "dow": "WED",
            "hh": "13",
            "mm": "10",
            "congestionCar": [
              19,
              21,
              30,
              36,
              39,
              36,
              33,
              25,
              23,
              28
            ]
          },
          {
            "dow": "WED",
            "hh": "13",
            "mm": "20",
            "congestionCar": [
              36,
              44,
              63,
              75,
              74,
              73,
              69,
              57,
              46,
              53
            ]
          },
          {
            "dow": "WED",
            "hh": "13",
            "mm": "30",
            "congestionCar": [
              40,
              43,
              61,
              71,
              77,
              71,
              70,
              57,
              45,
              55
            ]
          },
          {
            "dow": "WED",
            "hh": "13",
            "mm": "40",
            "congestionCar": [
              35,
              46,
              64,
              75,
              80,
              74,
              65,
              52,
              47,
              54
            ]
          },
          {
            "dow": "WED",
            "hh": "13",
            "mm": "50",
            "congestionCar": [
              19,
              22,
              30,
              33,
              38,
              36,
              34,
              28,
              23,
              28
            ]
          }
        ]
      },
      {
        "startStationCode": "239",
        "startStationName": "홍대입구역",
        "endStationCode": "211",
        "endStationName": "성수역",
        "prevStationCode": "224",
        "prevStationName": "서초역",
        "updnLine": 0,
        "directAt": 0,
        "data": [
          {
            "dow": "WED",
            "hh": "13",
            "mm": "00",
            "congestionCar": [
              35,
              33,
              44,
              61,
              61,
              61,
              58,
              46,
              38,
              44
            ]
          },
          {
            "dow": "WED",
            "hh": "13",
            "mm": "10",
            "congestionCar": [
              34,
              37,
              53,
              64,
              70,
              64,
              58,
              46,
              42,
              50
            ]
          },
          {
            "dow": "WED",
            "hh": "13",
            "mm": "20",
            "congestionCar": [
              36,
              44,
              63,
              75,
              74,
              73,
              69,
              57,
              46,
              53
            ]
          },
          {
            "dow": "WED",
            "hh": "13",
            "mm": "30",
            "congestionCar": [
              44,
              47,
              67,
              78,
              85,
              78,
              77,
              63,
              49,
              61
            ]
          },
          {
            "dow": "WED",
            "hh": "13",
            "mm": "40",
            "congestionCar": [
              36,
              48,
              67,
              78,
              84,
              77,
              68,
              55,
              49,
              57
            ]
          },
          {
            "dow": "WED",
            "hh": "13",
            "mm": "50",
            "congestionCar": [
              32,
              38,
              52,
              57,
              65,
              62,
              58,
              48,
              39,
              48
            ]
          }
        ]
      },
      {
        "startStationCode": "239",
        "startStationName": "홍대입구역",
        "endStationCode": "211-R",
        "endStationName": "성수역",
        "prevStationCode": "224",
        "prevStationName": "서초역",
        "updnLine": 0,
        "directAt": 0,
        "data": [
          {
            "dow": "WED",
            "hh": "13",
            "mm": "00",
            "congestionCar": [
              35,
              33,
              44,
              61,
              61,
              61,
              58,
              46,
              38,
              44
            ]
          },
          {
            "dow": "WED",
            "hh": "13",
            "mm": "10",
            "congestionCar": [
              34,
              37,
              53,
              64,
              70,
              64,
              58,
              46,
              42,
              50
            ]
          },
          {
            "dow": "WED",
            "hh": "13",
            "mm": "20",
            "congestionCar": [
              36,
              44,
              63,
              75,
              74,
              73,
              69,
              57,
              46,
              53
            ]
          },
          {
            "dow": "WED",
            "hh": "13",
            "mm": "30",
            "congestionCar": [
              44,
              47,
              67,
              78,
              85,
              78,
              77,
              63,
              49,
              61
            ]
          },
          {
            "dow": "WED",
            "hh": "13",
            "mm": "40",
            "congestionCar": [
              36,
              48,
              67,
              78,
              84,
              77,
              68,
              55,
              49,
              57
            ]
          },
          {
            "dow": "WED",
            "hh": "13",
            "mm": "50",
            "congestionCar": [
              32,
              38,
              52,
              57,
              65,
              62,
              58,
              48,
              39,
              48
            ]
          }
        ]
      }
    ],
    "statStartDate": "20230924",
    "statEndDate": "20231223"
  }
}