{
  "status": {
    "code": "00",
    "message": "success",
    "totalCount": 1
  },
  "contents": {
    "subwayLine": "2호선",
    "stationName": "잠실나루역",
    "stationCode": "215",
    "stat": [
      {
        "startStationCode": "202",
        "startStationName": "을지로입구역",
        "endStationCode": "211",
        "endStationName": "성수역",
        "prevStationCode": "216",
        "prevStationName": "잠실역",
        "updnLine": 0,
        "directAt": 0,
        "data": [
          {
            "dow": "WED",
            "hh": "08",
            "mm": "00",
            "congestionCar": [
              63,
              50,
              56,
              70,
              60,
              52,
              59,
              56,
              52,
              51
            ]
          },
          {
            "dow": "WED",
            "hh": "08",
            "mm": "10",
            "congestionCar": [
              54,
              58,
              57,
              65,
              58,
              56,
              57,
              43,
              41,
              50
            ]
          },
          {
            "dow": "WED",
            "hh": "08",
            "mm": "20",
            "congestionCar": [
              61,
              64,
              63,
              69,
              65,
              63,
              70,
              54,
              49,
              62
            ]
          },
          {
            "dow": "WED",
            "hh": "08",
            "mm": "30",
            "congestionCar": [
              68,
              57,
              59,
              60,
              67,
              60,
              61,
              55,
              52,
              52
            ]
          },
          {
            "dow": "WED",
            "hh": "08",
            "mm": "40",
            "congestionCar": [
              44,
              45,
              50,
              47,
              39,
              45,
              50,
              38,
              36,
              35
            ]
          },
          {
            "dow": "WED",
            "hh": "08",
            "mm": "50",
            "congestionCar": [
              33,
              37,
              41,
              40,
              34,
              30,
              31,
              30,
              26,
              29
            ]
          }
        ]
      },
      {
        "startStationCode": "202",
        "startStationName": "을지로입구역",
        "endStationCode": "211-R",
        "endStationName": "성수역",
        "prevStationCode": "216",
        "prevStationName": "잠실역",
        "updnLine": 0,
        "directAt": 0,
        "data": [
          {
            "dow": "WED",
            "hh": "08",
            "mm": "00",
            "congestionCar": [
              63,
              50,
              56,
              70,
              60,
              52,
              59,
              56,
              52,
              51
            ]
          },
          {
            "dow": "WED",
            "hh": "08",
            "mm": "10",
            "congestionCar": [
              54,
              58,
              57,
              65,
              58,
              56,
              57,
              43,
              41,
              50
            ]
          },
          {
            "dow": "WED",
            "hh": "08",
            "mm": "20",
            "congestionCar": [
              61,
              64,
              63,
              69,
              65,
              63,
              70,
              54,
              49,
              62
            ]
          },
          {
            "dow": "WED",
            "hh": "08",
            "mm": "30",
            "congestionCar": [
              68,
              57,
              59,
              60,
              67,
              60,
              61,
              55,
              52,
              52
            ]
          },
          {
            "dow": "WED",
            "hh": "08",
            "mm": "40",
            "congestionCar": [
              44,
              45,
              50,
              47,
              39,
              45,
              50,
              38,
              36,
              35
            ]
          },
          {
            "dow": "WED",
            "hh": "08",
            "mm": "50",
            "congestionCar": [
              33,
              37,
              41,
              40,
              34,
              30,
              31,
              30,
              26,
              29
            ]
          }
        ]
      },
      {
        "startStationCode": "211",
        "startStationName": "성수역",
        "endStationCode": "202",
        "endStationName": "을지로입구역",
        "prevStationCode": "214",
        "prevStationName": "강변역",
        "updnLine": 1,
        "directAt": 0,
        "data": [
          {
            "dow": "WED",
            "hh": "08",
            "mm": "00",
            "congestionCar": [
              60,
              63,
              91,
              81,
              90,
              79,
              91,
              71,
              57,
              57
            ]
          },
          {
            "dow": "WED",
            "hh": "08",
            "mm": "10",
            "congestionCar": [
              61,
              67,
              104,
              100,
              102,
              83,
              92,
              83,
              55,
              64
            ]
          },
          {
            "dow": "WED",
            "hh": "08",
            "mm": "20",
            "congestionCar": [
              76,
              85,
              106,
              113,
              112,
              96,
              106,
              91,
              73,
              82
            ]
          },
          {
            "dow": "WED",
            "hh": "08",
            "mm": "30",
            "congestionCar": [
              90,
              99,
              119,
              122,
              120,
              128,
              119,
              105,
              76,
              92
            ]
          },
          {
            "dow": "WED",
            "hh": "08",
            "mm": "40",
            "congestionCar": [
              77,
              84,
              90,
              108,
              93,
              98,
              91,
              66,
              54,
              59
            ]
          },
          {
            "dow": "WED",
            "hh": "08",
            "mm": "50",
            "congestionCar": [
              66,
              68,
              81,
              81,
              80,
              73,
              64,
              63,
              43,
              51
            ]
          }
        ]
      },
      {
        "startStationCode": "211",
        "startStationName": "성수역",
        "endStationCode": "211",
        "endStationName": "성수역",
        "prevStationCode": "216",
        "prevStationName": "잠실역",
        "updnLine": 0,
        "directAt": 0,
        "data": [
          {
            "dow": "WED",
            "hh": "08",
            "mm": "00",
            "congestionCar": [
              43,
              34,
              38,
              48,
              41,
              36,
              41,
              39,
              35,
              35
            ]
          },
          {
            "dow": "WED",
            "hh": "08",
            "mm": "10",
            "congestionCar": [
              39,
              42,
              41,
              47,
              42,
              41,
              41,
              31,
              30,
              36
            ]
          },
          {
            "dow": "WED",
            "hh": "08",
            "mm": "20",
            "congestionCar": [
              19,
              20,
              19,
              21,
              20,
              19,
              22,
              17,
              15,
              19
            ]
          },
          {
            "dow": "WED",
            "hh": "08",
            "mm": "30",
            "congestionCar": [
              68,
              57,
              59,
              60,
              67,
              60,
              61,
              55,
              52,
              52
            ]
          },
          {
            "dow": "WED",
            "hh": "08",
            "mm": "40",
            "congestionCar": [
              8,
              8,
              9,
              9,
              7,
              8,
              9,
              7,
              7,
              7
            ]
          },
          {
            "dow": "WED",
            "hh": "08",
            "mm": "50",
            "congestionCar": [
              17,
              19,
              21,
              21,
              17,
              15,
              16,
              16,
              13,
              15
            ]
          }
        ]
      },
      {
        "startStationCode": "211",
        "startStationName": "성수역",
        "endStationCode": "211",
        "endStationName": "성수역",
        "prevStationCode": "214",
        "prevStationName": "강변역",
        "updnLine": 1,
        "directAt": 0,
        "data": [
          {
            "dow": "WED",
            "hh": "08",
            "mm": "00",
            "congestionCar": [
              60,
              64,
              92,
              83,
              91,
              81,
              92,
              72,
              58,
              58
            ]
          },
          {
            "dow": "WED",
            "hh": "08",
            "mm": "10",
            "congestionCar": [
              54,
              59,
              91,
              88,
              89,
              72,
              80,
              72,
              48,
              56
            ]
          },
          {
            "dow": "WED",
            "hh": "08",
            "mm": "20",
            "congestionCar": [
              83,
              93,
              116,
              124,
              122,
              105,
              116,
              100,
              80,
              90
            ]
          },
          {
            "dow": "WED",
            "hh": "08",
            "mm": "30",
            "congestionCar": [
              81,
              89,
              106,
              110,
              107,
              115,
              107,
              95,
              68,
              82
            ]
          },
          {
            "dow": "WED",
            "hh": "08",
            "mm": "40",
            "congestionCar": [
              85,
              92,
              99,
              119,
              103,
              107,
              99,
              73,
              60,
              65
            ]
          },
          {
            "dow": "WED",
            "hh": "08",
            "mm": "50",
            "congestionCar": [
              42,
              44,
              52,
              52,
              51,
              47,
              41,
              40,
              28,
              33
            ]
          }
        ]
      },
      {
        "startStationCode": "211",
        "startStationName": "성수역",
        "endStationCode": "211-R",
        "endStationName": "성수역",
        "prevStationCode": "216",
        "prevStationName": "잠실역",
        "updnLine": 0,
        "directAt": 0,
        "data": [
          {
            "dow": "WED",
            "hh": "08",
            "mm": "00",
            "congestionCar": [
              62,
              49,
              55,
              68,
              59,
              51,
              58,
              55,
              51,
              51
            ]
          },
          {
            "dow": "WED",
            "hh": "08",
            "mm": "10",
            "congestionCar": [
              46,
              49,
              49,
              56,
              50,
              48,
              49,
              36,
              35,
              43
            ]
          },
          {
            "dow": "WED",
            "hh": "08",
            "mm": "20",
            "congestionCar": [
              49,
              52,
              51,
              56,
              52,
              50,
              57,
              44,
              40,
              50
            ]
          },
          {
            "dow": "WED",
            "hh": "08",
            "mm": "30",
            "congestionCar": [
              48,
              40,
              42,
              43,
              48,
              42,
              44,
              39,
              37,
              37
            ]
          },
          {
            "dow": "WED",
            "hh": "08",
            "mm": "40",
            "congestionCar": [
              36,
              36,
              41,
              39,
              32,
              37,
              40,
              31,
              29,
              29
            ]
          },
          {
            "dow": "WED",
            "hh": "08",
            "mm": "50",
            "congestionCar": [
              34,
              38,
              42,
              41,
              35,
              31,
              32,
              31,
              26,
              30
            ]
          }
        ]
      },
      {
        "startStationCode": "211",
        "startStationName": "성수역",
        "endStationCode": "211-R",
        "endStationName": "성수역",
        "prevStationCode": "214",
        "prevStationName": "강변역",
        "updnLine": 1,
        "directAt": 0,
        "data": [
          {
            "dow": "WED",
            "hh": "08",
            "mm": "00",
            "congestionCar": [
              60,
              63,
              91,
              81,
              90,
              79,
              91,
              71,
              57,
              57
            ]
          },
          {
            "dow": "WED",
            "hh": "08",
            "mm": "10",
            "congestionCar": [
              63,
              69,
              107,
              103,
              104,
              85,
              94,
              85,
              56,
              65
            ]
          },
          {
            "dow": "WED",
            "hh": "08",
            "mm": "20",
            "congestionCar": [
              76,
              85,
              106,
              113,
              112,
              96,
              106,
              91,
              73,
              82
            ]
          },
          {
            "dow": "WED",
            "hh": "08",
            "mm": "30",
            "congestionCar": [
              94,
              103,
              123,
              127,
              124,
              132,
              123,
              109,
              79,
              95
            ]
          },
          {
            "dow": "WED",
            "hh": "08",
            "mm": "40",
            "congestionCar": [
              77,
              84,
              90,
              108,
              93,
              98,
              91,
              66,
              54,
              59
            ]
          },
          {
            "dow": "WED",
            "hh": "08",
            "mm": "50",
            "congestionCar": [
              70,
              72,
              86,
              86,
              85,
              77,
              67,
              66,
              46,
              55
            ]
          }
        ]
      },
      {
        "startStationCode": "211",
        "startStationName": "성수역",
        "endStationCode": "219",
        "endStationName": "삼성역",
        "prevStationCode": "214",
        "prevStationName": "강변역",
        "updnLine": 1,
        "directAt": 0,
        "data": [
          {
            "dow": "WED",
            "hh": "08",
            "mm": "00",
            "congestionCar": [
              60,
              63,
              91,
              81,
              90,
              79,
              91,
              71,
              57,
              57
            ]
          },
          {
            "dow": "WED",
            "hh": "08",
            "mm": "10",
            "congestionCar": [
              61,
              67,
              104,
              100,
              102,
              83,
              92,
              83,
              55,
              64
            ]
          },
          {
            "dow": "WED",
            "hh": "08",
            "mm": "20",
            "congestionCar": [
              76,
              85,
              106,
              113,
              112,
              96,
              106,
              91,
              73,
              82
            ]
          },
          {
            "dow": "WED",
            "hh": "08",
            "mm": "30",
            "congestionCar": [
              90,
              99,
              119,
              122,
              120,
              128,
              119,
              105,
              76,
              92
            ]
          },
          {
            "dow": "WED",
            "hh": "08",
            "mm": "40",
            "congestionCar": [
              77,
              84,
              90,
              108,
              93,
              98,
              91,
              66,
              54,
              59
            ]
          },
          {
            "dow": "WED",
            "hh": "08",
            "mm": "50",
            "congestionCar": [
              66,
              68,
              81,
              81,
              80,
              73,
              64,
              63,
              43,
              51
            ]
          }
        ]
      },
      {
        "startStationCode": "211",
        "startStationName": "성수역",
        "endStationCode": "228",
        "endStationName": "서울대입구역",
        "prevStationCode": "214",
        "prevStationName": "강변역",
        "updnLine": 1,
        "directAt": 0,
        "data": [
          {
            "dow": "WED",
            "hh": "08",
            "mm": "00",
            "congestionCar": [
              60,
              63,
              91,
              81,
              90,
              79,
              91,
              71,
              57,
              57
            ]
          },
          {
            "dow": "WED",
            "hh": "08",
            "mm": "10",
            "congestionCar": [
              61,
              67,
              104,
              100,
              102,
              83,
              92,
              83,
              55,
              64
            ]
          },
          {
            "dow": "WED",
            "hh": "08",
            "mm": "20",
            "congestionCar": [
              76,
              85,
              106,
              113,
              112,
              96,
              106,
              91,
              73,
              82
            ]
          },
          {
            "dow": "WED",
            "hh": "08",
            "mm": "30",
            "congestionCar": [
              90,
              99,
              119,
              122,
              120,
              128,
              119,
              105,
              76,
              92
            ]
          },
          {
            "dow": "WED",
            "hh": "08",
            "mm": "40",
            "congestionCar": [
              77,
              84,
              90,
              108,
              93,
              98,
              91,
              66,
              54,
              59
            ]
          },
          {
            "dow": "WED",
            "hh": "08",
            "mm": "50",
            "congestionCar": [
              66,
              68,
              81,
              81,
              80,
              73,
              64,
              63,
              43,
              51
            ]
          }
        ]
      },
      {
        "startStationCode": "211",
        "startStationName": "성수역",
        "endStationCode": "234",
        "endStationName": "신도림역",
        "prevStationCode": "214",
        "prevStationName": "강변역",
        "updnLine": 1,
        "directAt": 0,
        "data": [
          {
            "dow": "WED",
            "hh": "08",
            "mm": "00",
            "congestionCar": [
              60,
              63,
              91,
              81,
              90,
              79,
              91,
              71,
              57,
              57
            ]
          },
          {
            "dow": "WED",
            "hh": "08",
            "mm": "10",
            "congestionCar": [
              61,
              67,
              104,
              100,
              102,
              83,
              92,
              83,
              55,
              64
            ]
          },
          {
            "dow": "WED",
            "hh": "08",
            "mm": "20",
            "congestionCar": [
              76,
              85,
              106,
              113,
              112,
              96,
              106,
              91,
              73,
              82
            ]
          },
          {
            "dow": "WED",
            "hh": "08",
            "mm": "30",
            "congestionCar": [
              90,
              99,
              119,
              122,
              120,
              128,
              119,
              105,
              76,
              92
            ]
          },
          {
            "dow": "WED",
            "hh": "08",
            "mm": "40",
            "congestionCar": [
              77,
              84,
              90,
              108,
              93,
              98,
              91,
              66,
              54,
              59
            ]
          },
          {
            "dow": "WED",
            "hh": "08",
            "mm": "50",
            "congestionCar": [
              66,
              68,
              81,
              81,
              80,
              73,
              64,
              63,
              43,
              51
            ]
          }
        ]
      },
      {
        "startStationCode": "211",
        "startStationName": "성수역",
        "endStationCode": "239",
        "endStationName": "홍대입구역",
        "prevStationCode": "214",
        "prevStationName": "강변역",
        "updnLine": 1,
        "directAt": 0,
        "data": [
          {
            "dow": "WED",
            "hh": "08",
            "mm": "00",
            "congestionCar": [
              60,
              63,
              91,
              81,
              90,
              79,
              91,
              71,
              57,
              57
            ]
          },
          {
            "dow": "WED",
            "hh": "08",
            "mm": "10",
            "congestionCar": [
              61,
              67,
              104,
              100,
              102,
              83,
              92,
              83,
              55,
              64
            ]
          },
          {
            "dow": "WED",
            "hh": "08",
            "mm": "20",
            "congestionCar": [
              76,
              85,
              106,
              113,
              112,
              96,
              106,
              91,
              73,
              82
            ]
          },
          {
            "dow": "WED",
            "hh": "08",
            "mm": "30",
            "congestionCar": [
              90,
              99,
              119,
              122,
              120,
              128,
              119,
              105,
              76,
              92
            ]
          },
          {
            "dow": "WED",
            "hh": "08",
            "mm": "40",
            "congestionCar": [
              77,
              84,
              90,
              108,
              93,
              98,
              91,
              66,
              54,
              59
            ]
          },
          {
            "dow": "WED",
            "hh": "08",
            "mm": "50",
            "congestionCar": [
              66,
              68,
              81,
              81,
              80,
              73,
              64,
              63,
              43,
              51
            ]
          }
        ]
      },
      {
        "startStationCode": "219",
        "startStationName": "삼성역",
        "endStationCode": "211-R",
        "endStationName": "성수역",
        "prevStationCode": "216",
        "prevStationName": "잠실역",
        "updnLine": 0,
        "directAt": 0,
        "data": [
          {
            "dow": "WED",
            "hh": "08",
            "mm": "00",
            "congestionCar": [
              63,
              50,
              56,
              70,
              60,
              52,
              59,
              56,
              52,
              51
            ]
          },
          {
            "dow": "WED",
            "hh": "08",
            "mm": "10",
            "congestionCar": [
              54,
              58,
              57,
              65,
              58,
              56,
              57,
              43,
              41,
              50
            ]
          },
          {
            "dow": "WED",
            "hh": "08",
            "mm": "20",
            "congestionCar": [
              61,
              64,
              63,
              69,
              65,
              63,
              70,
              54,
              49,
              62
            ]
          },
          {
            "dow": "WED",
            "hh": "08",
            "mm": "30",
            "congestionCar": [
              68,
              57,
              59,
              60,
              67,
              60,
              61,
              55,
              52,
              52
            ]
          },
          {
            "dow": "WED",
            "hh": "08",
            "mm": "40",
            "congestionCar": [
              44,
              45,
              50,
              47,
              39,
              45,
              50,
              38,
              36,
              35
            ]
          },
          {
            "dow": "WED",
            "hh": "08",
            "mm": "50",
            "congestionCar": [
              33,
              37,
              41,
              40,
              34,
              30,
              31,
              30,
              26,
              29
            ]
          }
        ]
      },
      {
        "startStationCode": "228",
        "startStationName": "서울대입구역",
        "endStationCode": "211",
        "endStationName": "성수역",
        "prevStationCode": "216",
        "prevStationName": "잠실역",
        "updnLine": 0,
        "directAt": 0,
        "data": [
          {
            "dow": "WED",
            "hh": "08",
            "mm": "00",
            "congestionCar": [
              63,
              50,
              56,
              70,
              60,
              52,
              59,
              56,
              52,
              51
            ]
          },
          {
            "dow": "WED",
            "hh": "08",
            "mm": "10",
            "congestionCar": [
              54,
              58,
              57,
              65,
              58,
              56,
              57,
              43,
              41,
              50
            ]
          },
          {
            "dow": "WED",
            "hh": "08",
            "mm": "20",
            "congestionCar": [
              61,
              64,
              63,
              69,
              65,
              63,
              70,
              54,
              49,
              62
            ]
          },
          {
            "dow": "WED",
            "hh": "08",
            "mm": "30",
            "congestionCar": [
              68,
              57,
              59,
              60,
              67,
              60,
              61,
              55,
              52,
              52
            ]
          },
          {
            "dow": "WED",
            "hh": "08",
            "mm": "40",
            "congestionCar": [
              44,
              45,
              50,
              47,
              39,
              45,
              50,
              38,
              36,
              35
            ]
          },
          {
            "dow": "WED",
            "hh": "08",
            "mm": "50",
            "congestionCar": [
              33,
              37,
              41,
              40,
              34,
              30,
              31,
              30,
              26,
              29
            ]
          }
        ]
      },
      {
        "startStationCode": "228",
        "startStationName": "서울대입구역",
        "endStationCode": "211-R",
        "endStationName": "성수역",
        "prevStationCode": "216",
        "prevStationName": "잠실역",
        "updnLine": 0,
        "directAt": 0,
        "data": [
          {
            "dow": "WED",
            "hh": "08",
            "mm": "00",
            "congestionCar": [
              63,
              50,
              56,
              70,
              60,
              52,
              59,
              56,
              52,
              51
            ]
          },
          {
            "dow": "WED",
            "hh": "08",
            "mm": "10",
            "congestionCar": [
              54,
              58,
              57,
              65,
              58,
              56,
              57,
              43,
              41,
              50
            ]
          },
          {
            "dow": "WED",
            "hh": "08",
            "mm": "20",
            "congestionCar": [
              61,
              64,
              63,
              69,
              65,
              63,
              70,
              54,
              49,
              62
            ]
          },
          {
            "dow": "WED",
            "hh": "08",
            "mm": "30",
            "congestionCar": [
              68,
              57,
              59,
              60,
              67,
              60,
              61,
              55,
              52,
              52
            ]
          },
          {
            "dow": "WED",
            "hh": "08",
            "mm": "40",
            "congestionCar": [
              44,
              45,
              50,
              47,
              39,
              45,
              50,
              38,
              36,
              35
            ]
          },
          {
            "dow": "WED",
            "hh": "08",
            "mm": "50",
            "congestionCar": [
              33,
              37,
              41,
              40,
              34,
              30,
              31,
              30,
              26,
              29
            ]
          }
        ]
      },
      {
        "startStationCode": "234",
        "startStationName": "신도림역",
        "endStationCode": "211",
        "endStationName": "성수역",
        "prevStationCode": "216",
        "prevStationName": "잠실역",
        "updnLine": 0,
        "directAt": 0,
        "data": [
          {
            "dow": "WED",
            "hh": "08",
            "mm": "00",
            "congestionCar": [
              63,
              50,
              56,
              70,
              60,
              52,
              59,
              56,
              52,
              51
            ]
          },
          {
            "dow": "WED",
            "hh": "08",
            "mm": "10",
            "congestionCar": [
              54,
              58,
              57,
              65,
              58,
              56,
              57,
              43,
              41,
              50
            ]
          },
          {
            "dow": "WED",
            "hh": "08",
            "mm": "20",
            "congestionCar": [
              61,
              64,
              63,
              69,
              65,
              63,
              70,
              54,
              49,
              62
            ]
          },
          {
            "dow": "WED",
            "hh": "08",
            "mm": "30",
            "congestionCar": [
              68,
              57,
              59,
              60,
              67,
              60,
              61,
              55,
              52,
              52
            ]
          },
          {
            "dow": "WED",
            "hh": "08",
            "mm": "40",
            "congestionCar": [
              44,
              45,
              50,
              47,
              39,
              45,
              50,
              38,
              36,
              35
            ]
          },
          {
            "dow": "WED",
            "hh": "08",
            "mm": "50",
            "congestionCar": [
              33,
              37,
              41,
              40,
              34,
              30,
              31,
              30,
              26,
              29
            ]
          }
        ]
      },
      {
        "startStationCode": "234",
        "startStationName": "신도림역",
        "endStationCode": "211-R",
        "endStationName": "성수역",
        "prevStationCode": "216",
        "prevStationName": "잠실역",
        "updnLine": 0,
        "directAt": 0,
        "data": [
          {
            "dow": "WED",
            "hh": "08",
            "mm": "00",
            "congestionCar": [
              71,
              56,
              63,
              78,
              68,
              59,
              67,
              63,
              58,
              58
            ]
          },
          {
            "dow": "WED",
            "hh": "08",
            "mm": "10",
            "congestionCar": [
              76,
              80,
              79,
              91,
              81,
              78,
              80,
              59,
              57,
              69
            ]
          },
          {
            "dow": "WED",
            "hh": "08",
            "mm": "20",
            "congestionCar": [
              79,
              82,
              81,
              89,
              84,
              81,
              91,
              70,
              64,
              80
            ]
          },
          {
            "dow": "WED",
            "hh": "08",
            "mm": "30",
            "congestionCar": [
              83,
              69,
              72,
              74,
              82,
              73,
              75,
              67,
              63,
              63
            ]
          },
          {
            "dow": "WED",
            "hh": "08",
            "mm": "40",
            "congestionCar": [
              56,
              57,
              64,
              61,
              50,
              58,
              64,
              49,
              46,
              45
            ]
          },
          {
            "dow": "WED",
            "hh": "08",
            "mm": "50",
            "congestionCar": [
              43,
              47,
              52,
              51,
              43,
              38,
              40,
              39,
              33,
              37
            ]
          }
        ]
      },
      {
        "startStationCode": "239",
        "startStationName": "홍대입구역",
        "endStationCode": "211",
        "endStationName": "성수역",
        "prevStationCode": "216",
        "prevStationName": "잠실역",
        "updnLine": 0,
        "directAt": 0,
        "data": [
          {
            "dow": "WED",
            "hh": "08",
            "mm": "00",
            "congestionCar": [
              63,
              50,
              56,
              70,
              60,
              52,
              59,
              56,
              52,
              51
            ]
          },
          {
            "dow": "WED",
            "hh": "08",
            "mm": "10",
            "congestionCar": [
              54,
              58,
              57,
              65,
              58,
              56,
              57,
              43,
              41,
              50
            ]
          },
          {
            "dow": "WED",
            "hh": "08",
            "mm": "20",
            "congestionCar": [
              61,
              64,
              63,
              69,
              65,
              63,
              70,
              54,
              49,
              62
            ]
          },
          {
            "dow": "WED",
            "hh": "08",
            "mm": "30",
            "congestionCar": [
              68,
              57,
              59,
              60,
              67,
              60,
              61,
              55,
              52,
              52
            ]
          },
          {
            "dow": "WED",
            "hh": "08",
            "mm": "40",
            "congestionCar": [
              44,
              45,
              50,
              47,
              39,
              45,
              50,
              38,
              36,
              35
            ]
          },
          {
            "dow": "WED",
            "hh": "08",
            "mm": "50",
            "congestionCar": [
              33,
              37,
              41,
              40,
              34,
              30,
              31,
              30,
              26,
              29
            ]
          }
        ]
      },
      {
        "startStationCode": "239",
        "startStationName": "홍대입구역",
        "endStationCode": "211-R",
        "endStationName": "성수역",
        "prevStationCode": "216",
        "prevStationName": "잠실역",
        "updnLine": 0,
        "directAt": 0,
        "data": [
          {
            "dow": "WED",
            "hh": "08",
            "mm": "00",
            "congestionCar": [
              63,
              50,
              56,
              70,
              60,
              52,
              59,
              56,
              52,
              51
            ]
          },
          {
            "dow": "WED",
            "hh": "08",
            "mm": "10",
            "congestionCar": [
              54,
              58,
              57,
              65,
              58,
              56,
              57,
              43,
              41,
              50
            ]
          },
          {
            "dow": "WED",
            "hh": "08",
            "mm": "20",
            "congestionCar": [
              61,
              64,
              63,
              69,
              65,
              63,
              70,
              54,
              49,
              62
            ]
          },
          {
            "dow": "WED",
            "hh": "08",
            "mm": "30",
            "congestionCar": [
              68,
              57,
              59,
              60,
              67,
              60,
              61,
              55,
              52,
              52
            ]
          },
          {
            "dow": "WED",
            "hh": "08",
            "mm": "40",
            "congestionCar": [
              44,
              45,
              50,
              47,
              39,
              45,
              50,
              38,
              36,
              35
            ]
          },
          {
            "dow": "WED",
            "hh": "08",
            "mm": "50",
            "congestionCar": [
              33,
              37,
              41,
              40,
              34,
              30,
              31,
              30,
              26,
              29
            ]
          }
        ]
      }
    ],
    "statStartDate": "20230923",
    "statEndDate": "20231222"
  }
}