{
  "status": {
    "code": "00",
    "message": "success",
    "totalCount": 1
  },
  "contents": {
    "subwayLine": "2호선",
    "stationName": "서초역",
    "stationCode": "224",
    "stat": [
      {
        "startStationCode": "202",
        "startStationName": "을지로입구역",
        "endStationCode": "211",
        "endStationName": "성수역",
        "prevStationCode": "225",
        "prevStationName": "방배역",
        "updnLine": 0,
        "directAt": 0,
        "data": [
          {
            "dow": "FRI",
            "hh": "13",
            "mm": "00",
            "congestionCar": [
              43,
              44,
              58,
              80,
              78,
              78,
              75,
              59,
              50,
              56
            ]
          },
          {
            "dow": "FRI",
            "hh": "13",
            "mm": "10",
            "congestionCar": [
              43,
              47,
              64,
              84,
              90,
              79,
              71,
              56,
              49,
              65
            ]
          },
          {
            "dow": "FRI",
            "hh": "13",
            "mm": "20",
            "congestionCar": [
              42,
              45,
              69,
              76,
              75,
              77,
              72,
              61,
              49,
              55
            ]
          },
          {
            "dow": "FRI",
            "hh": "13",
            "mm": "30",
            "congestionCar": [
              49,
              59,
              79,
              89,
              97,
              89,
              88,
              69,
              59,
              72
            ]
          },
          {
            "dow": "FRI",
            "hh": "13",
            "mm": "40",
            "congestionCar": [
              40,
              47,
              70,
              82,
              87,
              80,
              73,
              57,
              54,
              60
            ]
          },
          {
            "dow": "FRI",
            "hh": "13",
            "mm": "50",
            "congestionCar": [
              39,
              44,
              64,
              68,
              85,
              80,
              71,
              60,
              50,
              59
            ]
          }
        ]
      },
      {
        "startStationCode": "202",
        "startStationName": "을지로입구역",
        "endStationCode": "211-R",
        "endStationName": "성수역",
        "prevStationCode": "225",
        "prevStationName": "방배역",
        "updnLine": 0,
        "directAt": 0,
        "data": [
          {
            "dow": "FRI",
            "hh": "13",
            "mm": "00",
            "congestionCar": [
              43,
              44,
              58,
              80,
              78,
              78,
              75,
              59,
              50,
              56
            ]
          },
          {
            "dow": "FRI",
            "hh": "13",
            "mm": "10",
            "congestionCar": [
              43,
              47,
              64,
              84,
              90,
              79,
              71,
              56,
              49,
              65
            ]
          },
          {
            "dow": "FRI",
            "hh": "13",
            "mm": "20",
            "congestionCar": [
              42,
              45,
              69,
              76,
              75,
              77,
              72,
              61,
              49,
              55
            ]
          },
          {
            "dow": "FRI",
            "hh": "13",
            "mm": "30",
            "congestionCar": [
              49,
              59,
              79,
              89,
              97,
              89,
              88,
              69,
              59,
              72
            ]
          },
          {
            "dow": "FRI",
            "hh": "13",
            "mm": "40",
            "congestionCar": [
              40,
              47,
              70,
              82,
              87,
              80,
              73,
              57,
              54,
              60
            ]
          },
          {
            "dow": "FRI",
            "hh": "13",
            "mm": "50",
            "congestionCar": [
              39,
              44,
              64,
              68,
              85,
              80,
              71,
              60,
              50,
              59
            ]
          }
        ]
      },
      {
        "startStationCode": "211",
        "startStationName": "성수역",
        "endStationCode": "202",
        "endStationName": "을지로입구역",
        "prevStationCode": "223",
        "prevStationName": "교대역",
        "updnLine": 1,
        "directAt": 0,
        "data": [
          {
            "dow": "FRI",
            "hh": "13",
            "mm": "00",
            "congestionCar": [
              51,
              54,
              56,
              57,
              64,
              64,
              55,
              49,
              35,
              25
            ]
          },
          {
            "dow": "FRI",
            "hh": "13",
            "mm": "10",
            "congestionCar": [
              45,
              43,
              54,
              52,
              56,
              56,
              46,
              37,
              27,
              25
            ]
          },
          {
            "dow": "FRI",
            "hh": "13",
            "mm": "20",
            "congestionCar": [
              67,
              63,
              73,
              69,
              75,
              79,
              69,
              51,
              38,
              36
            ]
          },
          {
            "dow": "FRI",
            "hh": "13",
            "mm": "30",
            "congestionCar": [
              49,
              59,
              55,
              65,
              70,
              78,
              59,
              47,
              39,
              30
            ]
          },
          {
            "dow": "FRI",
            "hh": "13",
            "mm": "40",
            "congestionCar": [
              46,
              55,
              70,
              68,
              74,
              74,
              67,
              49,
              44,
              32
            ]
          },
          {
            "dow": "FRI",
            "hh": "13",
            "mm": "50",
            "congestionCar": [
              46,
              40,
              52,
              63,
              68,
              73,
              55,
              45,
              34,
              34
            ]
          }
        ]
      },
      {
        "startStationCode": "211",
        "startStationName": "성수역",
        "endStationCode": "211",
        "endStationName": "성수역",
        "prevStationCode": "225",
        "prevStationName": "방배역",
        "updnLine": 0,
        "directAt": 0,
        "data": [
          {
            "dow": "FRI",
            "hh": "13",
            "mm": "00",
            "congestionCar": [
              43,
              44,
              58,
              80,
              78,
              78,
              75,
              59,
              50,
              56
            ]
          },
          {
            "dow": "FRI",
            "hh": "13",
            "mm": "10",
            "congestionCar": [
              43,
              47,
              64,
              84,
              90,
              79,
              71,
              56,
              49,
              65
            ]
          },
          {
            "dow": "FRI",
            "hh": "13",
            "mm": "20",
            "congestionCar": [
              42,
              45,
              69,
              76,
              75,
              77,
              72,
              61,
              49,
              55
            ]
          },
          {
            "dow": "FRI",
            "hh": "13",
            "mm": "30",
            "congestionCar": [
              49,
              59,
              79,
              89,
              97,
              89,
              88,
              69,
              59,
              72
            ]
          },
          {
            "dow": "FRI",
            "hh": "13",
            "mm": "40",
            "congestionCar": [
              40,
              47,
              70,
              82,
              87,
              80,
              73,
              57,
              54,
              60
            ]
          },
          {
            "dow": "FRI",
            "hh": "13",
            "mm": "50",
            "congestionCar": [
              39,
              44,
              64,
              68,
              85,
              80,
              71,
              60,
              50,
              59
            ]
          }
        ]
      },
      {
        "startStationCode": "211",
        "startStationName": "성수역",
        "endStationCode": "211",
        "endStationName": "성수역",
        "prevStationCode": "223",
        "prevStationName": "교대역",
        "updnLine": 1,
        "directAt": 0,
        "data": [
          {
            "dow": "FRI",
            "hh": "13",
            "mm": "00",
            "congestionCar": [
              51,
              54,
              56,
              57,
              64,
              64,
              55,
              49,
              35,
              25
            ]
          },
          {
            "dow": "FRI",
            "hh": "13",
            "mm": "10",
            "congestionCar": [
              45,
              43,
              54,
              52,
              56,
              56,
              46,
              37,
              27,
              25
            ]
          },
          {
            "dow": "FRI",
            "hh": "13",
            "mm": "20",
            "congestionCar": [
              67,
              63,
              73,
              69,
              75,
              79,
              69,
              51,
              38,
              36
            ]
          },
          {
            "dow": "FRI",
            "hh": "13",
            "mm": "30",
            "congestionCar": [
              49,
              59,
              55,
              65,
              70,
              78,
              59,
              47,
              39,
              30
            ]
          },
          {
            "dow": "FRI",
            "hh": "13",
            "mm": "40",
            "congestionCar": [
              46,
              55,
              70,
              68,
              74,
              74,
              67,
              49,
              44,
              32
            ]
          },
          {
            "dow": "FRI",
            "hh": "13",
            "mm": "50",
            "congestionCar": [
              18,
              16,
              20,
              25,
              27,
              29,
              22,
              18,
              13,
              13
            ]
          }
        ]
      },
      {
        "startStationCode": "211",
        "startStationName": "성수역",
        "endStationCode": "211-R",
        "endStationName": "성수역",
        "prevStationCode": "225",
        "prevStationName": "방배역",
        "updnLine": 0,
        "directAt": 0,
        "data": [
          {
            "dow": "FRI",
            "hh": "13",
            "mm": "00",
            "congestionCar": [
              43,
              44,
              58,
              80,
              78,
              78,
              75,
              59,
              50,
              56
            ]
          },
          {
            "dow": "FRI",
            "hh": "13",
            "mm": "10",
            "congestionCar": [
              43,
              47,
              64,
              84,
              90,
              79,
              71,
              56,
              49,
              65
            ]
          },
          {
            "dow": "FRI",
            "hh": "13",
            "mm": "20",
            "congestionCar": [
              42,
              45,
              69,
              76,
              75,
              77,
              72,
              61,
              49,
              55
            ]
          },
          {
            "dow": "FRI",
            "hh": "13",
            "mm": "30",
            "congestionCar": [
              49,
              59,
              79,
              89,
              97,
              89,
              88,
              69,
              59,
              72
            ]
          },
          {
            "dow": "FRI",
            "hh": "13",
            "mm": "40",
            "congestionCar": [
              40,
              47,
              70,
              82,
              87,
              80,
              73,
              57,
              54,
              60
            ]
          },
          {
            "dow": "FRI",
            "hh": "13",
            "mm": "50",
            "congestionCar": [
              41,
              46,
              67,
              71,
              89,
              84,
              74,
              63,
              53,
              61
            ]
          }
        ]
      },
      {
        "startStationCode": "211",
        "startStationName": "성수역",
        "endStationCode": "211-R",
        "endStationName": "성수역",
        "prevStationCode": "223",
        "prevStationName": "교대역",
        "updnLine": 1,
        "directAt": 0,
        "data": [
          {
            "dow": "FRI",
            "hh": "13",
            "mm": "00",
            "congestionCar": [
              54,
              57,
              59,
              61,
              67,
              68,
              59,
              52,
              37,
              27
            ]
          },
          {
            "dow": "FRI",
            "hh": "13",
            "mm": "10",
            "congestionCar": [
              48,
              46,
              57,
              56,
              59,
              60,
              49,
              39,
              28,
              27
            ]
          },
          {
            "dow": "FRI",
            "hh": "13",
            "mm": "20",
            "congestionCar": [
              67,
              63,
              73,
              69,
              75,
              79,
              69,
              51,
              38,
              36
            ]
          },
          {
            "dow": "FRI",
            "hh": "13",
            "mm": "30",
            "congestionCar": [
              49,
              59,
              55,
              65,
              70,
              78,
              59,
              47,
              39,
              30
            ]
          },
          {
            "dow": "FRI",
            "hh": "13",
            "mm": "40",
            "congestionCar": [
              46,
              55,
              70,
              68,
              74,
              74,
              67,
              49,
              44,
              32
            ]
          },
          {
            "dow": "FRI",
            "hh": "13",
            "mm": "50",
            "congestionCar": [
              49,
              43,
              55,
              66,
              72,
              77,
              58,
              48,
              36,
              36
            ]
          }
        ]
      },
      {
        "startStationCode": "211",
        "startStationName": "성수역",
        "endStationCode": "219",
        "endStationName": "삼성역",
        "prevStationCode": "225",
        "prevStationName": "방배역",
        "updnLine": 0,
        "directAt": 0,
        "data": [
          {
            "dow": "FRI",
            "hh": "13",
            "mm": "00",
            "congestionCar": [
              43,
              44,
              58,
              80,
              78,
              78,
              75,
              59,
              50,
              56
            ]
          },
          {
            "dow": "FRI",
            "hh": "13",
            "mm": "10",
            "congestionCar": [
              43,
              47,
              64,
              84,
              90,
              79,
              71,
              56,
              49,
              65
            ]
          },
          {
            "dow": "FRI",
            "hh": "13",
            "mm": "20",
            "congestionCar": [
              42,
              45,
              69,
              76,
              75,
              77,
              72,
              61,
              49,
              55
            ]
          },
          {
            "dow": "FRI",
            "hh": "13",
            "mm": "30",
            "congestionCar": [
              49,
              59,
              79,
              89,
              97,
              89,
              88,
              69,
              59,
              72
            ]
          },
          {
            "dow": "FRI",
            "hh": "13",
            "mm": "40",
            "congestionCar": [
              40,
              47,
              70,
              82,
              87,
              80,
              73,
              57,
              54,
              60
            ]
          },
          {
            "dow": "FRI",
            "hh": "13",
            "mm": "50",
            "congestionCar": [
              39,
              44,
              64,
              68,
              85,
              80,
              71,
              60,
              50,
              59
            ]
          }
        ]
      },
      {
        "startStationCode": "211",
        "startStationName": "성수역",
        "endStationCode": "228",
        "endStationName": "서울대입구역",
        "prevStationCode": "223",
        "prevStationName": "교대역",
        "updnLine": 1,
        "directAt": 0,
        "data": [
          {
            "dow": "FRI",
            "hh": "13",
            "mm": "00",
            "congestionCar": [
              51,
              54,
              56,
              57,
              64,
              64,
              55,
              49,
              35,
              25
            ]
          },
          {
            "dow": "FRI",
            "hh": "13",
            "mm": "10",
            "congestionCar": [
              45,
              43,
              54,
              52,
              56,
              56,
              46,
              37,
              27,
              25
            ]
          },
          {
            "dow": "FRI",
            "hh": "13",
            "mm": "20",
            "congestionCar": [
              67,
              63,
              73,
              69,
              75,
              79,
              69,
              51,
              38,
              36
            ]
          },
          {
            "dow": "FRI",
            "hh": "13",
            "mm": "30",
            "congestionCar": [
              49,
              59,
              55,
              65,
              70,
              78,
              59,
              47,
              39,
              30
            ]
          },
          {
            "dow": "FRI",
            "hh": "13",
            "mm": "40",
            "congestionCar": [
              46,
              55,
              70,
              68,
              74,
              74,
              67,
              49,
              44,
              32
            ]
          },
          {
            "dow": "FRI",
            "hh": "13",
            "mm": "50",
            "congestionCar": [
              46,
              40,
              52,
              63,
              68,
              73,
              55,
              45,
              34,
              34
            ]
          }
        ]
      },
      {
        "startStationCode": "211",
        "startStationName": "성수역",
        "endStationCode": "234",
        "endStationName": "신도림역",
        "prevStationCode": "223",
        "prevStationName": "교대역",
        "updnLine": 1,
        "directAt": 0,
        "data": [
          {
            "dow": "FRI",
            "hh": "13",
            "mm": "00",
            "congestionCar": [
              51,
              54,
              56,
              57,
              64,
              64,
              55,
              49,
              35,
              25
            ]
          },
          {
            "dow": "FRI",
            "hh": "13",
            "mm": "10",
            "congestionCar": [
              45,
              43,
              54,
              52,
              56,
              56,
              46,
              37,
              27,
              25
            ]
          },
          {
            "dow": "FRI",
            "hh": "13",
            "mm": "20",
            "congestionCar": [
              67,
              63,
              73,
              69,
              75,
              79,
              69,
              51,
              38,
              36
            ]
          },
          {
            "dow": "FRI",
            "hh": "13",
            "mm": "30",
            "congestionCar": [
              49,
              59,
              55,
              65,
              70,
              78,
              59,
              47,
              39,
              30
            ]
          },
          {
            "dow": "FRI",
            "hh": "13",
            "mm": "40",
            "congestionCar": [
              46,
              55,
              70,
              68,
              74,
              74,
              67,
              49,
              44,
              32
            ]
          },
          {
            "dow": "FRI",
            "hh": "13",
            "mm": "50",
            "congestionCar": [
              46,
              40,
              52,
              63,
              68,
              73,
              55,
              45,
              34,
              34
            ]
          }
        ]
      },
      {
        "startStationCode": "211",
        "startStationName": "성수역",
        "endStationCode": "239",
        "endStationName": "홍대입구역",
        "prevStationCode": "223",
        "prevStationName": "교대역",
        "updnLine": 1,
        "directAt": 0,
        "data": [
          {
            "dow": "FRI",
            "hh": "13",
            "mm": "00",
            "congestionCar": [
              51,
              54,
              56,
              57,
              64,
              64,
              55,
              49,
              35,
              25
            ]
          },
          {
            "dow": "FRI",
            "hh": "13",
            "mm": "10",
            "congestionCar": [
              45,
              43,
              54,
              52,
              56,
              56,
              46,
              37,
              27,
              25
            ]
          },
          {
            "dow": "FRI",
            "hh": "13",
            "mm": "20",
            "congestionCar": [
              67,
              63,
              73,
              69,
              75,
              79,
              69,
              51,
              38,
              36
            ]
          },
          {
            "dow": "FRI",
            "hh": "13",
            "mm": "30",
            "congestionCar": [
              49,
              59,
              55,
              65,
              70,
              78,
              59,
              47,
              39,
              30
            ]
          },
          {
            "dow": "FRI",
            "hh": "13",
            "mm": "40",
            "congestionCar": [
              46,
              55,
              70,
              68,
              74,
              74,
              67,
              49,
              44,
              32
            ]
          },
          {
            "dow": "FRI",
            "hh": "13",
            "mm": "50",
            "congestionCar": [
              46,
              40,
              52,
              63,
              68,
              73,
              55,
              45,
              34,
              34
            ]
          }
        ]
      },
      {
        "startStationCode": "219",
        "startStationName": "삼성역",
        "endStationCode": "211-R",
        "endStationName": "성수역",
        "prevStationCode": "223",
        "prevStationName": "교대역",
        "updnLine": 1,
        "directAt": 0,
        "data": [
          {
            "dow": "FRI",
            "hh": "13",
            "mm": "00",
            "congestionCar": [
              51,
              54,
              56,
              57,
              64,
              64,
              55,
              49,
              35,
              25
            ]
          },
          {
            "dow": "FRI",
            "hh": "13",
            "mm": "10",
            "congestionCar": [
              45,
              43,
              54,
              52,
              56,
              56,
              46,
              37,
              27,
              25
            ]
          },
          {
            "dow": "FRI",
            "hh": "13",
            "mm": "20",
            "congestionCar": [
              67,
              63,
              73,
              69,
              75,
              79,
              69,
              51,
              38,
              36
            ]
          },
          {
            "dow": "FRI",
            "hh": "13",
            "mm": "30",
            "congestionCar": [
              49,
              59,
              55,
              65,
              70,
              78,
              59,
              47,
              39,
              30
            ]
          },
          {
            "dow": "FRI",
            "hh": "13",
            "mm": "40",
            "congestionCar": [
              46,
              55,
              70,
              68,
              74,
              74,
              67,
              49,
              44,
              32
            ]
          },
          {
            "dow": "FRI",
            "hh": "13",
            "mm": "50",
            "congestionCar": [
              46,
              40,
              52,
              63,
              68,
              73,
              55,
              45,
              34,
              34
            ]
          }
        ]
      },
      {
        "startStationCode": "228",
        "startStationName": "서울대입구역",
        "endStationCode": "211",
        "endStationName": "성수역",
        "prevStationCode": "225",
        "prevStationName": "방배역",
        "updnLine": 0,
        "directAt": 0,
        "data": [
          {
            "dow": "FRI",
            "hh": "13",
            "mm": "00",
            "congestionCar": [
              43,
              44,
              58,
              80,
              78,
              78,
              75,
              59,
              50,
              56
            ]
          },
          {
            "dow": "FRI",
            "hh": "13",
            "mm": "10",
            "congestionCar": [
              43,
              47,
              64,
              84,
              90,
              79,
              71,
              56,
              49,
              65
            ]
          },
          {
            "dow": "FRI",
            "hh": "13",
            "mm": "20",
            "congestionCar": [
              42,
              45,
              69,
              76,
              75,
              77,
              72,
              61,
              49,
              55
            ]
          },
          {
            "dow": "FRI",
            "hh": "13",
            "mm": "30",
            "congestionCar": [
              49,
              59,
              79,
              89,
              97,
              89,
              88,
              69,
              59,
              72
            ]
          },
          {
            "dow": "FRI",
            "hh": "13",
            "mm": "40",
            "congestionCar": [
              40,
              47,
              70,
              82,
              87,
              80,
              73,
              57,
              54,
              60
            ]
          },
          {
            "dow": "FRI",
            "hh": "13",
            "mm": "50",
            "congestionCar": [
              39,
              44,
              64,
              68,
              85,
              80,
              71,
              60,
              50,
              59
            ]
          }
        ]
      },
      {
        "startStationCode": "228",
        "startStationName": "서울대입구역",
        "endStationCode": "211-R",
        "endStationName": "성수역",
        "prevStationCode": "225",
        "prevStationName": "방배역",
        "updnLine": 0,
        "directAt": 0,
        "data": [
          {
            "dow": "FRI",
            "hh": "13",
            "mm": "00",
            "congestionCar": [
              43,
              44,
              58,
              80,
              78,
              78,
              75,
              59,
              50,
              56
            ]
          },
          {
            "dow": "FRI",
            "hh": "13",
            "mm": "10",
            "congestionCar": [
              43,
              47,
              64,
              84,
              90,
              79,
              71,
              56,
              49,
              65
            ]
          },
          {
            "dow": "FRI",
            "hh": "13",
            "mm": "20",
            "congestionCar": [
              42,
              45,
              69,
              76,
              75,
              77,
              72,
              61,
              49,
              55
            ]
          },
          {
            "dow": "FRI",
            "hh": "13",
            "mm": "30",
            "congestionCar": [
              49,
              59,
              79,
              89,
              97,
              89,
              88,
              69,
              59,
              72
            ]
          },
          {
            "dow": "FRI",
            "hh": "13",
            "mm": "40",
            "congestionCar": [
              40,
              47,
              70,
              82,
              87,
              80,
              73,
              57,
              54,
              60
            ]
          },
          {
            "dow": "FRI",
            "hh": "13",
            "mm": "50",
            "congestionCar": [
              39,
              44,
              64,
              68,
              85,
              80,
              71,
              60,
              50,
              59
            ]
          }
        ]
      },
      {
        "startStationCode": "234",
        "startStationName": "신도림역",
        "endStationCode": "211",
        "endStationName": "성수역",
        "prevStationCode": "225",
        "prevStationName": "방배역",
        "updnLine": 0,
        "directAt": 0,
        "data": [
          {
            "dow": "FRI",
            "hh": "13",
            "mm": "00",
            "congestionCar": [
              43,
              44,
              58,
              80,
              78,
              78,
              75,
              59,
              50,
              56
            ]
          },
          {
            "dow": "FRI",
            "hh": "13",
            "mm": "10",
            "congestionCar": [
              43,
              47,
              64,
              84,
              90,
              79,
              71,
              56,
              49,
              65
            ]
          },
          {
            "dow": "FRI",
            "hh": "13",
            "mm": "20",
            "congestionCar": [
              42,
              45,
              69,
              76,
              75,
              77,
              72,
              61,
              49,
              55
            ]
          },
          {
            "dow": "FRI",
            "hh": "13",
            "mm": "30",
            "congestionCar": [
              49,
              59,
              79,
              89,
              97,
              89,
              88,
              69,
              59,
              72
            ]
          },
          {
            "dow": "FRI",
            "hh": "13",
            "mm": "40",
            "congestionCar": [
              40,
              47,
              70,
              82,
              87,
              80,
              73,
              57,
              54,
              60
            ]
          },
          {
            "dow": "FRI",
            "hh": "13",
            "mm": "50",
            "congestionCar": [
              39,
              44,
              64,
              68,
              85,
              80,
              71,
              60,
              50,
              59
            ]
          }
        ]
      },
      {
        "startStationCode": "234",
        "startStationName": "신도림역",
        "endStationCode": "211-R",
        "endStationName": "성수역",
        "prevStationCode": "225",
        "prevStationName": "방배역",
        "updnLine": 0,
        "directAt": 0,
        "data": [
          {
            "dow": "FRI",
            "hh": "13",
            "mm": "00",
            "congestionCar": [
              43,
              44,
              58,
              80,
              78,
              78,
              75,
              59,
              50,
              56
            ]
          },
          {
            "dow": "FRI",
            "hh": "13",
            "mm": "10",
            "congestionCar": [
              43,
              47,
              64,
              84,
              90,
              79,
              71,
              56,
              49,
              65
            ]
          },
          {
            "dow": "FRI",
            "hh": "13",
            "mm": "20",
            "congestionCar": [
              42,
              45,
              69,
              76,
              75,
              77,
              72,
              61,
              49,
              55
            ]
          },
          {
            "dow": "FRI",
            "hh": "13",
            "mm": "30",
            "congestionCar": [
              49,
              59,
              79,
              89,
              97,
              89,
              88,
              69,
              59,
              72
            ]
          },
          {
            "dow": "FRI",
            "hh": "13",
            "mm": "40",
            "congestionCar": [
              40,
              47,
              70,
              82,
              87,
              80,
              73,
              57,
              54,
              60
            ]
          },
          {
            "dow": "FRI",
            "hh": "13",
            "mm": "50",
            "congestionCar": [
              39,
              44,
              64,
              68,
              85,
              80,
              71,
              60,
              50,
              59
            ]
          }
        ]
      },
      {
        "startStationCode": "239",
        "startStationName": "홍대입구역",
        "endStationCode": "211",
        "endStationName": "성수역",
        "prevStationCode": "225",
        "prevStationName": "방배역",
        "updnLine": 0,
        "directAt": 0,
        "data": [
          {
            "dow": "FRI",
            "hh": "13",
            "mm": "00",
            "congestionCar": [
              43,
              44,
              58,
              80,
              78,
              78,
              75,
              59,
              50,
              56
            ]
          },
          {
            "dow": "FRI",
            "hh": "13",
            "mm": "10",
            "congestionCar": [
              43,
              47,
              64,
              84,
              90,
              79,
              71,
              56,
              49,
              65
            ]
          },
          {
            "dow": "FRI",
            "hh": "13",
            "mm": "20",
            "congestionCar": [
              42,
              45,
              69,
              76,
              75,
              77,
              72,
              61,
              49,
              55
            ]
          },
          {
            "dow": "FRI",
            "hh": "13",
            "mm": "30",
            "congestionCar": [
              49,
              59,
              79,
              89,
              97,
              89,
              88,
              69,
              59,
              72
            ]
          },
          {
            "dow": "FRI",
            "hh": "13",
            "mm": "40",
            "congestionCar": [
              40,
              47,
              70,
              82,
              87,
              80,
              73,
              57,
              54,
              60
            ]
          },
          {
            "dow": "FRI",
            "hh": "13",
            "mm": "50",
            "congestionCar": [
              39,
              44,
              64,
              68,
              85,
              80,
              71,
              60,
              50,
              59
            ]
          }
        ]
      },
      {
        "startStationCode": "239",
        "startStationName": "홍대입구역",
        "endStationCode": "211-R",
        "endStationName": "성수역",
        "prevStationCode": "225",
        "prevStationName": "방배역",
        "updnLine": 0,
        "directAt": 0,
        "data": [
          {
            "dow": "FRI",
            "hh": "13",
            "mm": "00",
            "congestionCar": [
              43,
              44,
              58,
              80,
              78,
              78,
              75,
              59,
              50,
              56
            ]
          },
          {
            "dow": "FRI",
            "hh": "13",
            "mm": "10",
            "congestionCar": [
              43,
              47,
              64,
              84,
              90,
              79,
              71,
              56,
              49,
              65
            ]
          },
          {
            "dow": "FRI",
            "hh": "13",
            "mm": "20",
            "congestionCar": [
              42,
              45,
              69,
              76,
              75,
              77,
              72,
              61,
              49,
              55
            ]
          },
          {
            "dow": "FRI",
            "hh": "13",
            "mm": "30",
            "congestionCar": [
              49,
              59,
              79,
              89,
              97,
              89,
              88,
              69,
              59,
              72
            ]
          },
          {
            "dow": "FRI",
            "hh": "13",
            "mm": "40",
            "congestionCar": [
              40,
              47,
              70,
              82,
              87,
              80,
              73,
              57,
              54,
              60
            ]
          },
          {
            "dow": "FRI",
            "hh": "13",
            "mm": "50",
            "congestionCar": [
              39,
              44,
              64,
              68,
              85,
              80,
              71,
              60,
              50,
              59
            ]
          }
        ]
      }
    ],
    "statStartDate": "20230924",
    "statEndDate": "20231223"
  }
}