{
  "status": {
    "code": "00",
    "message": "success",
    "totalCount": 1
  },
  "contents": {
    "subwayLine": "2호선",
    "stationName": "구의역",
    "stationCode": "213",
    "stat": [
      {
        "startStationCode": "202",
        "startStationName": "을지로입구역",
        "endStationCode": "211",
        "endStationName": "성수역",
        "prevStationCode": "214",
        "prevStationName": "강변역",
        "updnLine": 0,
        "directAt": 0,
        "data": [
          {
            "dow": "MON",
            "hh": "13",
            "mm": "00",
            "congestionCar": [
              17,
              22,
              23,
              25,
              23,
              24,
              23,
              23,
              15,
              14
            ]
          },
          {
            "dow": "MON",
            "hh": "13",
            "mm": "10",
            "congestionCar": [
              23,
              29,
              30,
              30,
              30,
              32,
              32,
              28,
              20,
              17
            ]
          },
          {
            "dow": "MON",
            "hh": "13",
            "mm": "20",
            "congestionCar": [
              20,
              25,
              29,
              30,
              32,
              34,
              36,
              29,
              23,
              22
            ]
          },
          {
            "dow": "MON",
            "hh": "13",
            "mm": "30",
            "congestionCar": [
              19,
              28,
              32,
              28,
              32,
              29,
              30,
              30,
              22,
              20
            ]
          },
          {
            "dow": "MON",
            "hh": "13",
            "mm": "40",
            "congestionCar": [
              16,
              21,
              25,
              23,
              25,
              24,
              28,
              23,
              18,
              16
            ]
          },
          {
            "dow": "MON",
            "hh": "13",
            "mm": "50",
            "congestionCar": [
              19,
              26,
              26,
              29,
              28,
              26,
              32,
              26,
              17,
              20
            ]
          }
        ]
      },
      {
        "startStationCode": "202",
        "startStationName": "을지로입구역",
        "endStationCode": "211-R",
        "endStationName": "성수역",
        "prevStationCode": "214",
        "prevStationName": "강변역",
        "updnLine": 0,
        "directAt": 0,
        "data": [
          {
            "dow": "MON",
            "hh": "13",
            "mm": "00",
            "congestionCar": [
              15,
              20,
              21,
              23,
              21,
              22,
              21,
              21,
              14,
              13
            ]
          },
          {
            "dow": "MON",
            "hh": "13",
            "mm": "10",
            "congestionCar": [
              8,
              10,
              10,
              10,
              10,
              11,
              11,
              9,
              7,
              6
            ]
          },
          {
            "dow": "MON",
            "hh": "13",
            "mm": "20",
            "congestionCar": [
              20,
              25,
              29,
              30,
              32,
              34,
              36,
              29,
              23,
              22
            ]
          },
          {
            "dow": "MON",
            "hh": "13",
            "mm": "30",
            "congestionCar": [
              19,
              28,
              32,
              28,
              32,
              29,
              30,
              30,
              22,
              20
            ]
          },
          {
            "dow": "MON",
            "hh": "13",
            "mm": "40",
            "congestionCar": [
              16,
              21,
              25,
              23,
              25,
              24,
              28,
              23,
              18,
              16
            ]
          },
          {
            "dow": "MON",
            "hh": "13",
            "mm": "50",
            "congestionCar": [
              19,
              26,
              26,
              29,
              28,
              26,
              32,
              26,
              17,
              20
            ]
          }
        ]
      },
      {
        "startStationCode": "211",
        "startStationName": "성수역",
        "endStationCode": "202",
        "endStationName": "을지로입구역",
        "prevStationCode": "212",
        "prevStationName": "건대입구역",
        "updnLine": 1,
        "directAt": 0,
        "data": [
          {
            "dow": "MON",
            "hh": "13",
            "mm": "00",
            "congestionCar": [
              18,
              19,
              31,
              24,
              25,
              27,
              21,
              23,
              15,
              17
            ]
          },
          {
            "dow": "MON",
            "hh": "13",
            "mm": "10",
            "congestionCar": [
              20,
              26,
              30,
              32,
              26,
              20,
              23,
              24,
              20,
              18
            ]
          },
          {
            "dow": "MON",
            "hh": "13",
            "mm": "20",
            "congestionCar": [
              22,
              30,
              32,
              39,
              32,
              30,
              32,
              31,
              22,
              20
            ]
          },
          {
            "dow": "MON",
            "hh": "13",
            "mm": "30",
            "congestionCar": [
              34,
              30,
              43,
              43,
              35,
              38,
              36,
              35,
              21,
              25
            ]
          },
          {
            "dow": "MON",
            "hh": "13",
            "mm": "40",
            "congestionCar": [
              21,
              37,
              39,
              42,
              36,
              33,
              28,
              27,
              25,
              22
            ]
          },
          {
            "dow": "MON",
            "hh": "13",
            "mm": "50",
            "congestionCar": [
              22,
              31,
              37,
              35,
              35,
              25,
              26,
              24,
              19,
              17
            ]
          }
        ]
      },
      {
        "startStationCode": "211",
        "startStationName": "성수역",
        "endStationCode": "211",
        "endStationName": "성수역",
        "prevStationCode": "214",
        "prevStationName": "강변역",
        "updnLine": 0,
        "directAt": 0,
        "data": [
          {
            "dow": "MON",
            "hh": "13",
            "mm": "00",
            "congestionCar": [
              17,
              22,
              23,
              25,
              23,
              24,
              23,
              23,
              15,
              14
            ]
          },
          {
            "dow": "MON",
            "hh": "13",
            "mm": "10",
            "congestionCar": [
              23,
              29,
              30,
              30,
              30,
              32,
              32,
              28,
              20,
              17
            ]
          },
          {
            "dow": "MON",
            "hh": "13",
            "mm": "20",
            "congestionCar": [
              20,
              25,
              29,
              30,
              32,
              34,
              36,
              29,
              23,
              22
            ]
          },
          {
            "dow": "MON",
            "hh": "13",
            "mm": "30",
            "congestionCar": [
              19,
              28,
              32,
              28,
              32,
              29,
              30,
              30,
              22,
              20
            ]
          },
          {
            "dow": "MON",
            "hh": "13",
            "mm": "40",
            "congestionCar": [
              16,
              21,
              25,
              23,
              25,
              24,
              28,
              23,
              18,
              16
            ]
          },
          {
            "dow": "MON",
            "hh": "13",
            "mm": "50",
            "congestionCar": [
              19,
              26,
              26,
              29,
              28,
              26,
              32,
              26,
              17,
              20
            ]
          }
        ]
      },
      {
        "startStationCode": "211",
        "startStationName": "성수역",
        "endStationCode": "211",
        "endStationName": "성수역",
        "prevStationCode": "212",
        "prevStationName": "건대입구역",
        "updnLine": 1,
        "directAt": 0,
        "data": [
          {
            "dow": "MON",
            "hh": "13",
            "mm": "00",
            "congestionCar": [
              14,
              16,
              25,
              20,
              21,
              22,
              17,
              19,
              13,
              14
            ]
          },
          {
            "dow": "MON",
            "hh": "13",
            "mm": "10",
            "congestionCar": [
              7,
              10,
              11,
              12,
              10,
              8,
              9,
              9,
              8,
              7
            ]
          },
          {
            "dow": "MON",
            "hh": "13",
            "mm": "20",
            "congestionCar": [
              22,
              30,
              32,
              39,
              32,
              30,
              32,
              31,
              22,
              20
            ]
          },
          {
            "dow": "MON",
            "hh": "13",
            "mm": "30",
            "congestionCar": [
              34,
              30,
              43,
              43,
              35,
              38,
              36,
              35,
              21,
              25
            ]
          },
          {
            "dow": "MON",
            "hh": "13",
            "mm": "40",
            "congestionCar": [
              21,
              37,
              39,
              42,
              36,
              33,
              28,
              27,
              25,
              22
            ]
          },
          {
            "dow": "MON",
            "hh": "13",
            "mm": "50",
            "congestionCar": [
              22,
              31,
              37,
              35,
              35,
              25,
              26,
              24,
              19,
              17
            ]
          }
        ]
      },
      {
        "startStationCode": "211",
        "startStationName": "성수역",
        "endStationCode": "211-R",
        "endStationName": "성수역",
        "prevStationCode": "214",
        "prevStationName": "강변역",
        "updnLine": 0,
        "directAt": 0,
        "data": [
          {
            "dow": "MON",
            "hh": "13",
            "mm": "00",
            "congestionCar": [
              19,
              24,
              25,
              28,
              25,
              26,
              25,
              25,
              17,
              16
            ]
          },
          {
            "dow": "MON",
            "hh": "13",
            "mm": "10",
            "congestionCar": [
              23,
              29,
              30,
              30,
              30,
              32,
              32,
              28,
              20,
              17
            ]
          },
          {
            "dow": "MON",
            "hh": "13",
            "mm": "20",
            "congestionCar": [
              20,
              25,
              29,
              30,
              32,
              34,
              36,
              29,
              23,
              22
            ]
          },
          {
            "dow": "MON",
            "hh": "13",
            "mm": "30",
            "congestionCar": [
              19,
              28,
              32,
              28,
              32,
              29,
              30,
              30,
              22,
              20
            ]
          },
          {
            "dow": "MON",
            "hh": "13",
            "mm": "40",
            "congestionCar": [
              18,
              22,
              28,
              25,
              28,
              26,
              31,
              25,
              20,
              17
            ]
          },
          {
            "dow": "MON",
            "hh": "13",
            "mm": "50",
            "congestionCar": [
              21,
              28,
              28,
              32,
              31,
              28,
              34,
              28,
              18,
              21
            ]
          }
        ]
      },
      {
        "startStationCode": "211",
        "startStationName": "성수역",
        "endStationCode": "211-R",
        "endStationName": "성수역",
        "prevStationCode": "212",
        "prevStationName": "건대입구역",
        "updnLine": 1,
        "directAt": 0,
        "data": [
          {
            "dow": "MON",
            "hh": "13",
            "mm": "00",
            "congestionCar": [
              18,
              20,
              32,
              25,
              26,
              28,
              22,
              24,
              16,
              18
            ]
          },
          {
            "dow": "MON",
            "hh": "13",
            "mm": "10",
            "congestionCar": [
              20,
              26,
              30,
              32,
              26,
              20,
              23,
              24,
              20,
              18
            ]
          },
          {
            "dow": "MON",
            "hh": "13",
            "mm": "20",
            "congestionCar": [
              22,
              30,
              32,
              39,
              32,
              30,
              32,
              31,
              22,
              20
            ]
          },
          {
            "dow": "MON",
            "hh": "13",
            "mm": "30",
            "congestionCar": [
              34,
              30,
              43,
              43,
              35,
              38,
              36,
              35,
              21,
              25
            ]
          },
          {
            "dow": "MON",
            "hh": "13",
            "mm": "40",
            "congestionCar": [
              21,
              37,
              39,
              42,
              36,
              33,
              28,
              27,
              25,
              22
            ]
          },
          {
            "dow": "MON",
            "hh": "13",
            "mm": "50",
            "congestionCar": [
              22,
              31,
              37,
              35,
              35,
              25,
              26,
              24,
              19,
              17
            ]
          }
        ]
      },
      {
        "startStationCode": "211",
        "startStationName": "성수역",
        "endStationCode": "219",
        "endStationName": "삼성역",
        "prevStationCode": "212",
        "prevStationName": "건대입구역",
        "updnLine": 1,
        "directAt": 0,
        "data": [
          {
            "dow": "MON",
            "hh": "13",
            "mm": "00",
            "congestionCar": [
              18,
              19,
              31,
              24,
              25,
              27,
              21,
              23,
              15,
              17
            ]
          },
          {
            "dow": "MON",
            "hh": "13",
            "mm": "10",
            "congestionCar": [
              20,
              26,
              30,
              32,
              26,
              20,
              23,
              24,
              20,
              18
            ]
          },
          {
            "dow": "MON",
            "hh": "13",
            "mm": "20",
            "congestionCar": [
              22,
              30,
              32,
              39,
              32,
              30,
              32,
              31,
              22,
              20
            ]
          },
          {
            "dow": "MON",
            "hh": "13",
            "mm": "30",
            "congestionCar": [
              34,
              30,
              43,
              43,
              35,
              38,
              36,
              35,
              21,
              25
            ]
          },
          {
            "dow": "MON",
            "hh": "13",
            "mm": "40",
            "congestionCar": [
              21,
              37,
              39,
              42,
              36,
              33,
              28,
              27,
              25,
              22
            ]
          },
          {
            "dow": "MON",
            "hh": "13",
            "mm": "50",
            "congestionCar": [
              22,
              31,
              37,
              35,
              35,
              25,
              26,
              24,
              19,
              17
            ]
          }
        ]
      },
      {
        "startStationCode": "211",
        "startStationName": "성수역",
        "endStationCode": "228",
        "endStationName": "서울대입구역",
        "prevStationCode": "212",
        "prevStationName": "건대입구역",
        "updnLine": 1,
        "directAt": 0,
        "data": [
          {
            "dow": "MON",
            "hh": "13",
            "mm": "00",
            "congestionCar": [
              18,
              19,
              31,
              24,
              25,
              27,
              21,
              23,
              15,
              17
            ]
          },
          {
            "dow": "MON",
            "hh": "13",
            "mm": "10",
            "congestionCar": [
              20,
              26,
              30,
              32,
              26,
              20,
              23,
              24,
              20,
              18
            ]
          },
          {
            "dow": "MON",
            "hh": "13",
            "mm": "20",
            "congestionCar": [
              22,
              30,
              32,
              39,
              32,
              30,
              32,
              31,
              22,
              20
            ]
          },
          {
            "dow": "MON",
            "hh": "13",
            "mm": "30",
            "congestionCar": [
              34,
              30,
              43,
              43,
              35,
              38,
              36,
              35,
              21,
              25
            ]
          },
          {
            "dow": "MON",
            "hh": "13",
            "mm": "40",
            "congestionCar": [
              21,
              37,
              39,
              42,
              36,
              33,
              28,
              27,
              25,
              22
            ]
          },
          {
            "dow": "MON",
            "hh": "13",
            "mm": "50",
            "congestionCar": [
              22,
              31,
              37,
              35,
              35,
              25,
              26,
              24,
              19,
              17
            ]
          }
        ]
      },
      {
        "startStationCode": "211",
        "startStationName": "성수역",
        "endStationCode": "234",
        "endStationName": "신도림역",
        "prevStationCode": "212",
        "prevStationName": "건대입구역",
        "updnLine": 1,
        "directAt": 0,
        "data": [
          {
            "dow": "MON",
            "hh": "13",
            "mm": "00",
            "congestionCar": [
              18,
              19,
              31,
              24,
              25,
              27,
              21,
              23,
              15,
              17
            ]
          },
          {
            "dow": "MON",
            "hh": "13",
            "mm": "10",
            "congestionCar": [
              20,
              26,
              30,
              32,
              26,
              20,
              23,
              24,
              20,
              18
            ]
          },
          {
            "dow": "MON",
            "hh": "13",
            "mm": "20",
            "congestionCar": [
              22,
              30,
              32,
              39,
              32,
              30,
              32,
              31,
              22,
              20
            ]
          },
          {
            "dow": "MON",
            "hh": "13",
            "mm": "30",
            "congestionCar": [
              34,
              30,
              43,
              43,
              35,
              38,
              36,
              35,
              21,
              25
            ]
          },
          {
            "dow": "MON",
            "hh": "13",
            "mm": "40",
            "congestionCar": [
              21,
              37,
              39,
              42,
              36,
              33,
              28,
              27,
              25,
              22
            ]
          },
          {
            "dow": "MON",
            "hh": "13",
            "mm": "50",
            "congestionCar": [
              22,
              31,
              37,
              35,
              35,
              25,
              26,
              24,
              19,
              17
            ]
          }
        ]
      },
      {
        "startStationCode": "211",
        "startStationName": "성수역",
        "endStationCode": "239",
        "endStationName": "홍대입구역",
        "prevStationCode": "212",
        "prevStationName": "건대입구역",
        "updnLine": 1,
        "directAt": 0,
        "data": [
          {
            "dow": "MON",
            "hh": "13",
            "mm": "00",
            "congestionCar": [
              18,
              19,
              31,
              24,
              25,
              27,
              21,
              23,
              15,
              17
            ]
          },
          {
            "dow": "MON",
            "hh": "13",
            "mm": "10",
            "congestionCar": [
              20,
              26,
              30,
              32,
              26,
              20,
              23,
              24,
              20,
              18
            ]
          },
          {
            "dow": "MON",
            "hh": "13",
            "mm": "20",
            "congestionCar": [
              22,
              30,
              32,
              39,
              32,
              30,
              32,
              31,
              22,
              20
            ]
          },
          {
            "dow": "MON",
            "hh": "13",
            "mm": "30",
            "congestionCar": [
              34,
              30,
              43,
              43,
              35,
              38,
              36,
              35,
              21,
              25
            ]
          },
          {
            "dow": "MON",
            "hh": "13",
            "mm": "40",
            "congestionCar": [
              21,
              37,
              39,
              42,
              36,
              33,
              28,
              27,
              25,
              22
            ]
          },
          {
            "dow": "MON",
            "hh": "13",
            "mm": "50",
            "congestionCar": [
              22,
              31,
              37,
              35,
              35,
              25,
              26,
              24,
              19,
              17
            ]
          }
        ]
      },
      {
        "startStationCode": "219",
        "startStationName": "삼성역",
        "endStationCode": "211-R",
        "endStationName": "성수역",
        "prevStationCode": "214",
        "prevStationName": "강변역",
        "updnLine": 0,
        "directAt": 0,
        "data": [
          {
            "dow": "MON",
            "hh": "13",
            "mm": "00",
            "congestionCar": [
              17,
              22,
              23,
              25,
              23,
              24,
              23,
              23,
              15,
              14
            ]
          },
          {
            "dow": "MON",
            "hh": "13",
            "mm": "10",
            "congestionCar": [
              23,
              29,
              30,
              30,
              30,
              32,
              32,
              28,
              20,
              17
            ]
          },
          {
            "dow": "MON",
            "hh": "13",
            "mm": "20",
            "congestionCar": [
              20,
              25,
              29,
              30,
              32,
              34,
              36,
              29,
              23,
              22
            ]
          },
          {
            "dow": "MON",
            "hh": "13",
            "mm": "30",
            "congestionCar": [
              19,
              28,
              32,
              28,
              32,
              29,
              30,
              30,
              22,
              20
            ]
          },
          {
            "dow": "MON",
            "hh": "13",
            "mm": "40",
            "congestionCar": [
              16,
              21,
              25,
              23,
              25,
              24,
              28,
              23,
              18,
              16
            ]
          },
          {
            "dow": "MON",
            "hh": "13",
            "mm": "50",
            "congestionCar": [
              19,
              26,
              26,
              29,
              28,
              26,
              32,
              26,
              17,
              20
            ]
          }
        ]
      },
      {
        "startStationCode": "228",
        "startStationName": "서울대입구역",
        "endStationCode": "211",
        "endStationName": "성수역",
        "prevStationCode": "214",
        "prevStationName": "강변역",
        "updnLine": 0,
        "directAt": 0,
        "data": [
          {
            "dow": "MON",
            "hh": "13",
            "mm": "00",
            "congestionCar": [
              17,
              22,
              23,
              25,
              23,
              24,
              23,
              23,
              15,
              14
            ]
          },
          {
            "dow": "MON",
            "hh": "13",
            "mm": "10",
            "congestionCar": [
              23,
              29,
              30,
              30,
              30,
              32,
              32,
              28,
              20,
              17
            ]
          },
          {
            "dow": "MON",
            "hh": "13",
            "mm": "20",
            "congestionCar": [
              20,
              25,
              29,
              30,
              32,
              34,
              36,
              29,
              23,
              22
            ]
          },
          {
            "dow": "MON",
            "hh": "13",
            "mm": "30",
            "congestionCar": [
              19,
              28,
              32,
              28,
              32,
              29,
              30,
              30,
              22,
              20
            ]
          },
          {
            "dow": "MON",
            "hh": "13",
            "mm": "40",
            "congestionCar": [
              16,
              21,
              25,
              23,
              25,
              24,
              28,
              23,
              18,
              16
            ]
          },
          {
            "dow": "MON",
            "hh": "13",
            "mm": "50",
            "congestionCar": [
              19,
              26,
              26,
              29,
              28,
              26,
              32,
              26,
              17,
              20
            ]
          }
        ]
      },
      {
        "startStationCode": "228",
        "startStationName": "서울대입구역",
        "endStationCode": "211-R",
        "endStationName": "성수역",
        "prevStationCode": "214",
        "prevStationName": "강변역",
        "updnLine": 0,
        "directAt": 0,
        "data": [
          {
            "dow": "MON",
            "hh": "13",
            "mm": "00",
            "congestionCar": [
              17,
              22,
              23,
              25,
              23,
              24,
              23,
              23,
              15,
              14
            ]
          },
          {
            "dow": "MON",
            "hh": "13",
            "mm": "10",
            "congestionCar": [
              23,
              29,
              30,
              30,
              30,
              32,
              32,
              28,
              20,
              17
            ]
          },
          {
            "dow": "MON",
            "hh": "13",
            "mm": "20",
            "congestionCar": [
              20,
              25,
              29,
              30,
              32,
              34,
              36,
              29,
              23,
              22
            ]
          },
          {
            "dow": "MON",
            "hh": "13",
            "mm": "30",
            "congestionCar": [
              19,
              28,
              32,
              28,
              32,
              29,
              30,
              30,
              22,
              20
            ]
          },
          {
            "dow": "MON",
            "hh": "13",
            "mm": "40",
            "congestionCar": [
              16,
              21,
              25,
              23,
              25,
              24,
              28,
              23,
              18,
              16
            ]
          },
          {
            "dow": "MON",
            "hh": "13",
            "mm": "50",
            "congestionCar": [
              19,
              26,
              26,
              29,
              28,
              26,
              32,
              26,
              17,
              20
            ]
          }
        ]
      },
      {
        "startStationCode": "234",
        "startStationName": "신도림역",
        "endStationCode": "211",
        "endStationName": "성수역",
        "prevStationCode": "214",
        "prevStationName": "강변역",
        "updnLine": 0,
        "directAt": 0,
        "data": [
          {
            "dow": "MON",
            "hh": "13",
            "mm": "00",
            "congestionCar": [
              17,
              22,
              23,
              25,
              23,
              24,
              23,
              23,
              15,
              14
            ]
          },
          {
            "dow": "MON",
            "hh": "13",
            "mm": "10",
            "congestionCar": [
              23,
              29,
              30,
              30,
              30,
              32,
              32,
              28,
              20,
              17
            ]
          },
          {
            "dow": "MON",
            "hh": "13",
            "mm": "20",
            "congestionCar": [
              20,
              25,
              29,
              30,
              32,
              34,
              36,
              29,
              23,
              22
            ]
          },
          {
            "dow": "MON",
            "hh": "13",
            "mm": "30",
            "congestionCar": [
              19,
              28,
              32,
              28,
              32,
              29,
              30,
              30,
              22,
              20
            ]
          },
          {
            "dow": "MON",
            "hh": "13",
            "mm": "40",
            "congestionCar": [
              16,
              21,
              25,
              23,
              25,
              24,
              28,
              23,
              18,
              16
            ]
          },
          {
            "dow": "MON",
            "hh": "13",
            "mm": "50",
            "congestionCar": [
              19,
              26,
              26,
              29,
              28,
              26,
              32,
              26,
              17,
              20
            ]
          }
        ]
      },
      {
        "startStationCode": "234",
        "startStationName": "신도림역",
        "endStationCode": "211-R",
        "endStationName": "성수역",
        "prevStationCode": "214",
        "prevStationName": "강변역",
        "updnLine": 0,
        "directAt": 0,
        "data": [
          {
            "dow": "MON",
            "hh": "13",
            "mm": "00",
            "congestionCar": [
              17,
              22,
              23,
              25,
              23,
              24,
              23,
              23,
              15,
              14
            ]
          },
          {
            "dow": "MON",
            "hh": "13",
            "mm": "10",
            "congestionCar": [
              23,
              29,
              30,
              30,
              30,
              32,
              32,
              28,
              20,
              17
            ]
          },
          {
            "dow": "MON",
            "hh": "13",
            "mm": "20",
            "congestionCar": [
              20,
              25,
              29,
              30,
              32,
              34,
              36,
              29,
              23,
              22
            ]
          },
          {
            "dow": "MON",
            "hh": "13",
            "mm": "30",
            "congestionCar": [
              19,
              28,
              32,
              28,
              32,
              29,
              30,
              30,
              22,
              20
            ]
          },
          {
            "dow": "MON",
            "hh": "13",
            "mm": "40",
            "congestionCar": [
              16,
              21,
              25,
              23,
              25,
              24,
              28,
              23,
              18,
              16
            ]
          },
          {
            "dow": "MON",
            "hh": "13",
            "mm": "50",
            "congestionCar": [
              19,
              26,
              26,
              29,
              28,
              26,
              32,
              26,
              17,
              20
            ]
          }
        ]
      },
      {
        "startStationCode": "239",
        "startStationName": "홍대입구역",
        "endStationCode": "211",
        "endStationName": "성수역",
        "prevStationCode": "214",
        "prevStationName": "강변역",
        "updnLine": 0,
        "directAt": 0,
        "data": [
          {
            "dow": "MON",
            "hh": "13",
            "mm": "00",
            "congestionCar": [
              17,
              22,
              23,
              25,
              23,
              24,
              23,
              23,
              15,
              14
            ]
          },
          {
            "dow": "MON",
            "hh": "13",
            "mm": "10",
            "congestionCar": [
              23,
              29,
              30,
              30,
              30,
              32,
              32,
              28,
              20,
              17
            ]
          },
          {
            "dow": "MON",
            "hh": "13",
            "mm": "20",
            "congestionCar": [
              20,
              25,
              29,
              30,
              32,
              34,
              36,
              29,
              23,
              22
            ]
          },
          {
            "dow": "MON",
            "hh": "13",
            "mm": "30",
            "congestionCar": [
              19,
              28,
              32,
              28,
              32,
              29,
              30,
              30,
              22,
              20
            ]
          },
          {
            "dow": "MON",
            "hh": "13",
            "mm": "40",
            "congestionCar": [
              16,
              21,
              25,
              23,
              25,
              24,
              28,
              23,
              18,
              16
            ]
          },
          {
            "dow": "MON",
            "hh": "13",
            "mm": "50",
            "congestionCar": [
              19,
              26,
              26,
              29,
              28,
              26,
              32,
              26,
              17,
              20
            ]
          }
        ]
      },
      {
        "startStationCode": "239",
        "startStationName": "홍대입구역",
        "endStationCode": "211-R",
        "endStationName": "성수역",
        "prevStationCode": "214",
        "prevStationName": "강변역",
        "updnLine": 0,
        "directAt": 0,
        "data": [
          {
            "dow": "MON",
            "hh": "13",
            "mm": "00",
            "congestionCar": [
              17,
              22,
              23,
              25,
              23,
              24,
              23,
              23,
              15,
              14
            ]
          },
          {
            "dow": "MON",
            "hh": "13",
            "mm": "10",
            "congestionCar": [
              23,
              29,
              30,
              30,
              30,
              32,
              32,
              28,
              20,
              17
            ]
          },
          {
            "dow": "MON",
            "hh": "13",
            "mm": "20",
            "congestionCar": [
              20,
              25,
              29,
              30,
              32,
              34,
              36,
              29,
              23,
              22
            ]
          },
          {
            "dow": "MON",
            "hh": "13",
            "mm": "30",
            "congestionCar": [
              19,
              28,
              32,
              28,
              32,
              29,
              30,
              30,
              22,
              20
            ]
          },
          {
            "dow": "MON",
            "hh": "13",
            "mm": "40",
            "congestionCar": [
              16,
              21,
              25,
              23,
              25,
              24,
              28,
              23,
              18,
              16
            ]
          },
          {
            "dow": "MON",
            "hh": "13",
            "mm": "50",
            "congestionCar": [
              19,
              26,
              26,
              29,
              28,
              26,
              32,
              26,
              17,
              20
            ]
          }
        ]
      }
    ],
    "statStartDate": "20230923",
    "statEndDate": "20231222"
  }
}