{
  "status": {
    "code": "00",
    "message": "success",
    "totalCount": 1
  },
  "contents": {
    "subwayLine": "2호선",
    "stationName": "역삼역",
    "stationCode": "221",
    "stat": [
      {
        "startStationCode": "202",
        "startStationName": "을지로입구역",
        "endStationCode": "211",
        "endStationName": "성수역",
        "prevStationCode": "222",
        "prevStationName": "강남역",
        "updnLine": 0,
        "directAt": 0,
        "data": [
          {
            "dow": "MON",
            "hh": "13",
            "mm": "00",
            "congestionCar": [
              31,
              32,
              40,
              48,
              54,
              51,
              46,
              44,
              34,
              31
            ]
          },
          {
            "dow": "MON",
            "hh": "13",
            "mm": "10",
            "congestionCar": [
              32,
              33,
              41,
              57,
              57,
              53,
              52,
              46,
              38,
              31
            ]
          },
          {
            "dow": "MON",
            "hh": "13",
            "mm": "20",
            "congestionCar": [
              30,
              35,
              53,
              54,
              58,
              53,
              54,
              42,
              41,
              30
            ]
          },
          {
            "dow": "MON",
            "hh": "13",
            "mm": "30",
            "congestionCar": [
              32,
              38,
              48,
              57,
              59,
              56,
              56,
              54,
              39,
              32
            ]
          },
          {
            "dow": "MON",
            "hh": "13",
            "mm": "40",
            "congestionCar": [
              31,
              41,
              52,
              62,
              59,
              64,
              57,
              51,
              38,
              36
            ]
          },
          {
            "dow": "MON",
            "hh": "13",
            "mm": "50",
            "congestionCar": [
              27,
              35,
              42,
              47,
              51,
              50,
              47,
              39,
              37,
              25
            ]
          }
        ]
      },
      {
        "startStationCode": "202",
        "startStationName": "을지로입구역",
        "endStationCode": "211-R",
        "endStationName": "성수역",
        "prevStationCode": "222",
        "prevStationName": "강남역",
        "updnLine": 0,
        "directAt": 0,
        "data": [
          {
            "dow": "MON",
            "hh": "13",
            "mm": "00",
            "congestionCar": [
              31,
              32,
              40,
              48,
              54,
              51,
              46,
              44,
              34,
              31
            ]
          },
          {
            "dow": "MON",
            "hh": "13",
            "mm": "10",
            "congestionCar": [
              32,
              33,
              41,
              57,
              57,
              53,
              52,
              46,
              38,
              31
            ]
          },
          {
            "dow": "MON",
            "hh": "13",
            "mm": "20",
            "congestionCar": [
              30,
              35,
              53,
              54,
              58,
              53,
              54,
              42,
              41,
              30
            ]
          },
          {
            "dow": "MON",
            "hh": "13",
            "mm": "30",
            "congestionCar": [
              32,
              38,
              48,
              57,
              59,
              56,
              56,
              54,
              39,
              32
            ]
          },
          {
            "dow": "MON",
            "hh": "13",
            "mm": "40",
            "congestionCar": [
              31,
              41,
              52,
              62,
              59,
              64,
              57,
              51,
              38,
              36
            ]
          },
          {
            "dow": "MON",
            "hh": "13",
            "mm": "50",
            "congestionCar": [
              27,
              35,
              42,
              47,
              51,
              50,
              47,
              39,
              37,
              25
            ]
          }
        ]
      },
      {
        "startStationCode": "211",
        "startStationName": "성수역",
        "endStationCode": "202",
        "endStationName": "을지로입구역",
        "prevStationCode": "220",
        "prevStationName": "선릉역",
        "updnLine": 1,
        "directAt": 0,
        "data": [
          {
            "dow": "MON",
            "hh": "13",
            "mm": "00",
            "congestionCar": [
              38,
              39,
              47,
              50,
              51,
              52,
              44,
              42,
              30,
              27
            ]
          },
          {
            "dow": "MON",
            "hh": "13",
            "mm": "10",
            "congestionCar": [
              36,
              31,
              40,
              42,
              48,
              45,
              37,
              31,
              21,
              20
            ]
          },
          {
            "dow": "MON",
            "hh": "13",
            "mm": "20",
            "congestionCar": [
              30,
              35,
              35,
              43,
              43,
              49,
              39,
              31,
              23,
              21
            ]
          },
          {
            "dow": "MON",
            "hh": "13",
            "mm": "30",
            "congestionCar": [
              43,
              40,
              47,
              51,
              58,
              52,
              49,
              37,
              31,
              23
            ]
          },
          {
            "dow": "MON",
            "hh": "13",
            "mm": "40",
            "congestionCar": [
              41,
              39,
              50,
              55,
              59,
              61,
              51,
              36,
              33,
              24
            ]
          },
          {
            "dow": "MON",
            "hh": "13",
            "mm": "50",
            "congestionCar": [
              42,
              39,
              47,
              58,
              58,
              60,
              52,
              44,
              31,
              30
            ]
          }
        ]
      },
      {
        "startStationCode": "211",
        "startStationName": "성수역",
        "endStationCode": "211",
        "endStationName": "성수역",
        "prevStationCode": "222",
        "prevStationName": "강남역",
        "updnLine": 0,
        "directAt": 0,
        "data": [
          {
            "dow": "MON",
            "hh": "13",
            "mm": "00",
            "congestionCar": [
              31,
              32,
              40,
              48,
              54,
              51,
              46,
              44,
              34,
              31
            ]
          },
          {
            "dow": "MON",
            "hh": "13",
            "mm": "10",
            "congestionCar": [
              32,
              33,
              41,
              57,
              57,
              53,
              52,
              46,
              38,
              31
            ]
          },
          {
            "dow": "MON",
            "hh": "13",
            "mm": "20",
            "congestionCar": [
              30,
              35,
              53,
              54,
              58,
              53,
              54,
              42,
              41,
              30
            ]
          },
          {
            "dow": "MON",
            "hh": "13",
            "mm": "30",
            "congestionCar": [
              32,
              38,
              48,
              57,
              59,
              56,
              56,
              54,
              39,
              32
            ]
          },
          {
            "dow": "MON",
            "hh": "13",
            "mm": "40",
            "congestionCar": [
              31,
              41,
              52,
              62,
              59,
              64,
              57,
              51,
              38,
              36
            ]
          },
          {
            "dow": "MON",
            "hh": "13",
            "mm": "50",
            "congestionCar": [
              27,
              35,
              42,
              47,
              51,
              50,
              47,
              39,
              37,
              25
            ]
          }
        ]
      },
      {
        "startStationCode": "211",
        "startStationName": "성수역",
        "endStationCode": "211",
        "endStationName": "성수역",
        "prevStationCode": "220",
        "prevStationName": "선릉역",
        "updnLine": 1,
        "directAt": 0,
        "data": [
          {
            "dow": "MON",
            "hh": "13",
            "mm": "00",
            "congestionCar": [
              32,
              32,
              39,
              42,
              43,
              43,
              37,
              35,
              25,
              23
            ]
          },
          {
            "dow": "MON",
            "hh": "13",
            "mm": "10",
            "congestionCar": [
              36,
              31,
              40,
              42,
              48,
              45,
              37,
              31,
              21,
              20
            ]
          },
          {
            "dow": "MON",
            "hh": "13",
            "mm": "20",
            "congestionCar": [
              30,
              35,
              35,
              43,
              43,
              49,
              39,
              31,
              23,
              21
            ]
          },
          {
            "dow": "MON",
            "hh": "13",
            "mm": "30",
            "congestionCar": [
              17,
              16,
              18,
              20,
              23,
              20,
              19,
              15,
              12,
              9
            ]
          },
          {
            "dow": "MON",
            "hh": "13",
            "mm": "40",
            "congestionCar": [
              41,
              39,
              50,
              55,
              59,
              61,
              51,
              36,
              33,
              24
            ]
          },
          {
            "dow": "MON",
            "hh": "13",
            "mm": "50",
            "congestionCar": [
              42,
              39,
              47,
              58,
              58,
              60,
              52,
              44,
              31,
              30
            ]
          }
        ]
      },
      {
        "startStationCode": "211",
        "startStationName": "성수역",
        "endStationCode": "211-R",
        "endStationName": "성수역",
        "prevStationCode": "222",
        "prevStationName": "강남역",
        "updnLine": 0,
        "directAt": 0,
        "data": [
          {
            "dow": "MON",
            "hh": "13",
            "mm": "00",
            "congestionCar": [
              31,
              32,
              40,
              48,
              54,
              51,
              46,
              44,
              34,
              31
            ]
          },
          {
            "dow": "MON",
            "hh": "13",
            "mm": "10",
            "congestionCar": [
              32,
              33,
              41,
              57,
              57,
              53,
              52,
              46,
              38,
              31
            ]
          },
          {
            "dow": "MON",
            "hh": "13",
            "mm": "20",
            "congestionCar": [
              30,
              35,
              53,
              54,
              58,
              53,
              54,
              42,
              41,
              30
            ]
          },
          {
            "dow": "MON",
            "hh": "13",
            "mm": "30",
            "congestionCar": [
              34,
              40,
              51,
              60,
              63,
              59,
              59,
              57,
              42,
              34
            ]
          },
          {
            "dow": "MON",
            "hh": "13",
            "mm": "40",
            "congestionCar": [
              33,
              44,
              56,
              67,
              64,
              69,
              62,
              55,
              41,
              39
            ]
          },
          {
            "dow": "MON",
            "hh": "13",
            "mm": "50",
            "congestionCar": [
              30,
              38,
              45,
              51,
              55,
              53,
              51,
              42,
              39,
              26
            ]
          }
        ]
      },
      {
        "startStationCode": "211",
        "startStationName": "성수역",
        "endStationCode": "211-R",
        "endStationName": "성수역",
        "prevStationCode": "220",
        "prevStationName": "선릉역",
        "updnLine": 1,
        "directAt": 0,
        "data": [
          {
            "dow": "MON",
            "hh": "13",
            "mm": "00",
            "congestionCar": [
              39,
              40,
              48,
              52,
              52,
              53,
              45,
              43,
              31,
              28
            ]
          },
          {
            "dow": "MON",
            "hh": "13",
            "mm": "10",
            "congestionCar": [
              36,
              31,
              40,
              42,
              48,
              45,
              37,
              31,
              21,
              20
            ]
          },
          {
            "dow": "MON",
            "hh": "13",
            "mm": "20",
            "congestionCar": [
              31,
              36,
              36,
              45,
              44,
              50,
              40,
              32,
              24,
              22
            ]
          },
          {
            "dow": "MON",
            "hh": "13",
            "mm": "30",
            "congestionCar": [
              43,
              40,
              47,
              51,
              58,
              52,
              49,
              37,
              31,
              23
            ]
          },
          {
            "dow": "MON",
            "hh": "13",
            "mm": "40",
            "congestionCar": [
              41,
              39,
              50,
              55,
              59,
              61,
              51,
              36,
              33,
              24
            ]
          },
          {
            "dow": "MON",
            "hh": "13",
            "mm": "50",
            "congestionCar": [
              42,
              39,
              47,
              58,
              58,
              60,
              52,
              44,
              31,
              30
            ]
          }
        ]
      },
      {
        "startStationCode": "211",
        "startStationName": "성수역",
        "endStationCode": "219",
        "endStationName": "삼성역",
        "prevStationCode": "222",
        "prevStationName": "강남역",
        "updnLine": 0,
        "directAt": 0,
        "data": [
          {
            "dow": "MON",
            "hh": "13",
            "mm": "00",
            "congestionCar": [
              31,
              32,
              40,
              48,
              54,
              51,
              46,
              44,
              34,
              31
            ]
          },
          {
            "dow": "MON",
            "hh": "13",
            "mm": "10",
            "congestionCar": [
              32,
              33,
              41,
              57,
              57,
              53,
              52,
              46,
              38,
              31
            ]
          },
          {
            "dow": "MON",
            "hh": "13",
            "mm": "20",
            "congestionCar": [
              30,
              35,
              53,
              54,
              58,
              53,
              54,
              42,
              41,
              30
            ]
          },
          {
            "dow": "MON",
            "hh": "13",
            "mm": "30",
            "congestionCar": [
              32,
              38,
              48,
              57,
              59,
              56,
              56,
              54,
              39,
              32
            ]
          },
          {
            "dow": "MON",
            "hh": "13",
            "mm": "40",
            "congestionCar": [
              31,
              41,
              52,
              62,
              59,
              64,
              57,
              51,
              38,
              36
            ]
          },
          {
            "dow": "MON",
            "hh": "13",
            "mm": "50",
            "congestionCar": [
              27,
              35,
              42,
              47,
              51,
              50,
              47,
              39,
              37,
              25
            ]
          }
        ]
      },
      {
        "startStationCode": "211",
        "startStationName": "성수역",
        "endStationCode": "228",
        "endStationName": "서울대입구역",
        "prevStationCode": "220",
        "prevStationName": "선릉역",
        "updnLine": 1,
        "directAt": 0,
        "data": [
          {
            "dow": "MON",
            "hh": "13",
            "mm": "00",
            "congestionCar": [
              38,
              39,
              47,
              50,
              51,
              52,
              44,
              42,
              30,
              27
            ]
          },
          {
            "dow": "MON",
            "hh": "13",
            "mm": "10",
            "congestionCar": [
              36,
              31,
              40,
              42,
              48,
              45,
              37,
              31,
              21,
              20
            ]
          },
          {
            "dow": "MON",
            "hh": "13",
            "mm": "20",
            "congestionCar": [
              30,
              35,
              35,
              43,
              43,
              49,
              39,
              31,
              23,
              21
            ]
          },
          {
            "dow": "MON",
            "hh": "13",
            "mm": "30",
            "congestionCar": [
              43,
              40,
              47,
              51,
              58,
              52,
              49,
              37,
              31,
              23
            ]
          },
          {
            "dow": "MON",
            "hh": "13",
            "mm": "40",
            "congestionCar": [
              41,
              39,
              50,
              55,
              59,
              61,
              51,
              36,
              33,
              24
            ]
          },
          {
            "dow": "MON",
            "hh": "13",
            "mm": "50",
            "congestionCar": [
              42,
              39,
              47,
              58,
              58,
              60,
              52,
              44,
              31,
              30
            ]
          }
        ]
      },
      {
        "startStationCode": "211",
        "startStationName": "성수역",
        "endStationCode": "234",
        "endStationName": "신도림역",
        "prevStationCode": "220",
        "prevStationName": "선릉역",
        "updnLine": 1,
        "directAt": 0,
        "data": [
          {
            "dow": "MON",
            "hh": "13",
            "mm": "00",
            "congestionCar": [
              38,
              39,
              47,
              50,
              51,
              52,
              44,
              42,
              30,
              27
            ]
          },
          {
            "dow": "MON",
            "hh": "13",
            "mm": "10",
            "congestionCar": [
              36,
              31,
              40,
              42,
              48,
              45,
              37,
              31,
              21,
              20
            ]
          },
          {
            "dow": "MON",
            "hh": "13",
            "mm": "20",
            "congestionCar": [
              30,
              35,
              35,
              43,
              43,
              49,
              39,
              31,
              23,
              21
            ]
          },
          {
            "dow": "MON",
            "hh": "13",
            "mm": "30",
            "congestionCar": [
              43,
              40,
              47,
              51,
              58,
              52,
              49,
              37,
              31,
              23
            ]
          },
          {
            "dow": "MON",
            "hh": "13",
            "mm": "40",
            "congestionCar": [
              41,
              39,
              50,
              55,
              59,
              61,
              51,
              36,
              33,
              24
            ]
          },
          {
            "dow": "MON",
            "hh": "13",
            "mm": "50",
            "congestionCar": [
              42,
              39,
              47,
              58,
              58,
              60,
              52,
              44,
              31,
              30
            ]
          }
        ]
      },
      {
        "startStationCode": "211",
        "startStationName": "성수역",
        "endStationCode": "239",
        "endStationName": "홍대입구역",
        "prevStationCode": "220",
        "prevStationName": "선릉역",
        "updnLine": 1,
        "directAt": 0,
        "data": [
          {
            "dow": "MON",
            "hh": "13",
            "mm": "00",
            "congestionCar": [
              38,
              39,
              47,
              50,
              51,
              52,
              44,
              42,
              30,
              27
            ]
          },
          {
            "dow": "MON",
            "hh": "13",
            "mm": "10",
            "congestionCar": [
              36,
              31,
              40,
              42,
              48,
              45,
              37,
              31,
              21,
              20
            ]
          },
          {
            "dow": "MON",
            "hh": "13",
            "mm": "20",
            "congestionCar": [
              30,
              35,
              35,
              43,
              43,
              49,
              39,
              31,
              23,
              21
            ]
          },
          {
            "dow": "MON",
            "hh": "13",
            "mm": "30",
            "congestionCar": [
              43,
              40,
              47,
              51,
              58,
              52,
              49,
              37,
              31,
              23
            ]
          },
          {
            "dow": "MON",
            "hh": "13",
            "mm": "40",
            "congestionCar": [
              41,
              39,
              50,
              55,
              59,
              61,
              51,
              36,
              33,
              24
            ]
          },
          {
            "dow": "MON",
            "hh": "13",
            "mm": "50",
            "congestionCar": [
              42,
              39,
              47,
              58,
              58,
              60,
              52,
              44,
              31,
              30
            ]
          }
        ]
      },
      {
        "startStationCode": "219",
        "startStationName": "삼성역",
        "endStationCode": "211-R",
        "endStationName": "성수역",
        "prevStationCode": "220",
        "prevStationName": "선릉역",
        "updnLine": 1,
        "directAt": 0,
        "data": [
          {
            "dow": "MON",
            "hh": "13",
            "mm": "00",
            "congestionCar": [
              38,
              39,
              47,
              50,
              51,
              52,
              44,
              42,
              30,
              27
            ]
          },
          {
            "dow": "MON",
            "hh": "13",
            "mm": "10",
            "congestionCar": [
              36,
              31,
              40,
              42,
              48,
              45,
              37,
              31,
              21,
              20
            ]
          },
          {
            "dow": "MON",
            "hh": "13",
            "mm": "20",
            "congestionCar": [
              30,
              35,
              35,
              43,
              43,
              49,
              39,
              31,
              23,
              21
            ]
          },
          {
            "dow": "MON",
            "hh": "13",
            "mm": "30",
            "congestionCar": [
              43,
              40,
              47,
              51,
              58,
              52,
              49,
              37,
              31,
              23
            ]
          },
          {
            "dow": "MON",
            "hh": "13",
            "mm": "40",
            "congestionCar": [
              41,
              39,
              50,
              55,
              59,
              61,
              51,
              36,
              33,
              24
            ]
          },
          {
            "dow": "MON",
            "hh": "13",
            "mm": "50",
            "congestionCar": [
              42,
              39,
              47,
              58,
              58,
              60,
              52,
              44,
              31,
              30
            ]
          }
        ]
      },
      {
        "startStationCode": "228",
        "startStationName": "서울대입구역",
        "endStationCode": "211",
        "endStationName": "성수역",
        "prevStationCode": "222",
        "prevStationName": "강남역",
        "updnLine": 0,
        "directAt": 0,
        "data": [
          {
            "dow": "MON",
            "hh": "13",
            "mm": "00",
            "congestionCar": [
              31,
              32,
              40,
              48,
              54,
              51,
              46,
              44,
              34,
              31
            ]
          },
          {
            "dow": "MON",
            "hh": "13",
            "mm": "10",
            "congestionCar": [
              32,
              33,
              41,
              57,
              57,
              53,
              52,
              46,
              38,
              31
            ]
          },
          {
            "dow": "MON",
            "hh": "13",
            "mm": "20",
            "congestionCar": [
              30,
              35,
              53,
              54,
              58,
              53,
              54,
              42,
              41,
              30
            ]
          },
          {
            "dow": "MON",
            "hh": "13",
            "mm": "30",
            "congestionCar": [
              32,
              38,
              48,
              57,
              59,
              56,
              56,
              54,
              39,
              32
            ]
          },
          {
            "dow": "MON",
            "hh": "13",
            "mm": "40",
            "congestionCar": [
              31,
              41,
              52,
              62,
              59,
              64,
              57,
              51,
              38,
              36
            ]
          },
          {
            "dow": "MON",
            "hh": "13",
            "mm": "50",
            "congestionCar": [
              27,
              35,
              42,
              47,
              51,
              50,
              47,
              39,
              37,
              25
            ]
          }
        ]
      },
      {
        "startStationCode": "228",
        "startStationName": "서울대입구역",
        "endStationCode": "211-R",
        "endStationName": "성수역",
        "prevStationCode": "222",
        "prevStationName": "강남역",
        "updnLine": 0,
        "directAt": 0,
        "data": [
          {
            "dow": "MON",
            "hh": "13",
            "mm": "00",
            "congestionCar": [
              31,
              32,
              40,
              48,
              54,
              51,
              46,
              44,
              34,
              31
            ]
          },
          {
            "dow": "MON",
            "hh": "13",
            "mm": "10",
            "congestionCar": [
              32,
              33,
              41,
              57,
              57,
              53,
              52,
              46,
              38,
              31
            ]
          },
          {
            "dow": "MON",
            "hh": "13",
            "mm": "20",
            "congestionCar": [
              30,
              35,
              53,
              54,
              58,
              53,
              54,
              42,
              41,
              30
            ]
          },
          {
            "dow": "MON",
            "hh": "13",
            "mm": "30",
            "congestionCar": [
              32,
              38,
              48,
              57,
              59,
              56,
              56,
              54,
              39,
              32
            ]
          },
          {
            "dow": "MON",
            "hh": "13",
            "mm": "40",
            "congestionCar": [
              31,
              41,
              52,
              62,
              59,
              64,
              57,
              51,
              38,
              36
            ]
          },
          {
            "dow": "MON",
            "hh": "13",
            "mm": "50",
            "congestionCar": [
              27,
              35,
              42,
              47,
              51,
              50,
              47,
              39,
              37,
              25
            ]
          }
        ]
      },
      {
        "startStationCode": "234",
        "startStationName": "신도림역",
        "endStationCode": "211",
        "endStationName": "성수역",
        "prevStationCode": "222",
        "prevStationName": "강남역",
        "updnLine": 0,
        "directAt": 0,
        "data": [
          {
            "dow": "MON",
            "hh": "13",
            "mm": "00",
            "congestionCar": [
              31,
              32,
              40,
              48,
              54,
              51,
              46,
              44,
              34,
              31
            ]
          },
          {
            "dow": "MON",
            "hh": "13",
            "mm": "10",
            "congestionCar": [
              32,
              33,
              41,
              57,
              57,
              53,
              52,
              46,
              38,
              31
            ]
          },
          {
            "dow": "MON",
            "hh": "13",
            "mm": "20",
            "congestionCar": [
              30,
              35,
              53,
              54,
              58,
              53,
              54,
              42,
              41,
              30
            ]
          },
          {
            "dow": "MON",
            "hh": "13",
            "mm": "30",
            "congestionCar": [
              32,
              38,
              48,
              57,
              59,
              56,
              56,
              54,
              39,
              32
            ]
          },
          {
            "dow": "MON",
            "hh": "13",
            "mm": "40",
            "congestionCar": [
              31,
              41,
              52,
              62,
              59,
              64,
              57,
              51,
              38,
              36
            ]
          },
          {
            "dow": "MON",
            "hh": "13",
            "mm": "50",
            "congestionCar": [
              27,
              35,
              42,
              47,
              51,
              50,
              47,
              39,
              37,
              25
            ]
          }
        ]
      },
      {
        "startStationCode": "234",
        "startStationName": "신도림역",
        "endStationCode": "211-R",
        "endStationName": "성수역",
        "prevStationCode": "222",
        "prevStationName": "강남역",
        "updnLine": 0,
        "directAt": 0,
        "data": [
          {
            "dow": "MON",
            "hh": "13",
            "mm": "00",
            "congestionCar": [
              31,
              32,
              40,
              48,
              54,
              51,
              46,
              44,
              34,
              31
            ]
          },
          {
            "dow": "MON",
            "hh": "13",
            "mm": "10",
            "congestionCar": [
              32,
              33,
              41,
              57,
              57,
              53,
              52,
              46,
              38,
              31
            ]
          },
          {
            "dow": "MON",
            "hh": "13",
            "mm": "20",
            "congestionCar": [
              30,
              35,
              53,
              54,
              58,
              53,
              54,
              42,
              41,
              30
            ]
          },
          {
            "dow": "MON",
            "hh": "13",
            "mm": "30",
            "congestionCar": [
              32,
              38,
              48,
              57,
              59,
              56,
              56,
              54,
              39,
              32
            ]
          },
          {
            "dow": "MON",
            "hh": "13",
            "mm": "40",
            "congestionCar": [
              31,
              41,
              52,
              62,
              59,
              64,
              57,
              51,
              38,
              36
            ]
          },
          {
            "dow": "MON",
            "hh": "13",
            "mm": "50",
            "congestionCar": [
              27,
              35,
              42,
              47,
              51,
              50,
              47,
              39,
              37,
              25
            ]
          }
        ]
      },
      {
        "startStationCode": "239",
        "startStationName": "홍대입구역",
        "endStationCode": "211",
        "endStationName": "성수역",
        "prevStationCode": "222",
        "prevStationName": "강남역",
        "updnLine": 0,
        "directAt": 0,
        "data": [
          {
            "dow": "MON",
            "hh": "13",
            "mm": "00",
            "congestionCar": [
              31,
              32,
              40,
              48,
              54,
              51,
              46,
              44,
              34,
              31
            ]
          },
          {
            "dow": "MON",
            "hh": "13",
            "mm": "10",
            "congestionCar": [
              32,
              33,
              41,
              57,
              57,
              53,
              52,
              46,
              38,
              31
            ]
          },
          {
            "dow": "MON",
            "hh": "13",
            "mm": "20",
            "congestionCar": [
              30,
              35,
              53,
              54,
              58,
              53,
              54,
              42,
              41,
              30
            ]
          },
          {
            "dow": "MON",
            "hh": "13",
            "mm": "30",
            "congestionCar": [
              32,
              38,
              48,
              57,
              59,
              56,
              56,
              54,
              39,
              32
            ]
          },
          {
            "dow": "MON",
            "hh": "13",
            "mm": "40",
            "congestionCar": [
              31,
              41,
              52,
              62,
              59,
              64,
              57,
              51,
              38,
              36
            ]
          },
          {
            "dow": "MON",
            "hh": "13",
            "mm": "50",
            "congestionCar": [
              27,
              35,
              42,
              47,
              51,
              50,
              47,
              39,
              37,
              25
            ]
          }
        ]
      },
      {
        "startStationCode": "239",
        "startStationName": "홍대입구역",
        "endStationCode": "211-R",
        "endStationName": "성수역",
        "prevStationCode": "222",
        "prevStationName": "강남역",
        "updnLine": 0,
        "directAt": 0,
        "data": [
          {
            "dow": "MON",
            "hh": "13",
            "mm": "00",
            "congestionCar": [
              31,
              32,
              40,
              48,
              54,
              51,
              46,
              44,
              34,
              31
            ]
          },
          {
            "dow": "MON",
            "hh": "13",
            "mm": "10",
            "congestionCar": [
              32,
              33,
              41,
              57,
              57,
              53,
              52,
              46,
              38,
              31
            ]
          },
          {
            "dow": "MON",
            "hh": "13",
            "mm": "20",
            "congestionCar": [
              30,
              35,
              53,
              54,
              58,
              53,
              54,
              42,
              41,
              30
            ]
          },
          {
            "dow": "MON",
            "hh": "13",
            "mm": "30",
            "congestionCar": [
              32,
              38,
              48,
              57,
              59,
              56,
              56,
              54,
              39,
              32
            ]
          },
          {
            "dow": "MON",
            "hh": "13",
            "mm": "40",
            "congestionCar": [
              31,
              41,
              52,
              62,
              59,
              64,
              57,
              51,
              38,
              36
            ]
          },
          {
            "dow": "MON",
            "hh": "13",
            "mm": "50",
            "congestionCar": [
              27,
              35,
              42,
              47,
              51,
              50,
              47,
              39,
              37,
              25
            ]
          }
        ]
      }
    ],
    "statStartDate": "20230923",
    "statEndDate": "20231222"
  }
}