{
  "status": {
    "code": "00",
    "message": "success",
    "totalCount": 1
  },
  "contents": {
    "subwayLine": "2호선",
    "stationName": "합정역",
    "stationCode": "238",
    "stat": [
      {
        "startStationCode": "202",
        "startStationName": "을지로입구역",
        "endStationCode": "211",
        "endStationName": "성수역",
        "prevStationCode": "239",
        "prevStationName": "홍대입구역",
        "updnLine": 0,
        "directAt": 0,
        "data": [
          {
            "dow": "WED",
            "hh": "08",
            "mm": "00",
            "congestionCar": [
              34,
              43,
              53,
              54,
              50,
              57,
              44,
              43,
              36,
              36
            ]
          },
          {
            "dow": "WED",
            "hh": "08",
            "mm": "10",
            "congestionCar": [
              35,
              44,
              47,
              57,
              52,
              46,
              49,
              52,
              39,
              39
            ]
          },
          {
            "dow": "WED",
            "hh": "08",
            "mm": "20",
            "congestionCar": [
              35,
              49,
              47,
              51,
              34,
              44,
              45,
              44,
              37,
              24
            ]
          },
          {
            "dow": "WED",
            "hh": "08",
            "mm": "30",
            "congestionCar": [
              32,
              41,
              45,
              48,
              37,
              42,
              40,
              47,
              47,
              32
            ]
          },
          {
            "dow": "WED",
            "hh": "08",
            "mm": "40",
            "congestionCar": [
              14,
              18,
              24,
              23,
              22,
              23,
              25,
              34,
              28,
              18
            ]
          },
          {
            "dow": "WED",
            "hh": "08",
            "mm": "50",
            "congestionCar": [
              13,
              20,
              25,
              21,
              25,
              17,
              20,
              23,
              15,
              12
            ]
          }
        ]
      },
      {
        "startStationCode": "202",
        "startStationName": "을지로입구역",
        "endStationCode": "211-R",
        "endStationName": "성수역",
        "prevStationCode": "239",
        "prevStationName": "홍대입구역",
        "updnLine": 0,
        "directAt": 0,
        "data": [
          {
            "dow": "WED",
            "hh": "08",
            "mm": "00",
            "congestionCar": [
              34,
              43,
              53,
              54,
              50,
              57,
              44,
              43,
              36,
              36
            ]
          },
          {
            "dow": "WED",
            "hh": "08",
            "mm": "10",
            "congestionCar": [
              35,
              44,
              47,
              57,
              52,
              46,
              49,
              52,
              39,
              39
            ]
          },
          {
            "dow": "WED",
            "hh": "08",
            "mm": "20",
            "congestionCar": [
              35,
              49,
              47,
              51,
              34,
              44,
              45,
              44,
              37,
              24
            ]
          },
          {
            "dow": "WED",
            "hh": "08",
            "mm": "30",
            "congestionCar": [
              32,
              41,
              45,
              48,
              37,
              42,
              40,
              47,
              47,
              32
            ]
          },
          {
            "dow": "WED",
            "hh": "08",
            "mm": "40",
            "congestionCar": [
              14,
              18,
              24,
              23,
              22,
              23,
              25,
              34,
              28,
              18
            ]
          },
          {
            "dow": "WED",
            "hh": "08",
            "mm": "50",
            "congestionCar": [
              13,
              20,
              25,
              21,
              25,
              17,
              20,
              23,
              15,
              12
            ]
          }
        ]
      },
      {
        "startStationCode": "211",
        "startStationName": "성수역",
        "endStationCode": "202",
        "endStationName": "을지로입구역",
        "prevStationCode": "237",
        "prevStationName": "당산역",
        "updnLine": 1,
        "directAt": 0,
        "data": [
          {
            "dow": "WED",
            "hh": "08",
            "mm": "00",
            "congestionCar": [
              123,
              101,
              107,
              122,
              135,
              126,
              117,
              115,
              105,
              98
            ]
          },
          {
            "dow": "WED",
            "hh": "08",
            "mm": "10",
            "congestionCar": [
              122,
              111,
              119,
              135,
              146,
              134,
              132,
              143,
              121,
              125
            ]
          },
          {
            "dow": "WED",
            "hh": "08",
            "mm": "20",
            "congestionCar": [
              138,
              121,
              136,
              156,
              167,
              166,
              148,
              137,
              128,
              114
            ]
          },
          {
            "dow": "WED",
            "hh": "08",
            "mm": "30",
            "congestionCar": [
              146,
              138,
              135,
              125,
              135,
              136,
              131,
              111,
              102,
              101
            ]
          },
          {
            "dow": "WED",
            "hh": "08",
            "mm": "40",
            "congestionCar": [
              99,
              82,
              77,
              71,
              89,
              94,
              78,
              76,
              75,
              69
            ]
          },
          {
            "dow": "WED",
            "hh": "08",
            "mm": "50",
            "congestionCar": [
              65,
              71,
              61,
              57,
              71,
              75,
              74,
              63,
              57,
              47
            ]
          }
        ]
      },
      {
        "startStationCode": "211",
        "startStationName": "성수역",
        "endStationCode": "211",
        "endStationName": "성수역",
        "prevStationCode": "239",
        "prevStationName": "홍대입구역",
        "updnLine": 0,
        "directAt": 0,
        "data": [
          {
            "dow": "WED",
            "hh": "08",
            "mm": "00",
            "congestionCar": [
              30,
              38,
              47,
              48,
              44,
              51,
              39,
              38,
              32,
              32
            ]
          },
          {
            "dow": "WED",
            "hh": "08",
            "mm": "10",
            "congestionCar": [
              30,
              38,
              41,
              50,
              45,
              40,
              43,
              45,
              34,
              34
            ]
          },
          {
            "dow": "WED",
            "hh": "08",
            "mm": "20",
            "congestionCar": [
              32,
              45,
              43,
              47,
              32,
              41,
              42,
              41,
              35,
              23
            ]
          },
          {
            "dow": "WED",
            "hh": "08",
            "mm": "30",
            "congestionCar": [
              29,
              38,
              41,
              44,
              34,
              39,
              37,
              43,
              43,
              30
            ]
          },
          {
            "dow": "WED",
            "hh": "08",
            "mm": "40",
            "congestionCar": [
              16,
              19,
              27,
              25,
              24,
              25,
              28,
              37,
              31,
              20
            ]
          },
          {
            "dow": "WED",
            "hh": "08",
            "mm": "50",
            "congestionCar": [
              13,
              20,
              25,
              21,
              25,
              17,
              20,
              23,
              15,
              12
            ]
          }
        ]
      },
      {
        "startStationCode": "211",
        "startStationName": "성수역",
        "endStationCode": "211",
        "endStationName": "성수역",
        "prevStationCode": "237",
        "prevStationName": "당산역",
        "updnLine": 1,
        "directAt": 0,
        "data": [
          {
            "dow": "WED",
            "hh": "08",
            "mm": "00",
            "congestionCar": [
              123,
              101,
              107,
              122,
              135,
              126,
              117,
              115,
              105,
              98
            ]
          },
          {
            "dow": "WED",
            "hh": "08",
            "mm": "10",
            "congestionCar": [
              122,
              111,
              119,
              135,
              146,
              134,
              132,
              143,
              121,
              125
            ]
          },
          {
            "dow": "WED",
            "hh": "08",
            "mm": "20",
            "congestionCar": [
              138,
              121,
              136,
              156,
              167,
              166,
              148,
              137,
              128,
              114
            ]
          },
          {
            "dow": "WED",
            "hh": "08",
            "mm": "30",
            "congestionCar": [
              146,
              138,
              135,
              125,
              135,
              136,
              131,
              111,
              102,
              101
            ]
          },
          {
            "dow": "WED",
            "hh": "08",
            "mm": "40",
            "congestionCar": [
              39,
              32,
              30,
              28,
              35,
              37,
              31,
              30,
              30,
              27
            ]
          },
          {
            "dow": "WED",
            "hh": "08",
            "mm": "50",
            "congestionCar": [
              65,
              71,
              61,
              57,
              71,
              75,
              74,
              63,
              57,
              47
            ]
          }
        ]
      },
      {
        "startStationCode": "211",
        "startStationName": "성수역",
        "endStationCode": "211-R",
        "endStationName": "성수역",
        "prevStationCode": "239",
        "prevStationName": "홍대입구역",
        "updnLine": 0,
        "directAt": 0,
        "data": [
          {
            "dow": "WED",
            "hh": "08",
            "mm": "00",
            "congestionCar": [
              36,
              46,
              56,
              57,
              53,
              61,
              47,
              46,
              39,
              39
            ]
          },
          {
            "dow": "WED",
            "hh": "08",
            "mm": "10",
            "congestionCar": [
              35,
              45,
              48,
              58,
              53,
              47,
              50,
              53,
              40,
              40
            ]
          },
          {
            "dow": "WED",
            "hh": "08",
            "mm": "20",
            "congestionCar": [
              37,
              51,
              49,
              53,
              36,
              47,
              47,
              46,
              39,
              26
            ]
          },
          {
            "dow": "WED",
            "hh": "08",
            "mm": "30",
            "congestionCar": [
              33,
              43,
              47,
              50,
              39,
              44,
              42,
              49,
              49,
              34
            ]
          },
          {
            "dow": "WED",
            "hh": "08",
            "mm": "40",
            "congestionCar": [
              17,
              21,
              29,
              27,
              26,
              27,
              30,
              40,
              33,
              21
            ]
          },
          {
            "dow": "WED",
            "hh": "08",
            "mm": "50",
            "congestionCar": [
              15,
              23,
              28,
              25,
              29,
              19,
              23,
              27,
              18,
              14
            ]
          }
        ]
      },
      {
        "startStationCode": "211",
        "startStationName": "성수역",
        "endStationCode": "211-R",
        "endStationName": "성수역",
        "prevStationCode": "237",
        "prevStationName": "당산역",
        "updnLine": 1,
        "directAt": 0,
        "data": [
          {
            "dow": "WED",
            "hh": "08",
            "mm": "00",
            "congestionCar": [
              123,
              101,
              107,
              122,
              135,
              126,
              117,
              115,
              105,
              98
            ]
          },
          {
            "dow": "WED",
            "hh": "08",
            "mm": "10",
            "congestionCar": [
              122,
              111,
              119,
              135,
              146,
              134,
              132,
              143,
              121,
              125
            ]
          },
          {
            "dow": "WED",
            "hh": "08",
            "mm": "20",
            "congestionCar": [
              138,
              121,
              136,
              156,
              167,
              166,
              148,
              137,
              128,
              114
            ]
          },
          {
            "dow": "WED",
            "hh": "08",
            "mm": "30",
            "congestionCar": [
              146,
              138,
              135,
              125,
              135,
              136,
              131,
              111,
              102,
              101
            ]
          },
          {
            "dow": "WED",
            "hh": "08",
            "mm": "40",
            "congestionCar": [
              99,
              82,
              77,
              71,
              89,
              94,
              78,
              76,
              75,
              69
            ]
          },
          {
            "dow": "WED",
            "hh": "08",
            "mm": "50",
            "congestionCar": [
              66,
              72,
              62,
              58,
              72,
              76,
              76,
              64,
              58,
              47
            ]
          }
        ]
      },
      {
        "startStationCode": "211",
        "startStationName": "성수역",
        "endStationCode": "219",
        "endStationName": "삼성역",
        "prevStationCode": "239",
        "prevStationName": "홍대입구역",
        "updnLine": 0,
        "directAt": 0,
        "data": [
          {
            "dow": "WED",
            "hh": "08",
            "mm": "00",
            "congestionCar": [
              34,
              43,
              53,
              54,
              50,
              57,
              44,
              43,
              36,
              36
            ]
          },
          {
            "dow": "WED",
            "hh": "08",
            "mm": "10",
            "congestionCar": [
              35,
              44,
              47,
              57,
              52,
              46,
              49,
              52,
              39,
              39
            ]
          },
          {
            "dow": "WED",
            "hh": "08",
            "mm": "20",
            "congestionCar": [
              35,
              49,
              47,
              51,
              34,
              44,
              45,
              44,
              37,
              24
            ]
          },
          {
            "dow": "WED",
            "hh": "08",
            "mm": "30",
            "congestionCar": [
              32,
              41,
              45,
              48,
              37,
              42,
              40,
              47,
              47,
              32
            ]
          },
          {
            "dow": "WED",
            "hh": "08",
            "mm": "40",
            "congestionCar": [
              14,
              18,
              24,
              23,
              22,
              23,
              25,
              34,
              28,
              18
            ]
          },
          {
            "dow": "WED",
            "hh": "08",
            "mm": "50",
            "congestionCar": [
              13,
              20,
              25,
              21,
              25,
              17,
              20,
              23,
              15,
              12
            ]
          }
        ]
      },
      {
        "startStationCode": "211",
        "startStationName": "성수역",
        "endStationCode": "228",
        "endStationName": "서울대입구역",
        "prevStationCode": "239",
        "prevStationName": "홍대입구역",
        "updnLine": 0,
        "directAt": 0,
        "data": [
          {
            "dow": "WED",
            "hh": "08",
            "mm": "00",
            "congestionCar": [
              34,
              43,
              53,
              54,
              50,
              57,
              44,
              43,
              36,
              36
            ]
          },
          {
            "dow": "WED",
            "hh": "08",
            "mm": "10",
            "congestionCar": [
              35,
              44,
              47,
              57,
              52,
              46,
              49,
              52,
              39,
              39
            ]
          },
          {
            "dow": "WED",
            "hh": "08",
            "mm": "20",
            "congestionCar": [
              35,
              49,
              47,
              51,
              34,
              44,
              45,
              44,
              37,
              24
            ]
          },
          {
            "dow": "WED",
            "hh": "08",
            "mm": "30",
            "congestionCar": [
              32,
              41,
              45,
              48,
              37,
              42,
              40,
              47,
              47,
              32
            ]
          },
          {
            "dow": "WED",
            "hh": "08",
            "mm": "40",
            "congestionCar": [
              14,
              18,
              24,
              23,
              22,
              23,
              25,
              34,
              28,
              18
            ]
          },
          {
            "dow": "WED",
            "hh": "08",
            "mm": "50",
            "congestionCar": [
              13,
              20,
              25,
              21,
              25,
              17,
              20,
              23,
              15,
              12
            ]
          }
        ]
      },
      {
        "startStationCode": "211",
        "startStationName": "성수역",
        "endStationCode": "234",
        "endStationName": "신도림역",
        "prevStationCode": "239",
        "prevStationName": "홍대입구역",
        "updnLine": 0,
        "directAt": 0,
        "data": [
          {
            "dow": "WED",
            "hh": "08",
            "mm": "00",
            "congestionCar": [
              34,
              43,
              53,
              54,
              50,
              57,
              44,
              43,
              36,
              36
            ]
          },
          {
            "dow": "WED",
            "hh": "08",
            "mm": "10",
            "congestionCar": [
              35,
              44,
              47,
              57,
              52,
              46,
              49,
              52,
              39,
              39
            ]
          },
          {
            "dow": "WED",
            "hh": "08",
            "mm": "20",
            "congestionCar": [
              35,
              49,
              47,
              51,
              34,
              44,
              45,
              44,
              37,
              24
            ]
          },
          {
            "dow": "WED",
            "hh": "08",
            "mm": "30",
            "congestionCar": [
              5,
              7,
              8,
              8,
              6,
              7,
              7,
              8,
              8,
              6
            ]
          },
          {
            "dow": "WED",
            "hh": "08",
            "mm": "40",
            "congestionCar": [
              9,
              11,
              15,
              14,
              13,
              14,
              15,
              21,
              17,
              11
            ]
          },
          {
            "dow": "WED",
            "hh": "08",
            "mm": "50",
            "congestionCar": [
              10,
              15,
              18,
              16,
              18,
              12,
              14,
              17,
              11,
              9
            ]
          }
        ]
      },
      {
        "startStationCode": "211",
        "startStationName": "성수역",
        "endStationCode": "239",
        "endStationName": "홍대입구역",
        "prevStationCode": "237",
        "prevStationName": "당산역",
        "updnLine": 1,
        "directAt": 0,
        "data": [
          {
            "dow": "WED",
            "hh": "08",
            "mm": "00",
            "congestionCar": [
              123,
              101,
              107,
              122,
              135,
              126,
              117,
              115,
              105,
              98
            ]
          },
          {
            "dow": "WED",
            "hh": "08",
            "mm": "10",
            "congestionCar": [
              122,
              111,
              119,
              135,
              146,
              134,
              132,
              143,
              121,
              125
            ]
          },
          {
            "dow": "WED",
            "hh": "08",
            "mm": "20",
            "congestionCar": [
              138,
              121,
              136,
              156,
              167,
              166,
              148,
              137,
              128,
              114
            ]
          },
          {
            "dow": "WED",
            "hh": "08",
            "mm": "30",
            "congestionCar": [
              146,
              138,
              135,
              125,
              135,
              136,
              131,
              111,
              102,
              101
            ]
          },
          {
            "dow": "WED",
            "hh": "08",
            "mm": "40",
            "congestionCar": [
              99,
              82,
              77,
              71,
              89,
              94,
              78,
              76,
              75,
              69
            ]
          },
          {
            "dow": "WED",
            "hh": "08",
            "mm": "50",
            "congestionCar": [
              65,
              71,
              61,
              57,
              71,
              75,
              74,
              63,
              57,
              47
            ]
          }
        ]
      },
      {
        "startStationCode": "219",
        "startStationName": "삼성역",
        "endStationCode": "211-R",
        "endStationName": "성수역",
        "prevStationCode": "237",
        "prevStationName": "당산역",
        "updnLine": 1,
        "directAt": 0,
        "data": [
          {
            "dow": "WED",
            "hh": "08",
            "mm": "00",
            "congestionCar": [
              123,
              101,
              107,
              122,
              135,
              126,
              117,
              115,
              105,
              98
            ]
          },
          {
            "dow": "WED",
            "hh": "08",
            "mm": "10",
            "congestionCar": [
              122,
              111,
              119,
              135,
              146,
              134,
              132,
              143,
              121,
              125
            ]
          },
          {
            "dow": "WED",
            "hh": "08",
            "mm": "20",
            "congestionCar": [
              138,
              121,
              136,
              156,
              167,
              166,
              148,
              137,
              128,
              114
            ]
          },
          {
            "dow": "WED",
            "hh": "08",
            "mm": "30",
            "congestionCar": [
              146,
              138,
              135,
              125,
              135,
              136,
              131,
              111,
              102,
              101
            ]
          },
          {
            "dow": "WED",
            "hh": "08",
            "mm": "40",
            "congestionCar": [
              99,
              82,
              77,
              71,
              89,
              94,
              78,
              76,
              75,
              69
            ]
          },
          {
            "dow": "WED",
            "hh": "08",
            "mm": "50",
            "congestionCar": [
              65,
              71,
              61,
              57,
              71,
              75,
              74,
              63,
              57,
              47
            ]
          }
        ]
      },
      {
        "startStationCode": "228",
        "startStationName": "서울대입구역",
        "endStationCode": "211",
        "endStationName": "성수역",
        "prevStationCode": "237",
        "prevStationName": "당산역",
        "updnLine": 1,
        "directAt": 0,
        "data": [
          {
            "dow": "WED",
            "hh": "08",
            "mm": "00",
            "congestionCar": [
              123,
              101,
              107,
              122,
              135,
              126,
              117,
              115,
              105,
              98
            ]
          },
          {
            "dow": "WED",
            "hh": "08",
            "mm": "10",
            "congestionCar": [
              122,
              111,
              119,
              135,
              146,
              134,
              132,
              143,
              121,
              125
            ]
          },
          {
            "dow": "WED",
            "hh": "08",
            "mm": "20",
            "congestionCar": [
              138,
              121,
              136,
              156,
              167,
              166,
              148,
              137,
              128,
              114
            ]
          },
          {
            "dow": "WED",
            "hh": "08",
            "mm": "30",
            "congestionCar": [
              146,
              138,
              135,
              125,
              135,
              136,
              131,
              111,
              102,
              101
            ]
          },
          {
            "dow": "WED",
            "hh": "08",
            "mm": "40",
            "congestionCar": [
              99,
              82,
              77,
              71,
              89,
              94,
              78,
              76,
              75,
              69
            ]
          },
          {
            "dow": "WED",
            "hh": "08",
            "mm": "50",
            "congestionCar": [
              65,
              71,
              61,
              57,
              71,
              75,
              74,
              63,
              57,
              47
            ]
          }
        ]
      },
      {
        "startStationCode": "228",
        "startStationName": "서울대입구역",
        "endStationCode": "211-R",
        "endStationName": "성수역",
        "prevStationCode": "237",
        "prevStationName": "당산역",
        "updnLine": 1,
        "directAt": 0,
        "data": [
          {
            "dow": "WED",
            "hh": "08",
            "mm": "00",
            "congestionCar": [
              123,
              101,
              107,
              122,
              135,
              126,
              117,
              115,
              105,
              98
            ]
          },
          {
            "dow": "WED",
            "hh": "08",
            "mm": "10",
            "congestionCar": [
              122,
              111,
              119,
              135,
              146,
              134,
              132,
              143,
              121,
              125
            ]
          },
          {
            "dow": "WED",
            "hh": "08",
            "mm": "20",
            "congestionCar": [
              138,
              121,
              136,
              156,
              167,
              166,
              148,
              137,
              128,
              114
            ]
          },
          {
            "dow": "WED",
            "hh": "08",
            "mm": "30",
            "congestionCar": [
              146,
              138,
              135,
              125,
              135,
              136,
              131,
              111,
              102,
              101
            ]
          },
          {
            "dow": "WED",
            "hh": "08",
            "mm": "40",
            "congestionCar": [
              99,
              82,
              77,
              71,
              89,
              94,
              78,
              76,
              75,
              69
            ]
          },
          {
            "dow": "WED",
            "hh": "08",
            "mm": "50",
            "congestionCar": [
              65,
              71,
              61,
              57,
              71,
              75,
              74,
              63,
              57,
              47
            ]
          }
        ]
      },
      {
        "startStationCode": "234",
        "startStationName": "신도림역",
        "endStationCode": "211",
        "endStationName": "성수역",
        "prevStationCode": "237",
        "prevStationName": "당산역",
        "updnLine": 1,
        "directAt": 0,
        "data": [
          {
            "dow": "WED",
            "hh": "08",
            "mm": "00",
            "congestionCar": [
              123,
              101,
              107,
              122,
              135,
              126,
              117,
              115,
              105,
              98
            ]
          },
          {
            "dow": "WED",
            "hh": "08",
            "mm": "10",
            "congestionCar": [
              122,
              111,
              119,
              135,
              146,
              134,
              132,
              143,
              121,
              125
            ]
          },
          {
            "dow": "WED",
            "hh": "08",
            "mm": "20",
            "congestionCar": [
              138,
              121,
              136,
              156,
              167,
              166,
              148,
              137,
              128,
              114
            ]
          },
          {
            "dow": "WED",
            "hh": "08",
            "mm": "30",
            "congestionCar": [
              146,
              138,
              135,
              125,
              135,
              136,
              131,
              111,
              102,
              101
            ]
          },
          {
            "dow": "WED",
            "hh": "08",
            "mm": "40",
            "congestionCar": [
              99,
              82,
              77,
              71,
              89,
              94,
              78,
              76,
              75,
              69
            ]
          },
          {
            "dow": "WED",
            "hh": "08",
            "mm": "50",
            "congestionCar": [
              65,
              71,
              61,
              57,
              71,
              75,
              74,
              63,
              57,
              47
            ]
          }
        ]
      },
      {
        "startStationCode": "234",
        "startStationName": "신도림역",
        "endStationCode": "211-R",
        "endStationName": "성수역",
        "prevStationCode": "237",
        "prevStationName": "당산역",
        "updnLine": 1,
        "directAt": 0,
        "data": [
          {
            "dow": "WED",
            "hh": "08",
            "mm": "00",
            "congestionCar": [
              28,
              23,
              24,
              28,
              31,
              29,
              27,
              26,
              24,
              22
            ]
          },
          {
            "dow": "WED",
            "hh": "08",
            "mm": "10",
            "congestionCar": [
              122,
              111,
              119,
              135,
              146,
              134,
              132,
              143,
              121,
              125
            ]
          },
          {
            "dow": "WED",
            "hh": "08",
            "mm": "20",
            "congestionCar": [
              138,
              121,
              136,
              156,
              167,
              166,
              148,
              137,
              128,
              114
            ]
          },
          {
            "dow": "WED",
            "hh": "08",
            "mm": "30",
            "congestionCar": [
              146,
              138,
              135,
              125,
              135,
              136,
              131,
              111,
              102,
              101
            ]
          },
          {
            "dow": "WED",
            "hh": "08",
            "mm": "40",
            "congestionCar": [
              99,
              82,
              77,
              71,
              89,
              94,
              78,
              76,
              75,
              69
            ]
          },
          {
            "dow": "WED",
            "hh": "08",
            "mm": "50",
            "congestionCar": [
              65,
              71,
              61,
              57,
              71,
              75,
              74,
              63,
              57,
              47
            ]
          }
        ]
      },
      {
        "startStationCode": "239",
        "startStationName": "홍대입구역",
        "endStationCode": "211",
        "endStationName": "성수역",
        "prevStationCode": "239",
        "prevStationName": "홍대입구역",
        "updnLine": 0,
        "directAt": 0,
        "data": [
          {
            "dow": "WED",
            "hh": "08",
            "mm": "00",
            "congestionCar": [
              34,
              43,
              53,
              54,
              50,
              57,
              44,
              43,
              36,
              36
            ]
          },
          {
            "dow": "WED",
            "hh": "08",
            "mm": "10",
            "congestionCar": [
              35,
              44,
              47,
              57,
              52,
              46,
              49,
              52,
              39,
              39
            ]
          },
          {
            "dow": "WED",
            "hh": "08",
            "mm": "20",
            "congestionCar": [
              35,
              49,
              47,
              51,
              34,
              44,
              45,
              44,
              37,
              24
            ]
          },
          {
            "dow": "WED",
            "hh": "08",
            "mm": "30",
            "congestionCar": [
              32,
              41,
              45,
              48,
              37,
              42,
              40,
              47,
              47,
              32
            ]
          },
          {
            "dow": "WED",
            "hh": "08",
            "mm": "40",
            "congestionCar": [
              14,
              18,
              24,
              23,
              22,
              23,
              25,
              34,
              28,
              18
            ]
          },
          {
            "dow": "WED",
            "hh": "08",
            "mm": "50",
            "congestionCar": [
              13,
              20,
              25,
              21,
              25,
              17,
              20,
              23,
              15,
              12
            ]
          }
        ]
      },
      {
        "startStationCode": "239",
        "startStationName": "홍대입구역",
        "endStationCode": "211-R",
        "endStationName": "성수역",
        "prevStationCode": "239",
        "prevStationName": "홍대입구역",
        "updnLine": 0,
        "directAt": 0,
        "data": [
          {
            "dow": "WED",
            "hh": "08",
            "mm": "00",
            "congestionCar": [
              34,
              43,
              53,
              54,
              50,
              57,
              44,
              43,
              36,
              36
            ]
          },
          {
            "dow": "WED",
            "hh": "08",
            "mm": "10",
            "congestionCar": [
              35,
              44,
              47,
              57,
              52,
              46,
              49,
              52,
              39,
              39
            ]
          },
          {
            "dow": "WED",
            "hh": "08",
            "mm": "20",
            "congestionCar": [
              35,
              49,
              47,
              51,
              34,
              44,
              45,
              44,
              37,
              24
            ]
          },
          {
            "dow": "WED",
            "hh": "08",
            "mm": "30",
            "congestionCar": [
              32,
              41,
              45,
              48,
              37,
              42,
              40,
              47,
              47,
              32
            ]
          },
          {
            "dow": "WED",
            "hh": "08",
            "mm": "40",
            "congestionCar": [
              14,
              18,
              24,
              23,
              22,
              23,
              25,
              34,
              28,
              18
            ]
          },
          {
            "dow": "WED",
            "hh": "08",
            "mm": "50",
            "congestionCar": [
              13,
              20,
              25,
              21,
              25,
              17,
              20,
              23,
              15,
              12
            ]
          }
        ]
      }
    ],
    "statStartDate": "20230924",
    "statEndDate": "20231223"
  }
}