{
  "status": {
    "code": "00",
    "message": "success",
    "totalCount": 1
  },
  "contents": {
    "subwayLine": "2호선",
    "stationName": "한양대역",
    "stationCode": "209",
    "stat": [
      {
        "startStationCode": "202",
        "startStationName": "을지로입구역",
        "endStationCode": "211",
        "endStationName": "성수역",
        "prevStationCode": "208",
        "prevStationName": "왕십리역",
        "updnLine": 1,
        "directAt": 0,
        "data": [
          {
            "dow": "MON",
            "hh": "13",
            "mm": "00",
            "congestionCar": [
              27,
              29,
              34,
              34,
              32,
              31,
              30,
              32,
              28,
              23
            ]
          },
          {
            "dow": "MON",
            "hh": "13",
            "mm": "10",
            "congestionCar": [
              29,
              32,
              31,
              36,
              38,
              33,
              38,
              35,
              29,
              30
            ]
          },
          {
            "dow": "MON",
            "hh": "13",
            "mm": "20",
            "congestionCar": [
              41,
              36,
              50,
              46,
              39,
              45,
              43,
              44,
              30,
              34
            ]
          },
          {
            "dow": "MON",
            "hh": "13",
            "mm": "30",
            "congestionCar": [
              33,
              39,
              45,
              55,
              39,
              47,
              38,
              35,
              33,
              35
            ]
          },
          {
            "dow": "MON",
            "hh": "13",
            "mm": "40",
            "congestionCar": [
              25,
              31,
              36,
              36,
              39,
              33,
              38,
              33,
              24,
              25
            ]
          },
          {
            "dow": "MON",
            "hh": "13",
            "mm": "50",
            "congestionCar": [
              28,
              33,
              42,
              44,
              35,
              35,
              35,
              36,
              34,
              27
            ]
          }
        ]
      },
      {
        "startStationCode": "202",
        "startStationName": "을지로입구역",
        "endStationCode": "211-R",
        "endStationName": "성수역",
        "prevStationCode": "208",
        "prevStationName": "왕십리역",
        "updnLine": 1,
        "directAt": 0,
        "data": [
          {
            "dow": "MON",
            "hh": "13",
            "mm": "00",
            "congestionCar": [
              27,
              29,
              34,
              34,
              32,
              31,
              30,
              32,
              28,
              23
            ]
          },
          {
            "dow": "MON",
            "hh": "13",
            "mm": "10",
            "congestionCar": [
              29,
              32,
              31,
              36,
              38,
              33,
              38,
              35,
              29,
              30
            ]
          },
          {
            "dow": "MON",
            "hh": "13",
            "mm": "20",
            "congestionCar": [
              41,
              36,
              50,
              46,
              39,
              45,
              43,
              44,
              30,
              34
            ]
          },
          {
            "dow": "MON",
            "hh": "13",
            "mm": "30",
            "congestionCar": [
              33,
              39,
              45,
              55,
              39,
              47,
              38,
              35,
              33,
              35
            ]
          },
          {
            "dow": "MON",
            "hh": "13",
            "mm": "40",
            "congestionCar": [
              25,
              31,
              36,
              36,
              39,
              33,
              38,
              33,
              24,
              25
            ]
          },
          {
            "dow": "MON",
            "hh": "13",
            "mm": "50",
            "congestionCar": [
              28,
              33,
              42,
              44,
              35,
              35,
              35,
              36,
              34,
              27
            ]
          }
        ]
      },
      {
        "startStationCode": "211",
        "startStationName": "성수역",
        "endStationCode": "202",
        "endStationName": "을지로입구역",
        "prevStationCode": "210",
        "prevStationName": "뚝섬역",
        "updnLine": 0,
        "directAt": 0,
        "data": [
          {
            "dow": "MON",
            "hh": "13",
            "mm": "00",
            "congestionCar": [
              17,
              21,
              21,
              20,
              23,
              24,
              22,
              18,
              17,
              16
            ]
          },
          {
            "dow": "MON",
            "hh": "13",
            "mm": "10",
            "congestionCar": [
              15,
              24,
              25,
              24,
              24,
              24,
              21,
              20,
              16,
              18
            ]
          },
          {
            "dow": "MON",
            "hh": "13",
            "mm": "20",
            "congestionCar": [
              19,
              28,
              31,
              26,
              28,
              30,
              25,
              25,
              19,
              19
            ]
          },
          {
            "dow": "MON",
            "hh": "13",
            "mm": "30",
            "congestionCar": [
              19,
              24,
              28,
              25,
              27,
              29,
              26,
              22,
              21,
              19
            ]
          },
          {
            "dow": "MON",
            "hh": "13",
            "mm": "40",
            "congestionCar": [
              18,
              24,
              29,
              22,
              29,
              24,
              24,
              21,
              19,
              20
            ]
          },
          {
            "dow": "MON",
            "hh": "13",
            "mm": "50",
            "congestionCar": [
              18,
              24,
              26,
              24,
              25,
              24,
              27,
              22,
              22,
              17
            ]
          }
        ]
      },
      {
        "startStationCode": "211",
        "startStationName": "성수역",
        "endStationCode": "211",
        "endStationName": "성수역",
        "prevStationCode": "210",
        "prevStationName": "뚝섬역",
        "updnLine": 0,
        "directAt": 0,
        "data": [
          {
            "dow": "MON",
            "hh": "13",
            "mm": "00",
            "congestionCar": [
              17,
              21,
              21,
              20,
              23,
              24,
              22,
              18,
              17,
              16
            ]
          },
          {
            "dow": "MON",
            "hh": "13",
            "mm": "10",
            "congestionCar": [
              15,
              24,
              25,
              24,
              24,
              24,
              21,
              20,
              16,
              18
            ]
          },
          {
            "dow": "MON",
            "hh": "13",
            "mm": "20",
            "congestionCar": [
              19,
              28,
              31,
              26,
              28,
              30,
              25,
              25,
              19,
              19
            ]
          },
          {
            "dow": "MON",
            "hh": "13",
            "mm": "30",
            "congestionCar": [
              19,
              24,
              28,
              25,
              27,
              29,
              26,
              22,
              21,
              19
            ]
          },
          {
            "dow": "MON",
            "hh": "13",
            "mm": "40",
            "congestionCar": [
              18,
              24,
              29,
              22,
              29,
              24,
              24,
              21,
              19,
              20
            ]
          },
          {
            "dow": "MON",
            "hh": "13",
            "mm": "50",
            "congestionCar": [
              18,
              24,
              26,
              24,
              25,
              24,
              27,
              22,
              22,
              17
            ]
          }
        ]
      },
      {
        "startStationCode": "211",
        "startStationName": "성수역",
        "endStationCode": "211",
        "endStationName": "성수역",
        "prevStationCode": "208",
        "prevStationName": "왕십리역",
        "updnLine": 1,
        "directAt": 0,
        "data": [
          {
            "dow": "MON",
            "hh": "13",
            "mm": "00",
            "congestionCar": [
              27,
              29,
              34,
              34,
              32,
              31,
              30,
              32,
              28,
              23
            ]
          },
          {
            "dow": "MON",
            "hh": "13",
            "mm": "10",
            "congestionCar": [
              29,
              32,
              31,
              36,
              38,
              33,
              38,
              35,
              29,
              30
            ]
          },
          {
            "dow": "MON",
            "hh": "13",
            "mm": "20",
            "congestionCar": [
              41,
              36,
              50,
              46,
              39,
              45,
              43,
              44,
              30,
              34
            ]
          },
          {
            "dow": "MON",
            "hh": "13",
            "mm": "30",
            "congestionCar": [
              33,
              39,
              45,
              55,
              39,
              47,
              38,
              35,
              33,
              35
            ]
          },
          {
            "dow": "MON",
            "hh": "13",
            "mm": "40",
            "congestionCar": [
              25,
              31,
              36,
              36,
              39,
              33,
              38,
              33,
              24,
              25
            ]
          },
          {
            "dow": "MON",
            "hh": "13",
            "mm": "50",
            "congestionCar": [
              28,
              33,
              42,
              44,
              35,
              35,
              35,
              36,
              34,
              27
            ]
          }
        ]
      },
      {
        "startStationCode": "211",
        "startStationName": "성수역",
        "endStationCode": "211-R",
        "endStationName": "성수역",
        "prevStationCode": "210",
        "prevStationName": "뚝섬역",
        "updnLine": 0,
        "directAt": 0,
        "data": [
          {
            "dow": "MON",
            "hh": "13",
            "mm": "00",
            "congestionCar": [
              18,
              22,
              22,
              21,
              24,
              25,
              23,
              19,
              18,
              17
            ]
          },
          {
            "dow": "MON",
            "hh": "13",
            "mm": "10",
            "congestionCar": [
              17,
              26,
              27,
              27,
              26,
              26,
              23,
              21,
              17,
              19
            ]
          },
          {
            "dow": "MON",
            "hh": "13",
            "mm": "20",
            "congestionCar": [
              21,
              31,
              33,
              28,
              31,
              32,
              27,
              27,
              20,
              21
            ]
          },
          {
            "dow": "MON",
            "hh": "13",
            "mm": "30",
            "congestionCar": [
              21,
              26,
              30,
              27,
              29,
              31,
              29,
              23,
              22,
              21
            ]
          },
          {
            "dow": "MON",
            "hh": "13",
            "mm": "40",
            "congestionCar": [
              19,
              26,
              31,
              24,
              31,
              27,
              26,
              23,
              20,
              22
            ]
          },
          {
            "dow": "MON",
            "hh": "13",
            "mm": "50",
            "congestionCar": [
              20,
              26,
              29,
              26,
              27,
              26,
              29,
              23,
              23,
              19
            ]
          }
        ]
      },
      {
        "startStationCode": "211",
        "startStationName": "성수역",
        "endStationCode": "211-R",
        "endStationName": "성수역",
        "prevStationCode": "208",
        "prevStationName": "왕십리역",
        "updnLine": 1,
        "directAt": 0,
        "data": [
          {
            "dow": "MON",
            "hh": "13",
            "mm": "00",
            "congestionCar": [
              25,
              27,
              32,
              31,
              30,
              29,
              28,
              30,
              26,
              21
            ]
          },
          {
            "dow": "MON",
            "hh": "13",
            "mm": "10",
            "congestionCar": [
              29,
              32,
              31,
              36,
              38,
              33,
              38,
              35,
              29,
              30
            ]
          },
          {
            "dow": "MON",
            "hh": "13",
            "mm": "20",
            "congestionCar": [
              44,
              39,
              54,
              50,
              42,
              48,
              47,
              47,
              32,
              37
            ]
          },
          {
            "dow": "MON",
            "hh": "13",
            "mm": "30",
            "congestionCar": [
              36,
              42,
              49,
              59,
              42,
              51,
              40,
              38,
              35,
              38
            ]
          },
          {
            "dow": "MON",
            "hh": "13",
            "mm": "40",
            "congestionCar": [
              28,
              34,
              39,
              39,
              43,
              36,
              41,
              36,
              26,
              27
            ]
          },
          {
            "dow": "MON",
            "hh": "13",
            "mm": "50",
            "congestionCar": [
              28,
              33,
              42,
              44,
              35,
              35,
              35,
              36,
              34,
              27
            ]
          }
        ]
      },
      {
        "startStationCode": "211",
        "startStationName": "성수역",
        "endStationCode": "219",
        "endStationName": "삼성역",
        "prevStationCode": "210",
        "prevStationName": "뚝섬역",
        "updnLine": 0,
        "directAt": 0,
        "data": [
          {
            "dow": "MON",
            "hh": "13",
            "mm": "00",
            "congestionCar": [
              17,
              21,
              21,
              20,
              23,
              24,
              22,
              18,
              17,
              16
            ]
          },
          {
            "dow": "MON",
            "hh": "13",
            "mm": "10",
            "congestionCar": [
              15,
              24,
              25,
              24,
              24,
              24,
              21,
              20,
              16,
              18
            ]
          },
          {
            "dow": "MON",
            "hh": "13",
            "mm": "20",
            "congestionCar": [
              19,
              28,
              31,
              26,
              28,
              30,
              25,
              25,
              19,
              19
            ]
          },
          {
            "dow": "MON",
            "hh": "13",
            "mm": "30",
            "congestionCar": [
              19,
              24,
              28,
              25,
              27,
              29,
              26,
              22,
              21,
              19
            ]
          },
          {
            "dow": "MON",
            "hh": "13",
            "mm": "40",
            "congestionCar": [
              18,
              24,
              29,
              22,
              29,
              24,
              24,
              21,
              19,
              20
            ]
          },
          {
            "dow": "MON",
            "hh": "13",
            "mm": "50",
            "congestionCar": [
              18,
              24,
              26,
              24,
              25,
              24,
              27,
              22,
              22,
              17
            ]
          }
        ]
      },
      {
        "startStationCode": "211",
        "startStationName": "성수역",
        "endStationCode": "228",
        "endStationName": "서울대입구역",
        "prevStationCode": "210",
        "prevStationName": "뚝섬역",
        "updnLine": 0,
        "directAt": 0,
        "data": [
          {
            "dow": "MON",
            "hh": "13",
            "mm": "00",
            "congestionCar": [
              17,
              21,
              21,
              20,
              23,
              24,
              22,
              18,
              17,
              16
            ]
          },
          {
            "dow": "MON",
            "hh": "13",
            "mm": "10",
            "congestionCar": [
              15,
              24,
              25,
              24,
              24,
              24,
              21,
              20,
              16,
              18
            ]
          },
          {
            "dow": "MON",
            "hh": "13",
            "mm": "20",
            "congestionCar": [
              19,
              28,
              31,
              26,
              28,
              30,
              25,
              25,
              19,
              19
            ]
          },
          {
            "dow": "MON",
            "hh": "13",
            "mm": "30",
            "congestionCar": [
              19,
              24,
              28,
              25,
              27,
              29,
              26,
              22,
              21,
              19
            ]
          },
          {
            "dow": "MON",
            "hh": "13",
            "mm": "40",
            "congestionCar": [
              18,
              24,
              29,
              22,
              29,
              24,
              24,
              21,
              19,
              20
            ]
          },
          {
            "dow": "MON",
            "hh": "13",
            "mm": "50",
            "congestionCar": [
              18,
              24,
              26,
              24,
              25,
              24,
              27,
              22,
              22,
              17
            ]
          }
        ]
      },
      {
        "startStationCode": "211",
        "startStationName": "성수역",
        "endStationCode": "234",
        "endStationName": "신도림역",
        "prevStationCode": "210",
        "prevStationName": "뚝섬역",
        "updnLine": 0,
        "directAt": 0,
        "data": [
          {
            "dow": "MON",
            "hh": "13",
            "mm": "00",
            "congestionCar": [
              17,
              21,
              21,
              20,
              23,
              24,
              22,
              18,
              17,
              16
            ]
          },
          {
            "dow": "MON",
            "hh": "13",
            "mm": "10",
            "congestionCar": [
              15,
              24,
              25,
              24,
              24,
              24,
              21,
              20,
              16,
              18
            ]
          },
          {
            "dow": "MON",
            "hh": "13",
            "mm": "20",
            "congestionCar": [
              19,
              28,
              31,
              26,
              28,
              30,
              25,
              25,
              19,
              19
            ]
          },
          {
            "dow": "MON",
            "hh": "13",
            "mm": "30",
            "congestionCar": [
              19,
              24,
              28,
              25,
              27,
              29,
              26,
              22,
              21,
              19
            ]
          },
          {
            "dow": "MON",
            "hh": "13",
            "mm": "40",
            "congestionCar": [
              18,
              24,
              29,
              22,
              29,
              24,
              24,
              21,
              19,
              20
            ]
          },
          {
            "dow": "MON",
            "hh": "13",
            "mm": "50",
            "congestionCar": [
              18,
              24,
              26,
              24,
              25,
              24,
              27,
              22,
              22,
              17
            ]
          }
        ]
      },
      {
        "startStationCode": "211",
        "startStationName": "성수역",
        "endStationCode": "239",
        "endStationName": "홍대입구역",
        "prevStationCode": "210",
        "prevStationName": "뚝섬역",
        "updnLine": 0,
        "directAt": 0,
        "data": [
          {
            "dow": "MON",
            "hh": "13",
            "mm": "00",
            "congestionCar": [
              17,
              21,
              21,
              20,
              23,
              24,
              22,
              18,
              17,
              16
            ]
          },
          {
            "dow": "MON",
            "hh": "13",
            "mm": "10",
            "congestionCar": [
              15,
              24,
              25,
              24,
              24,
              24,
              21,
              20,
              16,
              18
            ]
          },
          {
            "dow": "MON",
            "hh": "13",
            "mm": "20",
            "congestionCar": [
              19,
              28,
              31,
              26,
              28,
              30,
              25,
              25,
              19,
              19
            ]
          },
          {
            "dow": "MON",
            "hh": "13",
            "mm": "30",
            "congestionCar": [
              19,
              24,
              28,
              25,
              27,
              29,
              26,
              22,
              21,
              19
            ]
          },
          {
            "dow": "MON",
            "hh": "13",
            "mm": "40",
            "congestionCar": [
              18,
              24,
              29,
              22,
              29,
              24,
              24,
              21,
              19,
              20
            ]
          },
          {
            "dow": "MON",
            "hh": "13",
            "mm": "50",
            "congestionCar": [
              18,
              24,
              26,
              24,
              25,
              24,
              27,
              22,
              22,
              17
            ]
          }
        ]
      },
      {
        "startStationCode": "219",
        "startStationName": "삼성역",
        "endStationCode": "211-R",
        "endStationName": "성수역",
        "prevStationCode": "208",
        "prevStationName": "왕십리역",
        "updnLine": 1,
        "directAt": 0,
        "data": [
          {
            "dow": "MON",
            "hh": "13",
            "mm": "00",
            "congestionCar": [
              51,
              56,
              65,
              64,
              61,
              59,
              57,
              61,
              53,
              44
            ]
          },
          {
            "dow": "MON",
            "hh": "13",
            "mm": "10",
            "congestionCar": [
              24,
              27,
              27,
              31,
              32,
              28,
              32,
              30,
              24,
              26
            ]
          },
          {
            "dow": "MON",
            "hh": "13",
            "mm": "20",
            "congestionCar": [
              41,
              36,
              50,
              46,
              39,
              45,
              43,
              44,
              30,
              34
            ]
          },
          {
            "dow": "MON",
            "hh": "13",
            "mm": "30",
            "congestionCar": [
              33,
              39,
              45,
              55,
              39,
              47,
              38,
              35,
              33,
              35
            ]
          },
          {
            "dow": "MON",
            "hh": "13",
            "mm": "40",
            "congestionCar": [
              25,
              31,
              36,
              36,
              39,
              33,
              38,
              33,
              24,
              25
            ]
          },
          {
            "dow": "MON",
            "hh": "13",
            "mm": "50",
            "congestionCar": [
              28,
              33,
              42,
              44,
              35,
              35,
              35,
              36,
              34,
              27
            ]
          }
        ]
      },
      {
        "startStationCode": "228",
        "startStationName": "서울대입구역",
        "endStationCode": "211",
        "endStationName": "성수역",
        "prevStationCode": "208",
        "prevStationName": "왕십리역",
        "updnLine": 1,
        "directAt": 0,
        "data": [
          {
            "dow": "MON",
            "hh": "13",
            "mm": "00",
            "congestionCar": [
              27,
              29,
              34,
              34,
              32,
              31,
              30,
              32,
              28,
              23
            ]
          },
          {
            "dow": "MON",
            "hh": "13",
            "mm": "10",
            "congestionCar": [
              29,
              32,
              31,
              36,
              38,
              33,
              38,
              35,
              29,
              30
            ]
          },
          {
            "dow": "MON",
            "hh": "13",
            "mm": "20",
            "congestionCar": [
              41,
              36,
              50,
              46,
              39,
              45,
              43,
              44,
              30,
              34
            ]
          },
          {
            "dow": "MON",
            "hh": "13",
            "mm": "30",
            "congestionCar": [
              33,
              39,
              45,
              55,
              39,
              47,
              38,
              35,
              33,
              35
            ]
          },
          {
            "dow": "MON",
            "hh": "13",
            "mm": "40",
            "congestionCar": [
              25,
              31,
              36,
              36,
              39,
              33,
              38,
              33,
              24,
              25
            ]
          },
          {
            "dow": "MON",
            "hh": "13",
            "mm": "50",
            "congestionCar": [
              28,
              33,
              42,
              44,
              35,
              35,
              35,
              36,
              34,
              27
            ]
          }
        ]
      },
      {
        "startStationCode": "228",
        "startStationName": "서울대입구역",
        "endStationCode": "211-R",
        "endStationName": "성수역",
        "prevStationCode": "208",
        "prevStationName": "왕십리역",
        "updnLine": 1,
        "directAt": 0,
        "data": [
          {
            "dow": "MON",
            "hh": "13",
            "mm": "00",
            "congestionCar": [
              27,
              29,
              34,
              34,
              32,
              31,
              30,
              32,
              28,
              23
            ]
          },
          {
            "dow": "MON",
            "hh": "13",
            "mm": "10",
            "congestionCar": [
              29,
              32,
              31,
              36,
              38,
              33,
              38,
              35,
              29,
              30
            ]
          },
          {
            "dow": "MON",
            "hh": "13",
            "mm": "20",
            "congestionCar": [
              41,
              36,
              50,
              46,
              39,
              45,
              43,
              44,
              30,
              34
            ]
          },
          {
            "dow": "MON",
            "hh": "13",
            "mm": "30",
            "congestionCar": [
              33,
              39,
              45,
              55,
              39,
              47,
              38,
              35,
              33,
              35
            ]
          },
          {
            "dow": "MON",
            "hh": "13",
            "mm": "40",
            "congestionCar": [
              25,
              31,
              36,
              36,
              39,
              33,
              38,
              33,
              24,
              25
            ]
          },
          {
            "dow": "MON",
            "hh": "13",
            "mm": "50",
            "congestionCar": [
              28,
              33,
              42,
              44,
              35,
              35,
              35,
              36,
              34,
              27
            ]
          }
        ]
      },
      {
        "startStationCode": "234",
        "startStationName": "신도림역",
        "endStationCode": "211",
        "endStationName": "성수역",
        "prevStationCode": "208",
        "prevStationName": "왕십리역",
        "updnLine": 1,
        "directAt": 0,
        "data": [
          {
            "dow": "MON",
            "hh": "13",
            "mm": "00",
            "congestionCar": [
              27,
              29,
              34,
              34,
              32,
              31,
              30,
              32,
              28,
              23
            ]
          },
          {
            "dow": "MON",
            "hh": "13",
            "mm": "10",
            "congestionCar": [
              29,
              32,
              31,
              36,
              38,
              33,
              38,
              35,
              29,
              30
            ]
          },
          {
            "dow": "MON",
            "hh": "13",
            "mm": "20",
            "congestionCar": [
              41,
              36,
              50,
              46,
              39,
              45,
              43,
              44,
              30,
              34
            ]
          },
          {
            "dow": "MON",
            "hh": "13",
            "mm": "30",
            "congestionCar": [
              33,
              39,
              45,
              55,
              39,
              47,
              38,
              35,
              33,
              35
            ]
          },
          {
            "dow": "MON",
            "hh": "13",
            "mm": "40",
            "congestionCar": [
              25,
              31,
              36,
              36,
              39,
              33,
              38,
              33,
              24,
              25
            ]
          },
          {
            "dow": "MON",
            "hh": "13",
            "mm": "50",
            "congestionCar": [
              28,
              33,
              42,
              44,
              35,
              35,
              35,
              36,
              34,
              27
            ]
          }
        ]
      },
      {
        "startStationCode": "234",
        "startStationName": "신도림역",
        "endStationCode": "211-R",
        "endStationName": "성수역",
        "prevStationCode": "208",
        "prevStationName": "왕십리역",
        "updnLine": 1,
        "directAt": 0,
        "data": [
          {
            "dow": "MON",
            "hh": "13",
            "mm": "00",
            "congestionCar": [
              27,
              29,
              34,
              34,
              32,
              31,
              30,
              32,
              28,
              23
            ]
          },
          {
            "dow": "MON",
            "hh": "13",
            "mm": "10",
            "congestionCar": [
              29,
              32,
              31,
              36,
              38,
              33,
              38,
              35,
              29,
              30
            ]
          },
          {
            "dow": "MON",
            "hh": "13",
            "mm": "20",
            "congestionCar": [
              41,
              36,
              50,
              46,
              39,
              45,
              43,
              44,
              30,
              34
            ]
          },
          {
            "dow": "MON",
            "hh": "13",
            "mm": "30",
            "congestionCar": [
              33,
              39,
              45,
              55,
              39,
              47,
              38,
              35,
              33,
              35
            ]
          },
          {
            "dow": "MON",
            "hh": "13",
            "mm": "40",
            "congestionCar": [
              25,
              31,
              36,
              36,
              39,
              33,
              38,
              33,
              24,
              25
            ]
          },
          {
            "dow": "MON",
            "hh": "13",
            "mm": "50",
            "congestionCar": [
              28,
              33,
              42,
              44,
              35,
              35,
              35,
              36,
              34,
              27
            ]
          }
        ]
      },
      {
        "startStationCode": "239",
        "startStationName": "홍대입구역",
        "endStationCode": "211",
        "endStationName": "성수역",
        "prevStationCode": "208",
        "prevStationName": "왕십리역",
        "updnLine": 1,
        "directAt": 0,
        "data": [
          {
            "dow": "MON",
            "hh": "13",
            "mm": "00",
            "congestionCar": [
              27,
              29,
              34,
              34,
              32,
              31,
              30,
              32,
              28,
              23
            ]
          },
          {
            "dow": "MON",
            "hh": "13",
            "mm": "10",
            "congestionCar": [
              29,
              32,
              31,
              36,
              38,
              33,
              38,
              35,
              29,
              30
            ]
          },
          {
            "dow": "MON",
            "hh": "13",
            "mm": "20",
            "congestionCar": [
              41,
              36,
              50,
              46,
              39,
              45,
              43,
              44,
              30,
              34
            ]
          },
          {
            "dow": "MON",
            "hh": "13",
            "mm": "30",
            "congestionCar": [
              33,
              39,
              45,
              55,
              39,
              47,
              38,
              35,
              33,
              35
            ]
          },
          {
            "dow": "MON",
            "hh": "13",
            "mm": "40",
            "congestionCar": [
              25,
              31,
              36,
              36,
              39,
              33,
              38,
              33,
              24,
              25
            ]
          },
          {
            "dow": "MON",
            "hh": "13",
            "mm": "50",
            "congestionCar": [
              28,
              33,
              42,
              44,
              35,
              35,
              35,
              36,
              34,
              27
            ]
          }
        ]
      },
      {
        "startStationCode": "239",
        "startStationName": "홍대입구역",
        "endStationCode": "211-R",
        "endStationName": "성수역",
        "prevStationCode": "208",
        "prevStationName": "왕십리역",
        "updnLine": 1,
        "directAt": 0,
        "data": [
          {
            "dow": "MON",
            "hh": "13",
            "mm": "00",
            "congestionCar": [
              27,
              29,
              34,
              34,
              32,
              31,
              30,
              32,
              28,
              23
            ]
          },
          {
            "dow": "MON",
            "hh": "13",
            "mm": "10",
            "congestionCar": [
              29,
              32,
              31,
              36,
              38,
              33,
              38,
              35,
              29,
              30
            ]
          },
          {
            "dow": "MON",
            "hh": "13",
            "mm": "20",
            "congestionCar": [
              41,
              36,
              50,
              46,
              39,
              45,
              43,
              44,
              30,
              34
            ]
          },
          {
            "dow": "MON",
            "hh": "13",
            "mm": "30",
            "congestionCar": [
              33,
              39,
              45,
              55,
              39,
              47,
              38,
              35,
              33,
              35
            ]
          },
          {
            "dow": "MON",
            "hh": "13",
            "mm": "40",
            "congestionCar": [
              25,
              31,
              36,
              36,
              39,
              33,
              38,
              33,
              24,
              25
            ]
          },
          {
            "dow": "MON",
            "hh": "13",
            "mm": "50",
            "congestionCar": [
              28,
              33,
              42,
              44,
              35,
              35,
              35,
              36,
              34,
              27
            ]
          }
        ]
      }
    ],
    "statStartDate": "20230923",
    "statEndDate": "20231222"
  }
}