{
  "status": {
    "code": "00",
    "message": "success",
    "totalCount": 1
  },
  "contents": {
    "subwayLine": "2호선",
    "stationName": "사당역",
    "stationCode": "226",
    "stat": [
      {
        "startStationCode": "202",
        "startStationName": "을지로입구역",
        "endStationCode": "211",
        "endStationName": "성수역",
        "prevStationCode": "227",
        "prevStationName": "낙성대역",
        "updnLine": 0,
        "directAt": 0,
        "data": [
          {
            "dow": "MON",
            "hh": "13",
            "mm": "00",
            "congestionCar": [
              30,
              31,
              43,
              50,
              58,
              55,
              49,
              41,
              34,
              39
            ]
          },
          {
            "dow": "MON",
            "hh": "13",
            "mm": "10",
            "congestionCar": [
              29,
              32,
              44,
              52,
              54,
              51,
              50,
              41,
              31,
              37
            ]
          },
          {
            "dow": "MON",
            "hh": "13",
            "mm": "20",
            "congestionCar": [
              37,
              43,
              53,
              58,
              70,
              64,
              61,
              52,
              42,
              49
            ]
          },
          {
            "dow": "MON",
            "hh": "13",
            "mm": "30",
            "congestionCar": [
              32,
              33,
              51,
              57,
              59,
              58,
              55,
              48,
              40,
              47
            ]
          },
          {
            "dow": "MON",
            "hh": "13",
            "mm": "40",
            "congestionCar": [
              26,
              34,
              46,
              47,
              60,
              56,
              50,
              43,
              35,
              44
            ]
          },
          {
            "dow": "MON",
            "hh": "13",
            "mm": "50",
            "congestionCar": [
              26,
              29,
              38,
              41,
              53,
              44,
              44,
              36,
              33,
              36
            ]
          }
        ]
      },
      {
        "startStationCode": "202",
        "startStationName": "을지로입구역",
        "endStationCode": "211-R",
        "endStationName": "성수역",
        "prevStationCode": "227",
        "prevStationName": "낙성대역",
        "updnLine": 0,
        "directAt": 0,
        "data": [
          {
            "dow": "MON",
            "hh": "13",
            "mm": "00",
            "congestionCar": [
              30,
              31,
              43,
              50,
              58,
              55,
              49,
              41,
              34,
              39
            ]
          },
          {
            "dow": "MON",
            "hh": "13",
            "mm": "10",
            "congestionCar": [
              29,
              32,
              44,
              52,
              54,
              51,
              50,
              41,
              31,
              37
            ]
          },
          {
            "dow": "MON",
            "hh": "13",
            "mm": "20",
            "congestionCar": [
              37,
              43,
              53,
              58,
              70,
              64,
              61,
              52,
              42,
              49
            ]
          },
          {
            "dow": "MON",
            "hh": "13",
            "mm": "30",
            "congestionCar": [
              32,
              33,
              51,
              57,
              59,
              58,
              55,
              48,
              40,
              47
            ]
          },
          {
            "dow": "MON",
            "hh": "13",
            "mm": "40",
            "congestionCar": [
              26,
              34,
              46,
              47,
              60,
              56,
              50,
              43,
              35,
              44
            ]
          },
          {
            "dow": "MON",
            "hh": "13",
            "mm": "50",
            "congestionCar": [
              26,
              29,
              38,
              41,
              53,
              44,
              44,
              36,
              33,
              36
            ]
          }
        ]
      },
      {
        "startStationCode": "211",
        "startStationName": "성수역",
        "endStationCode": "202",
        "endStationName": "을지로입구역",
        "prevStationCode": "225",
        "prevStationName": "방배역",
        "updnLine": 1,
        "directAt": 0,
        "data": [
          {
            "dow": "MON",
            "hh": "13",
            "mm": "00",
            "congestionCar": [
              39,
              46,
              57,
              60,
              60,
              69,
              53,
              47,
              29,
              28
            ]
          },
          {
            "dow": "MON",
            "hh": "13",
            "mm": "10",
            "congestionCar": [
              43,
              46,
              52,
              52,
              56,
              59,
              47,
              40,
              30,
              24
            ]
          },
          {
            "dow": "MON",
            "hh": "13",
            "mm": "20",
            "congestionCar": [
              42,
              38,
              50,
              46,
              59,
              54,
              46,
              36,
              29,
              23
            ]
          },
          {
            "dow": "MON",
            "hh": "13",
            "mm": "30",
            "congestionCar": [
              32,
              36,
              40,
              44,
              45,
              51,
              40,
              30,
              22,
              21
            ]
          },
          {
            "dow": "MON",
            "hh": "13",
            "mm": "40",
            "congestionCar": [
              33,
              42,
              44,
              50,
              51,
              57,
              48,
              38,
              33,
              23
            ]
          },
          {
            "dow": "MON",
            "hh": "13",
            "mm": "50",
            "congestionCar": [
              35,
              38,
              49,
              56,
              55,
              61,
              50,
              39,
              32,
              26
            ]
          }
        ]
      },
      {
        "startStationCode": "211",
        "startStationName": "성수역",
        "endStationCode": "211",
        "endStationName": "성수역",
        "prevStationCode": "227",
        "prevStationName": "낙성대역",
        "updnLine": 0,
        "directAt": 0,
        "data": [
          {
            "dow": "MON",
            "hh": "13",
            "mm": "00",
            "congestionCar": [
              30,
              31,
              43,
              50,
              58,
              55,
              49,
              41,
              34,
              39
            ]
          },
          {
            "dow": "MON",
            "hh": "13",
            "mm": "10",
            "congestionCar": [
              29,
              32,
              44,
              52,
              54,
              51,
              50,
              41,
              31,
              37
            ]
          },
          {
            "dow": "MON",
            "hh": "13",
            "mm": "20",
            "congestionCar": [
              37,
              43,
              53,
              58,
              70,
              64,
              61,
              52,
              42,
              49
            ]
          },
          {
            "dow": "MON",
            "hh": "13",
            "mm": "30",
            "congestionCar": [
              32,
              33,
              51,
              57,
              59,
              58,
              55,
              48,
              40,
              47
            ]
          },
          {
            "dow": "MON",
            "hh": "13",
            "mm": "40",
            "congestionCar": [
              26,
              34,
              46,
              47,
              60,
              56,
              50,
              43,
              35,
              44
            ]
          },
          {
            "dow": "MON",
            "hh": "13",
            "mm": "50",
            "congestionCar": [
              26,
              29,
              38,
              41,
              53,
              44,
              44,
              36,
              33,
              36
            ]
          }
        ]
      },
      {
        "startStationCode": "211",
        "startStationName": "성수역",
        "endStationCode": "211",
        "endStationName": "성수역",
        "prevStationCode": "225",
        "prevStationName": "방배역",
        "updnLine": 1,
        "directAt": 0,
        "data": [
          {
            "dow": "MON",
            "hh": "13",
            "mm": "00",
            "congestionCar": [
              15,
              18,
              22,
              23,
              23,
              27,
              21,
              18,
              11,
              11
            ]
          },
          {
            "dow": "MON",
            "hh": "13",
            "mm": "10",
            "congestionCar": [
              37,
              40,
              45,
              45,
              48,
              51,
              41,
              35,
              26,
              21
            ]
          },
          {
            "dow": "MON",
            "hh": "13",
            "mm": "20",
            "congestionCar": [
              39,
              35,
              46,
              42,
              54,
              50,
              42,
              33,
              27,
              21
            ]
          },
          {
            "dow": "MON",
            "hh": "13",
            "mm": "30",
            "congestionCar": [
              35,
              38,
              43,
              47,
              48,
              56,
              43,
              32,
              24,
              23
            ]
          },
          {
            "dow": "MON",
            "hh": "13",
            "mm": "40",
            "congestionCar": [
              15,
              19,
              20,
              23,
              23,
              26,
              22,
              17,
              15,
              11
            ]
          },
          {
            "dow": "MON",
            "hh": "13",
            "mm": "50",
            "congestionCar": [
              35,
              38,
              49,
              56,
              55,
              61,
              50,
              39,
              32,
              26
            ]
          }
        ]
      },
      {
        "startStationCode": "211",
        "startStationName": "성수역",
        "endStationCode": "211-R",
        "endStationName": "성수역",
        "prevStationCode": "227",
        "prevStationName": "낙성대역",
        "updnLine": 0,
        "directAt": 0,
        "data": [
          {
            "dow": "MON",
            "hh": "13",
            "mm": "00",
            "congestionCar": [
              30,
              31,
              43,
              50,
              58,
              55,
              49,
              41,
              34,
              39
            ]
          },
          {
            "dow": "MON",
            "hh": "13",
            "mm": "10",
            "congestionCar": [
              31,
              34,
              47,
              56,
              58,
              54,
              54,
              44,
              34,
              39
            ]
          },
          {
            "dow": "MON",
            "hh": "13",
            "mm": "20",
            "congestionCar": [
              39,
              46,
              56,
              61,
              74,
              68,
              65,
              55,
              45,
              52
            ]
          },
          {
            "dow": "MON",
            "hh": "13",
            "mm": "30",
            "congestionCar": [
              34,
              36,
              55,
              62,
              64,
              63,
              60,
              52,
              43,
              51
            ]
          },
          {
            "dow": "MON",
            "hh": "13",
            "mm": "40",
            "congestionCar": [
              26,
              34,
              46,
              47,
              60,
              56,
              50,
              43,
              35,
              44
            ]
          },
          {
            "dow": "MON",
            "hh": "13",
            "mm": "50",
            "congestionCar": [
              26,
              29,
              38,
              41,
              53,
              44,
              44,
              36,
              33,
              36
            ]
          }
        ]
      },
      {
        "startStationCode": "211",
        "startStationName": "성수역",
        "endStationCode": "211-R",
        "endStationName": "성수역",
        "prevStationCode": "225",
        "prevStationName": "방배역",
        "updnLine": 1,
        "directAt": 0,
        "data": [
          {
            "dow": "MON",
            "hh": "13",
            "mm": "00",
            "congestionCar": [
              39,
              46,
              57,
              60,
              60,
              69,
              53,
              47,
              29,
              28
            ]
          },
          {
            "dow": "MON",
            "hh": "13",
            "mm": "10",
            "congestionCar": [
              44,
              48,
              53,
              53,
              57,
              60,
              48,
              41,
              31,
              24
            ]
          },
          {
            "dow": "MON",
            "hh": "13",
            "mm": "20",
            "congestionCar": [
              43,
              38,
              51,
              47,
              60,
              55,
              47,
              37,
              29,
              23
            ]
          },
          {
            "dow": "MON",
            "hh": "13",
            "mm": "30",
            "congestionCar": [
              32,
              36,
              40,
              44,
              45,
              51,
              40,
              30,
              22,
              21
            ]
          },
          {
            "dow": "MON",
            "hh": "13",
            "mm": "40",
            "congestionCar": [
              33,
              42,
              44,
              50,
              51,
              57,
              48,
              38,
              33,
              23
            ]
          },
          {
            "dow": "MON",
            "hh": "13",
            "mm": "50",
            "congestionCar": [
              35,
              38,
              49,
              56,
              55,
              61,
              50,
              39,
              32,
              26
            ]
          }
        ]
      },
      {
        "startStationCode": "211",
        "startStationName": "성수역",
        "endStationCode": "219",
        "endStationName": "삼성역",
        "prevStationCode": "227",
        "prevStationName": "낙성대역",
        "updnLine": 0,
        "directAt": 0,
        "data": [
          {
            "dow": "MON",
            "hh": "13",
            "mm": "00",
            "congestionCar": [
              30,
              31,
              43,
              50,
              58,
              55,
              49,
              41,
              34,
              39
            ]
          },
          {
            "dow": "MON",
            "hh": "13",
            "mm": "10",
            "congestionCar": [
              29,
              32,
              44,
              52,
              54,
              51,
              50,
              41,
              31,
              37
            ]
          },
          {
            "dow": "MON",
            "hh": "13",
            "mm": "20",
            "congestionCar": [
              37,
              43,
              53,
              58,
              70,
              64,
              61,
              52,
              42,
              49
            ]
          },
          {
            "dow": "MON",
            "hh": "13",
            "mm": "30",
            "congestionCar": [
              32,
              33,
              51,
              57,
              59,
              58,
              55,
              48,
              40,
              47
            ]
          },
          {
            "dow": "MON",
            "hh": "13",
            "mm": "40",
            "congestionCar": [
              26,
              34,
              46,
              47,
              60,
              56,
              50,
              43,
              35,
              44
            ]
          },
          {
            "dow": "MON",
            "hh": "13",
            "mm": "50",
            "congestionCar": [
              26,
              29,
              38,
              41,
              53,
              44,
              44,
              36,
              33,
              36
            ]
          }
        ]
      },
      {
        "startStationCode": "211",
        "startStationName": "성수역",
        "endStationCode": "228",
        "endStationName": "서울대입구역",
        "prevStationCode": "225",
        "prevStationName": "방배역",
        "updnLine": 1,
        "directAt": 0,
        "data": [
          {
            "dow": "MON",
            "hh": "13",
            "mm": "00",
            "congestionCar": [
              39,
              46,
              57,
              60,
              60,
              69,
              53,
              47,
              29,
              28
            ]
          },
          {
            "dow": "MON",
            "hh": "13",
            "mm": "10",
            "congestionCar": [
              43,
              46,
              52,
              52,
              56,
              59,
              47,
              40,
              30,
              24
            ]
          },
          {
            "dow": "MON",
            "hh": "13",
            "mm": "20",
            "congestionCar": [
              42,
              38,
              50,
              46,
              59,
              54,
              46,
              36,
              29,
              23
            ]
          },
          {
            "dow": "MON",
            "hh": "13",
            "mm": "30",
            "congestionCar": [
              32,
              36,
              40,
              44,
              45,
              51,
              40,
              30,
              22,
              21
            ]
          },
          {
            "dow": "MON",
            "hh": "13",
            "mm": "40",
            "congestionCar": [
              33,
              42,
              44,
              50,
              51,
              57,
              48,
              38,
              33,
              23
            ]
          },
          {
            "dow": "MON",
            "hh": "13",
            "mm": "50",
            "congestionCar": [
              35,
              38,
              49,
              56,
              55,
              61,
              50,
              39,
              32,
              26
            ]
          }
        ]
      },
      {
        "startStationCode": "211",
        "startStationName": "성수역",
        "endStationCode": "234",
        "endStationName": "신도림역",
        "prevStationCode": "225",
        "prevStationName": "방배역",
        "updnLine": 1,
        "directAt": 0,
        "data": [
          {
            "dow": "MON",
            "hh": "13",
            "mm": "00",
            "congestionCar": [
              39,
              46,
              57,
              60,
              60,
              69,
              53,
              47,
              29,
              28
            ]
          },
          {
            "dow": "MON",
            "hh": "13",
            "mm": "10",
            "congestionCar": [
              43,
              46,
              52,
              52,
              56,
              59,
              47,
              40,
              30,
              24
            ]
          },
          {
            "dow": "MON",
            "hh": "13",
            "mm": "20",
            "congestionCar": [
              42,
              38,
              50,
              46,
              59,
              54,
              46,
              36,
              29,
              23
            ]
          },
          {
            "dow": "MON",
            "hh": "13",
            "mm": "30",
            "congestionCar": [
              32,
              36,
              40,
              44,
              45,
              51,
              40,
              30,
              22,
              21
            ]
          },
          {
            "dow": "MON",
            "hh": "13",
            "mm": "40",
            "congestionCar": [
              33,
              42,
              44,
              50,
              51,
              57,
              48,
              38,
              33,
              23
            ]
          },
          {
            "dow": "MON",
            "hh": "13",
            "mm": "50",
            "congestionCar": [
              35,
              38,
              49,
              56,
              55,
              61,
              50,
              39,
              32,
              26
            ]
          }
        ]
      },
      {
        "startStationCode": "211",
        "startStationName": "성수역",
        "endStationCode": "239",
        "endStationName": "홍대입구역",
        "prevStationCode": "225",
        "prevStationName": "방배역",
        "updnLine": 1,
        "directAt": 0,
        "data": [
          {
            "dow": "MON",
            "hh": "13",
            "mm": "00",
            "congestionCar": [
              39,
              46,
              57,
              60,
              60,
              69,
              53,
              47,
              29,
              28
            ]
          },
          {
            "dow": "MON",
            "hh": "13",
            "mm": "10",
            "congestionCar": [
              43,
              46,
              52,
              52,
              56,
              59,
              47,
              40,
              30,
              24
            ]
          },
          {
            "dow": "MON",
            "hh": "13",
            "mm": "20",
            "congestionCar": [
              42,
              38,
              50,
              46,
              59,
              54,
              46,
              36,
              29,
              23
            ]
          },
          {
            "dow": "MON",
            "hh": "13",
            "mm": "30",
            "congestionCar": [
              32,
              36,
              40,
              44,
              45,
              51,
              40,
              30,
              22,
              21
            ]
          },
          {
            "dow": "MON",
            "hh": "13",
            "mm": "40",
            "congestionCar": [
              33,
              42,
              44,
              50,
              51,
              57,
              48,
              38,
              33,
              23
            ]
          },
          {
            "dow": "MON",
            "hh": "13",
            "mm": "50",
            "congestionCar": [
              35,
              38,
              49,
              56,
              55,
              61,
              50,
              39,
              32,
              26
            ]
          }
        ]
      },
      {
        "startStationCode": "219",
        "startStationName": "삼성역",
        "endStationCode": "211-R",
        "endStationName": "성수역",
        "prevStationCode": "225",
        "prevStationName": "방배역",
        "updnLine": 1,
        "directAt": 0,
        "data": [
          {
            "dow": "MON",
            "hh": "13",
            "mm": "00",
            "congestionCar": [
              39,
              46,
              57,
              60,
              60,
              69,
              53,
              47,
              29,
              28
            ]
          },
          {
            "dow": "MON",
            "hh": "13",
            "mm": "10",
            "congestionCar": [
              43,
              46,
              52,
              52,
              56,
              59,
              47,
              40,
              30,
              24
            ]
          },
          {
            "dow": "MON",
            "hh": "13",
            "mm": "20",
            "congestionCar": [
              42,
              38,
              50,
              46,
              59,
              54,
              46,
              36,
              29,
              23
            ]
          },
          {
            "dow": "MON",
            "hh": "13",
            "mm": "30",
            "congestionCar": [
              32,
              36,
              40,
              44,
              45,
              51,
              40,
              30,
              22,
              21
            ]
          },
          {
            "dow": "MON",
            "hh": "13",
            "mm": "40",
            "congestionCar": [
              33,
              42,
              44,
              50,
              51,
              57,
              48,
              38,
              33,
              23
            ]
          },
          {
            "dow": "MON",
            "hh": "13",
            "mm": "50",
            "congestionCar": [
              35,
              38,
              49,
              56,
              55,
              61,
              50,
              39,
              32,
              26
            ]
          }
        ]
      },
      {
        "startStationCode": "228",
        "startStationName": "서울대입구역",
        "endStationCode": "211",
        "endStationName": "성수역",
        "prevStationCode": "227",
        "prevStationName": "낙성대역",
        "updnLine": 0,
        "directAt": 0,
        "data": [
          {
            "dow": "MON",
            "hh": "13",
            "mm": "00",
            "congestionCar": [
              30,
              31,
              43,
              50,
              58,
              55,
              49,
              41,
              34,
              39
            ]
          },
          {
            "dow": "MON",
            "hh": "13",
            "mm": "10",
            "congestionCar": [
              29,
              32,
              44,
              52,
              54,
              51,
              50,
              41,
              31,
              37
            ]
          },
          {
            "dow": "MON",
            "hh": "13",
            "mm": "20",
            "congestionCar": [
              37,
              43,
              53,
              58,
              70,
              64,
              61,
              52,
              42,
              49
            ]
          },
          {
            "dow": "MON",
            "hh": "13",
            "mm": "30",
            "congestionCar": [
              32,
              33,
              51,
              57,
              59,
              58,
              55,
              48,
              40,
              47
            ]
          },
          {
            "dow": "MON",
            "hh": "13",
            "mm": "40",
            "congestionCar": [
              26,
              34,
              46,
              47,
              60,
              56,
              50,
              43,
              35,
              44
            ]
          },
          {
            "dow": "MON",
            "hh": "13",
            "mm": "50",
            "congestionCar": [
              26,
              29,
              38,
              41,
              53,
              44,
              44,
              36,
              33,
              36
            ]
          }
        ]
      },
      {
        "startStationCode": "228",
        "startStationName": "서울대입구역",
        "endStationCode": "211-R",
        "endStationName": "성수역",
        "prevStationCode": "227",
        "prevStationName": "낙성대역",
        "updnLine": 0,
        "directAt": 0,
        "data": [
          {
            "dow": "MON",
            "hh": "13",
            "mm": "00",
            "congestionCar": [
              30,
              31,
              43,
              50,
              58,
              55,
              49,
              41,
              34,
              39
            ]
          },
          {
            "dow": "MON",
            "hh": "13",
            "mm": "10",
            "congestionCar": [
              29,
              32,
              44,
              52,
              54,
              51,
              50,
              41,
              31,
              37
            ]
          },
          {
            "dow": "MON",
            "hh": "13",
            "mm": "20",
            "congestionCar": [
              37,
              43,
              53,
              58,
              70,
              64,
              61,
              52,
              42,
              49
            ]
          },
          {
            "dow": "MON",
            "hh": "13",
            "mm": "30",
            "congestionCar": [
              32,
              33,
              51,
              57,
              59,
              58,
              55,
              48,
              40,
              47
            ]
          },
          {
            "dow": "MON",
            "hh": "13",
            "mm": "40",
            "congestionCar": [
              26,
              34,
              46,
              47,
              60,
              56,
              50,
              43,
              35,
              44
            ]
          },
          {
            "dow": "MON",
            "hh": "13",
            "mm": "50",
            "congestionCar": [
              26,
              29,
              38,
              41,
              53,
              44,
              44,
              36,
              33,
              36
            ]
          }
        ]
      },
      {
        "startStationCode": "234",
        "startStationName": "신도림역",
        "endStationCode": "211",
        "endStationName": "성수역",
        "prevStationCode": "227",
        "prevStationName": "낙성대역",
        "updnLine": 0,
        "directAt": 0,
        "data": [
          {
            "dow": "MON",
            "hh": "13",
            "mm": "00",
            "congestionCar": [
              30,
              31,
              43,
              50,
              58,
              55,
              49,
              41,
              34,
              39
            ]
          },
          {
            "dow": "MON",
            "hh": "13",
            "mm": "10",
            "congestionCar": [
              29,
              32,
              44,
              52,
              54,
              51,
              50,
              41,
              31,
              37
            ]
          },
          {
            "dow": "MON",
            "hh": "13",
            "mm": "20",
            "congestionCar": [
              37,
              43,
              53,
              58,
              70,
              64,
              61,
              52,
              42,
              49
            ]
          },
          {
            "dow": "MON",
            "hh": "13",
            "mm": "30",
            "congestionCar": [
              32,
              33,
              51,
              57,
              59,
              58,
              55,
              48,
              40,
              47
            ]
          },
          {
            "dow": "MON",
            "hh": "13",
            "mm": "40",
            "congestionCar": [
              26,
              34,
              46,
              47,
              60,
              56,
              50,
              43,
              35,
              44
            ]
          },
          {
            "dow": "MON",
            "hh": "13",
            "mm": "50",
            "congestionCar": [
              26,
              29,
              38,
              41,
              53,
              44,
              44,
              36,
              33,
              36
            ]
          }
        ]
      },
      {
        "startStationCode": "234",
        "startStationName": "신도림역",
        "endStationCode": "211-R",
        "endStationName": "성수역",
        "prevStationCode": "227",
        "prevStationName": "낙성대역",
        "updnLine": 0,
        "directAt": 0,
        "data": [
          {
            "dow": "MON",
            "hh": "13",
            "mm": "00",
            "congestionCar": [
              30,
              31,
              43,
              50,
              58,
              55,
              49,
              41,
              34,
              39
            ]
          },
          {
            "dow": "MON",
            "hh": "13",
            "mm": "10",
            "congestionCar": [
              29,
              32,
              44,
              52,
              54,
              51,
              50,
              41,
              31,
              37
            ]
          },
          {
            "dow": "MON",
            "hh": "13",
            "mm": "20",
            "congestionCar": [
              37,
              43,
              53,
              58,
              70,
              64,
              61,
              52,
              42,
              49
            ]
          },
          {
            "dow": "MON",
            "hh": "13",
            "mm": "30",
            "congestionCar": [
              32,
              33,
              51,
              57,
              59,
              58,
              55,
              48,
              40,
              47
            ]
          },
          {
            "dow": "MON",
            "hh": "13",
            "mm": "40",
            "congestionCar": [
              26,
              34,
              46,
              47,
              60,
              56,
              50,
              43,
              35,
              44
            ]
          },
          {
            "dow": "MON",
            "hh": "13",
            "mm": "50",
            "congestionCar": [
              26,
              29,
              38,
              41,
              53,
              44,
              44,
              36,
              33,
              36
            ]
          }
        ]
      },
      {
        "startStationCode": "239",
        "startStationName": "홍대입구역",
        "endStationCode": "211",
        "endStationName": "성수역",
        "prevStationCode": "227",
        "prevStationName": "낙성대역",
        "updnLine": 0,
        "directAt": 0,
        "data": [
          {
            "dow": "MON",
            "hh": "13",
            "mm": "00",
            "congestionCar": [
              30,
              31,
              43,
              50,
              58,
              55,
              49,
              41,
              34,
              39
            ]
          },
          {
            "dow": "MON",
            "hh": "13",
            "mm": "10",
            "congestionCar": [
              29,
              32,
              44,
              52,
              54,
              51,
              50,
              41,
              31,
              37
            ]
          },
          {
            "dow": "MON",
            "hh": "13",
            "mm": "20",
            "congestionCar": [
              37,
              43,
              53,
              58,
              70,
              64,
              61,
              52,
              42,
              49
            ]
          },
          {
            "dow": "MON",
            "hh": "13",
            "mm": "30",
            "congestionCar": [
              32,
              33,
              51,
              57,
              59,
              58,
              55,
              48,
              40,
              47
            ]
          },
          {
            "dow": "MON",
            "hh": "13",
            "mm": "40",
            "congestionCar": [
              26,
              34,
              46,
              47,
              60,
              56,
              50,
              43,
              35,
              44
            ]
          },
          {
            "dow": "MON",
            "hh": "13",
            "mm": "50",
            "congestionCar": [
              26,
              29,
              38,
              41,
              53,
              44,
              44,
              36,
              33,
              36
            ]
          }
        ]
      },
      {
        "startStationCode": "239",
        "startStationName": "홍대입구역",
        "endStationCode": "211-R",
        "endStationName": "성수역",
        "prevStationCode": "227",
        "prevStationName": "낙성대역",
        "updnLine": 0,
        "directAt": 0,
        "data": [
          {
            "dow": "MON",
            "hh": "13",
            "mm": "00",
            "congestionCar": [
              30,
              31,
              43,
              50,
              58,
              55,
              49,
              41,
              34,
              39
            ]
          },
          {
            "dow": "MON",
            "hh": "13",
            "mm": "10",
            "congestionCar": [
              29,
              32,
              44,
              52,
              54,
              51,
              50,
              41,
              31,
              37
            ]
          },
          {
            "dow": "MON",
            "hh": "13",
            "mm": "20",
            "congestionCar": [
              37,
              43,
              53,
              58,
              70,
              64,
              61,
              52,
              42,
              49
            ]
          },
          {
            "dow": "MON",
            "hh": "13",
            "mm": "30",
            "congestionCar": [
              32,
              33,
              51,
              57,
              59,
              58,
              55,
              48,
              40,
              47
            ]
          },
          {
            "dow": "MON",
            "hh": "13",
            "mm": "40",
            "congestionCar": [
              26,
              34,
              46,
              47,
              60,
              56,
              50,
              43,
              35,
              44
            ]
          },
          {
            "dow": "MON",
            "hh": "13",
            "mm": "50",
            "congestionCar": [
              26,
              29,
              38,
              41,
              53,
              44,
              44,
              36,
              33,
              36
            ]
          }
        ]
      }
    ],
    "statStartDate": "20230924",
    "statEndDate": "20231223"
  }
}