{
  "status": {
    "code": "00",
    "message": "success",
    "totalCount": 1
  },
  "contents": {
    "subwayLine": "2호선",
    "stationName": "상왕십리역",
    "stationCode": "207",
    "stat": [
      {
        "startStationCode": "202",
        "startStationName": "을지로입구역",
        "endStationCode": "211",
        "endStationName": "성수역",
        "prevStationCode": "206",
        "prevStationName": "신당역",
        "updnLine": 1,
        "directAt": 0,
        "data": [
          {
            "dow": "WED",
            "hh": "13",
            "mm": "00",
            "congestionCar": [
              34,
              44,
              39,
              39,
              40,
              34,
              34,
              38,
              33,
              26
            ]
          },
          {
            "dow": "WED",
            "hh": "13",
            "mm": "10",
            "congestionCar": [
              42,
              52,
              51,
              53,
              47,
              51,
              52,
              46,
              33,
              43
            ]
          },
          {
            "dow": "WED",
            "hh": "13",
            "mm": "20",
            "congestionCar": [
              46,
              53,
              58,
              57,
              46,
              54,
              43,
              47,
              37,
              39
            ]
          },
          {
            "dow": "WED",
            "hh": "13",
            "mm": "30",
            "congestionCar": [
              36,
              61,
              54,
              58,
              51,
              54,
              50,
              45,
              42,
              38
            ]
          },
          {
            "dow": "WED",
            "hh": "13",
            "mm": "40",
            "congestionCar": [
              41,
              55,
              62,
              51,
              60,
              53,
              50,
              46,
              39,
              32
            ]
          },
          {
            "dow": "WED",
            "hh": "13",
            "mm": "50",
            "congestionCar": [
              36,
              53,
              49,
              50,
              40,
              45,
              40,
              39,
              38,
              30
            ]
          }
        ]
      },
      {
        "startStationCode": "202",
        "startStationName": "을지로입구역",
        "endStationCode": "211-R",
        "endStationName": "성수역",
        "prevStationCode": "206",
        "prevStationName": "신당역",
        "updnLine": 1,
        "directAt": 0,
        "data": [
          {
            "dow": "WED",
            "hh": "13",
            "mm": "00",
            "congestionCar": [
              34,
              44,
              39,
              39,
              40,
              34,
              34,
              38,
              33,
              26
            ]
          },
          {
            "dow": "WED",
            "hh": "13",
            "mm": "10",
            "congestionCar": [
              42,
              52,
              51,
              53,
              47,
              51,
              52,
              46,
              33,
              43
            ]
          },
          {
            "dow": "WED",
            "hh": "13",
            "mm": "20",
            "congestionCar": [
              46,
              53,
              58,
              57,
              46,
              54,
              43,
              47,
              37,
              39
            ]
          },
          {
            "dow": "WED",
            "hh": "13",
            "mm": "30",
            "congestionCar": [
              36,
              61,
              54,
              58,
              51,
              54,
              50,
              45,
              42,
              38
            ]
          },
          {
            "dow": "WED",
            "hh": "13",
            "mm": "40",
            "congestionCar": [
              41,
              55,
              62,
              51,
              60,
              53,
              50,
              46,
              39,
              32
            ]
          },
          {
            "dow": "WED",
            "hh": "13",
            "mm": "50",
            "congestionCar": [
              36,
              53,
              49,
              50,
              40,
              45,
              40,
              39,
              38,
              30
            ]
          }
        ]
      },
      {
        "startStationCode": "211",
        "startStationName": "성수역",
        "endStationCode": "202",
        "endStationName": "을지로입구역",
        "prevStationCode": "208",
        "prevStationName": "왕십리역",
        "updnLine": 0,
        "directAt": 0,
        "data": [
          {
            "dow": "WED",
            "hh": "13",
            "mm": "00",
            "congestionCar": [
              32,
              41,
              38,
              51,
              49,
              49,
              42,
              32,
              29,
              27
            ]
          },
          {
            "dow": "WED",
            "hh": "13",
            "mm": "10",
            "congestionCar": [
              28,
              37,
              38,
              35,
              36,
              39,
              34,
              33,
              25,
              26
            ]
          },
          {
            "dow": "WED",
            "hh": "13",
            "mm": "20",
            "congestionCar": [
              23,
              39,
              46,
              40,
              41,
              44,
              34,
              29,
              27,
              27
            ]
          },
          {
            "dow": "WED",
            "hh": "13",
            "mm": "30",
            "congestionCar": [
              35,
              38,
              51,
              45,
              47,
              50,
              42,
              38,
              34,
              28
            ]
          },
          {
            "dow": "WED",
            "hh": "13",
            "mm": "40",
            "congestionCar": [
              26,
              36,
              42,
              37,
              43,
              39,
              40,
              29,
              28,
              29
            ]
          },
          {
            "dow": "WED",
            "hh": "13",
            "mm": "50",
            "congestionCar": [
              27,
              37,
              44,
              43,
              42,
              44,
              43,
              29,
              30,
              30
            ]
          }
        ]
      },
      {
        "startStationCode": "211",
        "startStationName": "성수역",
        "endStationCode": "211",
        "endStationName": "성수역",
        "prevStationCode": "208",
        "prevStationName": "왕십리역",
        "updnLine": 0,
        "directAt": 0,
        "data": [
          {
            "dow": "WED",
            "hh": "13",
            "mm": "00",
            "congestionCar": [
              32,
              41,
              38,
              51,
              49,
              49,
              42,
              32,
              29,
              27
            ]
          },
          {
            "dow": "WED",
            "hh": "13",
            "mm": "10",
            "congestionCar": [
              28,
              37,
              38,
              35,
              36,
              39,
              34,
              33,
              25,
              26
            ]
          },
          {
            "dow": "WED",
            "hh": "13",
            "mm": "20",
            "congestionCar": [
              23,
              39,
              46,
              40,
              41,
              44,
              34,
              29,
              27,
              27
            ]
          },
          {
            "dow": "WED",
            "hh": "13",
            "mm": "30",
            "congestionCar": [
              35,
              38,
              51,
              45,
              47,
              50,
              42,
              38,
              34,
              28
            ]
          },
          {
            "dow": "WED",
            "hh": "13",
            "mm": "40",
            "congestionCar": [
              26,
              36,
              42,
              37,
              43,
              39,
              40,
              29,
              28,
              29
            ]
          },
          {
            "dow": "WED",
            "hh": "13",
            "mm": "50",
            "congestionCar": [
              27,
              37,
              44,
              43,
              42,
              44,
              43,
              29,
              30,
              30
            ]
          }
        ]
      },
      {
        "startStationCode": "211",
        "startStationName": "성수역",
        "endStationCode": "211",
        "endStationName": "성수역",
        "prevStationCode": "206",
        "prevStationName": "신당역",
        "updnLine": 1,
        "directAt": 0,
        "data": [
          {
            "dow": "WED",
            "hh": "13",
            "mm": "00",
            "congestionCar": [
              34,
              44,
              39,
              39,
              40,
              34,
              34,
              38,
              33,
              26
            ]
          },
          {
            "dow": "WED",
            "hh": "13",
            "mm": "10",
            "congestionCar": [
              42,
              52,
              51,
              53,
              47,
              51,
              52,
              46,
              33,
              43
            ]
          },
          {
            "dow": "WED",
            "hh": "13",
            "mm": "20",
            "congestionCar": [
              46,
              53,
              58,
              57,
              46,
              54,
              43,
              47,
              37,
              39
            ]
          },
          {
            "dow": "WED",
            "hh": "13",
            "mm": "30",
            "congestionCar": [
              36,
              61,
              54,
              58,
              51,
              54,
              50,
              45,
              42,
              38
            ]
          },
          {
            "dow": "WED",
            "hh": "13",
            "mm": "40",
            "congestionCar": [
              41,
              55,
              62,
              51,
              60,
              53,
              50,
              46,
              39,
              32
            ]
          },
          {
            "dow": "WED",
            "hh": "13",
            "mm": "50",
            "congestionCar": [
              36,
              53,
              49,
              50,
              40,
              45,
              40,
              39,
              38,
              30
            ]
          }
        ]
      },
      {
        "startStationCode": "211",
        "startStationName": "성수역",
        "endStationCode": "211-R",
        "endStationName": "성수역",
        "prevStationCode": "208",
        "prevStationName": "왕십리역",
        "updnLine": 0,
        "directAt": 0,
        "data": [
          {
            "dow": "WED",
            "hh": "13",
            "mm": "00",
            "congestionCar": [
              32,
              41,
              38,
              51,
              49,
              49,
              42,
              32,
              29,
              27
            ]
          },
          {
            "dow": "WED",
            "hh": "13",
            "mm": "10",
            "congestionCar": [
              28,
              37,
              38,
              35,
              36,
              39,
              34,
              33,
              25,
              26
            ]
          },
          {
            "dow": "WED",
            "hh": "13",
            "mm": "20",
            "congestionCar": [
              23,
              39,
              46,
              40,
              41,
              44,
              34,
              29,
              27,
              27
            ]
          },
          {
            "dow": "WED",
            "hh": "13",
            "mm": "30",
            "congestionCar": [
              35,
              38,
              51,
              45,
              47,
              50,
              42,
              38,
              34,
              28
            ]
          },
          {
            "dow": "WED",
            "hh": "13",
            "mm": "40",
            "congestionCar": [
              26,
              36,
              42,
              37,
              43,
              39,
              40,
              29,
              28,
              29
            ]
          },
          {
            "dow": "WED",
            "hh": "13",
            "mm": "50",
            "congestionCar": [
              27,
              37,
              44,
              43,
              42,
              44,
              43,
              29,
              30,
              30
            ]
          }
        ]
      },
      {
        "startStationCode": "211",
        "startStationName": "성수역",
        "endStationCode": "211-R",
        "endStationName": "성수역",
        "prevStationCode": "206",
        "prevStationName": "신당역",
        "updnLine": 1,
        "directAt": 0,
        "data": [
          {
            "dow": "WED",
            "hh": "13",
            "mm": "00",
            "congestionCar": [
              36,
              46,
              41,
              41,
              42,
              35,
              36,
              40,
              34,
              28
            ]
          },
          {
            "dow": "WED",
            "hh": "13",
            "mm": "10",
            "congestionCar": [
              42,
              52,
              51,
              53,
              47,
              51,
              52,
              46,
              33,
              43
            ]
          },
          {
            "dow": "WED",
            "hh": "13",
            "mm": "20",
            "congestionCar": [
              46,
              53,
              58,
              57,
              46,
              54,
              43,
              47,
              37,
              39
            ]
          },
          {
            "dow": "WED",
            "hh": "13",
            "mm": "30",
            "congestionCar": [
              36,
              61,
              54,
              58,
              51,
              54,
              50,
              45,
              42,
              38
            ]
          },
          {
            "dow": "WED",
            "hh": "13",
            "mm": "40",
            "congestionCar": [
              41,
              55,
              62,
              51,
              60,
              53,
              50,
              46,
              39,
              32
            ]
          },
          {
            "dow": "WED",
            "hh": "13",
            "mm": "50",
            "congestionCar": [
              36,
              53,
              49,
              50,
              40,
              45,
              40,
              39,
              38,
              30
            ]
          }
        ]
      },
      {
        "startStationCode": "211",
        "startStationName": "성수역",
        "endStationCode": "219",
        "endStationName": "삼성역",
        "prevStationCode": "208",
        "prevStationName": "왕십리역",
        "updnLine": 0,
        "directAt": 0,
        "data": [
          {
            "dow": "WED",
            "hh": "13",
            "mm": "00",
            "congestionCar": [
              32,
              41,
              38,
              51,
              49,
              49,
              42,
              32,
              29,
              27
            ]
          },
          {
            "dow": "WED",
            "hh": "13",
            "mm": "10",
            "congestionCar": [
              28,
              37,
              38,
              35,
              36,
              39,
              34,
              33,
              25,
              26
            ]
          },
          {
            "dow": "WED",
            "hh": "13",
            "mm": "20",
            "congestionCar": [
              23,
              39,
              46,
              40,
              41,
              44,
              34,
              29,
              27,
              27
            ]
          },
          {
            "dow": "WED",
            "hh": "13",
            "mm": "30",
            "congestionCar": [
              35,
              38,
              51,
              45,
              47,
              50,
              42,
              38,
              34,
              28
            ]
          },
          {
            "dow": "WED",
            "hh": "13",
            "mm": "40",
            "congestionCar": [
              26,
              36,
              42,
              37,
              43,
              39,
              40,
              29,
              28,
              29
            ]
          },
          {
            "dow": "WED",
            "hh": "13",
            "mm": "50",
            "congestionCar": [
              27,
              37,
              44,
              43,
              42,
              44,
              43,
              29,
              30,
              30
            ]
          }
        ]
      },
      {
        "startStationCode": "211",
        "startStationName": "성수역",
        "endStationCode": "228",
        "endStationName": "서울대입구역",
        "prevStationCode": "208",
        "prevStationName": "왕십리역",
        "updnLine": 0,
        "directAt": 0,
        "data": [
          {
            "dow": "WED",
            "hh": "13",
            "mm": "00",
            "congestionCar": [
              32,
              41,
              38,
              51,
              49,
              49,
              42,
              32,
              29,
              27
            ]
          },
          {
            "dow": "WED",
            "hh": "13",
            "mm": "10",
            "congestionCar": [
              28,
              37,
              38,
              35,
              36,
              39,
              34,
              33,
              25,
              26
            ]
          },
          {
            "dow": "WED",
            "hh": "13",
            "mm": "20",
            "congestionCar": [
              23,
              39,
              46,
              40,
              41,
              44,
              34,
              29,
              27,
              27
            ]
          },
          {
            "dow": "WED",
            "hh": "13",
            "mm": "30",
            "congestionCar": [
              35,
              38,
              51,
              45,
              47,
              50,
              42,
              38,
              34,
              28
            ]
          },
          {
            "dow": "WED",
            "hh": "13",
            "mm": "40",
            "congestionCar": [
              26,
              36,
              42,
              37,
              43,
              39,
              40,
              29,
              28,
              29
            ]
          },
          {
            "dow": "WED",
            "hh": "13",
            "mm": "50",
            "congestionCar": [
              27,
              37,
              44,
              43,
              42,
              44,
              43,
              29,
              30,
              30
            ]
          }
        ]
      },
      {
        "startStationCode": "211",
        "startStationName": "성수역",
        "endStationCode": "234",
        "endStationName": "신도림역",
        "prevStationCode": "208",
        "prevStationName": "왕십리역",
        "updnLine": 0,
        "directAt": 0,
        "data": [
          {
            "dow": "WED",
            "hh": "13",
            "mm": "00",
            "congestionCar": [
              32,
              41,
              38,
              51,
              49,
              49,
              42,
              32,
              29,
              27
            ]
          },
          {
            "dow": "WED",
            "hh": "13",
            "mm": "10",
            "congestionCar": [
              28,
              37,
              38,
              35,
              36,
              39,
              34,
              33,
              25,
              26
            ]
          },
          {
            "dow": "WED",
            "hh": "13",
            "mm": "20",
            "congestionCar": [
              23,
              39,
              46,
              40,
              41,
              44,
              34,
              29,
              27,
              27
            ]
          },
          {
            "dow": "WED",
            "hh": "13",
            "mm": "30",
            "congestionCar": [
              35,
              38,
              51,
              45,
              47,
              50,
              42,
              38,
              34,
              28
            ]
          },
          {
            "dow": "WED",
            "hh": "13",
            "mm": "40",
            "congestionCar": [
              26,
              36,
              42,
              37,
              43,
              39,
              40,
              29,
              28,
              29
            ]
          },
          {
            "dow": "WED",
            "hh": "13",
            "mm": "50",
            "congestionCar": [
              27,
              37,
              44,
              43,
              42,
              44,
              43,
              29,
              30,
              30
            ]
          }
        ]
      },
      {
        "startStationCode": "211",
        "startStationName": "성수역",
        "endStationCode": "239",
        "endStationName": "홍대입구역",
        "prevStationCode": "208",
        "prevStationName": "왕십리역",
        "updnLine": 0,
        "directAt": 0,
        "data": [
          {
            "dow": "WED",
            "hh": "13",
            "mm": "00",
            "congestionCar": [
              32,
              41,
              38,
              51,
              49,
              49,
              42,
              32,
              29,
              27
            ]
          },
          {
            "dow": "WED",
            "hh": "13",
            "mm": "10",
            "congestionCar": [
              28,
              37,
              38,
              35,
              36,
              39,
              34,
              33,
              25,
              26
            ]
          },
          {
            "dow": "WED",
            "hh": "13",
            "mm": "20",
            "congestionCar": [
              23,
              39,
              46,
              40,
              41,
              44,
              34,
              29,
              27,
              27
            ]
          },
          {
            "dow": "WED",
            "hh": "13",
            "mm": "30",
            "congestionCar": [
              35,
              38,
              51,
              45,
              47,
              50,
              42,
              38,
              34,
              28
            ]
          },
          {
            "dow": "WED",
            "hh": "13",
            "mm": "40",
            "congestionCar": [
              26,
              36,
              42,
              37,
              43,
              39,
              40,
              29,
              28,
              29
            ]
          },
          {
            "dow": "WED",
            "hh": "13",
            "mm": "50",
            "congestionCar": [
              27,
              37,
              44,
              43,
              42,
              44,
              43,
              29,
              30,
              30
            ]
          }
        ]
      },
      {
        "startStationCode": "219",
        "startStationName": "삼성역",
        "endStationCode": "211-R",
        "endStationName": "성수역",
        "prevStationCode": "206",
        "prevStationName": "신당역",
        "updnLine": 1,
        "directAt": 0,
        "data": [
          {
            "dow": "WED",
            "hh": "13",
            "mm": "00",
            "congestionCar": [
              34,
              44,
              39,
              39,
              40,
              34,
              34,
              38,
              33,
              26
            ]
          },
          {
            "dow": "WED",
            "hh": "13",
            "mm": "10",
            "congestionCar": [
              42,
              52,
              51,
              53,
              47,
              51,
              52,
              46,
              33,
              43
            ]
          },
          {
            "dow": "WED",
            "hh": "13",
            "mm": "20",
            "congestionCar": [
              46,
              53,
              58,
              57,
              46,
              54,
              43,
              47,
              37,
              39
            ]
          },
          {
            "dow": "WED",
            "hh": "13",
            "mm": "30",
            "congestionCar": [
              36,
              61,
              54,
              58,
              51,
              54,
              50,
              45,
              42,
              38
            ]
          },
          {
            "dow": "WED",
            "hh": "13",
            "mm": "40",
            "congestionCar": [
              41,
              55,
              62,
              51,
              60,
              53,
              50,
              46,
              39,
              32
            ]
          },
          {
            "dow": "WED",
            "hh": "13",
            "mm": "50",
            "congestionCar": [
              36,
              53,
              49,
              50,
              40,
              45,
              40,
              39,
              38,
              30
            ]
          }
        ]
      },
      {
        "startStationCode": "228",
        "startStationName": "서울대입구역",
        "endStationCode": "211",
        "endStationName": "성수역",
        "prevStationCode": "206",
        "prevStationName": "신당역",
        "updnLine": 1,
        "directAt": 0,
        "data": [
          {
            "dow": "WED",
            "hh": "13",
            "mm": "00",
            "congestionCar": [
              34,
              44,
              39,
              39,
              40,
              34,
              34,
              38,
              33,
              26
            ]
          },
          {
            "dow": "WED",
            "hh": "13",
            "mm": "10",
            "congestionCar": [
              42,
              52,
              51,
              53,
              47,
              51,
              52,
              46,
              33,
              43
            ]
          },
          {
            "dow": "WED",
            "hh": "13",
            "mm": "20",
            "congestionCar": [
              46,
              53,
              58,
              57,
              46,
              54,
              43,
              47,
              37,
              39
            ]
          },
          {
            "dow": "WED",
            "hh": "13",
            "mm": "30",
            "congestionCar": [
              36,
              61,
              54,
              58,
              51,
              54,
              50,
              45,
              42,
              38
            ]
          },
          {
            "dow": "WED",
            "hh": "13",
            "mm": "40",
            "congestionCar": [
              41,
              55,
              62,
              51,
              60,
              53,
              50,
              46,
              39,
              32
            ]
          },
          {
            "dow": "WED",
            "hh": "13",
            "mm": "50",
            "congestionCar": [
              36,
              53,
              49,
              50,
              40,
              45,
              40,
              39,
              38,
              30
            ]
          }
        ]
      },
      {
        "startStationCode": "228",
        "startStationName": "서울대입구역",
        "endStationCode": "211-R",
        "endStationName": "성수역",
        "prevStationCode": "206",
        "prevStationName": "신당역",
        "updnLine": 1,
        "directAt": 0,
        "data": [
          {
            "dow": "WED",
            "hh": "13",
            "mm": "00",
            "congestionCar": [
              34,
              44,
              39,
              39,
              40,
              34,
              34,
              38,
              33,
              26
            ]
          },
          {
            "dow": "WED",
            "hh": "13",
            "mm": "10",
            "congestionCar": [
              42,
              52,
              51,
              53,
              47,
              51,
              52,
              46,
              33,
              43
            ]
          },
          {
            "dow": "WED",
            "hh": "13",
            "mm": "20",
            "congestionCar": [
              46,
              53,
              58,
              57,
              46,
              54,
              43,
              47,
              37,
              39
            ]
          },
          {
            "dow": "WED",
            "hh": "13",
            "mm": "30",
            "congestionCar": [
              36,
              61,
              54,
              58,
              51,
              54,
              50,
              45,
              42,
              38
            ]
          },
          {
            "dow": "WED",
            "hh": "13",
            "mm": "40",
            "congestionCar": [
              41,
              55,
              62,
              51,
              60,
              53,
              50,
              46,
              39,
              32
            ]
          },
          {
            "dow": "WED",
            "hh": "13",
            "mm": "50",
            "congestionCar": [
              36,
              53,
              49,
              50,
              40,
              45,
              40,
              39,
              38,
              30
            ]
          }
        ]
      },
      {
        "startStationCode": "234",
        "startStationName": "신도림역",
        "endStationCode": "211",
        "endStationName": "성수역",
        "prevStationCode": "206",
        "prevStationName": "신당역",
        "updnLine": 1,
        "directAt": 0,
        "data": [
          {
            "dow": "WED",
            "hh": "13",
            "mm": "00",
            "congestionCar": [
              34,
              44,
              39,
              39,
              40,
              34,
              34,
              38,
              33,
              26
            ]
          },
          {
            "dow": "WED",
            "hh": "13",
            "mm": "10",
            "congestionCar": [
              42,
              52,
              51,
              53,
              47,
              51,
              52,
              46,
              33,
              43
            ]
          },
          {
            "dow": "WED",
            "hh": "13",
            "mm": "20",
            "congestionCar": [
              46,
              53,
              58,
              57,
              46,
              54,
              43,
              47,
              37,
              39
            ]
          },
          {
            "dow": "WED",
            "hh": "13",
            "mm": "30",
            "congestionCar": [
              36,
              61,
              54,
              58,
              51,
              54,
              50,
              45,
              42,
              38
            ]
          },
          {
            "dow": "WED",
            "hh": "13",
            "mm": "40",
            "congestionCar": [
              41,
              55,
              62,
              51,
              60,
              53,
              50,
              46,
              39,
              32
            ]
          },
          {
            "dow": "WED",
            "hh": "13",
            "mm": "50",
            "congestionCar": [
              36,
              53,
              49,
              50,
              40,
              45,
              40,
              39,
              38,
              30
            ]
          }
        ]
      },
      {
        "startStationCode": "234",
        "startStationName": "신도림역",
        "endStationCode": "211-R",
        "endStationName": "성수역",
        "prevStationCode": "206",
        "prevStationName": "신당역",
        "updnLine": 1,
        "directAt": 0,
        "data": [
          {
            "dow": "WED",
            "hh": "13",
            "mm": "00",
            "congestionCar": [
              34,
              44,
              39,
              39,
              40,
              34,
              34,
              38,
              33,
              26
            ]
          },
          {
            "dow": "WED",
            "hh": "13",
            "mm": "10",
            "congestionCar": [
              42,
              52,
              51,
              53,
              47,
              51,
              52,
              46,
              33,
              43
            ]
          },
          {
            "dow": "WED",
            "hh": "13",
            "mm": "20",
            "congestionCar": [
              46,
              53,
              58,
              57,
              46,
              54,
              43,
              47,
              37,
              39
            ]
          },
          {
            "dow": "WED",
            "hh": "13",
            "mm": "30",
            "congestionCar": [
              36,
              61,
              54,
              58,
              51,
              54,
              50,
              45,
              42,
              38
            ]
          },
          {
            "dow": "WED",
            "hh": "13",
            "mm": "40",
            "congestionCar": [
              41,
              55,
              62,
              51,
              60,
              53,
              50,
              46,
              39,
              32
            ]
          },
          {
            "dow": "WED",
            "hh": "13",
            "mm": "50",
            "congestionCar": [
              36,
              53,
              49,
              50,
              40,
              45,
              40,
              39,
              38,
              30
            ]
          }
        ]
      },
      {
        "startStationCode": "239",
        "startStationName": "홍대입구역",
        "endStationCode": "211",
        "endStationName": "성수역",
        "prevStationCode": "206",
        "prevStationName": "신당역",
        "updnLine": 1,
        "directAt": 0,
        "data": [
          {
            "dow": "WED",
            "hh": "13",
            "mm": "00",
            "congestionCar": [
              34,
              44,
              39,
              39,
              40,
              34,
              34,
              38,
              33,
              26
            ]
          },
          {
            "dow": "WED",
            "hh": "13",
            "mm": "10",
            "congestionCar": [
              42,
              52,
              51,
              53,
              47,
              51,
              52,
              46,
              33,
              43
            ]
          },
          {
            "dow": "WED",
            "hh": "13",
            "mm": "20",
            "congestionCar": [
              46,
              53,
              58,
              57,
              46,
              54,
              43,
              47,
              37,
              39
            ]
          },
          {
            "dow": "WED",
            "hh": "13",
            "mm": "30",
            "congestionCar": [
              36,
              61,
              54,
              58,
              51,
              54,
              50,
              45,
              42,
              38
            ]
          },
          {
            "dow": "WED",
            "hh": "13",
            "mm": "40",
            "congestionCar": [
              41,
              55,
              62,
              51,
              60,
              53,
              50,
              46,
              39,
              32
            ]
          },
          {
            "dow": "WED",
            "hh": "13",
            "mm": "50",
            "congestionCar": [
              36,
              53,
              49,
              50,
              40,
              45,
              40,
              39,
              38,
              30
            ]
          }
        ]
      },
      {
        "startStationCode": "239",
        "startStationName": "홍대입구역",
        "endStationCode": "211-R",
        "endStationName": "성수역",
        "prevStationCode": "206",
        "prevStationName": "신당역",
        "updnLine": 1,
        "directAt": 0,
        "data": [
          {
            "dow": "WED",
            "hh": "13",
            "mm": "00",
            "congestionCar": [
              34,
              44,
              39,
              39,
              40,
              34,
              34,
              38,
              33,
              26
            ]
          },
          {
            "dow": "WED",
            "hh": "13",
            "mm": "10",
            "congestionCar": [
              42,
              52,
              51,
              53,
              47,
              51,
              52,
              46,
              33,
              43
            ]
          },
          {
            "dow": "WED",
            "hh": "13",
            "mm": "20",
            "congestionCar": [
              46,
              53,
              58,
              57,
              46,
              54,
              43,
              47,
              37,
              39
            ]
          },
          {
            "dow": "WED",
            "hh": "13",
            "mm": "30",
            "congestionCar": [
              36,
              61,
              54,
              58,
              51,
              54,
              50,
              45,
              42,
              38
            ]
          },
          {
            "dow": "WED",
            "hh": "13",
            "mm": "40",
            "congestionCar": [
              41,
              55,
              62,
              51,
              60,
              53,
              50,
              46,
              39,
              32
            ]
          },
          {
            "dow": "WED",
            "hh": "13",
            "mm": "50",
            "congestionCar": [
              36,
              53,
              49,
              50,
              40,
              45,
              40,
              39,
              38,
              30
            ]
          }
        ]
      }
    ],
    "statStartDate": "20230923",
    "statEndDate": "20231222"
  }
}