{
  "status": {
    "code": "00",
    "message": "success",
    "totalCount": 1
  },
  "contents": {
    "subwayLine": "2호선",
    "stationName": "잠실나루역",
    "stationCode": "215",
    "stat": [
      {
        "startStationCode": "202",
        "startStationName": "을지로입구역",
        "endStationCode": "211",
        "endStationName": "성수역",
        "prevStationCode": "216",
        "prevStationName": "잠실역",
        "updnLine": 0,
        "directAt": 0,
        "data": [
          {
            "dow": "MON",
            "hh": "08",
            "mm": "00",
            "congestionCar": [
              59,
              46,
              52,
              65,
              56,
              49,
              55,
              52,
              48,
              48
            ]
          },
          {
            "dow": "MON",
            "hh": "08",
            "mm": "10",
            "congestionCar": [
              54,
              58,
              57,
              65,
              58,
              56,
              57,
              43,
              41,
              50
            ]
          },
          {
            "dow": "MON",
            "hh": "08",
            "mm": "20",
            "congestionCar": [
              62,
              65,
              64,
              70,
              66,
              64,
              71,
              55,
              50,
              63
            ]
          },
          {
            "dow": "MON",
            "hh": "08",
            "mm": "30",
            "congestionCar": [
              63,
              53,
              55,
              56,
              62,
              56,
              57,
              51,
              48,
              48
            ]
          },
          {
            "dow": "MON",
            "hh": "08",
            "mm": "40",
            "congestionCar": [
              45,
              46,
              51,
              49,
              40,
              46,
              51,
              39,
              37,
              36
            ]
          },
          {
            "dow": "MON",
            "hh": "08",
            "mm": "50",
            "congestionCar": [
              33,
              37,
              41,
              40,
              34,
              30,
              31,
              30,
              26,
              29
            ]
          }
        ]
      },
      {
        "startStationCode": "202",
        "startStationName": "을지로입구역",
        "endStationCode": "211-R",
        "endStationName": "성수역",
        "prevStationCode": "216",
        "prevStationName": "잠실역",
        "updnLine": 0,
        "directAt": 0,
        "data": [
          {
            "dow": "MON",
            "hh": "08",
            "mm": "00",
            "congestionCar": [
              59,
              46,
              52,
              65,
              56,
              49,
              55,
              52,
              48,
              48
            ]
          },
          {
            "dow": "MON",
            "hh": "08",
            "mm": "10",
            "congestionCar": [
              54,
              58,
              57,
              65,
              58,
              56,
              57,
              43,
              41,
              50
            ]
          },
          {
            "dow": "MON",
            "hh": "08",
            "mm": "20",
            "congestionCar": [
              62,
              65,
              64,
              70,
              66,
              64,
              71,
              55,
              50,
              63
            ]
          },
          {
            "dow": "MON",
            "hh": "08",
            "mm": "30",
            "congestionCar": [
              63,
              53,
              55,
              56,
              62,
              56,
              57,
              51,
              48,
              48
            ]
          },
          {
            "dow": "MON",
            "hh": "08",
            "mm": "40",
            "congestionCar": [
              45,
              46,
              51,
              49,
              40,
              46,
              51,
              39,
              37,
              36
            ]
          },
          {
            "dow": "MON",
            "hh": "08",
            "mm": "50",
            "congestionCar": [
              33,
              37,
              41,
              40,
              34,
              30,
              31,
              30,
              26,
              29
            ]
          }
        ]
      },
      {
        "startStationCode": "211",
        "startStationName": "성수역",
        "endStationCode": "202",
        "endStationName": "을지로입구역",
        "prevStationCode": "214",
        "prevStationName": "강변역",
        "updnLine": 1,
        "directAt": 0,
        "data": [
          {
            "dow": "MON",
            "hh": "08",
            "mm": "00",
            "congestionCar": [
              57,
              60,
              87,
              78,
              86,
              76,
              87,
              68,
              55,
              54
            ]
          },
          {
            "dow": "MON",
            "hh": "08",
            "mm": "10",
            "congestionCar": [
              60,
              65,
              102,
              98,
              99,
              81,
              89,
              81,
              53,
              62
            ]
          },
          {
            "dow": "MON",
            "hh": "08",
            "mm": "20",
            "congestionCar": [
              82,
              92,
              115,
              123,
              121,
              104,
              115,
              99,
              79,
              89
            ]
          },
          {
            "dow": "MON",
            "hh": "08",
            "mm": "30",
            "congestionCar": [
              90,
              99,
              119,
              122,
              120,
              128,
              119,
              105,
              76,
              92
            ]
          },
          {
            "dow": "MON",
            "hh": "08",
            "mm": "40",
            "congestionCar": [
              84,
              91,
              98,
              118,
              101,
              106,
              98,
              72,
              59,
              64
            ]
          },
          {
            "dow": "MON",
            "hh": "08",
            "mm": "50",
            "congestionCar": [
              74,
              76,
              91,
              91,
              90,
              82,
              71,
              70,
              48,
              58
            ]
          }
        ]
      },
      {
        "startStationCode": "211",
        "startStationName": "성수역",
        "endStationCode": "211",
        "endStationName": "성수역",
        "prevStationCode": "216",
        "prevStationName": "잠실역",
        "updnLine": 0,
        "directAt": 0,
        "data": [
          {
            "dow": "MON",
            "hh": "08",
            "mm": "00",
            "congestionCar": [
              59,
              46,
              52,
              65,
              56,
              49,
              55,
              52,
              48,
              48
            ]
          },
          {
            "dow": "MON",
            "hh": "08",
            "mm": "10",
            "congestionCar": [
              54,
              58,
              57,
              65,
              58,
              56,
              57,
              43,
              41,
              50
            ]
          },
          {
            "dow": "MON",
            "hh": "08",
            "mm": "20",
            "congestionCar": [
              62,
              65,
              64,
              70,
              66,
              64,
              71,
              55,
              50,
              63
            ]
          },
          {
            "dow": "MON",
            "hh": "08",
            "mm": "30",
            "congestionCar": [
              63,
              53,
              55,
              56,
              62,
              56,
              57,
              51,
              48,
              48
            ]
          },
          {
            "dow": "MON",
            "hh": "08",
            "mm": "40",
            "congestionCar": [
              9,
              9,
              11,
              10,
              8,
              9,
              10,
              8,
              8,
              7
            ]
          },
          {
            "dow": "MON",
            "hh": "08",
            "mm": "50",
            "congestionCar": [
              18,
              20,
              22,
              22,
              18,
              16,
              17,
              17,
              14,
              16
            ]
          }
        ]
      },
      {
        "startStationCode": "211",
        "startStationName": "성수역",
        "endStationCode": "211",
        "endStationName": "성수역",
        "prevStationCode": "214",
        "prevStationName": "강변역",
        "updnLine": 1,
        "directAt": 0,
        "data": [
          {
            "dow": "MON",
            "hh": "08",
            "mm": "00",
            "congestionCar": [
              65,
              69,
              99,
              89,
              99,
              87,
              100,
              77,
              63,
              62
            ]
          },
          {
            "dow": "MON",
            "hh": "08",
            "mm": "10",
            "congestionCar": [
              62,
              68,
              106,
              101,
              103,
              84,
              93,
              84,
              55,
              65
            ]
          },
          {
            "dow": "MON",
            "hh": "08",
            "mm": "20",
            "congestionCar": [
              98,
              111,
              137,
              147,
              145,
              125,
              137,
              119,
              95,
              107
            ]
          },
          {
            "dow": "MON",
            "hh": "08",
            "mm": "30",
            "congestionCar": [
              97,
              107,
              127,
              131,
              129,
              137,
              128,
              113,
              82,
              99
            ]
          },
          {
            "dow": "MON",
            "hh": "08",
            "mm": "40",
            "congestionCar": [
              102,
              110,
              118,
              143,
              123,
              128,
              119,
              87,
              72,
              78
            ]
          },
          {
            "dow": "MON",
            "hh": "08",
            "mm": "50",
            "congestionCar": [
              84,
              86,
              103,
              103,
              102,
              93,
              81,
              79,
              55,
              65
            ]
          }
        ]
      },
      {
        "startStationCode": "211",
        "startStationName": "성수역",
        "endStationCode": "211-R",
        "endStationName": "성수역",
        "prevStationCode": "216",
        "prevStationName": "잠실역",
        "updnLine": 0,
        "directAt": 0,
        "data": [
          {
            "dow": "MON",
            "hh": "08",
            "mm": "00",
            "congestionCar": [
              60,
              47,
              53,
              66,
              57,
              50,
              56,
              53,
              49,
              49
            ]
          },
          {
            "dow": "MON",
            "hh": "08",
            "mm": "10",
            "congestionCar": [
              46,
              49,
              49,
              56,
              50,
              48,
              49,
              36,
              35,
              43
            ]
          },
          {
            "dow": "MON",
            "hh": "08",
            "mm": "20",
            "congestionCar": [
              60,
              63,
              62,
              68,
              64,
              62,
              69,
              53,
              49,
              61
            ]
          },
          {
            "dow": "MON",
            "hh": "08",
            "mm": "30",
            "congestionCar": [
              43,
              36,
              37,
              38,
              42,
              37,
              39,
              34,
              32,
              32
            ]
          },
          {
            "dow": "MON",
            "hh": "08",
            "mm": "40",
            "congestionCar": [
              42,
              43,
              48,
              45,
              37,
              43,
              47,
              36,
              34,
              33
            ]
          },
          {
            "dow": "MON",
            "hh": "08",
            "mm": "50",
            "congestionCar": [
              37,
              41,
              45,
              45,
              38,
              33,
              35,
              34,
              29,
              32
            ]
          }
        ]
      },
      {
        "startStationCode": "211",
        "startStationName": "성수역",
        "endStationCode": "211-R",
        "endStationName": "성수역",
        "prevStationCode": "214",
        "prevStationName": "강변역",
        "updnLine": 1,
        "directAt": 0,
        "data": [
          {
            "dow": "MON",
            "hh": "08",
            "mm": "00",
            "congestionCar": [
              56,
              59,
              85,
              76,
              84,
              74,
              85,
              66,
              54,
              53
            ]
          },
          {
            "dow": "MON",
            "hh": "08",
            "mm": "10",
            "congestionCar": [
              60,
              65,
              102,
              98,
              99,
              81,
              89,
              81,
              53,
              62
            ]
          },
          {
            "dow": "MON",
            "hh": "08",
            "mm": "20",
            "congestionCar": [
              73,
              83,
              102,
              110,
              108,
              93,
              103,
              88,
              71,
              79
            ]
          },
          {
            "dow": "MON",
            "hh": "08",
            "mm": "30",
            "congestionCar": [
              88,
              97,
              116,
              120,
              118,
              125,
              117,
              103,
              75,
              90
            ]
          },
          {
            "dow": "MON",
            "hh": "08",
            "mm": "40",
            "congestionCar": [
              73,
              80,
              86,
              103,
              89,
              93,
              86,
              63,
              52,
              56
            ]
          },
          {
            "dow": "MON",
            "hh": "08",
            "mm": "50",
            "congestionCar": [
              73,
              75,
              90,
              89,
              89,
              81,
              70,
              69,
              48,
              57
            ]
          }
        ]
      },
      {
        "startStationCode": "211",
        "startStationName": "성수역",
        "endStationCode": "219",
        "endStationName": "삼성역",
        "prevStationCode": "214",
        "prevStationName": "강변역",
        "updnLine": 1,
        "directAt": 0,
        "data": [
          {
            "dow": "MON",
            "hh": "08",
            "mm": "00",
            "congestionCar": [
              57,
              60,
              87,
              78,
              86,
              76,
              87,
              68,
              55,
              54
            ]
          },
          {
            "dow": "MON",
            "hh": "08",
            "mm": "10",
            "congestionCar": [
              60,
              65,
              102,
              98,
              99,
              81,
              89,
              81,
              53,
              62
            ]
          },
          {
            "dow": "MON",
            "hh": "08",
            "mm": "20",
            "congestionCar": [
              82,
              92,
              115,
              123,
              121,
              104,
              115,
              99,
              79,
              89
            ]
          },
          {
            "dow": "MON",
            "hh": "08",
            "mm": "30",
            "congestionCar": [
              90,
              99,
              119,
              122,
              120,
              128,
              119,
              105,
              76,
              92
            ]
          },
          {
            "dow": "MON",
            "hh": "08",
            "mm": "40",
            "congestionCar": [
              84,
              91,
              98,
              118,
              101,
              106,
              98,
              72,
              59,
              64
            ]
          },
          {
            "dow": "MON",
            "hh": "08",
            "mm": "50",
            "congestionCar": [
              74,
              76,
              91,
              91,
              90,
              82,
              71,
              70,
              48,
              58
            ]
          }
        ]
      },
      {
        "startStationCode": "211",
        "startStationName": "성수역",
        "endStationCode": "228",
        "endStationName": "서울대입구역",
        "prevStationCode": "214",
        "prevStationName": "강변역",
        "updnLine": 1,
        "directAt": 0,
        "data": [
          {
            "dow": "MON",
            "hh": "08",
            "mm": "00",
            "congestionCar": [
              57,
              60,
              87,
              78,
              86,
              76,
              87,
              68,
              55,
              54
            ]
          },
          {
            "dow": "MON",
            "hh": "08",
            "mm": "10",
            "congestionCar": [
              60,
              65,
              102,
              98,
              99,
              81,
              89,
              81,
              53,
              62
            ]
          },
          {
            "dow": "MON",
            "hh": "08",
            "mm": "20",
            "congestionCar": [
              82,
              92,
              115,
              123,
              121,
              104,
              115,
              99,
              79,
              89
            ]
          },
          {
            "dow": "MON",
            "hh": "08",
            "mm": "30",
            "congestionCar": [
              90,
              99,
              119,
              122,
              120,
              128,
              119,
              105,
              76,
              92
            ]
          },
          {
            "dow": "MON",
            "hh": "08",
            "mm": "40",
            "congestionCar": [
              84,
              91,
              98,
              118,
              101,
              106,
              98,
              72,
              59,
              64
            ]
          },
          {
            "dow": "MON",
            "hh": "08",
            "mm": "50",
            "congestionCar": [
              74,
              76,
              91,
              91,
              90,
              82,
              71,
              70,
              48,
              58
            ]
          }
        ]
      },
      {
        "startStationCode": "211",
        "startStationName": "성수역",
        "endStationCode": "234",
        "endStationName": "신도림역",
        "prevStationCode": "214",
        "prevStationName": "강변역",
        "updnLine": 1,
        "directAt": 0,
        "data": [
          {
            "dow": "MON",
            "hh": "08",
            "mm": "00",
            "congestionCar": [
              57,
              60,
              87,
              78,
              86,
              76,
              87,
              68,
              55,
              54
            ]
          },
          {
            "dow": "MON",
            "hh": "08",
            "mm": "10",
            "congestionCar": [
              60,
              65,
              102,
              98,
              99,
              81,
              89,
              81,
              53,
              62
            ]
          },
          {
            "dow": "MON",
            "hh": "08",
            "mm": "20",
            "congestionCar": [
              82,
              92,
              115,
              123,
              121,
              104,
              115,
              99,
              79,
              89
            ]
          },
          {
            "dow": "MON",
            "hh": "08",
            "mm": "30",
            "congestionCar": [
              90,
              99,
              119,
              122,
              120,
              128,
              119,
              105,
              76,
              92
            ]
          },
          {
            "dow": "MON",
            "hh": "08",
            "mm": "40",
            "congestionCar": [
              84,
              91,
              98,
              118,
              101,
              106,
              98,
              72,
              59,
              64
            ]
          },
          {
            "dow": "MON",
            "hh": "08",
            "mm": "50",
            "congestionCar": [
              74,
              76,
              91,
              91,
              90,
              82,
              71,
              70,
              48,
              58
            ]
          }
        ]
      },
      {
        "startStationCode": "211",
        "startStationName": "성수역",
        "endStationCode": "239",
        "endStationName": "홍대입구역",
        "prevStationCode": "214",
        "prevStationName": "강변역",
        "updnLine": 1,
        "directAt": 0,
        "data": [
          {
            "dow": "MON",
            "hh": "08",
            "mm": "00",
            "congestionCar": [
              57,
              60,
              87,
              78,
              86,
              76,
              87,
              68,
              55,
              54
            ]
          },
          {
            "dow": "MON",
            "hh": "08",
            "mm": "10",
            "congestionCar": [
              60,
              65,
              102,
              98,
              99,
              81,
              89,
              81,
              53,
              62
            ]
          },
          {
            "dow": "MON",
            "hh": "08",
            "mm": "20",
            "congestionCar": [
              82,
              92,
              115,
              123,
              121,
              104,
              115,
              99,
              79,
              89
            ]
          },
          {
            "dow": "MON",
            "hh": "08",
            "mm": "30",
            "congestionCar": [
              90,
              99,
              119,
              122,
              120,
              128,
              119,
              105,
              76,
              92
            ]
          },
          {
            "dow": "MON",
            "hh": "08",
            "mm": "40",
            "congestionCar": [
              84,
              91,
              98,
              118,
              101,
              106,
              98,
              72,
              59,
              64
            ]
          },
          {
            "dow": "MON",
            "hh": "08",
            "mm": "50",
            "congestionCar": [
              74,
              76,
              91,
              91,
              90,
              82,
              71,
              70,
              48,
              58
            ]
          }
        ]
      },
      {
        "startStationCode": "219",
        "startStationName": "삼성역",
        "endStationCode": "211-R",
        "endStationName": "성수역",
        "prevStationCode": "216",
        "prevStationName": "잠실역",
        "updnLine": 0,
        "directAt": 0,
        "data": [
          {
            "dow": "MON",
            "hh": "08",
            "mm": "00",
            "congestionCar": [
              59,
              46,
              52,
              65,
              56,
              49,
              55,
              52,
              48,
              48
            ]
          },
          {
            "dow": "MON",
            "hh": "08",
            "mm": "10",
            "congestionCar": [
              54,
              58,
              57,
              65,
              58,
              56,
              57,
              43,
              41,
              50
            ]
          },
          {
            "dow": "MON",
            "hh": "08",
            "mm": "20",
            "congestionCar": [
              62,
              65,
              64,
              70,
              66,
              64,
              71,
              55,
              50,
              63
            ]
          },
          {
            "dow": "MON",
            "hh": "08",
            "mm": "30",
            "congestionCar": [
              63,
              53,
              55,
              56,
              62,
              56,
              57,
              51,
              48,
              48
            ]
          },
          {
            "dow": "MON",
            "hh": "08",
            "mm": "40",
            "congestionCar": [
              45,
              46,
              51,
              49,
              40,
              46,
              51,
              39,
              37,
              36
            ]
          },
          {
            "dow": "MON",
            "hh": "08",
            "mm": "50",
            "congestionCar": [
              33,
              37,
              41,
              40,
              34,
              30,
              31,
              30,
              26,
              29
            ]
          }
        ]
      },
      {
        "startStationCode": "228",
        "startStationName": "서울대입구역",
        "endStationCode": "211",
        "endStationName": "성수역",
        "prevStationCode": "216",
        "prevStationName": "잠실역",
        "updnLine": 0,
        "directAt": 0,
        "data": [
          {
            "dow": "MON",
            "hh": "08",
            "mm": "00",
            "congestionCar": [
              59,
              46,
              52,
              65,
              56,
              49,
              55,
              52,
              48,
              48
            ]
          },
          {
            "dow": "MON",
            "hh": "08",
            "mm": "10",
            "congestionCar": [
              54,
              58,
              57,
              65,
              58,
              56,
              57,
              43,
              41,
              50
            ]
          },
          {
            "dow": "MON",
            "hh": "08",
            "mm": "20",
            "congestionCar": [
              62,
              65,
              64,
              70,
              66,
              64,
              71,
              55,
              50,
              63
            ]
          },
          {
            "dow": "MON",
            "hh": "08",
            "mm": "30",
            "congestionCar": [
              63,
              53,
              55,
              56,
              62,
              56,
              57,
              51,
              48,
              48
            ]
          },
          {
            "dow": "MON",
            "hh": "08",
            "mm": "40",
            "congestionCar": [
              45,
              46,
              51,
              49,
              40,
              46,
              51,
              39,
              37,
              36
            ]
          },
          {
            "dow": "MON",
            "hh": "08",
            "mm": "50",
            "congestionCar": [
              33,
              37,
              41,
              40,
              34,
              30,
              31,
              30,
              26,
              29
            ]
          }
        ]
      },
      {
        "startStationCode": "228",
        "startStationName": "서울대입구역",
        "endStationCode": "211-R",
        "endStationName": "성수역",
        "prevStationCode": "216",
        "prevStationName": "잠실역",
        "updnLine": 0,
        "directAt": 0,
        "data": [
          {
            "dow": "MON",
            "hh": "08",
            "mm": "00",
            "congestionCar": [
              59,
              46,
              52,
              65,
              56,
              49,
              55,
              52,
              48,
              48
            ]
          },
          {
            "dow": "MON",
            "hh": "08",
            "mm": "10",
            "congestionCar": [
              54,
              58,
              57,
              65,
              58,
              56,
              57,
              43,
              41,
              50
            ]
          },
          {
            "dow": "MON",
            "hh": "08",
            "mm": "20",
            "congestionCar": [
              62,
              65,
              64,
              70,
              66,
              64,
              71,
              55,
              50,
              63
            ]
          },
          {
            "dow": "MON",
            "hh": "08",
            "mm": "30",
            "congestionCar": [
              63,
              53,
              55,
              56,
              62,
              56,
              57,
              51,
              48,
              48
            ]
          },
          {
            "dow": "MON",
            "hh": "08",
            "mm": "40",
            "congestionCar": [
              45,
              46,
              51,
              49,
              40,
              46,
              51,
              39,
              37,
              36
            ]
          },
          {
            "dow": "MON",
            "hh": "08",
            "mm": "50",
            "congestionCar": [
              33,
              37,
              41,
              40,
              34,
              30,
              31,
              30,
              26,
              29
            ]
          }
        ]
      },
      {
        "startStationCode": "234",
        "startStationName": "신도림역",
        "endStationCode": "211",
        "endStationName": "성수역",
        "prevStationCode": "216",
        "prevStationName": "잠실역",
        "updnLine": 0,
        "directAt": 0,
        "data": [
          {
            "dow": "MON",
            "hh": "08",
            "mm": "00",
            "congestionCar": [
              59,
              46,
              52,
              65,
              56,
              49,
              55,
              52,
              48,
              48
            ]
          },
          {
            "dow": "MON",
            "hh": "08",
            "mm": "10",
            "congestionCar": [
              54,
              58,
              57,
              65,
              58,
              56,
              57,
              43,
              41,
              50
            ]
          },
          {
            "dow": "MON",
            "hh": "08",
            "mm": "20",
            "congestionCar": [
              62,
              65,
              64,
              70,
              66,
              64,
              71,
              55,
              50,
              63
            ]
          },
          {
            "dow": "MON",
            "hh": "08",
            "mm": "30",
            "congestionCar": [
              63,
              53,
              55,
              56,
              62,
              56,
              57,
              51,
              48,
              48
            ]
          },
          {
            "dow": "MON",
            "hh": "08",
            "mm": "40",
            "congestionCar": [
              45,
              46,
              51,
              49,
              40,
              46,
              51,
              39,
              37,
              36
            ]
          },
          {
            "dow": "MON",
            "hh": "08",
            "mm": "50",
            "congestionCar": [
              33,
              37,
              41,
              40,
              34,
              30,
              31,
              30,
              26,
              29
            ]
          }
        ]
      },
      {
        "startStationCode": "234",
        "startStationName": "신도림역",
        "endStationCode": "211-R",
        "endStationName": "성수역",
        "prevStationCode": "216",
        "prevStationName": "잠실역",
        "updnLine": 0,
        "directAt": 0,
        "data": [
          {
            "dow": "MON",
            "hh": "08",
            "mm": "00",
            "congestionCar": [
              57,
              45,
              50,
              62,
              54,
              47,
              53,
              50,
              46,
              46
            ]
          },
          {
            "dow": "MON",
            "hh": "08",
            "mm": "10",
            "congestionCar": [
              80,
              84,
              84,
              95,
              85,
              83,
              84,
              62,
              60,
              73
            ]
          },
          {
            "dow": "MON",
            "hh": "08",
            "mm": "20",
            "congestionCar": [
              73,
              76,
              75,
              83,
              77,
              75,
              84,
              65,
              59,
              74
            ]
          },
          {
            "dow": "MON",
            "hh": "08",
            "mm": "30",
            "congestionCar": [
              78,
              65,
              68,
              69,
              77,
              69,
              71,
              63,
              60,
              59
            ]
          },
          {
            "dow": "MON",
            "hh": "08",
            "mm": "40",
            "congestionCar": [
              48,
              49,
              55,
              52,
              43,
              49,
              54,
              42,
              39,
              38
            ]
          },
          {
            "dow": "MON",
            "hh": "08",
            "mm": "50",
            "congestionCar": [
              38,
              42,
              47,
              46,
              39,
              34,
              36,
              35,
              29,
              33
            ]
          }
        ]
      },
      {
        "startStationCode": "239",
        "startStationName": "홍대입구역",
        "endStationCode": "211",
        "endStationName": "성수역",
        "prevStationCode": "216",
        "prevStationName": "잠실역",
        "updnLine": 0,
        "directAt": 0,
        "data": [
          {
            "dow": "MON",
            "hh": "08",
            "mm": "00",
            "congestionCar": [
              59,
              46,
              52,
              65,
              56,
              49,
              55,
              52,
              48,
              48
            ]
          },
          {
            "dow": "MON",
            "hh": "08",
            "mm": "10",
            "congestionCar": [
              54,
              58,
              57,
              65,
              58,
              56,
              57,
              43,
              41,
              50
            ]
          },
          {
            "dow": "MON",
            "hh": "08",
            "mm": "20",
            "congestionCar": [
              62,
              65,
              64,
              70,
              66,
              64,
              71,
              55,
              50,
              63
            ]
          },
          {
            "dow": "MON",
            "hh": "08",
            "mm": "30",
            "congestionCar": [
              63,
              53,
              55,
              56,
              62,
              56,
              57,
              51,
              48,
              48
            ]
          },
          {
            "dow": "MON",
            "hh": "08",
            "mm": "40",
            "congestionCar": [
              45,
              46,
              51,
              49,
              40,
              46,
              51,
              39,
              37,
              36
            ]
          },
          {
            "dow": "MON",
            "hh": "08",
            "mm": "50",
            "congestionCar": [
              33,
              37,
              41,
              40,
              34,
              30,
              31,
              30,
              26,
              29
            ]
          }
        ]
      },
      {
        "startStationCode": "239",
        "startStationName": "홍대입구역",
        "endStationCode": "211-R",
        "endStationName": "성수역",
        "prevStationCode": "216",
        "prevStationName": "잠실역",
        "updnLine": 0,
        "directAt": 0,
        "data": [
          {
            "dow": "MON",
            "hh": "08",
            "mm": "00",
            "congestionCar": [
              59,
              46,
              52,
              65,
              56,
              49,
              55,
              52,
              48,
              48
            ]
          },
          {
            "dow": "MON",
            "hh": "08",
            "mm": "10",
            "congestionCar": [
              54,
              58,
              57,
              65,
              58,
              56,
              57,
              43,
              41,
              50
            ]
          },
          {
            "dow": "MON",
            "hh": "08",
            "mm": "20",
            "congestionCar": [
              62,
              65,
              64,
              70,
              66,
              64,
              71,
              55,
              50,
              63
            ]
          },
          {
            "dow": "MON",
            "hh": "08",
            "mm": "30",
            "congestionCar": [
              63,
              53,
              55,
              56,
              62,
              56,
              57,
              51,
              48,
              48
            ]
          },
          {
            "dow": "MON",
            "hh": "08",
            "mm": "40",
            "congestionCar": [
              45,
              46,
              51,
              49,
              40,
              46,
              51,
              39,
              37,
              36
            ]
          },
          {
            "dow": "MON",
            "hh": "08",
            "mm": "50",
            "congestionCar": [
              33,
              37,
              41,
              40,
              34,
              30,
              31,
              30,
              26,
              29
            ]
          }
        ]
      }
    ],
    "statStartDate": "20230923",
    "statEndDate": "20231222"
  }
}