{
  "status": {
    "code": "00",
    "message": "success",
    "totalCount": 1
  },
  "contents": {
    "subwayLine": "2호선",
    "stationName": "삼성역",
    "stationCode": "219",
    "stat": [
      {
        "startStationCode": "202",
        "startStationName": "을지로입구역",
        "endStationCode": "211",
        "endStationName": "성수역",
        "prevStationCode": "220",
        "prevStationName": "선릉역",
        "updnLine": 0,
        "directAt": 0,
        "data": [
          {
            "dow": "FRI",
            "hh": "08",
            "mm": "00",
            "congestionCar": [
              64,
              58,
              61,
              65,
              57,
              59,
              56,
              61,
              41,
              49
            ]
          },
          {
            "dow": "FRI",
            "hh": "08",
            "mm": "10",
            "congestionCar": [
              79,
              74,
              73,
              67,
              61,
              65,
              74,
              69,
              57,
              62
            ]
          },
          {
            "dow": "FRI",
            "hh": "08",
            "mm": "20",
            "congestionCar": [
              78,
              72,
              76,
              86,
              73,
              75,
              75,
              75,
              66,
              65
            ]
          },
          {
            "dow": "FRI",
            "hh": "08",
            "mm": "30",
            "congestionCar": [
              76,
              78,
              90,
              81,
              73,
              75,
              70,
              86,
              64,
              67
            ]
          },
          {
            "dow": "FRI",
            "hh": "08",
            "mm": "40",
            "congestionCar": [
              67,
              54,
              76,
              72,
              63,
              60,
              70,
              72,
              55,
              61
            ]
          },
          {
            "dow": "FRI",
            "hh": "08",
            "mm": "50",
            "congestionCar": [
              46,
              43,
              47,
              61,
              62,
              47,
              56,
              69,
              48,
              51
            ]
          }
        ]
      },
      {
        "startStationCode": "202",
        "startStationName": "을지로입구역",
        "endStationCode": "211-R",
        "endStationName": "성수역",
        "prevStationCode": "220",
        "prevStationName": "선릉역",
        "updnLine": 0,
        "directAt": 0,
        "data": [
          {
            "dow": "FRI",
            "hh": "08",
            "mm": "00",
            "congestionCar": [
              64,
              58,
              61,
              65,
              57,
              59,
              56,
              61,
              41,
              49
            ]
          },
          {
            "dow": "FRI",
            "hh": "08",
            "mm": "10",
            "congestionCar": [
              79,
              74,
              73,
              67,
              61,
              65,
              74,
              69,
              57,
              62
            ]
          },
          {
            "dow": "FRI",
            "hh": "08",
            "mm": "20",
            "congestionCar": [
              78,
              72,
              76,
              86,
              73,
              75,
              75,
              75,
              66,
              65
            ]
          },
          {
            "dow": "FRI",
            "hh": "08",
            "mm": "30",
            "congestionCar": [
              76,
              78,
              90,
              81,
              73,
              75,
              70,
              86,
              64,
              67
            ]
          },
          {
            "dow": "FRI",
            "hh": "08",
            "mm": "40",
            "congestionCar": [
              67,
              54,
              76,
              72,
              63,
              60,
              70,
              72,
              55,
              61
            ]
          },
          {
            "dow": "FRI",
            "hh": "08",
            "mm": "50",
            "congestionCar": [
              46,
              43,
              47,
              61,
              62,
              47,
              56,
              69,
              48,
              51
            ]
          }
        ]
      },
      {
        "startStationCode": "211",
        "startStationName": "성수역",
        "endStationCode": "202",
        "endStationName": "을지로입구역",
        "prevStationCode": "218",
        "prevStationName": "종합운동장역",
        "updnLine": 1,
        "directAt": 0,
        "data": [
          {
            "dow": "FRI",
            "hh": "08",
            "mm": "00",
            "congestionCar": [
              64,
              75,
              83,
              90,
              82,
              94,
              97,
              81,
              74,
              81
            ]
          },
          {
            "dow": "FRI",
            "hh": "08",
            "mm": "10",
            "congestionCar": [
              74,
              90,
              107,
              105,
              112,
              106,
              118,
              112,
              88,
              79
            ]
          },
          {
            "dow": "FRI",
            "hh": "08",
            "mm": "20",
            "congestionCar": [
              109,
              99,
              134,
              137,
              147,
              121,
              140,
              127,
              94,
              92
            ]
          },
          {
            "dow": "FRI",
            "hh": "08",
            "mm": "30",
            "congestionCar": [
              115,
              121,
              138,
              142,
              139,
              155,
              139,
              134,
              107,
              109
            ]
          },
          {
            "dow": "FRI",
            "hh": "08",
            "mm": "40",
            "congestionCar": [
              111,
              116,
              123,
              123,
              127,
              140,
              134,
              121,
              98,
              89
            ]
          },
          {
            "dow": "FRI",
            "hh": "08",
            "mm": "50",
            "congestionCar": [
              81,
              83,
              85,
              102,
              86,
              109,
              107,
              83,
              67,
              65
            ]
          }
        ]
      },
      {
        "startStationCode": "211",
        "startStationName": "성수역",
        "endStationCode": "211",
        "endStationName": "성수역",
        "prevStationCode": "220",
        "prevStationName": "선릉역",
        "updnLine": 0,
        "directAt": 0,
        "data": [
          {
            "dow": "FRI",
            "hh": "08",
            "mm": "00",
            "congestionCar": [
              64,
              58,
              61,
              65,
              57,
              59,
              56,
              61,
              41,
              49
            ]
          },
          {
            "dow": "FRI",
            "hh": "08",
            "mm": "10",
            "congestionCar": [
              79,
              74,
              73,
              67,
              61,
              65,
              74,
              69,
              57,
              62
            ]
          },
          {
            "dow": "FRI",
            "hh": "08",
            "mm": "20",
            "congestionCar": [
              78,
              72,
              76,
              86,
              73,
              75,
              75,
              75,
              66,
              65
            ]
          },
          {
            "dow": "FRI",
            "hh": "08",
            "mm": "30",
            "congestionCar": [
              76,
              78,
              90,
              81,
              73,
              75,
              70,
              86,
              64,
              67
            ]
          },
          {
            "dow": "FRI",
            "hh": "08",
            "mm": "40",
            "congestionCar": [
              27,
              22,
              30,
              29,
              25,
              24,
              28,
              29,
              22,
              25
            ]
          },
          {
            "dow": "FRI",
            "hh": "08",
            "mm": "50",
            "congestionCar": [
              45,
              42,
              46,
              60,
              61,
              46,
              55,
              68,
              47,
              50
            ]
          }
        ]
      },
      {
        "startStationCode": "211",
        "startStationName": "성수역",
        "endStationCode": "211",
        "endStationName": "성수역",
        "prevStationCode": "218",
        "prevStationName": "종합운동장역",
        "updnLine": 1,
        "directAt": 0,
        "data": [
          {
            "dow": "FRI",
            "hh": "08",
            "mm": "00",
            "congestionCar": [
              35,
              41,
              45,
              49,
              45,
              52,
              53,
              44,
              41,
              44
            ]
          },
          {
            "dow": "FRI",
            "hh": "08",
            "mm": "10",
            "congestionCar": [
              67,
              82,
              97,
              95,
              101,
              97,
              107,
              102,
              80,
              72
            ]
          },
          {
            "dow": "FRI",
            "hh": "08",
            "mm": "20",
            "congestionCar": [
              135,
              122,
              167,
              170,
              183,
              151,
              173,
              158,
              117,
              115
            ]
          },
          {
            "dow": "FRI",
            "hh": "08",
            "mm": "30",
            "congestionCar": [
              137,
              143,
              163,
              169,
              165,
              184,
              164,
              159,
              127,
              129
            ]
          },
          {
            "dow": "FRI",
            "hh": "08",
            "mm": "40",
            "congestionCar": [
              103,
              107,
              113,
              113,
              117,
              129,
              123,
              112,
              90,
              82
            ]
          },
          {
            "dow": "FRI",
            "hh": "08",
            "mm": "50",
            "congestionCar": [
              90,
              92,
              94,
              113,
              95,
              120,
              119,
              92,
              74,
              72
            ]
          }
        ]
      },
      {
        "startStationCode": "211",
        "startStationName": "성수역",
        "endStationCode": "211-R",
        "endStationName": "성수역",
        "prevStationCode": "220",
        "prevStationName": "선릉역",
        "updnLine": 0,
        "directAt": 0,
        "data": [
          {
            "dow": "FRI",
            "hh": "08",
            "mm": "00",
            "congestionCar": [
              62,
              57,
              60,
              64,
              56,
              58,
              55,
              60,
              40,
              48
            ]
          },
          {
            "dow": "FRI",
            "hh": "08",
            "mm": "10",
            "congestionCar": [
              74,
              70,
              69,
              63,
              58,
              61,
              69,
              65,
              54,
              58
            ]
          },
          {
            "dow": "FRI",
            "hh": "08",
            "mm": "20",
            "congestionCar": [
              78,
              72,
              76,
              86,
              73,
              75,
              75,
              75,
              66,
              65
            ]
          },
          {
            "dow": "FRI",
            "hh": "08",
            "mm": "30",
            "congestionCar": [
              73,
              75,
              86,
              78,
              70,
              72,
              67,
              83,
              61,
              65
            ]
          },
          {
            "dow": "FRI",
            "hh": "08",
            "mm": "40",
            "congestionCar": [
              68,
              55,
              77,
              73,
              64,
              61,
              71,
              74,
              56,
              62
            ]
          },
          {
            "dow": "FRI",
            "hh": "08",
            "mm": "50",
            "congestionCar": [
              46,
              43,
              47,
              61,
              62,
              47,
              56,
              69,
              48,
              51
            ]
          }
        ]
      },
      {
        "startStationCode": "211",
        "startStationName": "성수역",
        "endStationCode": "211-R",
        "endStationName": "성수역",
        "prevStationCode": "218",
        "prevStationName": "종합운동장역",
        "updnLine": 1,
        "directAt": 0,
        "data": [
          {
            "dow": "FRI",
            "hh": "08",
            "mm": "00",
            "congestionCar": [
              66,
              77,
              85,
              92,
              84,
              96,
              99,
              83,
              76,
              83
            ]
          },
          {
            "dow": "FRI",
            "hh": "08",
            "mm": "10",
            "congestionCar": [
              80,
              97,
              116,
              113,
              121,
              115,
              127,
              121,
              95,
              86
            ]
          },
          {
            "dow": "FRI",
            "hh": "08",
            "mm": "20",
            "congestionCar": [
              111,
              100,
              136,
              139,
              150,
              123,
              142,
              129,
              96,
              94
            ]
          },
          {
            "dow": "FRI",
            "hh": "08",
            "mm": "30",
            "congestionCar": [
              109,
              114,
              131,
              135,
              132,
              147,
              131,
              127,
              101,
              103
            ]
          },
          {
            "dow": "FRI",
            "hh": "08",
            "mm": "40",
            "congestionCar": [
              118,
              123,
              130,
              130,
              134,
              148,
              141,
              128,
              104,
              94
            ]
          },
          {
            "dow": "FRI",
            "hh": "08",
            "mm": "50",
            "congestionCar": [
              83,
              85,
              87,
              104,
              88,
              111,
              110,
              85,
              69,
              66
            ]
          }
        ]
      },
      {
        "startStationCode": "211",
        "startStationName": "성수역",
        "endStationCode": "219",
        "endStationName": "삼성역",
        "prevStationCode": "220",
        "prevStationName": "선릉역",
        "updnLine": 0,
        "directAt": 0,
        "data": [
          {
            "dow": "FRI",
            "hh": "08",
            "mm": "00",
            "congestionCar": [
              64,
              58,
              61,
              65,
              57,
              59,
              56,
              61,
              41,
              49
            ]
          },
          {
            "dow": "FRI",
            "hh": "08",
            "mm": "10",
            "congestionCar": [
              79,
              74,
              73,
              67,
              61,
              65,
              74,
              69,
              57,
              62
            ]
          },
          {
            "dow": "FRI",
            "hh": "08",
            "mm": "20",
            "congestionCar": [
              78,
              72,
              76,
              86,
              73,
              75,
              75,
              75,
              66,
              65
            ]
          },
          {
            "dow": "FRI",
            "hh": "08",
            "mm": "30",
            "congestionCar": [
              76,
              78,
              90,
              81,
              73,
              75,
              70,
              86,
              64,
              67
            ]
          },
          {
            "dow": "FRI",
            "hh": "08",
            "mm": "40",
            "congestionCar": [
              67,
              54,
              76,
              72,
              63,
              60,
              70,
              72,
              55,
              61
            ]
          },
          {
            "dow": "FRI",
            "hh": "08",
            "mm": "50",
            "congestionCar": [
              46,
              43,
              47,
              61,
              62,
              47,
              56,
              69,
              48,
              51
            ]
          }
        ]
      },
      {
        "startStationCode": "211",
        "startStationName": "성수역",
        "endStationCode": "219",
        "endStationName": "삼성역",
        "prevStationCode": "218",
        "prevStationName": "종합운동장역",
        "updnLine": 1,
        "directAt": 0,
        "data": [
          {
            "dow": "FRI",
            "hh": "08",
            "mm": "00",
            "congestionCar": [
              64,
              75,
              83,
              90,
              82,
              94,
              97,
              81,
              74,
              81
            ]
          },
          {
            "dow": "FRI",
            "hh": "08",
            "mm": "10",
            "congestionCar": [
              74,
              90,
              107,
              105,
              112,
              106,
              118,
              112,
              88,
              79
            ]
          },
          {
            "dow": "FRI",
            "hh": "08",
            "mm": "20",
            "congestionCar": [
              109,
              99,
              134,
              137,
              147,
              121,
              140,
              127,
              94,
              92
            ]
          },
          {
            "dow": "FRI",
            "hh": "08",
            "mm": "30",
            "congestionCar": [
              115,
              121,
              138,
              142,
              139,
              155,
              139,
              134,
              107,
              109
            ]
          },
          {
            "dow": "FRI",
            "hh": "08",
            "mm": "40",
            "congestionCar": [
              111,
              116,
              123,
              123,
              127,
              140,
              134,
              121,
              98,
              89
            ]
          },
          {
            "dow": "FRI",
            "hh": "08",
            "mm": "50",
            "congestionCar": [
              81,
              83,
              85,
              102,
              86,
              109,
              107,
              83,
              67,
              65
            ]
          }
        ]
      },
      {
        "startStationCode": "211",
        "startStationName": "성수역",
        "endStationCode": "228",
        "endStationName": "서울대입구역",
        "prevStationCode": "218",
        "prevStationName": "종합운동장역",
        "updnLine": 1,
        "directAt": 0,
        "data": [
          {
            "dow": "FRI",
            "hh": "08",
            "mm": "00",
            "congestionCar": [
              64,
              75,
              83,
              90,
              82,
              94,
              97,
              81,
              74,
              81
            ]
          },
          {
            "dow": "FRI",
            "hh": "08",
            "mm": "10",
            "congestionCar": [
              74,
              90,
              107,
              105,
              112,
              106,
              118,
              112,
              88,
              79
            ]
          },
          {
            "dow": "FRI",
            "hh": "08",
            "mm": "20",
            "congestionCar": [
              109,
              99,
              134,
              137,
              147,
              121,
              140,
              127,
              94,
              92
            ]
          },
          {
            "dow": "FRI",
            "hh": "08",
            "mm": "30",
            "congestionCar": [
              115,
              121,
              138,
              142,
              139,
              155,
              139,
              134,
              107,
              109
            ]
          },
          {
            "dow": "FRI",
            "hh": "08",
            "mm": "40",
            "congestionCar": [
              111,
              116,
              123,
              123,
              127,
              140,
              134,
              121,
              98,
              89
            ]
          },
          {
            "dow": "FRI",
            "hh": "08",
            "mm": "50",
            "congestionCar": [
              81,
              83,
              85,
              102,
              86,
              109,
              107,
              83,
              67,
              65
            ]
          }
        ]
      },
      {
        "startStationCode": "211",
        "startStationName": "성수역",
        "endStationCode": "234",
        "endStationName": "신도림역",
        "prevStationCode": "218",
        "prevStationName": "종합운동장역",
        "updnLine": 1,
        "directAt": 0,
        "data": [
          {
            "dow": "FRI",
            "hh": "08",
            "mm": "00",
            "congestionCar": [
              64,
              75,
              83,
              90,
              82,
              94,
              97,
              81,
              74,
              81
            ]
          },
          {
            "dow": "FRI",
            "hh": "08",
            "mm": "10",
            "congestionCar": [
              74,
              90,
              107,
              105,
              112,
              106,
              118,
              112,
              88,
              79
            ]
          },
          {
            "dow": "FRI",
            "hh": "08",
            "mm": "20",
            "congestionCar": [
              109,
              99,
              134,
              137,
              147,
              121,
              140,
              127,
              94,
              92
            ]
          },
          {
            "dow": "FRI",
            "hh": "08",
            "mm": "30",
            "congestionCar": [
              115,
              121,
              138,
              142,
              139,
              155,
              139,
              134,
              107,
              109
            ]
          },
          {
            "dow": "FRI",
            "hh": "08",
            "mm": "40",
            "congestionCar": [
              111,
              116,
              123,
              123,
              127,
              140,
              134,
              121,
              98,
              89
            ]
          },
          {
            "dow": "FRI",
            "hh": "08",
            "mm": "50",
            "congestionCar": [
              81,
              83,
              85,
              102,
              86,
              109,
              107,
              83,
              67,
              65
            ]
          }
        ]
      },
      {
        "startStationCode": "211",
        "startStationName": "성수역",
        "endStationCode": "239",
        "endStationName": "홍대입구역",
        "prevStationCode": "218",
        "prevStationName": "종합운동장역",
        "updnLine": 1,
        "directAt": 0,
        "data": [
          {
            "dow": "FRI",
            "hh": "08",
            "mm": "00",
            "congestionCar": [
              64,
              75,
              83,
              90,
              82,
              94,
              97,
              81,
              74,
              81
            ]
          },
          {
            "dow": "FRI",
            "hh": "08",
            "mm": "10",
            "congestionCar": [
              74,
              90,
              107,
              105,
              112,
              106,
              118,
              112,
              88,
              79
            ]
          },
          {
            "dow": "FRI",
            "hh": "08",
            "mm": "20",
            "congestionCar": [
              109,
              99,
              134,
              137,
              147,
              121,
              140,
              127,
              94,
              92
            ]
          },
          {
            "dow": "FRI",
            "hh": "08",
            "mm": "30",
            "congestionCar": [
              115,
              121,
              138,
              142,
              139,
              155,
              139,
              134,
              107,
              109
            ]
          },
          {
            "dow": "FRI",
            "hh": "08",
            "mm": "40",
            "congestionCar": [
              111,
              116,
              123,
              123,
              127,
              140,
              134,
              121,
              98,
              89
            ]
          },
          {
            "dow": "FRI",
            "hh": "08",
            "mm": "50",
            "congestionCar": [
              81,
              83,
              85,
              102,
              86,
              109,
              107,
              83,
              67,
              65
            ]
          }
        ]
      },
      {
        "startStationCode": "228",
        "startStationName": "서울대입구역",
        "endStationCode": "211",
        "endStationName": "성수역",
        "prevStationCode": "220",
        "prevStationName": "선릉역",
        "updnLine": 0,
        "directAt": 0,
        "data": [
          {
            "dow": "FRI",
            "hh": "08",
            "mm": "00",
            "congestionCar": [
              64,
              58,
              61,
              65,
              57,
              59,
              56,
              61,
              41,
              49
            ]
          },
          {
            "dow": "FRI",
            "hh": "08",
            "mm": "10",
            "congestionCar": [
              79,
              74,
              73,
              67,
              61,
              65,
              74,
              69,
              57,
              62
            ]
          },
          {
            "dow": "FRI",
            "hh": "08",
            "mm": "20",
            "congestionCar": [
              78,
              72,
              76,
              86,
              73,
              75,
              75,
              75,
              66,
              65
            ]
          },
          {
            "dow": "FRI",
            "hh": "08",
            "mm": "30",
            "congestionCar": [
              76,
              78,
              90,
              81,
              73,
              75,
              70,
              86,
              64,
              67
            ]
          },
          {
            "dow": "FRI",
            "hh": "08",
            "mm": "40",
            "congestionCar": [
              67,
              54,
              76,
              72,
              63,
              60,
              70,
              72,
              55,
              61
            ]
          },
          {
            "dow": "FRI",
            "hh": "08",
            "mm": "50",
            "congestionCar": [
              46,
              43,
              47,
              61,
              62,
              47,
              56,
              69,
              48,
              51
            ]
          }
        ]
      },
      {
        "startStationCode": "228",
        "startStationName": "서울대입구역",
        "endStationCode": "211-R",
        "endStationName": "성수역",
        "prevStationCode": "220",
        "prevStationName": "선릉역",
        "updnLine": 0,
        "directAt": 0,
        "data": [
          {
            "dow": "FRI",
            "hh": "08",
            "mm": "00",
            "congestionCar": [
              64,
              58,
              61,
              65,
              57,
              59,
              56,
              61,
              41,
              49
            ]
          },
          {
            "dow": "FRI",
            "hh": "08",
            "mm": "10",
            "congestionCar": [
              79,
              74,
              73,
              67,
              61,
              65,
              74,
              69,
              57,
              62
            ]
          },
          {
            "dow": "FRI",
            "hh": "08",
            "mm": "20",
            "congestionCar": [
              78,
              72,
              76,
              86,
              73,
              75,
              75,
              75,
              66,
              65
            ]
          },
          {
            "dow": "FRI",
            "hh": "08",
            "mm": "30",
            "congestionCar": [
              76,
              78,
              90,
              81,
              73,
              75,
              70,
              86,
              64,
              67
            ]
          },
          {
            "dow": "FRI",
            "hh": "08",
            "mm": "40",
            "congestionCar": [
              67,
              54,
              76,
              72,
              63,
              60,
              70,
              72,
              55,
              61
            ]
          },
          {
            "dow": "FRI",
            "hh": "08",
            "mm": "50",
            "congestionCar": [
              46,
              43,
              47,
              61,
              62,
              47,
              56,
              69,
              48,
              51
            ]
          }
        ]
      },
      {
        "startStationCode": "234",
        "startStationName": "신도림역",
        "endStationCode": "211",
        "endStationName": "성수역",
        "prevStationCode": "220",
        "prevStationName": "선릉역",
        "updnLine": 0,
        "directAt": 0,
        "data": [
          {
            "dow": "FRI",
            "hh": "08",
            "mm": "00",
            "congestionCar": [
              64,
              58,
              61,
              65,
              57,
              59,
              56,
              61,
              41,
              49
            ]
          },
          {
            "dow": "FRI",
            "hh": "08",
            "mm": "10",
            "congestionCar": [
              79,
              74,
              73,
              67,
              61,
              65,
              74,
              69,
              57,
              62
            ]
          },
          {
            "dow": "FRI",
            "hh": "08",
            "mm": "20",
            "congestionCar": [
              78,
              72,
              76,
              86,
              73,
              75,
              75,
              75,
              66,
              65
            ]
          },
          {
            "dow": "FRI",
            "hh": "08",
            "mm": "30",
            "congestionCar": [
              76,
              78,
              90,
              81,
              73,
              75,
              70,
              86,
              64,
              67
            ]
          },
          {
            "dow": "FRI",
            "hh": "08",
            "mm": "40",
            "congestionCar": [
              67,
              54,
              76,
              72,
              63,
              60,
              70,
              72,
              55,
              61
            ]
          },
          {
            "dow": "FRI",
            "hh": "08",
            "mm": "50",
            "congestionCar": [
              46,
              43,
              47,
              61,
              62,
              47,
              56,
              69,
              48,
              51
            ]
          }
        ]
      },
      {
        "startStationCode": "234",
        "startStationName": "신도림역",
        "endStationCode": "211-R",
        "endStationName": "성수역",
        "prevStationCode": "220",
        "prevStationName": "선릉역",
        "updnLine": 0,
        "directAt": 0,
        "data": [
          {
            "dow": "FRI",
            "hh": "08",
            "mm": "00",
            "congestionCar": [
              76,
              69,
              73,
              77,
              68,
              70,
              67,
              73,
              49,
              59
            ]
          },
          {
            "dow": "FRI",
            "hh": "08",
            "mm": "10",
            "congestionCar": [
              96,
              90,
              89,
              81,
              75,
              79,
              90,
              84,
              69,
              76
            ]
          },
          {
            "dow": "FRI",
            "hh": "08",
            "mm": "20",
            "congestionCar": [
              82,
              76,
              80,
              91,
              77,
              79,
              79,
              79,
              69,
              68
            ]
          },
          {
            "dow": "FRI",
            "hh": "08",
            "mm": "30",
            "congestionCar": [
              82,
              84,
              97,
              88,
              79,
              81,
              76,
              93,
              69,
              73
            ]
          },
          {
            "dow": "FRI",
            "hh": "08",
            "mm": "40",
            "congestionCar": [
              70,
              56,
              79,
              76,
              66,
              62,
              73,
              76,
              58,
              64
            ]
          },
          {
            "dow": "FRI",
            "hh": "08",
            "mm": "50",
            "congestionCar": [
              47,
              44,
              49,
              63,
              65,
              49,
              58,
              72,
              50,
              53
            ]
          }
        ]
      },
      {
        "startStationCode": "239",
        "startStationName": "홍대입구역",
        "endStationCode": "211",
        "endStationName": "성수역",
        "prevStationCode": "220",
        "prevStationName": "선릉역",
        "updnLine": 0,
        "directAt": 0,
        "data": [
          {
            "dow": "FRI",
            "hh": "08",
            "mm": "00",
            "congestionCar": [
              64,
              58,
              61,
              65,
              57,
              59,
              56,
              61,
              41,
              49
            ]
          },
          {
            "dow": "FRI",
            "hh": "08",
            "mm": "10",
            "congestionCar": [
              79,
              74,
              73,
              67,
              61,
              65,
              74,
              69,
              57,
              62
            ]
          },
          {
            "dow": "FRI",
            "hh": "08",
            "mm": "20",
            "congestionCar": [
              78,
              72,
              76,
              86,
              73,
              75,
              75,
              75,
              66,
              65
            ]
          },
          {
            "dow": "FRI",
            "hh": "08",
            "mm": "30",
            "congestionCar": [
              76,
              78,
              90,
              81,
              73,
              75,
              70,
              86,
              64,
              67
            ]
          },
          {
            "dow": "FRI",
            "hh": "08",
            "mm": "40",
            "congestionCar": [
              67,
              54,
              76,
              72,
              63,
              60,
              70,
              72,
              55,
              61
            ]
          },
          {
            "dow": "FRI",
            "hh": "08",
            "mm": "50",
            "congestionCar": [
              46,
              43,
              47,
              61,
              62,
              47,
              56,
              69,
              48,
              51
            ]
          }
        ]
      },
      {
        "startStationCode": "239",
        "startStationName": "홍대입구역",
        "endStationCode": "211-R",
        "endStationName": "성수역",
        "prevStationCode": "220",
        "prevStationName": "선릉역",
        "updnLine": 0,
        "directAt": 0,
        "data": [
          {
            "dow": "FRI",
            "hh": "08",
            "mm": "00",
            "congestionCar": [
              64,
              58,
              61,
              65,
              57,
              59,
              56,
              61,
              41,
              49
            ]
          },
          {
            "dow": "FRI",
            "hh": "08",
            "mm": "10",
            "congestionCar": [
              79,
              74,
              73,
              67,
              61,
              65,
              74,
              69,
              57,
              62
            ]
          },
          {
            "dow": "FRI",
            "hh": "08",
            "mm": "20",
            "congestionCar": [
              78,
              72,
              76,
              86,
              73,
              75,
              75,
              75,
              66,
              65
            ]
          },
          {
            "dow": "FRI",
            "hh": "08",
            "mm": "30",
            "congestionCar": [
              76,
              78,
              90,
              81,
              73,
              75,
              70,
              86,
              64,
              67
            ]
          },
          {
            "dow": "FRI",
            "hh": "08",
            "mm": "40",
            "congestionCar": [
              67,
              54,
              76,
              72,
              63,
              60,
              70,
              72,
              55,
              61
            ]
          },
          {
            "dow": "FRI",
            "hh": "08",
            "mm": "50",
            "congestionCar": [
              46,
              43,
              47,
              61,
              62,
              47,
              56,
              69,
              48,
              51
            ]
          }
        ]
      }
    ],
    "statStartDate": "20230923",
    "statEndDate": "20231222"
  }
}