{
  "status": {
    "code": "00",
    "message": "success",
    "totalCount": 1
  },
  "contents": {
    "subwayLine": "2호선",
    "stationName": "충정로역",
    "stationCode": "243",
    "stat": [
      {
        "startStationCode": "202",
        "startStationName": "을지로입구역",
        "endStationCode": "211",
        "endStationName": "성수역",
        "prevStationCode": "201",
        "prevStationName": "시청역",
        "updnLine": 0,
        "directAt": 0,
        "data": [
          {
            "dow": "FRI",
            "hh": "08",
            "mm": "00",
            "congestionCar": [
              26,
              37,
              40,
              46,
              44,
              39,
              31,
              40,
              33,
              24
            ]
          },
          {
            "dow": "FRI",
            "hh": "08",
            "mm": "10",
            "congestionCar": [
              28,
              39,
              39,
              44,
              41,
              41,
              39,
              47,
              32,
              29
            ]
          },
          {
            "dow": "FRI",
            "hh": "08",
            "mm": "20",
            "congestionCar": [
              26,
              30,
              38,
              38,
              41,
              39,
              36,
              40,
              43,
              29
            ]
          },
          {
            "dow": "FRI",
            "hh": "08",
            "mm": "30",
            "congestionCar": [
              31,
              30,
              39,
              42,
              50,
              46,
              37,
              54,
              40,
              31
            ]
          },
          {
            "dow": "FRI",
            "hh": "08",
            "mm": "40",
            "congestionCar": [
              23,
              25,
              38,
              40,
              35,
              37,
              34,
              37,
              28,
              23
            ]
          },
          {
            "dow": "FRI",
            "hh": "08",
            "mm": "50",
            "congestionCar": [
              19,
              24,
              27,
              29,
              24,
              29,
              27,
              28,
              27,
              15
            ]
          }
        ]
      },
      {
        "startStationCode": "202",
        "startStationName": "을지로입구역",
        "endStationCode": "211-R",
        "endStationName": "성수역",
        "prevStationCode": "201",
        "prevStationName": "시청역",
        "updnLine": 0,
        "directAt": 0,
        "data": [
          {
            "dow": "FRI",
            "hh": "08",
            "mm": "00",
            "congestionCar": [
              26,
              37,
              40,
              46,
              44,
              39,
              31,
              40,
              33,
              24
            ]
          },
          {
            "dow": "FRI",
            "hh": "08",
            "mm": "10",
            "congestionCar": [
              28,
              39,
              39,
              44,
              41,
              41,
              39,
              47,
              32,
              29
            ]
          },
          {
            "dow": "FRI",
            "hh": "08",
            "mm": "20",
            "congestionCar": [
              26,
              30,
              38,
              38,
              41,
              39,
              36,
              40,
              43,
              29
            ]
          },
          {
            "dow": "FRI",
            "hh": "08",
            "mm": "30",
            "congestionCar": [
              31,
              30,
              39,
              42,
              50,
              46,
              37,
              54,
              40,
              31
            ]
          },
          {
            "dow": "FRI",
            "hh": "08",
            "mm": "40",
            "congestionCar": [
              23,
              25,
              38,
              40,
              35,
              37,
              34,
              37,
              28,
              23
            ]
          },
          {
            "dow": "FRI",
            "hh": "08",
            "mm": "50",
            "congestionCar": [
              19,
              24,
              27,
              29,
              24,
              29,
              27,
              28,
              27,
              15
            ]
          }
        ]
      },
      {
        "startStationCode": "211",
        "startStationName": "성수역",
        "endStationCode": "202",
        "endStationName": "을지로입구역",
        "prevStationCode": "242",
        "prevStationName": "아현역",
        "updnLine": 1,
        "directAt": 0,
        "data": [
          {
            "dow": "FRI",
            "hh": "08",
            "mm": "00",
            "congestionCar": [
              119,
              100,
              96,
              110,
              100,
              90,
              94,
              85,
              74,
              82
            ]
          },
          {
            "dow": "FRI",
            "hh": "08",
            "mm": "10",
            "congestionCar": [
              154,
              131,
              137,
              155,
              147,
              130,
              125,
              127,
              113,
              109
            ]
          },
          {
            "dow": "FRI",
            "hh": "08",
            "mm": "20",
            "congestionCar": [
              161,
              141,
              155,
              170,
              150,
              148,
              135,
              154,
              129,
              146
            ]
          },
          {
            "dow": "FRI",
            "hh": "08",
            "mm": "30",
            "congestionCar": [
              169,
              155,
              158,
              188,
              169,
              171,
              176,
              168,
              145,
              132
            ]
          },
          {
            "dow": "FRI",
            "hh": "08",
            "mm": "40",
            "congestionCar": [
              171,
              139,
              122,
              135,
              117,
              125,
              128,
              116,
              98,
              99
            ]
          },
          {
            "dow": "FRI",
            "hh": "08",
            "mm": "50",
            "congestionCar": [
              97,
              69,
              57,
              60,
              63,
              60,
              53,
              55,
              58,
              49
            ]
          }
        ]
      },
      {
        "startStationCode": "211",
        "startStationName": "성수역",
        "endStationCode": "211",
        "endStationName": "성수역",
        "prevStationCode": "201",
        "prevStationName": "시청역",
        "updnLine": 0,
        "directAt": 0,
        "data": [
          {
            "dow": "FRI",
            "hh": "08",
            "mm": "00",
            "congestionCar": [
              14,
              19,
              21,
              24,
              23,
              20,
              16,
              21,
              18,
              13
            ]
          },
          {
            "dow": "FRI",
            "hh": "08",
            "mm": "10",
            "congestionCar": [
              29,
              40,
              40,
              45,
              42,
              42,
              40,
              48,
              33,
              29
            ]
          },
          {
            "dow": "FRI",
            "hh": "08",
            "mm": "20",
            "congestionCar": [
              29,
              34,
              43,
              43,
              45,
              43,
              40,
              45,
              47,
              32
            ]
          },
          {
            "dow": "FRI",
            "hh": "08",
            "mm": "30",
            "congestionCar": [
              32,
              32,
              41,
              44,
              53,
              48,
              39,
              56,
              42,
              32
            ]
          },
          {
            "dow": "FRI",
            "hh": "08",
            "mm": "40",
            "congestionCar": [
              19,
              21,
              32,
              33,
              30,
              31,
              29,
              31,
              24,
              20
            ]
          },
          {
            "dow": "FRI",
            "hh": "08",
            "mm": "50",
            "congestionCar": [
              17,
              21,
              24,
              25,
              21,
              26,
              24,
              25,
              24,
              14
            ]
          }
        ]
      },
      {
        "startStationCode": "211",
        "startStationName": "성수역",
        "endStationCode": "211",
        "endStationName": "성수역",
        "prevStationCode": "242",
        "prevStationName": "아현역",
        "updnLine": 1,
        "directAt": 0,
        "data": [
          {
            "dow": "FRI",
            "hh": "08",
            "mm": "00",
            "congestionCar": [
              119,
              100,
              96,
              110,
              100,
              90,
              94,
              85,
              74,
              82
            ]
          },
          {
            "dow": "FRI",
            "hh": "08",
            "mm": "10",
            "congestionCar": [
              154,
              131,
              137,
              155,
              147,
              130,
              125,
              127,
              113,
              109
            ]
          },
          {
            "dow": "FRI",
            "hh": "08",
            "mm": "20",
            "congestionCar": [
              161,
              141,
              155,
              170,
              150,
              148,
              135,
              154,
              129,
              146
            ]
          },
          {
            "dow": "FRI",
            "hh": "08",
            "mm": "30",
            "congestionCar": [
              169,
              155,
              158,
              188,
              169,
              171,
              176,
              168,
              145,
              132
            ]
          },
          {
            "dow": "FRI",
            "hh": "08",
            "mm": "40",
            "congestionCar": [
              171,
              139,
              122,
              135,
              117,
              125,
              128,
              116,
              98,
              99
            ]
          },
          {
            "dow": "FRI",
            "hh": "08",
            "mm": "50",
            "congestionCar": [
              97,
              69,
              57,
              60,
              63,
              60,
              53,
              55,
              58,
              49
            ]
          }
        ]
      },
      {
        "startStationCode": "211",
        "startStationName": "성수역",
        "endStationCode": "211-R",
        "endStationName": "성수역",
        "prevStationCode": "201",
        "prevStationName": "시청역",
        "updnLine": 0,
        "directAt": 0,
        "data": [
          {
            "dow": "FRI",
            "hh": "08",
            "mm": "00",
            "congestionCar": [
              27,
              38,
              41,
              47,
              45,
              40,
              32,
              41,
              34,
              25
            ]
          },
          {
            "dow": "FRI",
            "hh": "08",
            "mm": "10",
            "congestionCar": [
              29,
              40,
              40,
              45,
              42,
              42,
              40,
              48,
              33,
              29
            ]
          },
          {
            "dow": "FRI",
            "hh": "08",
            "mm": "20",
            "congestionCar": [
              26,
              30,
              38,
              38,
              41,
              39,
              36,
              40,
              43,
              29
            ]
          },
          {
            "dow": "FRI",
            "hh": "08",
            "mm": "30",
            "congestionCar": [
              30,
              29,
              38,
              41,
              49,
              45,
              36,
              52,
              39,
              30
            ]
          },
          {
            "dow": "FRI",
            "hh": "08",
            "mm": "40",
            "congestionCar": [
              22,
              24,
              37,
              38,
              34,
              36,
              33,
              36,
              27,
              22
            ]
          },
          {
            "dow": "FRI",
            "hh": "08",
            "mm": "50",
            "congestionCar": [
              19,
              24,
              27,
              29,
              24,
              29,
              27,
              28,
              27,
              15
            ]
          }
        ]
      },
      {
        "startStationCode": "211",
        "startStationName": "성수역",
        "endStationCode": "211-R",
        "endStationName": "성수역",
        "prevStationCode": "242",
        "prevStationName": "아현역",
        "updnLine": 1,
        "directAt": 0,
        "data": [
          {
            "dow": "FRI",
            "hh": "08",
            "mm": "00",
            "congestionCar": [
              129,
              108,
              104,
              120,
              109,
              98,
              101,
              92,
              80,
              89
            ]
          },
          {
            "dow": "FRI",
            "hh": "08",
            "mm": "10",
            "congestionCar": [
              154,
              131,
              137,
              155,
              147,
              130,
              125,
              127,
              113,
              109
            ]
          },
          {
            "dow": "FRI",
            "hh": "08",
            "mm": "20",
            "congestionCar": [
              161,
              141,
              155,
              170,
              150,
              148,
              135,
              154,
              129,
              146
            ]
          },
          {
            "dow": "FRI",
            "hh": "08",
            "mm": "30",
            "congestionCar": [
              169,
              155,
              158,
              188,
              169,
              171,
              176,
              168,
              145,
              132
            ]
          },
          {
            "dow": "FRI",
            "hh": "08",
            "mm": "40",
            "congestionCar": [
              171,
              139,
              122,
              135,
              117,
              125,
              128,
              116,
              98,
              99
            ]
          },
          {
            "dow": "FRI",
            "hh": "08",
            "mm": "50",
            "congestionCar": [
              100,
              71,
              59,
              62,
              66,
              62,
              55,
              56,
              59,
              51
            ]
          }
        ]
      },
      {
        "startStationCode": "211",
        "startStationName": "성수역",
        "endStationCode": "219",
        "endStationName": "삼성역",
        "prevStationCode": "201",
        "prevStationName": "시청역",
        "updnLine": 0,
        "directAt": 0,
        "data": [
          {
            "dow": "FRI",
            "hh": "08",
            "mm": "00",
            "congestionCar": [
              26,
              37,
              40,
              46,
              44,
              39,
              31,
              40,
              33,
              24
            ]
          },
          {
            "dow": "FRI",
            "hh": "08",
            "mm": "10",
            "congestionCar": [
              28,
              39,
              39,
              44,
              41,
              41,
              39,
              47,
              32,
              29
            ]
          },
          {
            "dow": "FRI",
            "hh": "08",
            "mm": "20",
            "congestionCar": [
              26,
              30,
              38,
              38,
              41,
              39,
              36,
              40,
              43,
              29
            ]
          },
          {
            "dow": "FRI",
            "hh": "08",
            "mm": "30",
            "congestionCar": [
              31,
              30,
              39,
              42,
              50,
              46,
              37,
              54,
              40,
              31
            ]
          },
          {
            "dow": "FRI",
            "hh": "08",
            "mm": "40",
            "congestionCar": [
              23,
              25,
              38,
              40,
              35,
              37,
              34,
              37,
              28,
              23
            ]
          },
          {
            "dow": "FRI",
            "hh": "08",
            "mm": "50",
            "congestionCar": [
              19,
              24,
              27,
              29,
              24,
              29,
              27,
              28,
              27,
              15
            ]
          }
        ]
      },
      {
        "startStationCode": "211",
        "startStationName": "성수역",
        "endStationCode": "228",
        "endStationName": "서울대입구역",
        "prevStationCode": "201",
        "prevStationName": "시청역",
        "updnLine": 0,
        "directAt": 0,
        "data": [
          {
            "dow": "FRI",
            "hh": "08",
            "mm": "00",
            "congestionCar": [
              26,
              37,
              40,
              46,
              44,
              39,
              31,
              40,
              33,
              24
            ]
          },
          {
            "dow": "FRI",
            "hh": "08",
            "mm": "10",
            "congestionCar": [
              28,
              39,
              39,
              44,
              41,
              41,
              39,
              47,
              32,
              29
            ]
          },
          {
            "dow": "FRI",
            "hh": "08",
            "mm": "20",
            "congestionCar": [
              26,
              30,
              38,
              38,
              41,
              39,
              36,
              40,
              43,
              29
            ]
          },
          {
            "dow": "FRI",
            "hh": "08",
            "mm": "30",
            "congestionCar": [
              31,
              30,
              39,
              42,
              50,
              46,
              37,
              54,
              40,
              31
            ]
          },
          {
            "dow": "FRI",
            "hh": "08",
            "mm": "40",
            "congestionCar": [
              23,
              25,
              38,
              40,
              35,
              37,
              34,
              37,
              28,
              23
            ]
          },
          {
            "dow": "FRI",
            "hh": "08",
            "mm": "50",
            "congestionCar": [
              19,
              24,
              27,
              29,
              24,
              29,
              27,
              28,
              27,
              15
            ]
          }
        ]
      },
      {
        "startStationCode": "211",
        "startStationName": "성수역",
        "endStationCode": "234",
        "endStationName": "신도림역",
        "prevStationCode": "201",
        "prevStationName": "시청역",
        "updnLine": 0,
        "directAt": 0,
        "data": [
          {
            "dow": "FRI",
            "hh": "08",
            "mm": "00",
            "congestionCar": [
              26,
              37,
              40,
              46,
              44,
              39,
              31,
              40,
              33,
              24
            ]
          },
          {
            "dow": "FRI",
            "hh": "08",
            "mm": "10",
            "congestionCar": [
              28,
              39,
              39,
              44,
              41,
              41,
              39,
              47,
              32,
              29
            ]
          },
          {
            "dow": "FRI",
            "hh": "08",
            "mm": "20",
            "congestionCar": [
              16,
              19,
              23,
              23,
              25,
              24,
              22,
              25,
              26,
              18
            ]
          },
          {
            "dow": "FRI",
            "hh": "08",
            "mm": "30",
            "congestionCar": [
              34,
              33,
              43,
              46,
              55,
              51,
              40,
              59,
              44,
              34
            ]
          },
          {
            "dow": "FRI",
            "hh": "08",
            "mm": "40",
            "congestionCar": [
              29,
              31,
              47,
              50,
              44,
              46,
              43,
              46,
              35,
              29
            ]
          },
          {
            "dow": "FRI",
            "hh": "08",
            "mm": "50",
            "congestionCar": [
              21,
              26,
              30,
              31,
              25,
              31,
              29,
              30,
              29,
              17
            ]
          }
        ]
      },
      {
        "startStationCode": "211",
        "startStationName": "성수역",
        "endStationCode": "239",
        "endStationName": "홍대입구역",
        "prevStationCode": "201",
        "prevStationName": "시청역",
        "updnLine": 0,
        "directAt": 0,
        "data": [
          {
            "dow": "FRI",
            "hh": "08",
            "mm": "00",
            "congestionCar": [
              26,
              37,
              40,
              46,
              44,
              39,
              31,
              40,
              33,
              24
            ]
          },
          {
            "dow": "FRI",
            "hh": "08",
            "mm": "10",
            "congestionCar": [
              28,
              39,
              39,
              44,
              41,
              41,
              39,
              47,
              32,
              29
            ]
          },
          {
            "dow": "FRI",
            "hh": "08",
            "mm": "20",
            "congestionCar": [
              26,
              30,
              38,
              38,
              41,
              39,
              36,
              40,
              43,
              29
            ]
          },
          {
            "dow": "FRI",
            "hh": "08",
            "mm": "30",
            "congestionCar": [
              31,
              30,
              39,
              42,
              50,
              46,
              37,
              54,
              40,
              31
            ]
          },
          {
            "dow": "FRI",
            "hh": "08",
            "mm": "40",
            "congestionCar": [
              23,
              25,
              38,
              40,
              35,
              37,
              34,
              37,
              28,
              23
            ]
          },
          {
            "dow": "FRI",
            "hh": "08",
            "mm": "50",
            "congestionCar": [
              19,
              24,
              27,
              29,
              24,
              29,
              27,
              28,
              27,
              15
            ]
          }
        ]
      },
      {
        "startStationCode": "219",
        "startStationName": "삼성역",
        "endStationCode": "211-R",
        "endStationName": "성수역",
        "prevStationCode": "242",
        "prevStationName": "아현역",
        "updnLine": 1,
        "directAt": 0,
        "data": [
          {
            "dow": "FRI",
            "hh": "08",
            "mm": "00",
            "congestionCar": [
              119,
              100,
              96,
              110,
              100,
              90,
              94,
              85,
              74,
              82
            ]
          },
          {
            "dow": "FRI",
            "hh": "08",
            "mm": "10",
            "congestionCar": [
              154,
              131,
              137,
              155,
              147,
              130,
              125,
              127,
              113,
              109
            ]
          },
          {
            "dow": "FRI",
            "hh": "08",
            "mm": "20",
            "congestionCar": [
              161,
              141,
              155,
              170,
              150,
              148,
              135,
              154,
              129,
              146
            ]
          },
          {
            "dow": "FRI",
            "hh": "08",
            "mm": "30",
            "congestionCar": [
              169,
              155,
              158,
              188,
              169,
              171,
              176,
              168,
              145,
              132
            ]
          },
          {
            "dow": "FRI",
            "hh": "08",
            "mm": "40",
            "congestionCar": [
              171,
              139,
              122,
              135,
              117,
              125,
              128,
              116,
              98,
              99
            ]
          },
          {
            "dow": "FRI",
            "hh": "08",
            "mm": "50",
            "congestionCar": [
              97,
              69,
              57,
              60,
              63,
              60,
              53,
              55,
              58,
              49
            ]
          }
        ]
      },
      {
        "startStationCode": "228",
        "startStationName": "서울대입구역",
        "endStationCode": "211",
        "endStationName": "성수역",
        "prevStationCode": "242",
        "prevStationName": "아현역",
        "updnLine": 1,
        "directAt": 0,
        "data": [
          {
            "dow": "FRI",
            "hh": "08",
            "mm": "00",
            "congestionCar": [
              119,
              100,
              96,
              110,
              100,
              90,
              94,
              85,
              74,
              82
            ]
          },
          {
            "dow": "FRI",
            "hh": "08",
            "mm": "10",
            "congestionCar": [
              154,
              131,
              137,
              155,
              147,
              130,
              125,
              127,
              113,
              109
            ]
          },
          {
            "dow": "FRI",
            "hh": "08",
            "mm": "20",
            "congestionCar": [
              161,
              141,
              155,
              170,
              150,
              148,
              135,
              154,
              129,
              146
            ]
          },
          {
            "dow": "FRI",
            "hh": "08",
            "mm": "30",
            "congestionCar": [
              169,
              155,
              158,
              188,
              169,
              171,
              176,
              168,
              145,
              132
            ]
          },
          {
            "dow": "FRI",
            "hh": "08",
            "mm": "40",
            "congestionCar": [
              171,
              139,
              122,
              135,
              117,
              125,
              128,
              116,
              98,
              99
            ]
          },
          {
            "dow": "FRI",
            "hh": "08",
            "mm": "50",
            "congestionCar": [
              97,
              69,
              57,
              60,
              63,
              60,
              53,
              55,
              58,
              49
            ]
          }
        ]
      },
      {
        "startStationCode": "228",
        "startStationName": "서울대입구역",
        "endStationCode": "211-R",
        "endStationName": "성수역",
        "prevStationCode": "242",
        "prevStationName": "아현역",
        "updnLine": 1,
        "directAt": 0,
        "data": [
          {
            "dow": "FRI",
            "hh": "08",
            "mm": "00",
            "congestionCar": [
              119,
              100,
              96,
              110,
              100,
              90,
              94,
              85,
              74,
              82
            ]
          },
          {
            "dow": "FRI",
            "hh": "08",
            "mm": "10",
            "congestionCar": [
              154,
              131,
              137,
              155,
              147,
              130,
              125,
              127,
              113,
              109
            ]
          },
          {
            "dow": "FRI",
            "hh": "08",
            "mm": "20",
            "congestionCar": [
              161,
              141,
              155,
              170,
              150,
              148,
              135,
              154,
              129,
              146
            ]
          },
          {
            "dow": "FRI",
            "hh": "08",
            "mm": "30",
            "congestionCar": [
              169,
              155,
              158,
              188,
              169,
              171,
              176,
              168,
              145,
              132
            ]
          },
          {
            "dow": "FRI",
            "hh": "08",
            "mm": "40",
            "congestionCar": [
              171,
              139,
              122,
              135,
              117,
              125,
              128,
              116,
              98,
              99
            ]
          },
          {
            "dow": "FRI",
            "hh": "08",
            "mm": "50",
            "congestionCar": [
              97,
              69,
              57,
              60,
              63,
              60,
              53,
              55,
              58,
              49
            ]
          }
        ]
      },
      {
        "startStationCode": "234",
        "startStationName": "신도림역",
        "endStationCode": "211",
        "endStationName": "성수역",
        "prevStationCode": "242",
        "prevStationName": "아현역",
        "updnLine": 1,
        "directAt": 0,
        "data": [
          {
            "dow": "FRI",
            "hh": "08",
            "mm": "00",
            "congestionCar": [
              119,
              100,
              96,
              110,
              100,
              90,
              94,
              85,
              74,
              82
            ]
          },
          {
            "dow": "FRI",
            "hh": "08",
            "mm": "10",
            "congestionCar": [
              154,
              131,
              137,
              155,
              147,
              130,
              125,
              127,
              113,
              109
            ]
          },
          {
            "dow": "FRI",
            "hh": "08",
            "mm": "20",
            "congestionCar": [
              161,
              141,
              155,
              170,
              150,
              148,
              135,
              154,
              129,
              146
            ]
          },
          {
            "dow": "FRI",
            "hh": "08",
            "mm": "30",
            "congestionCar": [
              169,
              155,
              158,
              188,
              169,
              171,
              176,
              168,
              145,
              132
            ]
          },
          {
            "dow": "FRI",
            "hh": "08",
            "mm": "40",
            "congestionCar": [
              171,
              139,
              122,
              135,
              117,
              125,
              128,
              116,
              98,
              99
            ]
          },
          {
            "dow": "FRI",
            "hh": "08",
            "mm": "50",
            "congestionCar": [
              97,
              69,
              57,
              60,
              63,
              60,
              53,
              55,
              58,
              49
            ]
          }
        ]
      },
      {
        "startStationCode": "234",
        "startStationName": "신도림역",
        "endStationCode": "211-R",
        "endStationName": "성수역",
        "prevStationCode": "242",
        "prevStationName": "아현역",
        "updnLine": 1,
        "directAt": 0,
        "data": [
          {
            "dow": "FRI",
            "hh": "08",
            "mm": "00",
            "congestionCar": [
              97,
              81,
              78,
              90,
              81,
              73,
              76,
              69,
              60,
              66
            ]
          },
          {
            "dow": "FRI",
            "hh": "08",
            "mm": "10",
            "congestionCar": [
              45,
              38,
              40,
              45,
              43,
              38,
              37,
              37,
              33,
              32
            ]
          },
          {
            "dow": "FRI",
            "hh": "08",
            "mm": "20",
            "congestionCar": [
              161,
              141,
              155,
              170,
              150,
              148,
              135,
              154,
              129,
              146
            ]
          },
          {
            "dow": "FRI",
            "hh": "08",
            "mm": "30",
            "congestionCar": [
              169,
              155,
              158,
              188,
              169,
              171,
              176,
              168,
              145,
              132
            ]
          },
          {
            "dow": "FRI",
            "hh": "08",
            "mm": "40",
            "congestionCar": [
              171,
              139,
              122,
              135,
              117,
              125,
              128,
              116,
              98,
              99
            ]
          },
          {
            "dow": "FRI",
            "hh": "08",
            "mm": "50",
            "congestionCar": [
              97,
              69,
              57,
              60,
              63,
              60,
              53,
              55,
              58,
              49
            ]
          }
        ]
      },
      {
        "startStationCode": "239",
        "startStationName": "홍대입구역",
        "endStationCode": "211",
        "endStationName": "성수역",
        "prevStationCode": "242",
        "prevStationName": "아현역",
        "updnLine": 1,
        "directAt": 0,
        "data": [
          {
            "dow": "FRI",
            "hh": "08",
            "mm": "00",
            "congestionCar": [
              119,
              100,
              96,
              110,
              100,
              90,
              94,
              85,
              74,
              82
            ]
          },
          {
            "dow": "FRI",
            "hh": "08",
            "mm": "10",
            "congestionCar": [
              154,
              131,
              137,
              155,
              147,
              130,
              125,
              127,
              113,
              109
            ]
          },
          {
            "dow": "FRI",
            "hh": "08",
            "mm": "20",
            "congestionCar": [
              161,
              141,
              155,
              170,
              150,
              148,
              135,
              154,
              129,
              146
            ]
          },
          {
            "dow": "FRI",
            "hh": "08",
            "mm": "30",
            "congestionCar": [
              169,
              155,
              158,
              188,
              169,
              171,
              176,
              168,
              145,
              132
            ]
          },
          {
            "dow": "FRI",
            "hh": "08",
            "mm": "40",
            "congestionCar": [
              171,
              139,
              122,
              135,
              117,
              125,
              128,
              116,
              98,
              99
            ]
          },
          {
            "dow": "FRI",
            "hh": "08",
            "mm": "50",
            "congestionCar": [
              97,
              69,
              57,
              60,
              63,
              60,
              53,
              55,
              58,
              49
            ]
          }
        ]
      },
      {
        "startStationCode": "239",
        "startStationName": "홍대입구역",
        "endStationCode": "211-R",
        "endStationName": "성수역",
        "prevStationCode": "242",
        "prevStationName": "아현역",
        "updnLine": 1,
        "directAt": 0,
        "data": [
          {
            "dow": "FRI",
            "hh": "08",
            "mm": "00",
            "congestionCar": [
              119,
              100,
              96,
              110,
              100,
              90,
              94,
              85,
              74,
              82
            ]
          },
          {
            "dow": "FRI",
            "hh": "08",
            "mm": "10",
            "congestionCar": [
              154,
              131,
              137,
              155,
              147,
              130,
              125,
              127,
              113,
              109
            ]
          },
          {
            "dow": "FRI",
            "hh": "08",
            "mm": "20",
            "congestionCar": [
              161,
              141,
              155,
              170,
              150,
              148,
              135,
              154,
              129,
              146
            ]
          },
          {
            "dow": "FRI",
            "hh": "08",
            "mm": "30",
            "congestionCar": [
              169,
              155,
              158,
              188,
              169,
              171,
              176,
              168,
              145,
              132
            ]
          },
          {
            "dow": "FRI",
            "hh": "08",
            "mm": "40",
            "congestionCar": [
              171,
              139,
              122,
              135,
              117,
              125,
              128,
              116,
              98,
              99
            ]
          },
          {
            "dow": "FRI",
            "hh": "08",
            "mm": "50",
            "congestionCar": [
              97,
              69,
              57,
              60,
              63,
              60,
              53,
              55,
              58,
              49
            ]
          }
        ]
      }
    ],
    "statStartDate": "20230924",
    "statEndDate": "20231223"
  }
}