{
  "status": {
    "code": "00",
    "message": "success",
    "totalCount": 1
  },
  "contents": {
    "subwayLine": "2호선",
    "stationName": "성수역",
    "stationCode": "211",
    "stat": [
      {
        "startStationCode": "202",
        "startStationName": "을지로입구역",
        "endStationCode": "211",
        "endStationName": "성수역",
        "prevStationCode": "212",
        "prevStationName": "건대입구역",
        "updnLine": 0,
        "directAt": 0,
        "data": [
          {
            "dow": "FRI",
            "hh": "08",
            "mm": "00",
            "congestionCar": [
              59,
              62,
              66,
              63,
              62,
              71,
              77,
              59,
              69,
              73
            ]
          },
          {
            "dow": "FRI",
            "hh": "08",
            "mm": "10",
            "congestionCar": [
              68,
              66,
              75,
              77,
              75,
              82,
              86,
              84,
              72,
              85
            ]
          },
          {
            "dow": "FRI",
            "hh": "08",
            "mm": "20",
            "congestionCar": [
              75,
              88,
              90,
              86,
              83,
              94,
              92,
              76,
              73,
              81
            ]
          },
          {
            "dow": "FRI",
            "hh": "08",
            "mm": "30",
            "congestionCar": [
              76,
              83,
              78,
              81,
              89,
              86,
              90,
              74,
              75,
              98
            ]
          },
          {
            "dow": "FRI",
            "hh": "08",
            "mm": "40",
            "congestionCar": [
              60,
              60,
              63,
              62,
              59,
              60,
              63,
              60,
              65,
              69
            ]
          },
          {
            "dow": "FRI",
            "hh": "08",
            "mm": "50",
            "congestionCar": [
              37,
              47,
              52,
              55,
              47,
              51,
              48,
              39,
              40,
              44
            ]
          }
        ]
      },
      {
        "startStationCode": "202",
        "startStationName": "을지로입구역",
        "endStationCode": "211",
        "endStationName": "성수역",
        "prevStationCode": "210",
        "prevStationName": "뚝섬역",
        "updnLine": 1,
        "directAt": 0,
        "data": [
          {
            "dow": "FRI",
            "hh": "08",
            "mm": "00",
            "congestionCar": [
              56,
              42,
              49,
              47,
              49,
              41,
              49,
              49,
              40,
              49
            ]
          },
          {
            "dow": "FRI",
            "hh": "08",
            "mm": "10",
            "congestionCar": [
              95,
              68,
              70,
              79,
              76,
              74,
              75,
              70,
              69,
              93
            ]
          },
          {
            "dow": "FRI",
            "hh": "08",
            "mm": "20",
            "congestionCar": [
              87,
              63,
              67,
              68,
              68,
              72,
              61,
              66,
              61,
              77
            ]
          },
          {
            "dow": "FRI",
            "hh": "08",
            "mm": "30",
            "congestionCar": [
              86,
              54,
              65,
              71,
              72,
              63,
              56,
              62,
              47,
              75
            ]
          },
          {
            "dow": "FRI",
            "hh": "08",
            "mm": "40",
            "congestionCar": [
              92,
              53,
              68,
              65,
              60,
              57,
              52,
              64,
              48,
              72
            ]
          },
          {
            "dow": "FRI",
            "hh": "08",
            "mm": "50",
            "congestionCar": [
              66,
              47,
              55,
              57,
              49,
              54,
              49,
              55,
              44,
              54
            ]
          }
        ]
      },
      {
        "startStationCode": "202",
        "startStationName": "을지로입구역",
        "endStationCode": "211-R",
        "endStationName": "성수역",
        "prevStationCode": "212",
        "prevStationName": "건대입구역",
        "updnLine": 0,
        "directAt": 0,
        "data": [
          {
            "dow": "FRI",
            "hh": "08",
            "mm": "00",
            "congestionCar": [
              59,
              62,
              66,
              63,
              62,
              71,
              77,
              59,
              69,
              73
            ]
          },
          {
            "dow": "FRI",
            "hh": "08",
            "mm": "10",
            "congestionCar": [
              68,
              66,
              75,
              77,
              75,
              82,
              86,
              84,
              72,
              85
            ]
          },
          {
            "dow": "FRI",
            "hh": "08",
            "mm": "20",
            "congestionCar": [
              75,
              88,
              90,
              86,
              83,
              94,
              92,
              76,
              73,
              81
            ]
          },
          {
            "dow": "FRI",
            "hh": "08",
            "mm": "30",
            "congestionCar": [
              76,
              83,
              78,
              81,
              89,
              86,
              90,
              74,
              75,
              98
            ]
          },
          {
            "dow": "FRI",
            "hh": "08",
            "mm": "40",
            "congestionCar": [
              60,
              60,
              63,
              62,
              59,
              60,
              63,
              60,
              65,
              69
            ]
          },
          {
            "dow": "FRI",
            "hh": "08",
            "mm": "50",
            "congestionCar": [
              37,
              47,
              52,
              55,
              47,
              51,
              48,
              39,
              40,
              44
            ]
          }
        ]
      },
      {
        "startStationCode": "202",
        "startStationName": "을지로입구역",
        "endStationCode": "211-R",
        "endStationName": "성수역",
        "prevStationCode": "210",
        "prevStationName": "뚝섬역",
        "updnLine": 1,
        "directAt": 0,
        "data": [
          {
            "dow": "FRI",
            "hh": "08",
            "mm": "00",
            "congestionCar": [
              56,
              42,
              49,
              47,
              49,
              41,
              49,
              49,
              40,
              49
            ]
          },
          {
            "dow": "FRI",
            "hh": "08",
            "mm": "10",
            "congestionCar": [
              95,
              68,
              70,
              79,
              76,
              74,
              75,
              70,
              69,
              93
            ]
          },
          {
            "dow": "FRI",
            "hh": "08",
            "mm": "20",
            "congestionCar": [
              87,
              63,
              67,
              68,
              68,
              72,
              61,
              66,
              61,
              77
            ]
          },
          {
            "dow": "FRI",
            "hh": "08",
            "mm": "30",
            "congestionCar": [
              86,
              54,
              65,
              71,
              72,
              63,
              56,
              62,
              47,
              75
            ]
          },
          {
            "dow": "FRI",
            "hh": "08",
            "mm": "40",
            "congestionCar": [
              92,
              53,
              68,
              65,
              60,
              57,
              52,
              64,
              48,
              72
            ]
          },
          {
            "dow": "FRI",
            "hh": "08",
            "mm": "50",
            "congestionCar": [
              66,
              47,
              55,
              57,
              49,
              54,
              49,
              55,
              44,
              54
            ]
          }
        ]
      },
      {
        "startStationCode": "211",
        "startStationName": "성수역",
        "endStationCode": "211",
        "endStationName": "성수역",
        "prevStationCode": "212",
        "prevStationName": "건대입구역",
        "updnLine": 0,
        "directAt": 0,
        "data": [
          {
            "dow": "FRI",
            "hh": "08",
            "mm": "00",
            "congestionCar": [
              53,
              56,
              60,
              58,
              56,
              64,
              70,
              53,
              63,
              66
            ]
          },
          {
            "dow": "FRI",
            "hh": "08",
            "mm": "10",
            "congestionCar": [
              68,
              66,
              75,
              77,
              75,
              82,
              86,
              84,
              72,
              85
            ]
          },
          {
            "dow": "FRI",
            "hh": "08",
            "mm": "20",
            "congestionCar": [
              64,
              74,
              76,
              73,
              71,
              80,
              78,
              65,
              62,
              68
            ]
          },
          {
            "dow": "FRI",
            "hh": "08",
            "mm": "30",
            "congestionCar": [
              68,
              74,
              69,
              72,
              79,
              77,
              80,
              66,
              66,
              88
            ]
          },
          {
            "dow": "FRI",
            "hh": "08",
            "mm": "40",
            "congestionCar": [
              49,
              49,
              52,
              51,
              49,
              49,
              52,
              49,
              53,
              57
            ]
          },
          {
            "dow": "FRI",
            "hh": "08",
            "mm": "50",
            "congestionCar": [
              26,
              34,
              38,
              39,
              34,
              36,
              34,
              28,
              28,
              32
            ]
          }
        ]
      },
      {
        "startStationCode": "211",
        "startStationName": "성수역",
        "endStationCode": "211",
        "endStationName": "성수역",
        "prevStationCode": "210",
        "prevStationName": "뚝섬역",
        "updnLine": 1,
        "directAt": 0,
        "data": [
          {
            "dow": "FRI",
            "hh": "08",
            "mm": "00",
            "congestionCar": [
              53,
              39,
              46,
              44,
              46,
              38,
              46,
              46,
              37,
              46
            ]
          },
          {
            "dow": "FRI",
            "hh": "08",
            "mm": "10",
            "congestionCar": [
              94,
              67,
              69,
              78,
              75,
              73,
              74,
              69,
              68,
              92
            ]
          },
          {
            "dow": "FRI",
            "hh": "08",
            "mm": "20",
            "congestionCar": [
              96,
              69,
              74,
              75,
              75,
              80,
              67,
              73,
              67,
              85
            ]
          },
          {
            "dow": "FRI",
            "hh": "08",
            "mm": "30",
            "congestionCar": [
              101,
              63,
              76,
              83,
              84,
              73,
              65,
              72,
              55,
              87
            ]
          },
          {
            "dow": "FRI",
            "hh": "08",
            "mm": "40",
            "congestionCar": [
              77,
              44,
              57,
              54,
              51,
              48,
              44,
              54,
              40,
              61
            ]
          },
          {
            "dow": "FRI",
            "hh": "08",
            "mm": "50",
            "congestionCar": [
              63,
              45,
              53,
              55,
              47,
              52,
              47,
              53,
              42,
              52
            ]
          }
        ]
      },
      {
        "startStationCode": "211",
        "startStationName": "성수역",
        "endStationCode": "211-R",
        "endStationName": "성수역",
        "prevStationCode": "212",
        "prevStationName": "건대입구역",
        "updnLine": 0,
        "directAt": 0,
        "data": [
          {
            "dow": "FRI",
            "hh": "08",
            "mm": "00",
            "congestionCar": [
              60,
              63,
              67,
              64,
              63,
              72,
              78,
              59,
              70,
              74
            ]
          },
          {
            "dow": "FRI",
            "hh": "08",
            "mm": "10",
            "congestionCar": [
              70,
              68,
              77,
              79,
              77,
              84,
              89,
              87,
              74,
              87
            ]
          },
          {
            "dow": "FRI",
            "hh": "08",
            "mm": "20",
            "congestionCar": [
              92,
              108,
              111,
              106,
              102,
              116,
              113,
              94,
              90,
              99
            ]
          },
          {
            "dow": "FRI",
            "hh": "08",
            "mm": "30",
            "congestionCar": [
              69,
              75,
              70,
              73,
              81,
              78,
              82,
              67,
              67,
              89
            ]
          },
          {
            "dow": "FRI",
            "hh": "08",
            "mm": "40",
            "congestionCar": [
              62,
              62,
              66,
              65,
              62,
              63,
              66,
              63,
              68,
              73
            ]
          },
          {
            "dow": "FRI",
            "hh": "08",
            "mm": "50",
            "congestionCar": [
              39,
              50,
              56,
              58,
              50,
              54,
              51,
              42,
              42,
              47
            ]
          }
        ]
      },
      {
        "startStationCode": "211",
        "startStationName": "성수역",
        "endStationCode": "211-R",
        "endStationName": "성수역",
        "prevStationCode": "210",
        "prevStationName": "뚝섬역",
        "updnLine": 1,
        "directAt": 0,
        "data": [
          {
            "dow": "FRI",
            "hh": "08",
            "mm": "00",
            "congestionCar": [
              51,
              38,
              45,
              43,
              45,
              37,
              45,
              45,
              37,
              44
            ]
          },
          {
            "dow": "FRI",
            "hh": "08",
            "mm": "10",
            "congestionCar": [
              94,
              67,
              69,
              78,
              75,
              73,
              74,
              69,
              68,
              92
            ]
          },
          {
            "dow": "FRI",
            "hh": "08",
            "mm": "20",
            "congestionCar": [
              86,
              62,
              66,
              67,
              67,
              71,
              60,
              65,
              60,
              76
            ]
          },
          {
            "dow": "FRI",
            "hh": "08",
            "mm": "30",
            "congestionCar": [
              85,
              53,
              64,
              70,
              71,
              62,
              55,
              61,
              46,
              73
            ]
          },
          {
            "dow": "FRI",
            "hh": "08",
            "mm": "40",
            "congestionCar": [
              93,
              54,
              69,
              66,
              61,
              57,
              53,
              65,
              49,
              74
            ]
          },
          {
            "dow": "FRI",
            "hh": "08",
            "mm": "50",
            "congestionCar": [
              68,
              49,
              57,
              59,
              51,
              56,
              51,
              57,
              46,
              56
            ]
          }
        ]
      },
      {
        "startStationCode": "219",
        "startStationName": "삼성역",
        "endStationCode": "211-R",
        "endStationName": "성수역",
        "prevStationCode": "212",
        "prevStationName": "건대입구역",
        "updnLine": 0,
        "directAt": 0,
        "data": [
          {
            "dow": "FRI",
            "hh": "08",
            "mm": "00",
            "congestionCar": [
              59,
              62,
              66,
              63,
              62,
              71,
              77,
              59,
              69,
              73
            ]
          },
          {
            "dow": "FRI",
            "hh": "08",
            "mm": "10",
            "congestionCar": [
              68,
              66,
              75,
              77,
              75,
              82,
              86,
              84,
              72,
              85
            ]
          },
          {
            "dow": "FRI",
            "hh": "08",
            "mm": "20",
            "congestionCar": [
              75,
              88,
              90,
              86,
              83,
              94,
              92,
              76,
              73,
              81
            ]
          },
          {
            "dow": "FRI",
            "hh": "08",
            "mm": "30",
            "congestionCar": [
              76,
              83,
              78,
              81,
              89,
              86,
              90,
              74,
              75,
              98
            ]
          },
          {
            "dow": "FRI",
            "hh": "08",
            "mm": "40",
            "congestionCar": [
              60,
              60,
              63,
              62,
              59,
              60,
              63,
              60,
              65,
              69
            ]
          },
          {
            "dow": "FRI",
            "hh": "08",
            "mm": "50",
            "congestionCar": [
              37,
              47,
              52,
              55,
              47,
              51,
              48,
              39,
              40,
              44
            ]
          }
        ]
      },
      {
        "startStationCode": "219",
        "startStationName": "삼성역",
        "endStationCode": "211-R",
        "endStationName": "성수역",
        "prevStationCode": "210",
        "prevStationName": "뚝섬역",
        "updnLine": 1,
        "directAt": 0,
        "data": [
          {
            "dow": "FRI",
            "hh": "08",
            "mm": "00",
            "congestionCar": [
              56,
              42,
              49,
              47,
              49,
              41,
              49,
              49,
              40,
              49
            ]
          },
          {
            "dow": "FRI",
            "hh": "08",
            "mm": "10",
            "congestionCar": [
              95,
              68,
              70,
              79,
              76,
              74,
              75,
              70,
              69,
              93
            ]
          },
          {
            "dow": "FRI",
            "hh": "08",
            "mm": "20",
            "congestionCar": [
              87,
              63,
              67,
              68,
              68,
              72,
              61,
              66,
              61,
              77
            ]
          },
          {
            "dow": "FRI",
            "hh": "08",
            "mm": "30",
            "congestionCar": [
              86,
              54,
              65,
              71,
              72,
              63,
              56,
              62,
              47,
              75
            ]
          },
          {
            "dow": "FRI",
            "hh": "08",
            "mm": "40",
            "congestionCar": [
              92,
              53,
              68,
              65,
              60,
              57,
              52,
              64,
              48,
              72
            ]
          },
          {
            "dow": "FRI",
            "hh": "08",
            "mm": "50",
            "congestionCar": [
              66,
              47,
              55,
              57,
              49,
              54,
              49,
              55,
              44,
              54
            ]
          }
        ]
      },
      {
        "startStationCode": "228",
        "startStationName": "서울대입구역",
        "endStationCode": "211",
        "endStationName": "성수역",
        "prevStationCode": "212",
        "prevStationName": "건대입구역",
        "updnLine": 0,
        "directAt": 0,
        "data": [
          {
            "dow": "FRI",
            "hh": "08",
            "mm": "00",
            "congestionCar": [
              59,
              62,
              66,
              63,
              62,
              71,
              77,
              59,
              69,
              73
            ]
          },
          {
            "dow": "FRI",
            "hh": "08",
            "mm": "10",
            "congestionCar": [
              68,
              66,
              75,
              77,
              75,
              82,
              86,
              84,
              72,
              85
            ]
          },
          {
            "dow": "FRI",
            "hh": "08",
            "mm": "20",
            "congestionCar": [
              75,
              88,
              90,
              86,
              83,
              94,
              92,
              76,
              73,
              81
            ]
          },
          {
            "dow": "FRI",
            "hh": "08",
            "mm": "30",
            "congestionCar": [
              76,
              83,
              78,
              81,
              89,
              86,
              90,
              74,
              75,
              98
            ]
          },
          {
            "dow": "FRI",
            "hh": "08",
            "mm": "40",
            "congestionCar": [
              60,
              60,
              63,
              62,
              59,
              60,
              63,
              60,
              65,
              69
            ]
          },
          {
            "dow": "FRI",
            "hh": "08",
            "mm": "50",
            "congestionCar": [
              37,
              47,
              52,
              55,
              47,
              51,
              48,
              39,
              40,
              44
            ]
          }
        ]
      },
      {
        "startStationCode": "228",
        "startStationName": "서울대입구역",
        "endStationCode": "211",
        "endStationName": "성수역",
        "prevStationCode": "210",
        "prevStationName": "뚝섬역",
        "updnLine": 1,
        "directAt": 0,
        "data": [
          {
            "dow": "FRI",
            "hh": "08",
            "mm": "00",
            "congestionCar": [
              56,
              42,
              49,
              47,
              49,
              41,
              49,
              49,
              40,
              49
            ]
          },
          {
            "dow": "FRI",
            "hh": "08",
            "mm": "10",
            "congestionCar": [
              95,
              68,
              70,
              79,
              76,
              74,
              75,
              70,
              69,
              93
            ]
          },
          {
            "dow": "FRI",
            "hh": "08",
            "mm": "20",
            "congestionCar": [
              87,
              63,
              67,
              68,
              68,
              72,
              61,
              66,
              61,
              77
            ]
          },
          {
            "dow": "FRI",
            "hh": "08",
            "mm": "30",
            "congestionCar": [
              86,
              54,
              65,
              71,
              72,
              63,
              56,
              62,
              47,
              75
            ]
          },
          {
            "dow": "FRI",
            "hh": "08",
            "mm": "40",
            "congestionCar": [
              92,
              53,
              68,
              65,
              60,
              57,
              52,
              64,
              48,
              72
            ]
          },
          {
            "dow": "FRI",
            "hh": "08",
            "mm": "50",
            "congestionCar": [
              66,
              47,
              55,
              57,
              49,
              54,
              49,
              55,
              44,
              54
            ]
          }
        ]
      },
      {
        "startStationCode": "228",
        "startStationName": "서울대입구역",
        "endStationCode": "211-R",
        "endStationName": "성수역",
        "prevStationCode": "212",
        "prevStationName": "건대입구역",
        "updnLine": 0,
        "directAt": 0,
        "data": [
          {
            "dow": "FRI",
            "hh": "08",
            "mm": "00",
            "congestionCar": [
              59,
              62,
              66,
              63,
              62,
              71,
              77,
              59,
              69,
              73
            ]
          },
          {
            "dow": "FRI",
            "hh": "08",
            "mm": "10",
            "congestionCar": [
              68,
              66,
              75,
              77,
              75,
              82,
              86,
              84,
              72,
              85
            ]
          },
          {
            "dow": "FRI",
            "hh": "08",
            "mm": "20",
            "congestionCar": [
              75,
              88,
              90,
              86,
              83,
              94,
              92,
              76,
              73,
              81
            ]
          },
          {
            "dow": "FRI",
            "hh": "08",
            "mm": "30",
            "congestionCar": [
              76,
              83,
              78,
              81,
              89,
              86,
              90,
              74,
              75,
              98
            ]
          },
          {
            "dow": "FRI",
            "hh": "08",
            "mm": "40",
            "congestionCar": [
              60,
              60,
              63,
              62,
              59,
              60,
              63,
              60,
              65,
              69
            ]
          },
          {
            "dow": "FRI",
            "hh": "08",
            "mm": "50",
            "congestionCar": [
              37,
              47,
              52,
              55,
              47,
              51,
              48,
              39,
              40,
              44
            ]
          }
        ]
      },
      {
        "startStationCode": "228",
        "startStationName": "서울대입구역",
        "endStationCode": "211-R",
        "endStationName": "성수역",
        "prevStationCode": "210",
        "prevStationName": "뚝섬역",
        "updnLine": 1,
        "directAt": 0,
        "data": [
          {
            "dow": "FRI",
            "hh": "08",
            "mm": "00",
            "congestionCar": [
              56,
              42,
              49,
              47,
              49,
              41,
              49,
              49,
              40,
              49
            ]
          },
          {
            "dow": "FRI",
            "hh": "08",
            "mm": "10",
            "congestionCar": [
              95,
              68,
              70,
              79,
              76,
              74,
              75,
              70,
              69,
              93
            ]
          },
          {
            "dow": "FRI",
            "hh": "08",
            "mm": "20",
            "congestionCar": [
              87,
              63,
              67,
              68,
              68,
              72,
              61,
              66,
              61,
              77
            ]
          },
          {
            "dow": "FRI",
            "hh": "08",
            "mm": "30",
            "congestionCar": [
              86,
              54,
              65,
              71,
              72,
              63,
              56,
              62,
              47,
              75
            ]
          },
          {
            "dow": "FRI",
            "hh": "08",
            "mm": "40",
            "congestionCar": [
              92,
              53,
              68,
              65,
              60,
              57,
              52,
              64,
              48,
              72
            ]
          },
          {
            "dow": "FRI",
            "hh": "08",
            "mm": "50",
            "congestionCar": [
              66,
              47,
              55,
              57,
              49,
              54,
              49,
              55,
              44,
              54
            ]
          }
        ]
      },
      {
        "startStationCode": "234",
        "startStationName": "신도림역",
        "endStationCode": "211",
        "endStationName": "성수역",
        "prevStationCode": "212",
        "prevStationName": "건대입구역",
        "updnLine": 0,
        "directAt": 0,
        "data": [
          {
            "dow": "FRI",
            "hh": "08",
            "mm": "00",
            "congestionCar": [
              59,
              62,
              66,
              63,
              62,
              71,
              77,
              59,
              69,
              73
            ]
          },
          {
            "dow": "FRI",
            "hh": "08",
            "mm": "10",
            "congestionCar": [
              68,
              66,
              75,
              77,
              75,
              82,
              86,
              84,
              72,
              85
            ]
          },
          {
            "dow": "FRI",
            "hh": "08",
            "mm": "20",
            "congestionCar": [
              75,
              88,
              90,
              86,
              83,
              94,
              92,
              76,
              73,
              81
            ]
          },
          {
            "dow": "FRI",
            "hh": "08",
            "mm": "30",
            "congestionCar": [
              76,
              83,
              78,
              81,
              89,
              86,
              90,
              74,
              75,
              98
            ]
          },
          {
            "dow": "FRI",
            "hh": "08",
            "mm": "40",
            "congestionCar": [
              60,
              60,
              63,
              62,
              59,
              60,
              63,
              60,
              65,
              69
            ]
          },
          {
            "dow": "FRI",
            "hh": "08",
            "mm": "50",
            "congestionCar": [
              37,
              47,
              52,
              55,
              47,
              51,
              48,
              39,
              40,
              44
            ]
          }
        ]
      },
      {
        "startStationCode": "234",
        "startStationName": "신도림역",
        "endStationCode": "211",
        "endStationName": "성수역",
        "prevStationCode": "210",
        "prevStationName": "뚝섬역",
        "updnLine": 1,
        "directAt": 0,
        "data": [
          {
            "dow": "FRI",
            "hh": "08",
            "mm": "00",
            "congestionCar": [
              56,
              42,
              49,
              47,
              49,
              41,
              49,
              49,
              40,
              49
            ]
          },
          {
            "dow": "FRI",
            "hh": "08",
            "mm": "10",
            "congestionCar": [
              95,
              68,
              70,
              79,
              76,
              74,
              75,
              70,
              69,
              93
            ]
          },
          {
            "dow": "FRI",
            "hh": "08",
            "mm": "20",
            "congestionCar": [
              87,
              63,
              67,
              68,
              68,
              72,
              61,
              66,
              61,
              77
            ]
          },
          {
            "dow": "FRI",
            "hh": "08",
            "mm": "30",
            "congestionCar": [
              86,
              54,
              65,
              71,
              72,
              63,
              56,
              62,
              47,
              75
            ]
          },
          {
            "dow": "FRI",
            "hh": "08",
            "mm": "40",
            "congestionCar": [
              92,
              53,
              68,
              65,
              60,
              57,
              52,
              64,
              48,
              72
            ]
          },
          {
            "dow": "FRI",
            "hh": "08",
            "mm": "50",
            "congestionCar": [
              66,
              47,
              55,
              57,
              49,
              54,
              49,
              55,
              44,
              54
            ]
          }
        ]
      },
      {
        "startStationCode": "234",
        "startStationName": "신도림역",
        "endStationCode": "211-R",
        "endStationName": "성수역",
        "prevStationCode": "212",
        "prevStationName": "건대입구역",
        "updnLine": 0,
        "directAt": 0,
        "data": [
          {
            "dow": "FRI",
            "hh": "08",
            "mm": "00",
            "congestionCar": [
              72,
              76,
              81,
              78,
              76,
              87,
              95,
              72,
              84,
              90
            ]
          },
          {
            "dow": "FRI",
            "hh": "08",
            "mm": "10",
            "congestionCar": [
              73,
              71,
              81,
              83,
              80,
              89,
              93,
              91,
              78,
              91
            ]
          },
          {
            "dow": "FRI",
            "hh": "08",
            "mm": "20",
            "congestionCar": [
              83,
              97,
              100,
              96,
              92,
              104,
              102,
              84,
              81,
              89
            ]
          },
          {
            "dow": "FRI",
            "hh": "08",
            "mm": "30",
            "congestionCar": [
              94,
              102,
              95,
              99,
              110,
              106,
              111,
              91,
              92,
              121
            ]
          },
          {
            "dow": "FRI",
            "hh": "08",
            "mm": "40",
            "congestionCar": [
              68,
              68,
              72,
              71,
              68,
              69,
              72,
              69,
              74,
              80
            ]
          },
          {
            "dow": "FRI",
            "hh": "08",
            "mm": "50",
            "congestionCar": [
              43,
              56,
              62,
              64,
              55,
              59,
              56,
              46,
              46,
              52
            ]
          }
        ]
      },
      {
        "startStationCode": "234",
        "startStationName": "신도림역",
        "endStationCode": "211-R",
        "endStationName": "성수역",
        "prevStationCode": "210",
        "prevStationName": "뚝섬역",
        "updnLine": 1,
        "directAt": 0,
        "data": [
          {
            "dow": "FRI",
            "hh": "08",
            "mm": "00",
            "congestionCar": [
              93,
              69,
              82,
              78,
              81,
              68,
              81,
              81,
              66,
              81
            ]
          },
          {
            "dow": "FRI",
            "hh": "08",
            "mm": "10",
            "congestionCar": [
              114,
              82,
              85,
              96,
              92,
              89,
              91,
              85,
              84,
              113
            ]
          },
          {
            "dow": "FRI",
            "hh": "08",
            "mm": "20",
            "congestionCar": [
              58,
              42,
              45,
              45,
              45,
              48,
              41,
              44,
              41,
              51
            ]
          },
          {
            "dow": "FRI",
            "hh": "08",
            "mm": "30",
            "congestionCar": [
              86,
              54,
              65,
              71,
              72,
              63,
              56,
              62,
              47,
              75
            ]
          },
          {
            "dow": "FRI",
            "hh": "08",
            "mm": "40",
            "congestionCar": [
              92,
              53,
              68,
              65,
              60,
              57,
              52,
              64,
              48,
              72
            ]
          },
          {
            "dow": "FRI",
            "hh": "08",
            "mm": "50",
            "congestionCar": [
              66,
              47,
              55,
              57,
              49,
              54,
              49,
              55,
              44,
              54
            ]
          }
        ]
      },
      {
        "startStationCode": "239",
        "startStationName": "홍대입구역",
        "endStationCode": "211",
        "endStationName": "성수역",
        "prevStationCode": "212",
        "prevStationName": "건대입구역",
        "updnLine": 0,
        "directAt": 0,
        "data": [
          {
            "dow": "FRI",
            "hh": "08",
            "mm": "00",
            "congestionCar": [
              59,
              62,
              66,
              63,
              62,
              71,
              77,
              59,
              69,
              73
            ]
          },
          {
            "dow": "FRI",
            "hh": "08",
            "mm": "10",
            "congestionCar": [
              68,
              66,
              75,
              77,
              75,
              82,
              86,
              84,
              72,
              85
            ]
          },
          {
            "dow": "FRI",
            "hh": "08",
            "mm": "20",
            "congestionCar": [
              75,
              88,
              90,
              86,
              83,
              94,
              92,
              76,
              73,
              81
            ]
          },
          {
            "dow": "FRI",
            "hh": "08",
            "mm": "30",
            "congestionCar": [
              76,
              83,
              78,
              81,
              89,
              86,
              90,
              74,
              75,
              98
            ]
          },
          {
            "dow": "FRI",
            "hh": "08",
            "mm": "40",
            "congestionCar": [
              60,
              60,
              63,
              62,
              59,
              60,
              63,
              60,
              65,
              69
            ]
          },
          {
            "dow": "FRI",
            "hh": "08",
            "mm": "50",
            "congestionCar": [
              37,
              47,
              52,
              55,
              47,
              51,
              48,
              39,
              40,
              44
            ]
          }
        ]
      },
      {
        "startStationCode": "239",
        "startStationName": "홍대입구역",
        "endStationCode": "211",
        "endStationName": "성수역",
        "prevStationCode": "210",
        "prevStationName": "뚝섬역",
        "updnLine": 1,
        "directAt": 0,
        "data": [
          {
            "dow": "FRI",
            "hh": "08",
            "mm": "00",
            "congestionCar": [
              56,
              42,
              49,
              47,
              49,
              41,
              49,
              49,
              40,
              49
            ]
          },
          {
            "dow": "FRI",
            "hh": "08",
            "mm": "10",
            "congestionCar": [
              95,
              68,
              70,
              79,
              76,
              74,
              75,
              70,
              69,
              93
            ]
          },
          {
            "dow": "FRI",
            "hh": "08",
            "mm": "20",
            "congestionCar": [
              87,
              63,
              67,
              68,
              68,
              72,
              61,
              66,
              61,
              77
            ]
          },
          {
            "dow": "FRI",
            "hh": "08",
            "mm": "30",
            "congestionCar": [
              86,
              54,
              65,
              71,
              72,
              63,
              56,
              62,
              47,
              75
            ]
          },
          {
            "dow": "FRI",
            "hh": "08",
            "mm": "40",
            "congestionCar": [
              92,
              53,
              68,
              65,
              60,
              57,
              52,
              64,
              48,
              72
            ]
          },
          {
            "dow": "FRI",
            "hh": "08",
            "mm": "50",
            "congestionCar": [
              66,
              47,
              55,
              57,
              49,
              54,
              49,
              55,
              44,
              54
            ]
          }
        ]
      },
      {
        "startStationCode": "239",
        "startStationName": "홍대입구역",
        "endStationCode": "211-R",
        "endStationName": "성수역",
        "prevStationCode": "212",
        "prevStationName": "건대입구역",
        "updnLine": 0,
        "directAt": 0,
        "data": [
          {
            "dow": "FRI",
            "hh": "08",
            "mm": "00",
            "congestionCar": [
              59,
              62,
              66,
              63,
              62,
              71,
              77,
              59,
              69,
              73
            ]
          },
          {
            "dow": "FRI",
            "hh": "08",
            "mm": "10",
            "congestionCar": [
              68,
              66,
              75,
              77,
              75,
              82,
              86,
              84,
              72,
              85
            ]
          },
          {
            "dow": "FRI",
            "hh": "08",
            "mm": "20",
            "congestionCar": [
              75,
              88,
              90,
              86,
              83,
              94,
              92,
              76,
              73,
              81
            ]
          },
          {
            "dow": "FRI",
            "hh": "08",
            "mm": "30",
            "congestionCar": [
              76,
              83,
              78,
              81,
              89,
              86,
              90,
              74,
              75,
              98
            ]
          },
          {
            "dow": "FRI",
            "hh": "08",
            "mm": "40",
            "congestionCar": [
              60,
              60,
              63,
              62,
              59,
              60,
              63,
              60,
              65,
              69
            ]
          },
          {
            "dow": "FRI",
            "hh": "08",
            "mm": "50",
            "congestionCar": [
              37,
              47,
              52,
              55,
              47,
              51,
              48,
              39,
              40,
              44
            ]
          }
        ]
      },
      {
        "startStationCode": "239",
        "startStationName": "홍대입구역",
        "endStationCode": "211-R",
        "endStationName": "성수역",
        "prevStationCode": "210",
        "prevStationName": "뚝섬역",
        "updnLine": 1,
        "directAt": 0,
        "data": [
          {
            "dow": "FRI",
            "hh": "08",
            "mm": "00",
            "congestionCar": [
              56,
              42,
              49,
              47,
              49,
              41,
              49,
              49,
              40,
              49
            ]
          },
          {
            "dow": "FRI",
            "hh": "08",
            "mm": "10",
            "congestionCar": [
              95,
              68,
              70,
              79,
              76,
              74,
              75,
              70,
              69,
              93
            ]
          },
          {
            "dow": "FRI",
            "hh": "08",
            "mm": "20",
            "congestionCar": [
              87,
              63,
              67,
              68,
              68,
              72,
              61,
              66,
              61,
              77
            ]
          },
          {
            "dow": "FRI",
            "hh": "08",
            "mm": "30",
            "congestionCar": [
              86,
              54,
              65,
              71,
              72,
              63,
              56,
              62,
              47,
              75
            ]
          },
          {
            "dow": "FRI",
            "hh": "08",
            "mm": "40",
            "congestionCar": [
              92,
              53,
              68,
              65,
              60,
              57,
              52,
              64,
              48,
              72
            ]
          },
          {
            "dow": "FRI",
            "hh": "08",
            "mm": "50",
            "congestionCar": [
              66,
              47,
              55,
              57,
              49,
              54,
              49,
              55,
              44,
              54
            ]
          }
        ]
      }
    ],
    "statStartDate": "20230923",
    "statEndDate": "20231222"
  }
}