{
  "status": {
    "code": "00",
    "message": "success",
    "totalCount": 1
  },
  "contents": {
    "subwayLine": "2호선",
    "stationName": "봉천역",
    "stationCode": "229",
    "stat": [
      {
        "startStationCode": "202",
        "startStationName": "을지로입구역",
        "endStationCode": "211",
        "endStationName": "성수역",
        "prevStationCode": "230",
        "prevStationName": "신림역",
        "updnLine": 0,
        "directAt": 0,
        "data": [
          {
            "dow": "WED",
            "hh": "08",
            "mm": "00",
            "congestionCar": [
              100,
              128,
              140,
              146,
              165,
              150,
              146,
              150,
              136,
              128
            ]
          },
          {
            "dow": "WED",
            "hh": "08",
            "mm": "10",
            "congestionCar": [
              101,
              110,
              152,
              159,
              172,
              154,
              161,
              137,
              138,
              145
            ]
          },
          {
            "dow": "WED",
            "hh": "08",
            "mm": "20",
            "congestionCar": [
              107,
              120,
              148,
              146,
              166,
              145,
              155,
              148,
              121,
              134
            ]
          },
          {
            "dow": "WED",
            "hh": "08",
            "mm": "30",
            "congestionCar": [
              82,
              106,
              128,
              141,
              149,
              132,
              128,
              120,
              115,
              98
            ]
          },
          {
            "dow": "WED",
            "hh": "08",
            "mm": "40",
            "congestionCar": [
              79,
              105,
              117,
              143,
              147,
              115,
              128,
              108,
              108,
              111
            ]
          },
          {
            "dow": "WED",
            "hh": "08",
            "mm": "50",
            "congestionCar": [
              84,
              98,
              112,
              130,
              132,
              107,
              112,
              110,
              101,
              86
            ]
          }
        ]
      },
      {
        "startStationCode": "202",
        "startStationName": "을지로입구역",
        "endStationCode": "211-R",
        "endStationName": "성수역",
        "prevStationCode": "230",
        "prevStationName": "신림역",
        "updnLine": 0,
        "directAt": 0,
        "data": [
          {
            "dow": "WED",
            "hh": "08",
            "mm": "00",
            "congestionCar": [
              100,
              128,
              140,
              146,
              165,
              150,
              146,
              150,
              136,
              128
            ]
          },
          {
            "dow": "WED",
            "hh": "08",
            "mm": "10",
            "congestionCar": [
              101,
              110,
              152,
              159,
              172,
              154,
              161,
              137,
              138,
              145
            ]
          },
          {
            "dow": "WED",
            "hh": "08",
            "mm": "20",
            "congestionCar": [
              107,
              120,
              148,
              146,
              166,
              145,
              155,
              148,
              121,
              134
            ]
          },
          {
            "dow": "WED",
            "hh": "08",
            "mm": "30",
            "congestionCar": [
              82,
              106,
              128,
              141,
              149,
              132,
              128,
              120,
              115,
              98
            ]
          },
          {
            "dow": "WED",
            "hh": "08",
            "mm": "40",
            "congestionCar": [
              79,
              105,
              117,
              143,
              147,
              115,
              128,
              108,
              108,
              111
            ]
          },
          {
            "dow": "WED",
            "hh": "08",
            "mm": "50",
            "congestionCar": [
              84,
              98,
              112,
              130,
              132,
              107,
              112,
              110,
              101,
              86
            ]
          }
        ]
      },
      {
        "startStationCode": "211",
        "startStationName": "성수역",
        "endStationCode": "202",
        "endStationName": "을지로입구역",
        "prevStationCode": "228",
        "prevStationName": "서울대입구역",
        "updnLine": 1,
        "directAt": 0,
        "data": [
          {
            "dow": "WED",
            "hh": "08",
            "mm": "00",
            "congestionCar": [
              48,
              44,
              47,
              61,
              58,
              64,
              63,
              47,
              42,
              36
            ]
          },
          {
            "dow": "WED",
            "hh": "08",
            "mm": "10",
            "congestionCar": [
              40,
              54,
              52,
              53,
              53,
              58,
              58,
              43,
              48,
              40
            ]
          },
          {
            "dow": "WED",
            "hh": "08",
            "mm": "20",
            "congestionCar": [
              55,
              61,
              45,
              58,
              57,
              56,
              62,
              53,
              46,
              38
            ]
          },
          {
            "dow": "WED",
            "hh": "08",
            "mm": "30",
            "congestionCar": [
              41,
              46,
              42,
              54,
              44,
              45,
              55,
              46,
              42,
              35
            ]
          },
          {
            "dow": "WED",
            "hh": "08",
            "mm": "40",
            "congestionCar": [
              33,
              32,
              33,
              39,
              38,
              35,
              44,
              38,
              26,
              23
            ]
          },
          {
            "dow": "WED",
            "hh": "08",
            "mm": "50",
            "congestionCar": [
              24,
              24,
              23,
              28,
              34,
              34,
              38,
              32,
              22,
              21
            ]
          }
        ]
      },
      {
        "startStationCode": "211",
        "startStationName": "성수역",
        "endStationCode": "211",
        "endStationName": "성수역",
        "prevStationCode": "230",
        "prevStationName": "신림역",
        "updnLine": 0,
        "directAt": 0,
        "data": [
          {
            "dow": "WED",
            "hh": "08",
            "mm": "00",
            "congestionCar": [
              51,
              66,
              72,
              75,
              84,
              77,
              74,
              77,
              70,
              65
            ]
          },
          {
            "dow": "WED",
            "hh": "08",
            "mm": "10",
            "congestionCar": [
              102,
              111,
              153,
              160,
              173,
              155,
              162,
              138,
              139,
              146
            ]
          },
          {
            "dow": "WED",
            "hh": "08",
            "mm": "20",
            "congestionCar": [
              108,
              122,
              150,
              148,
              168,
              147,
              158,
              150,
              123,
              136
            ]
          },
          {
            "dow": "WED",
            "hh": "08",
            "mm": "30",
            "congestionCar": [
              94,
              122,
              148,
              162,
              172,
              151,
              147,
              138,
              132,
              113
            ]
          },
          {
            "dow": "WED",
            "hh": "08",
            "mm": "40",
            "congestionCar": [
              94,
              125,
              139,
              170,
              175,
              136,
              153,
              128,
              129,
              132
            ]
          },
          {
            "dow": "WED",
            "hh": "08",
            "mm": "50",
            "congestionCar": [
              84,
              99,
              113,
              131,
              133,
              108,
              113,
              111,
              102,
              86
            ]
          }
        ]
      },
      {
        "startStationCode": "211",
        "startStationName": "성수역",
        "endStationCode": "211",
        "endStationName": "성수역",
        "prevStationCode": "228",
        "prevStationName": "서울대입구역",
        "updnLine": 1,
        "directAt": 0,
        "data": [
          {
            "dow": "WED",
            "hh": "08",
            "mm": "00",
            "congestionCar": [
              48,
              44,
              47,
              61,
              58,
              64,
              63,
              47,
              42,
              36
            ]
          },
          {
            "dow": "WED",
            "hh": "08",
            "mm": "10",
            "congestionCar": [
              40,
              54,
              52,
              53,
              53,
              58,
              58,
              43,
              48,
              40
            ]
          },
          {
            "dow": "WED",
            "hh": "08",
            "mm": "20",
            "congestionCar": [
              18,
              19,
              14,
              18,
              18,
              18,
              20,
              17,
              15,
              12
            ]
          },
          {
            "dow": "WED",
            "hh": "08",
            "mm": "30",
            "congestionCar": [
              32,
              35,
              33,
              42,
              35,
              35,
              43,
              36,
              33,
              27
            ]
          },
          {
            "dow": "WED",
            "hh": "08",
            "mm": "40",
            "congestionCar": [
              34,
              33,
              34,
              40,
              39,
              36,
              45,
              39,
              26,
              24
            ]
          },
          {
            "dow": "WED",
            "hh": "08",
            "mm": "50",
            "congestionCar": [
              24,
              24,
              23,
              28,
              34,
              34,
              38,
              32,
              22,
              21
            ]
          }
        ]
      },
      {
        "startStationCode": "211",
        "startStationName": "성수역",
        "endStationCode": "211-R",
        "endStationName": "성수역",
        "prevStationCode": "230",
        "prevStationName": "신림역",
        "updnLine": 0,
        "directAt": 0,
        "data": [
          {
            "dow": "WED",
            "hh": "08",
            "mm": "00",
            "congestionCar": [
              106,
              136,
              148,
              155,
              175,
              159,
              154,
              159,
              144,
              135
            ]
          },
          {
            "dow": "WED",
            "hh": "08",
            "mm": "10",
            "congestionCar": [
              110,
              120,
              165,
              173,
              186,
              167,
              174,
              148,
              150,
              157
            ]
          },
          {
            "dow": "WED",
            "hh": "08",
            "mm": "20",
            "congestionCar": [
              119,
              134,
              165,
              163,
              185,
              162,
              173,
              165,
              135,
              149
            ]
          },
          {
            "dow": "WED",
            "hh": "08",
            "mm": "30",
            "congestionCar": [
              87,
              112,
              136,
              150,
              158,
              139,
              135,
              127,
              122,
              104
            ]
          },
          {
            "dow": "WED",
            "hh": "08",
            "mm": "40",
            "congestionCar": [
              80,
              106,
              118,
              144,
              148,
              116,
              130,
              109,
              109,
              112
            ]
          },
          {
            "dow": "WED",
            "hh": "08",
            "mm": "50",
            "congestionCar": [
              84,
              99,
              113,
              131,
              133,
              108,
              113,
              111,
              102,
              86
            ]
          }
        ]
      },
      {
        "startStationCode": "211",
        "startStationName": "성수역",
        "endStationCode": "211-R",
        "endStationName": "성수역",
        "prevStationCode": "228",
        "prevStationName": "서울대입구역",
        "updnLine": 1,
        "directAt": 0,
        "data": [
          {
            "dow": "WED",
            "hh": "08",
            "mm": "00",
            "congestionCar": [
              48,
              44,
              47,
              61,
              58,
              64,
              63,
              47,
              42,
              36
            ]
          },
          {
            "dow": "WED",
            "hh": "08",
            "mm": "10",
            "congestionCar": [
              40,
              54,
              52,
              53,
              53,
              58,
              58,
              43,
              48,
              40
            ]
          },
          {
            "dow": "WED",
            "hh": "08",
            "mm": "20",
            "congestionCar": [
              55,
              61,
              45,
              58,
              57,
              56,
              62,
              53,
              46,
              38
            ]
          },
          {
            "dow": "WED",
            "hh": "08",
            "mm": "30",
            "congestionCar": [
              46,
              51,
              47,
              60,
              49,
              50,
              62,
              51,
              47,
              39
            ]
          },
          {
            "dow": "WED",
            "hh": "08",
            "mm": "40",
            "congestionCar": [
              33,
              32,
              33,
              39,
              38,
              35,
              44,
              38,
              26,
              23
            ]
          },
          {
            "dow": "WED",
            "hh": "08",
            "mm": "50",
            "congestionCar": [
              25,
              26,
              25,
              30,
              36,
              36,
              41,
              34,
              24,
              23
            ]
          }
        ]
      },
      {
        "startStationCode": "211",
        "startStationName": "성수역",
        "endStationCode": "219",
        "endStationName": "삼성역",
        "prevStationCode": "230",
        "prevStationName": "신림역",
        "updnLine": 0,
        "directAt": 0,
        "data": [
          {
            "dow": "WED",
            "hh": "08",
            "mm": "00",
            "congestionCar": [
              100,
              128,
              140,
              146,
              165,
              150,
              146,
              150,
              136,
              128
            ]
          },
          {
            "dow": "WED",
            "hh": "08",
            "mm": "10",
            "congestionCar": [
              101,
              110,
              152,
              159,
              172,
              154,
              161,
              137,
              138,
              145
            ]
          },
          {
            "dow": "WED",
            "hh": "08",
            "mm": "20",
            "congestionCar": [
              107,
              120,
              148,
              146,
              166,
              145,
              155,
              148,
              121,
              134
            ]
          },
          {
            "dow": "WED",
            "hh": "08",
            "mm": "30",
            "congestionCar": [
              82,
              106,
              128,
              141,
              149,
              132,
              128,
              120,
              115,
              98
            ]
          },
          {
            "dow": "WED",
            "hh": "08",
            "mm": "40",
            "congestionCar": [
              79,
              105,
              117,
              143,
              147,
              115,
              128,
              108,
              108,
              111
            ]
          },
          {
            "dow": "WED",
            "hh": "08",
            "mm": "50",
            "congestionCar": [
              84,
              98,
              112,
              130,
              132,
              107,
              112,
              110,
              101,
              86
            ]
          }
        ]
      },
      {
        "startStationCode": "211",
        "startStationName": "성수역",
        "endStationCode": "228",
        "endStationName": "서울대입구역",
        "prevStationCode": "230",
        "prevStationName": "신림역",
        "updnLine": 0,
        "directAt": 0,
        "data": [
          {
            "dow": "WED",
            "hh": "08",
            "mm": "00",
            "congestionCar": [
              100,
              128,
              140,
              146,
              165,
              150,
              146,
              150,
              136,
              128
            ]
          },
          {
            "dow": "WED",
            "hh": "08",
            "mm": "10",
            "congestionCar": [
              101,
              110,
              152,
              159,
              172,
              154,
              161,
              137,
              138,
              145
            ]
          },
          {
            "dow": "WED",
            "hh": "08",
            "mm": "20",
            "congestionCar": [
              107,
              120,
              148,
              146,
              166,
              145,
              155,
              148,
              121,
              134
            ]
          },
          {
            "dow": "WED",
            "hh": "08",
            "mm": "30",
            "congestionCar": [
              82,
              106,
              128,
              141,
              149,
              132,
              128,
              120,
              115,
              98
            ]
          },
          {
            "dow": "WED",
            "hh": "08",
            "mm": "40",
            "congestionCar": [
              79,
              105,
              117,
              143,
              147,
              115,
              128,
              108,
              108,
              111
            ]
          },
          {
            "dow": "WED",
            "hh": "08",
            "mm": "50",
            "congestionCar": [
              84,
              98,
              112,
              130,
              132,
              107,
              112,
              110,
              101,
              86
            ]
          }
        ]
      },
      {
        "startStationCode": "211",
        "startStationName": "성수역",
        "endStationCode": "234",
        "endStationName": "신도림역",
        "prevStationCode": "228",
        "prevStationName": "서울대입구역",
        "updnLine": 1,
        "directAt": 0,
        "data": [
          {
            "dow": "WED",
            "hh": "08",
            "mm": "00",
            "congestionCar": [
              48,
              44,
              47,
              61,
              58,
              64,
              63,
              47,
              42,
              36
            ]
          },
          {
            "dow": "WED",
            "hh": "08",
            "mm": "10",
            "congestionCar": [
              40,
              54,
              52,
              53,
              53,
              58,
              58,
              43,
              48,
              40
            ]
          },
          {
            "dow": "WED",
            "hh": "08",
            "mm": "20",
            "congestionCar": [
              55,
              61,
              45,
              58,
              57,
              56,
              62,
              53,
              46,
              38
            ]
          },
          {
            "dow": "WED",
            "hh": "08",
            "mm": "30",
            "congestionCar": [
              41,
              46,
              42,
              54,
              44,
              45,
              55,
              46,
              42,
              35
            ]
          },
          {
            "dow": "WED",
            "hh": "08",
            "mm": "40",
            "congestionCar": [
              33,
              32,
              33,
              39,
              38,
              35,
              44,
              38,
              26,
              23
            ]
          },
          {
            "dow": "WED",
            "hh": "08",
            "mm": "50",
            "congestionCar": [
              24,
              24,
              23,
              28,
              34,
              34,
              38,
              32,
              22,
              21
            ]
          }
        ]
      },
      {
        "startStationCode": "211",
        "startStationName": "성수역",
        "endStationCode": "239",
        "endStationName": "홍대입구역",
        "prevStationCode": "228",
        "prevStationName": "서울대입구역",
        "updnLine": 1,
        "directAt": 0,
        "data": [
          {
            "dow": "WED",
            "hh": "08",
            "mm": "00",
            "congestionCar": [
              48,
              44,
              47,
              61,
              58,
              64,
              63,
              47,
              42,
              36
            ]
          },
          {
            "dow": "WED",
            "hh": "08",
            "mm": "10",
            "congestionCar": [
              40,
              54,
              52,
              53,
              53,
              58,
              58,
              43,
              48,
              40
            ]
          },
          {
            "dow": "WED",
            "hh": "08",
            "mm": "20",
            "congestionCar": [
              55,
              61,
              45,
              58,
              57,
              56,
              62,
              53,
              46,
              38
            ]
          },
          {
            "dow": "WED",
            "hh": "08",
            "mm": "30",
            "congestionCar": [
              41,
              46,
              42,
              54,
              44,
              45,
              55,
              46,
              42,
              35
            ]
          },
          {
            "dow": "WED",
            "hh": "08",
            "mm": "40",
            "congestionCar": [
              33,
              32,
              33,
              39,
              38,
              35,
              44,
              38,
              26,
              23
            ]
          },
          {
            "dow": "WED",
            "hh": "08",
            "mm": "50",
            "congestionCar": [
              24,
              24,
              23,
              28,
              34,
              34,
              38,
              32,
              22,
              21
            ]
          }
        ]
      },
      {
        "startStationCode": "219",
        "startStationName": "삼성역",
        "endStationCode": "211-R",
        "endStationName": "성수역",
        "prevStationCode": "228",
        "prevStationName": "서울대입구역",
        "updnLine": 1,
        "directAt": 0,
        "data": [
          {
            "dow": "WED",
            "hh": "08",
            "mm": "00",
            "congestionCar": [
              48,
              44,
              47,
              61,
              58,
              64,
              63,
              47,
              42,
              36
            ]
          },
          {
            "dow": "WED",
            "hh": "08",
            "mm": "10",
            "congestionCar": [
              40,
              54,
              52,
              53,
              53,
              58,
              58,
              43,
              48,
              40
            ]
          },
          {
            "dow": "WED",
            "hh": "08",
            "mm": "20",
            "congestionCar": [
              55,
              61,
              45,
              58,
              57,
              56,
              62,
              53,
              46,
              38
            ]
          },
          {
            "dow": "WED",
            "hh": "08",
            "mm": "30",
            "congestionCar": [
              41,
              46,
              42,
              54,
              44,
              45,
              55,
              46,
              42,
              35
            ]
          },
          {
            "dow": "WED",
            "hh": "08",
            "mm": "40",
            "congestionCar": [
              33,
              32,
              33,
              39,
              38,
              35,
              44,
              38,
              26,
              23
            ]
          },
          {
            "dow": "WED",
            "hh": "08",
            "mm": "50",
            "congestionCar": [
              24,
              24,
              23,
              28,
              34,
              34,
              38,
              32,
              22,
              21
            ]
          }
        ]
      },
      {
        "startStationCode": "228",
        "startStationName": "서울대입구역",
        "endStationCode": "211",
        "endStationName": "성수역",
        "prevStationCode": "228",
        "prevStationName": "서울대입구역",
        "updnLine": 1,
        "directAt": 0,
        "data": [
          {
            "dow": "WED",
            "hh": "08",
            "mm": "00",
            "congestionCar": [
              48,
              44,
              47,
              61,
              58,
              64,
              63,
              47,
              42,
              36
            ]
          },
          {
            "dow": "WED",
            "hh": "08",
            "mm": "10",
            "congestionCar": [
              40,
              54,
              52,
              53,
              53,
              58,
              58,
              43,
              48,
              40
            ]
          },
          {
            "dow": "WED",
            "hh": "08",
            "mm": "20",
            "congestionCar": [
              55,
              61,
              45,
              58,
              57,
              56,
              62,
              53,
              46,
              38
            ]
          },
          {
            "dow": "WED",
            "hh": "08",
            "mm": "30",
            "congestionCar": [
              41,
              46,
              42,
              54,
              44,
              45,
              55,
              46,
              42,
              35
            ]
          },
          {
            "dow": "WED",
            "hh": "08",
            "mm": "40",
            "congestionCar": [
              33,
              32,
              33,
              39,
              38,
              35,
              44,
              38,
              26,
              23
            ]
          },
          {
            "dow": "WED",
            "hh": "08",
            "mm": "50",
            "congestionCar": [
              24,
              24,
              23,
              28,
              34,
              34,
              38,
              32,
              22,
              21
            ]
          }
        ]
      },
      {
        "startStationCode": "228",
        "startStationName": "서울대입구역",
        "endStationCode": "211-R",
        "endStationName": "성수역",
        "prevStationCode": "228",
        "prevStationName": "서울대입구역",
        "updnLine": 1,
        "directAt": 0,
        "data": [
          {
            "dow": "WED",
            "hh": "08",
            "mm": "00",
            "congestionCar": [
              48,
              44,
              47,
              61,
              58,
              64,
              63,
              47,
              42,
              36
            ]
          },
          {
            "dow": "WED",
            "hh": "08",
            "mm": "10",
            "congestionCar": [
              40,
              54,
              52,
              53,
              53,
              58,
              58,
              43,
              48,
              40
            ]
          },
          {
            "dow": "WED",
            "hh": "08",
            "mm": "20",
            "congestionCar": [
              55,
              61,
              45,
              58,
              57,
              56,
              62,
              53,
              46,
              38
            ]
          },
          {
            "dow": "WED",
            "hh": "08",
            "mm": "30",
            "congestionCar": [
              41,
              46,
              42,
              54,
              44,
              45,
              55,
              46,
              42,
              35
            ]
          },
          {
            "dow": "WED",
            "hh": "08",
            "mm": "40",
            "congestionCar": [
              33,
              32,
              33,
              39,
              38,
              35,
              44,
              38,
              26,
              23
            ]
          },
          {
            "dow": "WED",
            "hh": "08",
            "mm": "50",
            "congestionCar": [
              24,
              24,
              23,
              28,
              34,
              34,
              38,
              32,
              22,
              21
            ]
          }
        ]
      },
      {
        "startStationCode": "234",
        "startStationName": "신도림역",
        "endStationCode": "211",
        "endStationName": "성수역",
        "prevStationCode": "230",
        "prevStationName": "신림역",
        "updnLine": 0,
        "directAt": 0,
        "data": [
          {
            "dow": "WED",
            "hh": "08",
            "mm": "00",
            "congestionCar": [
              100,
              128,
              140,
              146,
              165,
              150,
              146,
              150,
              136,
              128
            ]
          },
          {
            "dow": "WED",
            "hh": "08",
            "mm": "10",
            "congestionCar": [
              101,
              110,
              152,
              159,
              172,
              154,
              161,
              137,
              138,
              145
            ]
          },
          {
            "dow": "WED",
            "hh": "08",
            "mm": "20",
            "congestionCar": [
              107,
              120,
              148,
              146,
              166,
              145,
              155,
              148,
              121,
              134
            ]
          },
          {
            "dow": "WED",
            "hh": "08",
            "mm": "30",
            "congestionCar": [
              82,
              106,
              128,
              141,
              149,
              132,
              128,
              120,
              115,
              98
            ]
          },
          {
            "dow": "WED",
            "hh": "08",
            "mm": "40",
            "congestionCar": [
              79,
              105,
              117,
              143,
              147,
              115,
              128,
              108,
              108,
              111
            ]
          },
          {
            "dow": "WED",
            "hh": "08",
            "mm": "50",
            "congestionCar": [
              84,
              98,
              112,
              130,
              132,
              107,
              112,
              110,
              101,
              86
            ]
          }
        ]
      },
      {
        "startStationCode": "234",
        "startStationName": "신도림역",
        "endStationCode": "211-R",
        "endStationName": "성수역",
        "prevStationCode": "230",
        "prevStationName": "신림역",
        "updnLine": 0,
        "directAt": 0,
        "data": [
          {
            "dow": "WED",
            "hh": "08",
            "mm": "00",
            "congestionCar": [
              96,
              124,
              135,
              141,
              159,
              145,
              140,
              145,
              132,
              123
            ]
          },
          {
            "dow": "WED",
            "hh": "08",
            "mm": "10",
            "congestionCar": [
              97,
              106,
              146,
              153,
              165,
              148,
              154,
              131,
              132,
              139
            ]
          },
          {
            "dow": "WED",
            "hh": "08",
            "mm": "20",
            "congestionCar": [
              98,
              111,
              136,
              134,
              153,
              134,
              143,
              136,
              112,
              123
            ]
          },
          {
            "dow": "WED",
            "hh": "08",
            "mm": "30",
            "congestionCar": [
              77,
              99,
              120,
              132,
              140,
              123,
              119,
              112,
              107,
              92
            ]
          },
          {
            "dow": "WED",
            "hh": "08",
            "mm": "40",
            "congestionCar": [
              58,
              78,
              87,
              106,
              109,
              85,
              95,
              80,
              80,
              82
            ]
          },
          {
            "dow": "WED",
            "hh": "08",
            "mm": "50",
            "congestionCar": [
              67,
              79,
              90,
              104,
              106,
              86,
              90,
              88,
              81,
              69
            ]
          }
        ]
      },
      {
        "startStationCode": "239",
        "startStationName": "홍대입구역",
        "endStationCode": "211",
        "endStationName": "성수역",
        "prevStationCode": "230",
        "prevStationName": "신림역",
        "updnLine": 0,
        "directAt": 0,
        "data": [
          {
            "dow": "WED",
            "hh": "08",
            "mm": "00",
            "congestionCar": [
              100,
              128,
              140,
              146,
              165,
              150,
              146,
              150,
              136,
              128
            ]
          },
          {
            "dow": "WED",
            "hh": "08",
            "mm": "10",
            "congestionCar": [
              101,
              110,
              152,
              159,
              172,
              154,
              161,
              137,
              138,
              145
            ]
          },
          {
            "dow": "WED",
            "hh": "08",
            "mm": "20",
            "congestionCar": [
              107,
              120,
              148,
              146,
              166,
              145,
              155,
              148,
              121,
              134
            ]
          },
          {
            "dow": "WED",
            "hh": "08",
            "mm": "30",
            "congestionCar": [
              82,
              106,
              128,
              141,
              149,
              132,
              128,
              120,
              115,
              98
            ]
          },
          {
            "dow": "WED",
            "hh": "08",
            "mm": "40",
            "congestionCar": [
              79,
              105,
              117,
              143,
              147,
              115,
              128,
              108,
              108,
              111
            ]
          },
          {
            "dow": "WED",
            "hh": "08",
            "mm": "50",
            "congestionCar": [
              84,
              98,
              112,
              130,
              132,
              107,
              112,
              110,
              101,
              86
            ]
          }
        ]
      },
      {
        "startStationCode": "239",
        "startStationName": "홍대입구역",
        "endStationCode": "211-R",
        "endStationName": "성수역",
        "prevStationCode": "230",
        "prevStationName": "신림역",
        "updnLine": 0,
        "directAt": 0,
        "data": [
          {
            "dow": "WED",
            "hh": "08",
            "mm": "00",
            "congestionCar": [
              100,
              128,
              140,
              146,
              165,
              150,
              146,
              150,
              136,
              128
            ]
          },
          {
            "dow": "WED",
            "hh": "08",
            "mm": "10",
            "congestionCar": [
              101,
              110,
              152,
              159,
              172,
              154,
              161,
              137,
              138,
              145
            ]
          },
          {
            "dow": "WED",
            "hh": "08",
            "mm": "20",
            "congestionCar": [
              107,
              120,
              148,
              146,
              166,
              145,
              155,
              148,
              121,
              134
            ]
          },
          {
            "dow": "WED",
            "hh": "08",
            "mm": "30",
            "congestionCar": [
              82,
              106,
              128,
              141,
              149,
              132,
              128,
              120,
              115,
              98
            ]
          },
          {
            "dow": "WED",
            "hh": "08",
            "mm": "40",
            "congestionCar": [
              79,
              105,
              117,
              143,
              147,
              115,
              128,
              108,
              108,
              111
            ]
          },
          {
            "dow": "WED",
            "hh": "08",
            "mm": "50",
            "congestionCar": [
              84,
              98,
              112,
              130,
              132,
              107,
              112,
              110,
              101,
              86
            ]
          }
        ]
      }
    ],
    "statStartDate": "20230924",
    "statEndDate": "20231223"
  }
}