{
  "status": {
    "code": "00",
    "message": "success",
    "totalCount": 1
  },
  "contents": {
    "subwayLine": "2호선",
    "stationName": "한양대역",
    "stationCode": "209",
    "stat": [
      {
        "startStationCode": "202",
        "startStationName": "을지로입구역",
        "endStationCode": "211",
        "endStationName": "성수역",
        "prevStationCode": "208",
        "prevStationName": "왕십리역",
        "updnLine": 1,
        "directAt": 0,
        "data": [
          {
            "dow": "MON",
            "hh": "08",
            "mm": "00",
            "congestionCar": [
              91,
              69,
              84,
              83,
              78,
              70,
              86,
              85,
              65,
              79
            ]
          },
          {
            "dow": "MON",
            "hh": "08",
            "mm": "10",
            "congestionCar": [
              123,
              105,
              83,
              111,
              98,
              101,
              89,
              93,
              95,
              121
            ]
          },
          {
            "dow": "MON",
            "hh": "08",
            "mm": "20",
            "congestionCar": [
              126,
              98,
              109,
              119,
              105,
              106,
              100,
              106,
              86,
              104
            ]
          },
          {
            "dow": "MON",
            "hh": "08",
            "mm": "30",
            "congestionCar": [
              144,
              103,
              111,
              124,
              119,
              102,
              102,
              105,
              93,
              126
            ]
          },
          {
            "dow": "MON",
            "hh": "08",
            "mm": "40",
            "congestionCar": [
              125,
              88,
              98,
              99,
              90,
              94,
              95,
              105,
              87,
              111
            ]
          },
          {
            "dow": "MON",
            "hh": "08",
            "mm": "50",
            "congestionCar": [
              80,
              67,
              67,
              76,
              68,
              77,
              71,
              75,
              66,
              72
            ]
          }
        ]
      },
      {
        "startStationCode": "202",
        "startStationName": "을지로입구역",
        "endStationCode": "211-R",
        "endStationName": "성수역",
        "prevStationCode": "208",
        "prevStationName": "왕십리역",
        "updnLine": 1,
        "directAt": 0,
        "data": [
          {
            "dow": "MON",
            "hh": "08",
            "mm": "00",
            "congestionCar": [
              91,
              69,
              84,
              83,
              78,
              70,
              86,
              85,
              65,
              79
            ]
          },
          {
            "dow": "MON",
            "hh": "08",
            "mm": "10",
            "congestionCar": [
              123,
              105,
              83,
              111,
              98,
              101,
              89,
              93,
              95,
              121
            ]
          },
          {
            "dow": "MON",
            "hh": "08",
            "mm": "20",
            "congestionCar": [
              126,
              98,
              109,
              119,
              105,
              106,
              100,
              106,
              86,
              104
            ]
          },
          {
            "dow": "MON",
            "hh": "08",
            "mm": "30",
            "congestionCar": [
              144,
              103,
              111,
              124,
              119,
              102,
              102,
              105,
              93,
              126
            ]
          },
          {
            "dow": "MON",
            "hh": "08",
            "mm": "40",
            "congestionCar": [
              125,
              88,
              98,
              99,
              90,
              94,
              95,
              105,
              87,
              111
            ]
          },
          {
            "dow": "MON",
            "hh": "08",
            "mm": "50",
            "congestionCar": [
              80,
              67,
              67,
              76,
              68,
              77,
              71,
              75,
              66,
              72
            ]
          }
        ]
      },
      {
        "startStationCode": "211",
        "startStationName": "성수역",
        "endStationCode": "202",
        "endStationName": "을지로입구역",
        "prevStationCode": "210",
        "prevStationName": "뚝섬역",
        "updnLine": 0,
        "directAt": 0,
        "data": [
          {
            "dow": "MON",
            "hh": "08",
            "mm": "00",
            "congestionCar": [
              66,
              63,
              68,
              63,
              57,
              73,
              82,
              63,
              62,
              63
            ]
          },
          {
            "dow": "MON",
            "hh": "08",
            "mm": "10",
            "congestionCar": [
              76,
              77,
              85,
              84,
              88,
              91,
              93,
              79,
              75,
              83
            ]
          },
          {
            "dow": "MON",
            "hh": "08",
            "mm": "20",
            "congestionCar": [
              86,
              100,
              114,
              117,
              102,
              111,
              124,
              101,
              92,
              103
            ]
          },
          {
            "dow": "MON",
            "hh": "08",
            "mm": "30",
            "congestionCar": [
              89,
              107,
              109,
              106,
              106,
              101,
              103,
              88,
              91,
              72
            ]
          },
          {
            "dow": "MON",
            "hh": "08",
            "mm": "40",
            "congestionCar": [
              56,
              62,
              62,
              62,
              61,
              60,
              58,
              58,
              55,
              57
            ]
          },
          {
            "dow": "MON",
            "hh": "08",
            "mm": "50",
            "congestionCar": [
              35,
              54,
              57,
              57,
              50,
              49,
              53,
              44,
              42,
              48
            ]
          }
        ]
      },
      {
        "startStationCode": "211",
        "startStationName": "성수역",
        "endStationCode": "211",
        "endStationName": "성수역",
        "prevStationCode": "210",
        "prevStationName": "뚝섬역",
        "updnLine": 0,
        "directAt": 0,
        "data": [
          {
            "dow": "MON",
            "hh": "08",
            "mm": "00",
            "congestionCar": [
              63,
              60,
              65,
              60,
              55,
              69,
              78,
              60,
              59,
              60
            ]
          },
          {
            "dow": "MON",
            "hh": "08",
            "mm": "10",
            "congestionCar": [
              80,
              81,
              89,
              88,
              92,
              96,
              98,
              83,
              78,
              87
            ]
          },
          {
            "dow": "MON",
            "hh": "08",
            "mm": "20",
            "congestionCar": [
              78,
              90,
              103,
              106,
              92,
              100,
              112,
              92,
              83,
              94
            ]
          },
          {
            "dow": "MON",
            "hh": "08",
            "mm": "30",
            "congestionCar": [
              85,
              103,
              104,
              101,
              101,
              96,
              99,
              85,
              87,
              69
            ]
          },
          {
            "dow": "MON",
            "hh": "08",
            "mm": "40",
            "congestionCar": [
              44,
              48,
              49,
              48,
              47,
              47,
              45,
              45,
              43,
              44
            ]
          },
          {
            "dow": "MON",
            "hh": "08",
            "mm": "50",
            "congestionCar": [
              29,
              45,
              48,
              48,
              42,
              41,
              45,
              37,
              35,
              40
            ]
          }
        ]
      },
      {
        "startStationCode": "211",
        "startStationName": "성수역",
        "endStationCode": "211",
        "endStationName": "성수역",
        "prevStationCode": "208",
        "prevStationName": "왕십리역",
        "updnLine": 1,
        "directAt": 0,
        "data": [
          {
            "dow": "MON",
            "hh": "08",
            "mm": "00",
            "congestionCar": [
              91,
              69,
              84,
              83,
              78,
              70,
              86,
              85,
              65,
              79
            ]
          },
          {
            "dow": "MON",
            "hh": "08",
            "mm": "10",
            "congestionCar": [
              123,
              105,
              83,
              111,
              98,
              101,
              89,
              93,
              95,
              121
            ]
          },
          {
            "dow": "MON",
            "hh": "08",
            "mm": "20",
            "congestionCar": [
              126,
              98,
              109,
              119,
              105,
              106,
              100,
              106,
              86,
              104
            ]
          },
          {
            "dow": "MON",
            "hh": "08",
            "mm": "30",
            "congestionCar": [
              144,
              103,
              111,
              124,
              119,
              102,
              102,
              105,
              93,
              126
            ]
          },
          {
            "dow": "MON",
            "hh": "08",
            "mm": "40",
            "congestionCar": [
              125,
              88,
              98,
              99,
              90,
              94,
              95,
              105,
              87,
              111
            ]
          },
          {
            "dow": "MON",
            "hh": "08",
            "mm": "50",
            "congestionCar": [
              80,
              67,
              67,
              76,
              68,
              77,
              71,
              75,
              66,
              72
            ]
          }
        ]
      },
      {
        "startStationCode": "211",
        "startStationName": "성수역",
        "endStationCode": "211-R",
        "endStationName": "성수역",
        "prevStationCode": "210",
        "prevStationName": "뚝섬역",
        "updnLine": 0,
        "directAt": 0,
        "data": [
          {
            "dow": "MON",
            "hh": "08",
            "mm": "00",
            "congestionCar": [
              68,
              65,
              70,
              65,
              59,
              75,
              84,
              65,
              64,
              65
            ]
          },
          {
            "dow": "MON",
            "hh": "08",
            "mm": "10",
            "congestionCar": [
              59,
              59,
              66,
              64,
              67,
              70,
              72,
              61,
              57,
              64
            ]
          },
          {
            "dow": "MON",
            "hh": "08",
            "mm": "20",
            "congestionCar": [
              69,
              81,
              92,
              95,
              83,
              90,
              100,
              82,
              74,
              84
            ]
          },
          {
            "dow": "MON",
            "hh": "08",
            "mm": "30",
            "congestionCar": [
              71,
              86,
              87,
              85,
              85,
              81,
              83,
              71,
              73,
              58
            ]
          },
          {
            "dow": "MON",
            "hh": "08",
            "mm": "40",
            "congestionCar": [
              41,
              45,
              45,
              45,
              44,
              44,
              42,
              42,
              40,
              41
            ]
          },
          {
            "dow": "MON",
            "hh": "08",
            "mm": "50",
            "congestionCar": [
              25,
              39,
              41,
              41,
              36,
              35,
              38,
              31,
              30,
              34
            ]
          }
        ]
      },
      {
        "startStationCode": "211",
        "startStationName": "성수역",
        "endStationCode": "211-R",
        "endStationName": "성수역",
        "prevStationCode": "208",
        "prevStationName": "왕십리역",
        "updnLine": 1,
        "directAt": 0,
        "data": [
          {
            "dow": "MON",
            "hh": "08",
            "mm": "00",
            "congestionCar": [
              90,
              68,
              83,
              82,
              77,
              69,
              85,
              84,
              64,
              78
            ]
          },
          {
            "dow": "MON",
            "hh": "08",
            "mm": "10",
            "congestionCar": [
              115,
              99,
              78,
              105,
              92,
              95,
              84,
              87,
              89,
              114
            ]
          },
          {
            "dow": "MON",
            "hh": "08",
            "mm": "20",
            "congestionCar": [
              124,
              96,
              107,
              116,
              104,
              104,
              98,
              104,
              85,
              102
            ]
          },
          {
            "dow": "MON",
            "hh": "08",
            "mm": "30",
            "congestionCar": [
              144,
              103,
              111,
              124,
              119,
              102,
              102,
              105,
              93,
              126
            ]
          },
          {
            "dow": "MON",
            "hh": "08",
            "mm": "40",
            "congestionCar": [
              125,
              88,
              98,
              99,
              90,
              94,
              95,
              105,
              87,
              111
            ]
          },
          {
            "dow": "MON",
            "hh": "08",
            "mm": "50",
            "congestionCar": [
              80,
              67,
              67,
              76,
              68,
              77,
              71,
              75,
              66,
              72
            ]
          }
        ]
      },
      {
        "startStationCode": "211",
        "startStationName": "성수역",
        "endStationCode": "219",
        "endStationName": "삼성역",
        "prevStationCode": "210",
        "prevStationName": "뚝섬역",
        "updnLine": 0,
        "directAt": 0,
        "data": [
          {
            "dow": "MON",
            "hh": "08",
            "mm": "00",
            "congestionCar": [
              66,
              63,
              68,
              63,
              57,
              73,
              82,
              63,
              62,
              63
            ]
          },
          {
            "dow": "MON",
            "hh": "08",
            "mm": "10",
            "congestionCar": [
              76,
              77,
              85,
              84,
              88,
              91,
              93,
              79,
              75,
              83
            ]
          },
          {
            "dow": "MON",
            "hh": "08",
            "mm": "20",
            "congestionCar": [
              86,
              100,
              114,
              117,
              102,
              111,
              124,
              101,
              92,
              103
            ]
          },
          {
            "dow": "MON",
            "hh": "08",
            "mm": "30",
            "congestionCar": [
              89,
              107,
              109,
              106,
              106,
              101,
              103,
              88,
              91,
              72
            ]
          },
          {
            "dow": "MON",
            "hh": "08",
            "mm": "40",
            "congestionCar": [
              56,
              62,
              62,
              62,
              61,
              60,
              58,
              58,
              55,
              57
            ]
          },
          {
            "dow": "MON",
            "hh": "08",
            "mm": "50",
            "congestionCar": [
              35,
              54,
              57,
              57,
              50,
              49,
              53,
              44,
              42,
              48
            ]
          }
        ]
      },
      {
        "startStationCode": "211",
        "startStationName": "성수역",
        "endStationCode": "228",
        "endStationName": "서울대입구역",
        "prevStationCode": "210",
        "prevStationName": "뚝섬역",
        "updnLine": 0,
        "directAt": 0,
        "data": [
          {
            "dow": "MON",
            "hh": "08",
            "mm": "00",
            "congestionCar": [
              66,
              63,
              68,
              63,
              57,
              73,
              82,
              63,
              62,
              63
            ]
          },
          {
            "dow": "MON",
            "hh": "08",
            "mm": "10",
            "congestionCar": [
              76,
              77,
              85,
              84,
              88,
              91,
              93,
              79,
              75,
              83
            ]
          },
          {
            "dow": "MON",
            "hh": "08",
            "mm": "20",
            "congestionCar": [
              86,
              100,
              114,
              117,
              102,
              111,
              124,
              101,
              92,
              103
            ]
          },
          {
            "dow": "MON",
            "hh": "08",
            "mm": "30",
            "congestionCar": [
              89,
              107,
              109,
              106,
              106,
              101,
              103,
              88,
              91,
              72
            ]
          },
          {
            "dow": "MON",
            "hh": "08",
            "mm": "40",
            "congestionCar": [
              56,
              62,
              62,
              62,
              61,
              60,
              58,
              58,
              55,
              57
            ]
          },
          {
            "dow": "MON",
            "hh": "08",
            "mm": "50",
            "congestionCar": [
              35,
              54,
              57,
              57,
              50,
              49,
              53,
              44,
              42,
              48
            ]
          }
        ]
      },
      {
        "startStationCode": "211",
        "startStationName": "성수역",
        "endStationCode": "234",
        "endStationName": "신도림역",
        "prevStationCode": "210",
        "prevStationName": "뚝섬역",
        "updnLine": 0,
        "directAt": 0,
        "data": [
          {
            "dow": "MON",
            "hh": "08",
            "mm": "00",
            "congestionCar": [
              89,
              85,
              92,
              85,
              77,
              98,
              110,
              85,
              84,
              85
            ]
          },
          {
            "dow": "MON",
            "hh": "08",
            "mm": "10",
            "congestionCar": [
              163,
              165,
              183,
              179,
              188,
              196,
              200,
              169,
              160,
              178
            ]
          },
          {
            "dow": "MON",
            "hh": "08",
            "mm": "20",
            "congestionCar": [
              145,
              169,
              194,
              199,
              173,
              188,
              210,
              172,
              155,
              175
            ]
          },
          {
            "dow": "MON",
            "hh": "08",
            "mm": "30",
            "congestionCar": [
              137,
              166,
              168,
              164,
              163,
              156,
              159,
              136,
              140,
              111
            ]
          },
          {
            "dow": "MON",
            "hh": "08",
            "mm": "40",
            "congestionCar": [
              96,
              106,
              106,
              106,
              104,
              103,
              98,
              99,
              94,
              97
            ]
          },
          {
            "dow": "MON",
            "hh": "08",
            "mm": "50",
            "congestionCar": [
              72,
              111,
              117,
              118,
              103,
              102,
              110,
              91,
              87,
              98
            ]
          }
        ]
      },
      {
        "startStationCode": "211",
        "startStationName": "성수역",
        "endStationCode": "239",
        "endStationName": "홍대입구역",
        "prevStationCode": "210",
        "prevStationName": "뚝섬역",
        "updnLine": 0,
        "directAt": 0,
        "data": [
          {
            "dow": "MON",
            "hh": "08",
            "mm": "00",
            "congestionCar": [
              66,
              63,
              68,
              63,
              57,
              73,
              82,
              63,
              62,
              63
            ]
          },
          {
            "dow": "MON",
            "hh": "08",
            "mm": "10",
            "congestionCar": [
              76,
              77,
              85,
              84,
              88,
              91,
              93,
              79,
              75,
              83
            ]
          },
          {
            "dow": "MON",
            "hh": "08",
            "mm": "20",
            "congestionCar": [
              86,
              100,
              114,
              117,
              102,
              111,
              124,
              101,
              92,
              103
            ]
          },
          {
            "dow": "MON",
            "hh": "08",
            "mm": "30",
            "congestionCar": [
              89,
              107,
              109,
              106,
              106,
              101,
              103,
              88,
              91,
              72
            ]
          },
          {
            "dow": "MON",
            "hh": "08",
            "mm": "40",
            "congestionCar": [
              56,
              62,
              62,
              62,
              61,
              60,
              58,
              58,
              55,
              57
            ]
          },
          {
            "dow": "MON",
            "hh": "08",
            "mm": "50",
            "congestionCar": [
              35,
              54,
              57,
              57,
              50,
              49,
              53,
              44,
              42,
              48
            ]
          }
        ]
      },
      {
        "startStationCode": "219",
        "startStationName": "삼성역",
        "endStationCode": "211-R",
        "endStationName": "성수역",
        "prevStationCode": "208",
        "prevStationName": "왕십리역",
        "updnLine": 1,
        "directAt": 0,
        "data": [
          {
            "dow": "MON",
            "hh": "08",
            "mm": "00",
            "congestionCar": [
              91,
              69,
              84,
              83,
              78,
              70,
              86,
              85,
              65,
              79
            ]
          },
          {
            "dow": "MON",
            "hh": "08",
            "mm": "10",
            "congestionCar": [
              123,
              105,
              83,
              111,
              98,
              101,
              89,
              93,
              95,
              121
            ]
          },
          {
            "dow": "MON",
            "hh": "08",
            "mm": "20",
            "congestionCar": [
              126,
              98,
              109,
              119,
              105,
              106,
              100,
              106,
              86,
              104
            ]
          },
          {
            "dow": "MON",
            "hh": "08",
            "mm": "30",
            "congestionCar": [
              144,
              103,
              111,
              124,
              119,
              102,
              102,
              105,
              93,
              126
            ]
          },
          {
            "dow": "MON",
            "hh": "08",
            "mm": "40",
            "congestionCar": [
              125,
              88,
              98,
              99,
              90,
              94,
              95,
              105,
              87,
              111
            ]
          },
          {
            "dow": "MON",
            "hh": "08",
            "mm": "50",
            "congestionCar": [
              80,
              67,
              67,
              76,
              68,
              77,
              71,
              75,
              66,
              72
            ]
          }
        ]
      },
      {
        "startStationCode": "228",
        "startStationName": "서울대입구역",
        "endStationCode": "211",
        "endStationName": "성수역",
        "prevStationCode": "208",
        "prevStationName": "왕십리역",
        "updnLine": 1,
        "directAt": 0,
        "data": [
          {
            "dow": "MON",
            "hh": "08",
            "mm": "00",
            "congestionCar": [
              91,
              69,
              84,
              83,
              78,
              70,
              86,
              85,
              65,
              79
            ]
          },
          {
            "dow": "MON",
            "hh": "08",
            "mm": "10",
            "congestionCar": [
              123,
              105,
              83,
              111,
              98,
              101,
              89,
              93,
              95,
              121
            ]
          },
          {
            "dow": "MON",
            "hh": "08",
            "mm": "20",
            "congestionCar": [
              126,
              98,
              109,
              119,
              105,
              106,
              100,
              106,
              86,
              104
            ]
          },
          {
            "dow": "MON",
            "hh": "08",
            "mm": "30",
            "congestionCar": [
              144,
              103,
              111,
              124,
              119,
              102,
              102,
              105,
              93,
              126
            ]
          },
          {
            "dow": "MON",
            "hh": "08",
            "mm": "40",
            "congestionCar": [
              125,
              88,
              98,
              99,
              90,
              94,
              95,
              105,
              87,
              111
            ]
          },
          {
            "dow": "MON",
            "hh": "08",
            "mm": "50",
            "congestionCar": [
              80,
              67,
              67,
              76,
              68,
              77,
              71,
              75,
              66,
              72
            ]
          }
        ]
      },
      {
        "startStationCode": "228",
        "startStationName": "서울대입구역",
        "endStationCode": "211-R",
        "endStationName": "성수역",
        "prevStationCode": "208",
        "prevStationName": "왕십리역",
        "updnLine": 1,
        "directAt": 0,
        "data": [
          {
            "dow": "MON",
            "hh": "08",
            "mm": "00",
            "congestionCar": [
              91,
              69,
              84,
              83,
              78,
              70,
              86,
              85,
              65,
              79
            ]
          },
          {
            "dow": "MON",
            "hh": "08",
            "mm": "10",
            "congestionCar": [
              123,
              105,
              83,
              111,
              98,
              101,
              89,
              93,
              95,
              121
            ]
          },
          {
            "dow": "MON",
            "hh": "08",
            "mm": "20",
            "congestionCar": [
              126,
              98,
              109,
              119,
              105,
              106,
              100,
              106,
              86,
              104
            ]
          },
          {
            "dow": "MON",
            "hh": "08",
            "mm": "30",
            "congestionCar": [
              144,
              103,
              111,
              124,
              119,
              102,
              102,
              105,
              93,
              126
            ]
          },
          {
            "dow": "MON",
            "hh": "08",
            "mm": "40",
            "congestionCar": [
              125,
              88,
              98,
              99,
              90,
              94,
              95,
              105,
              87,
              111
            ]
          },
          {
            "dow": "MON",
            "hh": "08",
            "mm": "50",
            "congestionCar": [
              80,
              67,
              67,
              76,
              68,
              77,
              71,
              75,
              66,
              72
            ]
          }
        ]
      },
      {
        "startStationCode": "234",
        "startStationName": "신도림역",
        "endStationCode": "211",
        "endStationName": "성수역",
        "prevStationCode": "208",
        "prevStationName": "왕십리역",
        "updnLine": 1,
        "directAt": 0,
        "data": [
          {
            "dow": "MON",
            "hh": "08",
            "mm": "00",
            "congestionCar": [
              91,
              69,
              84,
              83,
              78,
              70,
              86,
              85,
              65,
              79
            ]
          },
          {
            "dow": "MON",
            "hh": "08",
            "mm": "10",
            "congestionCar": [
              123,
              105,
              83,
              111,
              98,
              101,
              89,
              93,
              95,
              121
            ]
          },
          {
            "dow": "MON",
            "hh": "08",
            "mm": "20",
            "congestionCar": [
              126,
              98,
              109,
              119,
              105,
              106,
              100,
              106,
              86,
              104
            ]
          },
          {
            "dow": "MON",
            "hh": "08",
            "mm": "30",
            "congestionCar": [
              144,
              103,
              111,
              124,
              119,
              102,
              102,
              105,
              93,
              126
            ]
          },
          {
            "dow": "MON",
            "hh": "08",
            "mm": "40",
            "congestionCar": [
              125,
              88,
              98,
              99,
              90,
              94,
              95,
              105,
              87,
              111
            ]
          },
          {
            "dow": "MON",
            "hh": "08",
            "mm": "50",
            "congestionCar": [
              80,
              67,
              67,
              76,
              68,
              77,
              71,
              75,
              66,
              72
            ]
          }
        ]
      },
      {
        "startStationCode": "234",
        "startStationName": "신도림역",
        "endStationCode": "211-R",
        "endStationName": "성수역",
        "prevStationCode": "208",
        "prevStationName": "왕십리역",
        "updnLine": 1,
        "directAt": 0,
        "data": [
          {
            "dow": "MON",
            "hh": "08",
            "mm": "00",
            "congestionCar": [
              117,
              89,
              109,
              107,
              101,
              90,
              111,
              110,
              84,
              102
            ]
          },
          {
            "dow": "MON",
            "hh": "08",
            "mm": "10",
            "congestionCar": [
              138,
              119,
              94,
              126,
              110,
              114,
              101,
              105,
              107,
              137
            ]
          },
          {
            "dow": "MON",
            "hh": "08",
            "mm": "20",
            "congestionCar": [
              137,
              107,
              119,
              129,
              114,
              115,
              109,
              115,
              94,
              113
            ]
          },
          {
            "dow": "MON",
            "hh": "08",
            "mm": "30",
            "congestionCar": [
              73,
              52,
              56,
              63,
              60,
              52,
              51,
              53,
              47,
              64
            ]
          },
          {
            "dow": "MON",
            "hh": "08",
            "mm": "40",
            "congestionCar": [
              125,
              88,
              98,
              99,
              90,
              94,
              95,
              105,
              87,
              111
            ]
          },
          {
            "dow": "MON",
            "hh": "08",
            "mm": "50",
            "congestionCar": [
              80,
              67,
              67,
              76,
              68,
              77,
              71,
              75,
              66,
              72
            ]
          }
        ]
      },
      {
        "startStationCode": "239",
        "startStationName": "홍대입구역",
        "endStationCode": "211",
        "endStationName": "성수역",
        "prevStationCode": "208",
        "prevStationName": "왕십리역",
        "updnLine": 1,
        "directAt": 0,
        "data": [
          {
            "dow": "MON",
            "hh": "08",
            "mm": "00",
            "congestionCar": [
              91,
              69,
              84,
              83,
              78,
              70,
              86,
              85,
              65,
              79
            ]
          },
          {
            "dow": "MON",
            "hh": "08",
            "mm": "10",
            "congestionCar": [
              123,
              105,
              83,
              111,
              98,
              101,
              89,
              93,
              95,
              121
            ]
          },
          {
            "dow": "MON",
            "hh": "08",
            "mm": "20",
            "congestionCar": [
              126,
              98,
              109,
              119,
              105,
              106,
              100,
              106,
              86,
              104
            ]
          },
          {
            "dow": "MON",
            "hh": "08",
            "mm": "30",
            "congestionCar": [
              144,
              103,
              111,
              124,
              119,
              102,
              102,
              105,
              93,
              126
            ]
          },
          {
            "dow": "MON",
            "hh": "08",
            "mm": "40",
            "congestionCar": [
              125,
              88,
              98,
              99,
              90,
              94,
              95,
              105,
              87,
              111
            ]
          },
          {
            "dow": "MON",
            "hh": "08",
            "mm": "50",
            "congestionCar": [
              80,
              67,
              67,
              76,
              68,
              77,
              71,
              75,
              66,
              72
            ]
          }
        ]
      },
      {
        "startStationCode": "239",
        "startStationName": "홍대입구역",
        "endStationCode": "211-R",
        "endStationName": "성수역",
        "prevStationCode": "208",
        "prevStationName": "왕십리역",
        "updnLine": 1,
        "directAt": 0,
        "data": [
          {
            "dow": "MON",
            "hh": "08",
            "mm": "00",
            "congestionCar": [
              91,
              69,
              84,
              83,
              78,
              70,
              86,
              85,
              65,
              79
            ]
          },
          {
            "dow": "MON",
            "hh": "08",
            "mm": "10",
            "congestionCar": [
              123,
              105,
              83,
              111,
              98,
              101,
              89,
              93,
              95,
              121
            ]
          },
          {
            "dow": "MON",
            "hh": "08",
            "mm": "20",
            "congestionCar": [
              126,
              98,
              109,
              119,
              105,
              106,
              100,
              106,
              86,
              104
            ]
          },
          {
            "dow": "MON",
            "hh": "08",
            "mm": "30",
            "congestionCar": [
              144,
              103,
              111,
              124,
              119,
              102,
              102,
              105,
              93,
              126
            ]
          },
          {
            "dow": "MON",
            "hh": "08",
            "mm": "40",
            "congestionCar": [
              125,
              88,
              98,
              99,
              90,
              94,
              95,
              105,
              87,
              111
            ]
          },
          {
            "dow": "MON",
            "hh": "08",
            "mm": "50",
            "congestionCar": [
              80,
              67,
              67,
              76,
              68,
              77,
              71,
              75,
              66,
              72
            ]
          }
        ]
      }
    ],
    "statStartDate": "20230923",
    "statEndDate": "20231222"
  }
}