{
  "status": {
    "code": "00",
    "message": "success",
    "totalCount": 1
  },
  "contents": {
    "subwayLine": "2호선",
    "stationName": "봉천역",
    "stationCode": "229",
    "stat": [
      {
        "startStationCode": "202",
        "startStationName": "을지로입구역",
        "endStationCode": "211",
        "endStationName": "성수역",
        "prevStationCode": "230",
        "prevStationName": "신림역",
        "updnLine": 0,
        "directAt": 0,
        "data": [
          {
            "dow": "FRI",
            "hh": "08",
            "mm": "00",
            "congestionCar": [
              96,
              123,
              134,
              140,
              158,
              143,
              139,
              143,
              131,
              122
            ]
          },
          {
            "dow": "FRI",
            "hh": "08",
            "mm": "10",
            "congestionCar": [
              95,
              103,
              143,
              149,
              161,
              145,
              151,
              128,
              129,
              136
            ]
          },
          {
            "dow": "FRI",
            "hh": "08",
            "mm": "20",
            "congestionCar": [
              100,
              113,
              138,
              136,
              155,
              136,
              145,
              138,
              113,
              125
            ]
          },
          {
            "dow": "FRI",
            "hh": "08",
            "mm": "30",
            "congestionCar": [
              75,
              97,
              118,
              129,
              137,
              121,
              117,
              110,
              105,
              90
            ]
          },
          {
            "dow": "FRI",
            "hh": "08",
            "mm": "40",
            "congestionCar": [
              68,
              91,
              101,
              123,
              127,
              99,
              111,
              93,
              93,
              95
            ]
          },
          {
            "dow": "FRI",
            "hh": "08",
            "mm": "50",
            "congestionCar": [
              78,
              92,
              104,
              121,
              123,
              100,
              104,
              103,
              94,
              80
            ]
          }
        ]
      },
      {
        "startStationCode": "202",
        "startStationName": "을지로입구역",
        "endStationCode": "211-R",
        "endStationName": "성수역",
        "prevStationCode": "230",
        "prevStationName": "신림역",
        "updnLine": 0,
        "directAt": 0,
        "data": [
          {
            "dow": "FRI",
            "hh": "08",
            "mm": "00",
            "congestionCar": [
              96,
              123,
              134,
              140,
              158,
              143,
              139,
              143,
              131,
              122
            ]
          },
          {
            "dow": "FRI",
            "hh": "08",
            "mm": "10",
            "congestionCar": [
              95,
              103,
              143,
              149,
              161,
              145,
              151,
              128,
              129,
              136
            ]
          },
          {
            "dow": "FRI",
            "hh": "08",
            "mm": "20",
            "congestionCar": [
              100,
              113,
              138,
              136,
              155,
              136,
              145,
              138,
              113,
              125
            ]
          },
          {
            "dow": "FRI",
            "hh": "08",
            "mm": "30",
            "congestionCar": [
              75,
              97,
              118,
              129,
              137,
              121,
              117,
              110,
              105,
              90
            ]
          },
          {
            "dow": "FRI",
            "hh": "08",
            "mm": "40",
            "congestionCar": [
              68,
              91,
              101,
              123,
              127,
              99,
              111,
              93,
              93,
              95
            ]
          },
          {
            "dow": "FRI",
            "hh": "08",
            "mm": "50",
            "congestionCar": [
              78,
              92,
              104,
              121,
              123,
              100,
              104,
              103,
              94,
              80
            ]
          }
        ]
      },
      {
        "startStationCode": "211",
        "startStationName": "성수역",
        "endStationCode": "202",
        "endStationName": "을지로입구역",
        "prevStationCode": "228",
        "prevStationName": "서울대입구역",
        "updnLine": 1,
        "directAt": 0,
        "data": [
          {
            "dow": "FRI",
            "hh": "08",
            "mm": "00",
            "congestionCar": [
              42,
              39,
              41,
              54,
              51,
              56,
              56,
              41,
              37,
              32
            ]
          },
          {
            "dow": "FRI",
            "hh": "08",
            "mm": "10",
            "congestionCar": [
              35,
              47,
              46,
              47,
              47,
              51,
              51,
              38,
              43,
              35
            ]
          },
          {
            "dow": "FRI",
            "hh": "08",
            "mm": "20",
            "congestionCar": [
              47,
              51,
              38,
              49,
              48,
              47,
              53,
              45,
              39,
              32
            ]
          },
          {
            "dow": "FRI",
            "hh": "08",
            "mm": "30",
            "congestionCar": [
              39,
              44,
              40,
              51,
              42,
              43,
              53,
              44,
              41,
              34
            ]
          },
          {
            "dow": "FRI",
            "hh": "08",
            "mm": "40",
            "congestionCar": [
              31,
              30,
              31,
              37,
              36,
              33,
              41,
              36,
              24,
              22
            ]
          },
          {
            "dow": "FRI",
            "hh": "08",
            "mm": "50",
            "congestionCar": [
              23,
              23,
              23,
              27,
              33,
              32,
              37,
              31,
              22,
              21
            ]
          }
        ]
      },
      {
        "startStationCode": "211",
        "startStationName": "성수역",
        "endStationCode": "211",
        "endStationName": "성수역",
        "prevStationCode": "230",
        "prevStationName": "신림역",
        "updnLine": 0,
        "directAt": 0,
        "data": [
          {
            "dow": "FRI",
            "hh": "08",
            "mm": "00",
            "congestionCar": [
              96,
              123,
              134,
              140,
              158,
              143,
              139,
              143,
              131,
              122
            ]
          },
          {
            "dow": "FRI",
            "hh": "08",
            "mm": "10",
            "congestionCar": [
              49,
              53,
              73,
              77,
              83,
              74,
              78,
              66,
              67,
              70
            ]
          },
          {
            "dow": "FRI",
            "hh": "08",
            "mm": "20",
            "congestionCar": [
              107,
              120,
              148,
              146,
              166,
              145,
              155,
              148,
              121,
              134
            ]
          },
          {
            "dow": "FRI",
            "hh": "08",
            "mm": "30",
            "congestionCar": [
              92,
              120,
              145,
              159,
              168,
              148,
              144,
              135,
              129,
              111
            ]
          },
          {
            "dow": "FRI",
            "hh": "08",
            "mm": "40",
            "congestionCar": [
              81,
              108,
              120,
              146,
              151,
              118,
              132,
              111,
              111,
              114
            ]
          },
          {
            "dow": "FRI",
            "hh": "08",
            "mm": "50",
            "congestionCar": [
              81,
              95,
              109,
              126,
              128,
              104,
              109,
              107,
              98,
              83
            ]
          }
        ]
      },
      {
        "startStationCode": "211",
        "startStationName": "성수역",
        "endStationCode": "211",
        "endStationName": "성수역",
        "prevStationCode": "228",
        "prevStationName": "서울대입구역",
        "updnLine": 1,
        "directAt": 0,
        "data": [
          {
            "dow": "FRI",
            "hh": "08",
            "mm": "00",
            "congestionCar": [
              42,
              39,
              41,
              54,
              51,
              56,
              56,
              41,
              37,
              32
            ]
          },
          {
            "dow": "FRI",
            "hh": "08",
            "mm": "10",
            "congestionCar": [
              35,
              47,
              46,
              47,
              47,
              51,
              51,
              38,
              43,
              35
            ]
          },
          {
            "dow": "FRI",
            "hh": "08",
            "mm": "20",
            "congestionCar": [
              47,
              51,
              38,
              49,
              48,
              47,
              53,
              45,
              39,
              32
            ]
          },
          {
            "dow": "FRI",
            "hh": "08",
            "mm": "30",
            "congestionCar": [
              15,
              16,
              15,
              19,
              16,
              16,
              20,
              16,
              15,
              12
            ]
          },
          {
            "dow": "FRI",
            "hh": "08",
            "mm": "40",
            "congestionCar": [
              31,
              30,
              31,
              37,
              36,
              33,
              41,
              36,
              24,
              22
            ]
          },
          {
            "dow": "FRI",
            "hh": "08",
            "mm": "50",
            "congestionCar": [
              25,
              26,
              25,
              30,
              36,
              36,
              41,
              34,
              24,
              23
            ]
          }
        ]
      },
      {
        "startStationCode": "211",
        "startStationName": "성수역",
        "endStationCode": "211-R",
        "endStationName": "성수역",
        "prevStationCode": "230",
        "prevStationName": "신림역",
        "updnLine": 0,
        "directAt": 0,
        "data": [
          {
            "dow": "FRI",
            "hh": "08",
            "mm": "00",
            "congestionCar": [
              104,
              133,
              145,
              152,
              171,
              155,
              151,
              155,
              141,
              133
            ]
          },
          {
            "dow": "FRI",
            "hh": "08",
            "mm": "10",
            "congestionCar": [
              103,
              112,
              154,
              161,
              174,
              156,
              163,
              139,
              140,
              147
            ]
          },
          {
            "dow": "FRI",
            "hh": "08",
            "mm": "20",
            "congestionCar": [
              109,
              123,
              151,
              149,
              170,
              148,
              159,
              151,
              124,
              137
            ]
          },
          {
            "dow": "FRI",
            "hh": "08",
            "mm": "30",
            "congestionCar": [
              80,
              104,
              125,
              138,
              146,
              128,
              124,
              117,
              112,
              96
            ]
          },
          {
            "dow": "FRI",
            "hh": "08",
            "mm": "40",
            "congestionCar": [
              69,
              92,
              103,
              125,
              129,
              101,
              113,
              95,
              95,
              97
            ]
          },
          {
            "dow": "FRI",
            "hh": "08",
            "mm": "50",
            "congestionCar": [
              80,
              94,
              106,
              124,
              126,
              102,
              107,
              105,
              96,
              82
            ]
          }
        ]
      },
      {
        "startStationCode": "211",
        "startStationName": "성수역",
        "endStationCode": "211-R",
        "endStationName": "성수역",
        "prevStationCode": "228",
        "prevStationName": "서울대입구역",
        "updnLine": 1,
        "directAt": 0,
        "data": [
          {
            "dow": "FRI",
            "hh": "08",
            "mm": "00",
            "congestionCar": [
              44,
              41,
              43,
              56,
              53,
              59,
              58,
              43,
              39,
              33
            ]
          },
          {
            "dow": "FRI",
            "hh": "08",
            "mm": "10",
            "congestionCar": [
              37,
              49,
              48,
              49,
              49,
              53,
              54,
              40,
              45,
              37
            ]
          },
          {
            "dow": "FRI",
            "hh": "08",
            "mm": "20",
            "congestionCar": [
              50,
              55,
              41,
              52,
              52,
              51,
              56,
              48,
              42,
              34
            ]
          },
          {
            "dow": "FRI",
            "hh": "08",
            "mm": "30",
            "congestionCar": [
              42,
              47,
              43,
              55,
              45,
              46,
              57,
              47,
              43,
              36
            ]
          },
          {
            "dow": "FRI",
            "hh": "08",
            "mm": "40",
            "congestionCar": [
              34,
              33,
              34,
              40,
              39,
              36,
              45,
              39,
              26,
              24
            ]
          },
          {
            "dow": "FRI",
            "hh": "08",
            "mm": "50",
            "congestionCar": [
              23,
              23,
              23,
              27,
              33,
              32,
              37,
              31,
              22,
              21
            ]
          }
        ]
      },
      {
        "startStationCode": "211",
        "startStationName": "성수역",
        "endStationCode": "219",
        "endStationName": "삼성역",
        "prevStationCode": "230",
        "prevStationName": "신림역",
        "updnLine": 0,
        "directAt": 0,
        "data": [
          {
            "dow": "FRI",
            "hh": "08",
            "mm": "00",
            "congestionCar": [
              96,
              123,
              134,
              140,
              158,
              143,
              139,
              143,
              131,
              122
            ]
          },
          {
            "dow": "FRI",
            "hh": "08",
            "mm": "10",
            "congestionCar": [
              95,
              103,
              143,
              149,
              161,
              145,
              151,
              128,
              129,
              136
            ]
          },
          {
            "dow": "FRI",
            "hh": "08",
            "mm": "20",
            "congestionCar": [
              100,
              113,
              138,
              136,
              155,
              136,
              145,
              138,
              113,
              125
            ]
          },
          {
            "dow": "FRI",
            "hh": "08",
            "mm": "30",
            "congestionCar": [
              75,
              97,
              118,
              129,
              137,
              121,
              117,
              110,
              105,
              90
            ]
          },
          {
            "dow": "FRI",
            "hh": "08",
            "mm": "40",
            "congestionCar": [
              68,
              91,
              101,
              123,
              127,
              99,
              111,
              93,
              93,
              95
            ]
          },
          {
            "dow": "FRI",
            "hh": "08",
            "mm": "50",
            "congestionCar": [
              78,
              92,
              104,
              121,
              123,
              100,
              104,
              103,
              94,
              80
            ]
          }
        ]
      },
      {
        "startStationCode": "211",
        "startStationName": "성수역",
        "endStationCode": "228",
        "endStationName": "서울대입구역",
        "prevStationCode": "230",
        "prevStationName": "신림역",
        "updnLine": 0,
        "directAt": 0,
        "data": [
          {
            "dow": "FRI",
            "hh": "08",
            "mm": "00",
            "congestionCar": [
              96,
              123,
              134,
              140,
              158,
              143,
              139,
              143,
              131,
              122
            ]
          },
          {
            "dow": "FRI",
            "hh": "08",
            "mm": "10",
            "congestionCar": [
              95,
              103,
              143,
              149,
              161,
              145,
              151,
              128,
              129,
              136
            ]
          },
          {
            "dow": "FRI",
            "hh": "08",
            "mm": "20",
            "congestionCar": [
              100,
              113,
              138,
              136,
              155,
              136,
              145,
              138,
              113,
              125
            ]
          },
          {
            "dow": "FRI",
            "hh": "08",
            "mm": "30",
            "congestionCar": [
              75,
              97,
              118,
              129,
              137,
              121,
              117,
              110,
              105,
              90
            ]
          },
          {
            "dow": "FRI",
            "hh": "08",
            "mm": "40",
            "congestionCar": [
              68,
              91,
              101,
              123,
              127,
              99,
              111,
              93,
              93,
              95
            ]
          },
          {
            "dow": "FRI",
            "hh": "08",
            "mm": "50",
            "congestionCar": [
              78,
              92,
              104,
              121,
              123,
              100,
              104,
              103,
              94,
              80
            ]
          }
        ]
      },
      {
        "startStationCode": "211",
        "startStationName": "성수역",
        "endStationCode": "234",
        "endStationName": "신도림역",
        "prevStationCode": "228",
        "prevStationName": "서울대입구역",
        "updnLine": 1,
        "directAt": 0,
        "data": [
          {
            "dow": "FRI",
            "hh": "08",
            "mm": "00",
            "congestionCar": [
              42,
              39,
              41,
              54,
              51,
              56,
              56,
              41,
              37,
              32
            ]
          },
          {
            "dow": "FRI",
            "hh": "08",
            "mm": "10",
            "congestionCar": [
              35,
              47,
              46,
              47,
              47,
              51,
              51,
              38,
              43,
              35
            ]
          },
          {
            "dow": "FRI",
            "hh": "08",
            "mm": "20",
            "congestionCar": [
              47,
              51,
              38,
              49,
              48,
              47,
              53,
              45,
              39,
              32
            ]
          },
          {
            "dow": "FRI",
            "hh": "08",
            "mm": "30",
            "congestionCar": [
              39,
              44,
              40,
              51,
              42,
              43,
              53,
              44,
              41,
              34
            ]
          },
          {
            "dow": "FRI",
            "hh": "08",
            "mm": "40",
            "congestionCar": [
              31,
              30,
              31,
              37,
              36,
              33,
              41,
              36,
              24,
              22
            ]
          },
          {
            "dow": "FRI",
            "hh": "08",
            "mm": "50",
            "congestionCar": [
              23,
              23,
              23,
              27,
              33,
              32,
              37,
              31,
              22,
              21
            ]
          }
        ]
      },
      {
        "startStationCode": "211",
        "startStationName": "성수역",
        "endStationCode": "239",
        "endStationName": "홍대입구역",
        "prevStationCode": "228",
        "prevStationName": "서울대입구역",
        "updnLine": 1,
        "directAt": 0,
        "data": [
          {
            "dow": "FRI",
            "hh": "08",
            "mm": "00",
            "congestionCar": [
              42,
              39,
              41,
              54,
              51,
              56,
              56,
              41,
              37,
              32
            ]
          },
          {
            "dow": "FRI",
            "hh": "08",
            "mm": "10",
            "congestionCar": [
              35,
              47,
              46,
              47,
              47,
              51,
              51,
              38,
              43,
              35
            ]
          },
          {
            "dow": "FRI",
            "hh": "08",
            "mm": "20",
            "congestionCar": [
              47,
              51,
              38,
              49,
              48,
              47,
              53,
              45,
              39,
              32
            ]
          },
          {
            "dow": "FRI",
            "hh": "08",
            "mm": "30",
            "congestionCar": [
              39,
              44,
              40,
              51,
              42,
              43,
              53,
              44,
              41,
              34
            ]
          },
          {
            "dow": "FRI",
            "hh": "08",
            "mm": "40",
            "congestionCar": [
              31,
              30,
              31,
              37,
              36,
              33,
              41,
              36,
              24,
              22
            ]
          },
          {
            "dow": "FRI",
            "hh": "08",
            "mm": "50",
            "congestionCar": [
              23,
              23,
              23,
              27,
              33,
              32,
              37,
              31,
              22,
              21
            ]
          }
        ]
      },
      {
        "startStationCode": "219",
        "startStationName": "삼성역",
        "endStationCode": "211-R",
        "endStationName": "성수역",
        "prevStationCode": "228",
        "prevStationName": "서울대입구역",
        "updnLine": 1,
        "directAt": 0,
        "data": [
          {
            "dow": "FRI",
            "hh": "08",
            "mm": "00",
            "congestionCar": [
              42,
              39,
              41,
              54,
              51,
              56,
              56,
              41,
              37,
              32
            ]
          },
          {
            "dow": "FRI",
            "hh": "08",
            "mm": "10",
            "congestionCar": [
              35,
              47,
              46,
              47,
              47,
              51,
              51,
              38,
              43,
              35
            ]
          },
          {
            "dow": "FRI",
            "hh": "08",
            "mm": "20",
            "congestionCar": [
              47,
              51,
              38,
              49,
              48,
              47,
              53,
              45,
              39,
              32
            ]
          },
          {
            "dow": "FRI",
            "hh": "08",
            "mm": "30",
            "congestionCar": [
              39,
              44,
              40,
              51,
              42,
              43,
              53,
              44,
              41,
              34
            ]
          },
          {
            "dow": "FRI",
            "hh": "08",
            "mm": "40",
            "congestionCar": [
              31,
              30,
              31,
              37,
              36,
              33,
              41,
              36,
              24,
              22
            ]
          },
          {
            "dow": "FRI",
            "hh": "08",
            "mm": "50",
            "congestionCar": [
              23,
              23,
              23,
              27,
              33,
              32,
              37,
              31,
              22,
              21
            ]
          }
        ]
      },
      {
        "startStationCode": "228",
        "startStationName": "서울대입구역",
        "endStationCode": "211",
        "endStationName": "성수역",
        "prevStationCode": "228",
        "prevStationName": "서울대입구역",
        "updnLine": 1,
        "directAt": 0,
        "data": [
          {
            "dow": "FRI",
            "hh": "08",
            "mm": "00",
            "congestionCar": [
              42,
              39,
              41,
              54,
              51,
              56,
              56,
              41,
              37,
              32
            ]
          },
          {
            "dow": "FRI",
            "hh": "08",
            "mm": "10",
            "congestionCar": [
              35,
              47,
              46,
              47,
              47,
              51,
              51,
              38,
              43,
              35
            ]
          },
          {
            "dow": "FRI",
            "hh": "08",
            "mm": "20",
            "congestionCar": [
              47,
              51,
              38,
              49,
              48,
              47,
              53,
              45,
              39,
              32
            ]
          },
          {
            "dow": "FRI",
            "hh": "08",
            "mm": "30",
            "congestionCar": [
              39,
              44,
              40,
              51,
              42,
              43,
              53,
              44,
              41,
              34
            ]
          },
          {
            "dow": "FRI",
            "hh": "08",
            "mm": "40",
            "congestionCar": [
              31,
              30,
              31,
              37,
              36,
              33,
              41,
              36,
              24,
              22
            ]
          },
          {
            "dow": "FRI",
            "hh": "08",
            "mm": "50",
            "congestionCar": [
              23,
              23,
              23,
              27,
              33,
              32,
              37,
              31,
              22,
              21
            ]
          }
        ]
      },
      {
        "startStationCode": "228",
        "startStationName": "서울대입구역",
        "endStationCode": "211-R",
        "endStationName": "성수역",
        "prevStationCode": "228",
        "prevStationName": "서울대입구역",
        "updnLine": 1,
        "directAt": 0,
        "data": [
          {
            "dow": "FRI",
            "hh": "08",
            "mm": "00",
            "congestionCar": [
              42,
              39,
              41,
              54,
              51,
              56,
              56,
              41,
              37,
              32
            ]
          },
          {
            "dow": "FRI",
            "hh": "08",
            "mm": "10",
            "congestionCar": [
              35,
              47,
              46,
              47,
              47,
              51,
              51,
              38,
              43,
              35
            ]
          },
          {
            "dow": "FRI",
            "hh": "08",
            "mm": "20",
            "congestionCar": [
              47,
              51,
              38,
              49,
              48,
              47,
              53,
              45,
              39,
              32
            ]
          },
          {
            "dow": "FRI",
            "hh": "08",
            "mm": "30",
            "congestionCar": [
              39,
              44,
              40,
              51,
              42,
              43,
              53,
              44,
              41,
              34
            ]
          },
          {
            "dow": "FRI",
            "hh": "08",
            "mm": "40",
            "congestionCar": [
              31,
              30,
              31,
              37,
              36,
              33,
              41,
              36,
              24,
              22
            ]
          },
          {
            "dow": "FRI",
            "hh": "08",
            "mm": "50",
            "congestionCar": [
              23,
              23,
              23,
              27,
              33,
              32,
              37,
              31,
              22,
              21
            ]
          }
        ]
      },
      {
        "startStationCode": "234",
        "startStationName": "신도림역",
        "endStationCode": "211",
        "endStationName": "성수역",
        "prevStationCode": "230",
        "prevStationName": "신림역",
        "updnLine": 0,
        "directAt": 0,
        "data": [
          {
            "dow": "FRI",
            "hh": "08",
            "mm": "00",
            "congestionCar": [
              96,
              123,
              134,
              140,
              158,
              143,
              139,
              143,
              131,
              122
            ]
          },
          {
            "dow": "FRI",
            "hh": "08",
            "mm": "10",
            "congestionCar": [
              95,
              103,
              143,
              149,
              161,
              145,
              151,
              128,
              129,
              136
            ]
          },
          {
            "dow": "FRI",
            "hh": "08",
            "mm": "20",
            "congestionCar": [
              100,
              113,
              138,
              136,
              155,
              136,
              145,
              138,
              113,
              125
            ]
          },
          {
            "dow": "FRI",
            "hh": "08",
            "mm": "30",
            "congestionCar": [
              75,
              97,
              118,
              129,
              137,
              121,
              117,
              110,
              105,
              90
            ]
          },
          {
            "dow": "FRI",
            "hh": "08",
            "mm": "40",
            "congestionCar": [
              68,
              91,
              101,
              123,
              127,
              99,
              111,
              93,
              93,
              95
            ]
          },
          {
            "dow": "FRI",
            "hh": "08",
            "mm": "50",
            "congestionCar": [
              78,
              92,
              104,
              121,
              123,
              100,
              104,
              103,
              94,
              80
            ]
          }
        ]
      },
      {
        "startStationCode": "234",
        "startStationName": "신도림역",
        "endStationCode": "211-R",
        "endStationName": "성수역",
        "prevStationCode": "230",
        "prevStationName": "신림역",
        "updnLine": 0,
        "directAt": 0,
        "data": [
          {
            "dow": "FRI",
            "hh": "08",
            "mm": "00",
            "congestionCar": [
              91,
              116,
              127,
              133,
              150,
              136,
              132,
              136,
              124,
              116
            ]
          },
          {
            "dow": "FRI",
            "hh": "08",
            "mm": "10",
            "congestionCar": [
              91,
              99,
              137,
              144,
              155,
              139,
              145,
              123,
              125,
              131
            ]
          },
          {
            "dow": "FRI",
            "hh": "08",
            "mm": "20",
            "congestionCar": [
              93,
              106,
              130,
              128,
              146,
              127,
              136,
              130,
              106,
              118
            ]
          },
          {
            "dow": "FRI",
            "hh": "08",
            "mm": "30",
            "congestionCar": [
              64,
              83,
              101,
              111,
              117,
              103,
              100,
              94,
              90,
              77
            ]
          },
          {
            "dow": "FRI",
            "hh": "08",
            "mm": "40",
            "congestionCar": [
              48,
              64,
              72,
              87,
              90,
              70,
              79,
              66,
              66,
              68
            ]
          },
          {
            "dow": "FRI",
            "hh": "08",
            "mm": "50",
            "congestionCar": [
              56,
              65,
              74,
              86,
              88,
              71,
              74,
              73,
              67,
              57
            ]
          }
        ]
      },
      {
        "startStationCode": "239",
        "startStationName": "홍대입구역",
        "endStationCode": "211",
        "endStationName": "성수역",
        "prevStationCode": "230",
        "prevStationName": "신림역",
        "updnLine": 0,
        "directAt": 0,
        "data": [
          {
            "dow": "FRI",
            "hh": "08",
            "mm": "00",
            "congestionCar": [
              96,
              123,
              134,
              140,
              158,
              143,
              139,
              143,
              131,
              122
            ]
          },
          {
            "dow": "FRI",
            "hh": "08",
            "mm": "10",
            "congestionCar": [
              95,
              103,
              143,
              149,
              161,
              145,
              151,
              128,
              129,
              136
            ]
          },
          {
            "dow": "FRI",
            "hh": "08",
            "mm": "20",
            "congestionCar": [
              100,
              113,
              138,
              136,
              155,
              136,
              145,
              138,
              113,
              125
            ]
          },
          {
            "dow": "FRI",
            "hh": "08",
            "mm": "30",
            "congestionCar": [
              75,
              97,
              118,
              129,
              137,
              121,
              117,
              110,
              105,
              90
            ]
          },
          {
            "dow": "FRI",
            "hh": "08",
            "mm": "40",
            "congestionCar": [
              68,
              91,
              101,
              123,
              127,
              99,
              111,
              93,
              93,
              95
            ]
          },
          {
            "dow": "FRI",
            "hh": "08",
            "mm": "50",
            "congestionCar": [
              78,
              92,
              104,
              121,
              123,
              100,
              104,
              103,
              94,
              80
            ]
          }
        ]
      },
      {
        "startStationCode": "239",
        "startStationName": "홍대입구역",
        "endStationCode": "211-R",
        "endStationName": "성수역",
        "prevStationCode": "230",
        "prevStationName": "신림역",
        "updnLine": 0,
        "directAt": 0,
        "data": [
          {
            "dow": "FRI",
            "hh": "08",
            "mm": "00",
            "congestionCar": [
              96,
              123,
              134,
              140,
              158,
              143,
              139,
              143,
              131,
              122
            ]
          },
          {
            "dow": "FRI",
            "hh": "08",
            "mm": "10",
            "congestionCar": [
              95,
              103,
              143,
              149,
              161,
              145,
              151,
              128,
              129,
              136
            ]
          },
          {
            "dow": "FRI",
            "hh": "08",
            "mm": "20",
            "congestionCar": [
              100,
              113,
              138,
              136,
              155,
              136,
              145,
              138,
              113,
              125
            ]
          },
          {
            "dow": "FRI",
            "hh": "08",
            "mm": "30",
            "congestionCar": [
              75,
              97,
              118,
              129,
              137,
              121,
              117,
              110,
              105,
              90
            ]
          },
          {
            "dow": "FRI",
            "hh": "08",
            "mm": "40",
            "congestionCar": [
              68,
              91,
              101,
              123,
              127,
              99,
              111,
              93,
              93,
              95
            ]
          },
          {
            "dow": "FRI",
            "hh": "08",
            "mm": "50",
            "congestionCar": [
              78,
              92,
              104,
              121,
              123,
              100,
              104,
              103,
              94,
              80
            ]
          }
        ]
      }
    ],
    "statStartDate": "20230924",
    "statEndDate": "20231223"
  }
}