{
  "status": {
    "code": "00",
    "message": "success",
    "totalCount": 1
  },
  "contents": {
    "subwayLine": "2호선",
    "stationName": "합정역",
    "stationCode": "238",
    "stat": [
      {
        "startStationCode": "202",
        "startStationName": "을지로입구역",
        "endStationCode": "211",
        "endStationName": "성수역",
        "prevStationCode": "239",
        "prevStationName": "홍대입구역",
        "updnLine": 0,
        "directAt": 0,
        "data": [
          {
            "dow": "FRI",
            "hh": "08",
            "mm": "00",
            "congestionCar": [
              30,
              38,
              47,
              48,
              44,
              51,
              39,
              38,
              32,
              32
            ]
          },
          {
            "dow": "FRI",
            "hh": "08",
            "mm": "10",
            "congestionCar": [
              32,
              40,
              43,
              52,
              47,
              42,
              45,
              48,
              36,
              36
            ]
          },
          {
            "dow": "FRI",
            "hh": "08",
            "mm": "20",
            "congestionCar": [
              32,
              45,
              43,
              47,
              32,
              41,
              42,
              41,
              35,
              23
            ]
          },
          {
            "dow": "FRI",
            "hh": "08",
            "mm": "30",
            "congestionCar": [
              25,
              32,
              35,
              37,
              29,
              33,
              31,
              36,
              37,
              25
            ]
          },
          {
            "dow": "FRI",
            "hh": "08",
            "mm": "40",
            "congestionCar": [
              14,
              18,
              24,
              23,
              22,
              23,
              25,
              34,
              28,
              18
            ]
          },
          {
            "dow": "FRI",
            "hh": "08",
            "mm": "50",
            "congestionCar": [
              13,
              20,
              25,
              21,
              25,
              17,
              20,
              23,
              15,
              12
            ]
          }
        ]
      },
      {
        "startStationCode": "202",
        "startStationName": "을지로입구역",
        "endStationCode": "211-R",
        "endStationName": "성수역",
        "prevStationCode": "239",
        "prevStationName": "홍대입구역",
        "updnLine": 0,
        "directAt": 0,
        "data": [
          {
            "dow": "FRI",
            "hh": "08",
            "mm": "00",
            "congestionCar": [
              30,
              38,
              47,
              48,
              44,
              51,
              39,
              38,
              32,
              32
            ]
          },
          {
            "dow": "FRI",
            "hh": "08",
            "mm": "10",
            "congestionCar": [
              32,
              40,
              43,
              52,
              47,
              42,
              45,
              48,
              36,
              36
            ]
          },
          {
            "dow": "FRI",
            "hh": "08",
            "mm": "20",
            "congestionCar": [
              32,
              45,
              43,
              47,
              32,
              41,
              42,
              41,
              35,
              23
            ]
          },
          {
            "dow": "FRI",
            "hh": "08",
            "mm": "30",
            "congestionCar": [
              25,
              32,
              35,
              37,
              29,
              33,
              31,
              36,
              37,
              25
            ]
          },
          {
            "dow": "FRI",
            "hh": "08",
            "mm": "40",
            "congestionCar": [
              14,
              18,
              24,
              23,
              22,
              23,
              25,
              34,
              28,
              18
            ]
          },
          {
            "dow": "FRI",
            "hh": "08",
            "mm": "50",
            "congestionCar": [
              13,
              20,
              25,
              21,
              25,
              17,
              20,
              23,
              15,
              12
            ]
          }
        ]
      },
      {
        "startStationCode": "211",
        "startStationName": "성수역",
        "endStationCode": "202",
        "endStationName": "을지로입구역",
        "prevStationCode": "237",
        "prevStationName": "당산역",
        "updnLine": 1,
        "directAt": 0,
        "data": [
          {
            "dow": "FRI",
            "hh": "08",
            "mm": "00",
            "congestionCar": [
              111,
              91,
              96,
              109,
              121,
              113,
              105,
              103,
              94,
              88
            ]
          },
          {
            "dow": "FRI",
            "hh": "08",
            "mm": "10",
            "congestionCar": [
              112,
              103,
              110,
              125,
              135,
              124,
              122,
              132,
              112,
              116
            ]
          },
          {
            "dow": "FRI",
            "hh": "08",
            "mm": "20",
            "congestionCar": [
              134,
              118,
              132,
              151,
              162,
              161,
              144,
              133,
              124,
              110
            ]
          },
          {
            "dow": "FRI",
            "hh": "08",
            "mm": "30",
            "congestionCar": [
              137,
              130,
              126,
              117,
              127,
              128,
              123,
              104,
              96,
              94
            ]
          },
          {
            "dow": "FRI",
            "hh": "08",
            "mm": "40",
            "congestionCar": [
              85,
              71,
              66,
              62,
              76,
              82,
              67,
              66,
              65,
              59
            ]
          },
          {
            "dow": "FRI",
            "hh": "08",
            "mm": "50",
            "congestionCar": [
              63,
              68,
              59,
              56,
              68,
              73,
              72,
              61,
              55,
              45
            ]
          }
        ]
      },
      {
        "startStationCode": "211",
        "startStationName": "성수역",
        "endStationCode": "211",
        "endStationName": "성수역",
        "prevStationCode": "239",
        "prevStationName": "홍대입구역",
        "updnLine": 0,
        "directAt": 0,
        "data": [
          {
            "dow": "FRI",
            "hh": "08",
            "mm": "00",
            "congestionCar": [
              26,
              33,
              40,
              41,
              38,
              43,
              33,
              33,
              27,
              27
            ]
          },
          {
            "dow": "FRI",
            "hh": "08",
            "mm": "10",
            "congestionCar": [
              26,
              33,
              36,
              43,
              39,
              35,
              37,
              40,
              30,
              30
            ]
          },
          {
            "dow": "FRI",
            "hh": "08",
            "mm": "20",
            "congestionCar": [
              31,
              44,
              42,
              46,
              31,
              40,
              40,
              39,
              34,
              22
            ]
          },
          {
            "dow": "FRI",
            "hh": "08",
            "mm": "30",
            "congestionCar": [
              26,
              33,
              36,
              39,
              30,
              34,
              32,
              38,
              38,
              26
            ]
          },
          {
            "dow": "FRI",
            "hh": "08",
            "mm": "40",
            "congestionCar": [
              15,
              18,
              25,
              24,
              23,
              24,
              27,
              36,
              29,
              19
            ]
          },
          {
            "dow": "FRI",
            "hh": "08",
            "mm": "50",
            "congestionCar": [
              12,
              18,
              22,
              19,
              22,
              15,
              17,
              21,
              14,
              11
            ]
          }
        ]
      },
      {
        "startStationCode": "211",
        "startStationName": "성수역",
        "endStationCode": "211",
        "endStationName": "성수역",
        "prevStationCode": "237",
        "prevStationName": "당산역",
        "updnLine": 1,
        "directAt": 0,
        "data": [
          {
            "dow": "FRI",
            "hh": "08",
            "mm": "00",
            "congestionCar": [
              111,
              91,
              96,
              109,
              121,
              113,
              105,
              103,
              94,
              88
            ]
          },
          {
            "dow": "FRI",
            "hh": "08",
            "mm": "10",
            "congestionCar": [
              112,
              103,
              110,
              125,
              135,
              124,
              122,
              132,
              112,
              116
            ]
          },
          {
            "dow": "FRI",
            "hh": "08",
            "mm": "20",
            "congestionCar": [
              134,
              118,
              132,
              151,
              162,
              161,
              144,
              133,
              124,
              110
            ]
          },
          {
            "dow": "FRI",
            "hh": "08",
            "mm": "30",
            "congestionCar": [
              137,
              130,
              126,
              117,
              127,
              128,
              123,
              104,
              96,
              94
            ]
          },
          {
            "dow": "FRI",
            "hh": "08",
            "mm": "40",
            "congestionCar": [
              85,
              71,
              66,
              62,
              76,
              82,
              67,
              66,
              65,
              59
            ]
          },
          {
            "dow": "FRI",
            "hh": "08",
            "mm": "50",
            "congestionCar": [
              29,
              32,
              28,
              26,
              32,
              34,
              34,
              28,
              26,
              21
            ]
          }
        ]
      },
      {
        "startStationCode": "211",
        "startStationName": "성수역",
        "endStationCode": "211-R",
        "endStationName": "성수역",
        "prevStationCode": "239",
        "prevStationName": "홍대입구역",
        "updnLine": 0,
        "directAt": 0,
        "data": [
          {
            "dow": "FRI",
            "hh": "08",
            "mm": "00",
            "congestionCar": [
              32,
              41,
              50,
              51,
              48,
              55,
              42,
              41,
              35,
              35
            ]
          },
          {
            "dow": "FRI",
            "hh": "08",
            "mm": "10",
            "congestionCar": [
              32,
              41,
              44,
              53,
              48,
              43,
              46,
              49,
              37,
              37
            ]
          },
          {
            "dow": "FRI",
            "hh": "08",
            "mm": "20",
            "congestionCar": [
              34,
              47,
              46,
              50,
              33,
              43,
              44,
              43,
              37,
              24
            ]
          },
          {
            "dow": "FRI",
            "hh": "08",
            "mm": "30",
            "congestionCar": [
              26,
              33,
              36,
              39,
              30,
              34,
              32,
              38,
              38,
              26
            ]
          },
          {
            "dow": "FRI",
            "hh": "08",
            "mm": "40",
            "congestionCar": [
              16,
              19,
              27,
              25,
              24,
              25,
              28,
              37,
              31,
              20
            ]
          },
          {
            "dow": "FRI",
            "hh": "08",
            "mm": "50",
            "congestionCar": [
              15,
              23,
              28,
              25,
              29,
              19,
              23,
              27,
              18,
              14
            ]
          }
        ]
      },
      {
        "startStationCode": "211",
        "startStationName": "성수역",
        "endStationCode": "211-R",
        "endStationName": "성수역",
        "prevStationCode": "237",
        "prevStationName": "당산역",
        "updnLine": 1,
        "directAt": 0,
        "data": [
          {
            "dow": "FRI",
            "hh": "08",
            "mm": "00",
            "congestionCar": [
              111,
              91,
              96,
              109,
              121,
              113,
              105,
              103,
              94,
              88
            ]
          },
          {
            "dow": "FRI",
            "hh": "08",
            "mm": "10",
            "congestionCar": [
              112,
              103,
              110,
              125,
              135,
              124,
              122,
              132,
              112,
              116
            ]
          },
          {
            "dow": "FRI",
            "hh": "08",
            "mm": "20",
            "congestionCar": [
              134,
              118,
              132,
              151,
              162,
              161,
              144,
              133,
              124,
              110
            ]
          },
          {
            "dow": "FRI",
            "hh": "08",
            "mm": "30",
            "congestionCar": [
              137,
              130,
              126,
              117,
              127,
              128,
              123,
              104,
              96,
              94
            ]
          },
          {
            "dow": "FRI",
            "hh": "08",
            "mm": "40",
            "congestionCar": [
              88,
              73,
              68,
              63,
              79,
              84,
              69,
              68,
              67,
              61
            ]
          },
          {
            "dow": "FRI",
            "hh": "08",
            "mm": "50",
            "congestionCar": [
              65,
              71,
              61,
              57,
              71,
              75,
              74,
              63,
              57,
              47
            ]
          }
        ]
      },
      {
        "startStationCode": "211",
        "startStationName": "성수역",
        "endStationCode": "219",
        "endStationName": "삼성역",
        "prevStationCode": "239",
        "prevStationName": "홍대입구역",
        "updnLine": 0,
        "directAt": 0,
        "data": [
          {
            "dow": "FRI",
            "hh": "08",
            "mm": "00",
            "congestionCar": [
              30,
              38,
              47,
              48,
              44,
              51,
              39,
              38,
              32,
              32
            ]
          },
          {
            "dow": "FRI",
            "hh": "08",
            "mm": "10",
            "congestionCar": [
              32,
              40,
              43,
              52,
              47,
              42,
              45,
              48,
              36,
              36
            ]
          },
          {
            "dow": "FRI",
            "hh": "08",
            "mm": "20",
            "congestionCar": [
              32,
              45,
              43,
              47,
              32,
              41,
              42,
              41,
              35,
              23
            ]
          },
          {
            "dow": "FRI",
            "hh": "08",
            "mm": "30",
            "congestionCar": [
              25,
              32,
              35,
              37,
              29,
              33,
              31,
              36,
              37,
              25
            ]
          },
          {
            "dow": "FRI",
            "hh": "08",
            "mm": "40",
            "congestionCar": [
              14,
              18,
              24,
              23,
              22,
              23,
              25,
              34,
              28,
              18
            ]
          },
          {
            "dow": "FRI",
            "hh": "08",
            "mm": "50",
            "congestionCar": [
              13,
              20,
              25,
              21,
              25,
              17,
              20,
              23,
              15,
              12
            ]
          }
        ]
      },
      {
        "startStationCode": "211",
        "startStationName": "성수역",
        "endStationCode": "228",
        "endStationName": "서울대입구역",
        "prevStationCode": "239",
        "prevStationName": "홍대입구역",
        "updnLine": 0,
        "directAt": 0,
        "data": [
          {
            "dow": "FRI",
            "hh": "08",
            "mm": "00",
            "congestionCar": [
              30,
              38,
              47,
              48,
              44,
              51,
              39,
              38,
              32,
              32
            ]
          },
          {
            "dow": "FRI",
            "hh": "08",
            "mm": "10",
            "congestionCar": [
              32,
              40,
              43,
              52,
              47,
              42,
              45,
              48,
              36,
              36
            ]
          },
          {
            "dow": "FRI",
            "hh": "08",
            "mm": "20",
            "congestionCar": [
              32,
              45,
              43,
              47,
              32,
              41,
              42,
              41,
              35,
              23
            ]
          },
          {
            "dow": "FRI",
            "hh": "08",
            "mm": "30",
            "congestionCar": [
              25,
              32,
              35,
              37,
              29,
              33,
              31,
              36,
              37,
              25
            ]
          },
          {
            "dow": "FRI",
            "hh": "08",
            "mm": "40",
            "congestionCar": [
              14,
              18,
              24,
              23,
              22,
              23,
              25,
              34,
              28,
              18
            ]
          },
          {
            "dow": "FRI",
            "hh": "08",
            "mm": "50",
            "congestionCar": [
              13,
              20,
              25,
              21,
              25,
              17,
              20,
              23,
              15,
              12
            ]
          }
        ]
      },
      {
        "startStationCode": "211",
        "startStationName": "성수역",
        "endStationCode": "234",
        "endStationName": "신도림역",
        "prevStationCode": "239",
        "prevStationName": "홍대입구역",
        "updnLine": 0,
        "directAt": 0,
        "data": [
          {
            "dow": "FRI",
            "hh": "08",
            "mm": "00",
            "congestionCar": [
              30,
              38,
              47,
              48,
              44,
              51,
              39,
              38,
              32,
              32
            ]
          },
          {
            "dow": "FRI",
            "hh": "08",
            "mm": "10",
            "congestionCar": [
              32,
              40,
              43,
              52,
              47,
              42,
              45,
              48,
              36,
              36
            ]
          },
          {
            "dow": "FRI",
            "hh": "08",
            "mm": "20",
            "congestionCar": [
              32,
              45,
              43,
              47,
              32,
              41,
              42,
              41,
              35,
              23
            ]
          },
          {
            "dow": "FRI",
            "hh": "08",
            "mm": "30",
            "congestionCar": [
              7,
              9,
              10,
              11,
              8,
              9,
              9,
              10,
              10,
              7
            ]
          },
          {
            "dow": "FRI",
            "hh": "08",
            "mm": "40",
            "congestionCar": [
              11,
              14,
              19,
              18,
              17,
              18,
              20,
              27,
              22,
              14
            ]
          },
          {
            "dow": "FRI",
            "hh": "08",
            "mm": "50",
            "congestionCar": [
              10,
              16,
              19,
              17,
              20,
              13,
              15,
              18,
              12,
              10
            ]
          }
        ]
      },
      {
        "startStationCode": "211",
        "startStationName": "성수역",
        "endStationCode": "239",
        "endStationName": "홍대입구역",
        "prevStationCode": "237",
        "prevStationName": "당산역",
        "updnLine": 1,
        "directAt": 0,
        "data": [
          {
            "dow": "FRI",
            "hh": "08",
            "mm": "00",
            "congestionCar": [
              111,
              91,
              96,
              109,
              121,
              113,
              105,
              103,
              94,
              88
            ]
          },
          {
            "dow": "FRI",
            "hh": "08",
            "mm": "10",
            "congestionCar": [
              112,
              103,
              110,
              125,
              135,
              124,
              122,
              132,
              112,
              116
            ]
          },
          {
            "dow": "FRI",
            "hh": "08",
            "mm": "20",
            "congestionCar": [
              134,
              118,
              132,
              151,
              162,
              161,
              144,
              133,
              124,
              110
            ]
          },
          {
            "dow": "FRI",
            "hh": "08",
            "mm": "30",
            "congestionCar": [
              137,
              130,
              126,
              117,
              127,
              128,
              123,
              104,
              96,
              94
            ]
          },
          {
            "dow": "FRI",
            "hh": "08",
            "mm": "40",
            "congestionCar": [
              85,
              71,
              66,
              62,
              76,
              82,
              67,
              66,
              65,
              59
            ]
          },
          {
            "dow": "FRI",
            "hh": "08",
            "mm": "50",
            "congestionCar": [
              63,
              68,
              59,
              56,
              68,
              73,
              72,
              61,
              55,
              45
            ]
          }
        ]
      },
      {
        "startStationCode": "219",
        "startStationName": "삼성역",
        "endStationCode": "211-R",
        "endStationName": "성수역",
        "prevStationCode": "237",
        "prevStationName": "당산역",
        "updnLine": 1,
        "directAt": 0,
        "data": [
          {
            "dow": "FRI",
            "hh": "08",
            "mm": "00",
            "congestionCar": [
              111,
              91,
              96,
              109,
              121,
              113,
              105,
              103,
              94,
              88
            ]
          },
          {
            "dow": "FRI",
            "hh": "08",
            "mm": "10",
            "congestionCar": [
              112,
              103,
              110,
              125,
              135,
              124,
              122,
              132,
              112,
              116
            ]
          },
          {
            "dow": "FRI",
            "hh": "08",
            "mm": "20",
            "congestionCar": [
              134,
              118,
              132,
              151,
              162,
              161,
              144,
              133,
              124,
              110
            ]
          },
          {
            "dow": "FRI",
            "hh": "08",
            "mm": "30",
            "congestionCar": [
              137,
              130,
              126,
              117,
              127,
              128,
              123,
              104,
              96,
              94
            ]
          },
          {
            "dow": "FRI",
            "hh": "08",
            "mm": "40",
            "congestionCar": [
              85,
              71,
              66,
              62,
              76,
              82,
              67,
              66,
              65,
              59
            ]
          },
          {
            "dow": "FRI",
            "hh": "08",
            "mm": "50",
            "congestionCar": [
              63,
              68,
              59,
              56,
              68,
              73,
              72,
              61,
              55,
              45
            ]
          }
        ]
      },
      {
        "startStationCode": "228",
        "startStationName": "서울대입구역",
        "endStationCode": "211",
        "endStationName": "성수역",
        "prevStationCode": "237",
        "prevStationName": "당산역",
        "updnLine": 1,
        "directAt": 0,
        "data": [
          {
            "dow": "FRI",
            "hh": "08",
            "mm": "00",
            "congestionCar": [
              111,
              91,
              96,
              109,
              121,
              113,
              105,
              103,
              94,
              88
            ]
          },
          {
            "dow": "FRI",
            "hh": "08",
            "mm": "10",
            "congestionCar": [
              112,
              103,
              110,
              125,
              135,
              124,
              122,
              132,
              112,
              116
            ]
          },
          {
            "dow": "FRI",
            "hh": "08",
            "mm": "20",
            "congestionCar": [
              134,
              118,
              132,
              151,
              162,
              161,
              144,
              133,
              124,
              110
            ]
          },
          {
            "dow": "FRI",
            "hh": "08",
            "mm": "30",
            "congestionCar": [
              137,
              130,
              126,
              117,
              127,
              128,
              123,
              104,
              96,
              94
            ]
          },
          {
            "dow": "FRI",
            "hh": "08",
            "mm": "40",
            "congestionCar": [
              85,
              71,
              66,
              62,
              76,
              82,
              67,
              66,
              65,
              59
            ]
          },
          {
            "dow": "FRI",
            "hh": "08",
            "mm": "50",
            "congestionCar": [
              63,
              68,
              59,
              56,
              68,
              73,
              72,
              61,
              55,
              45
            ]
          }
        ]
      },
      {
        "startStationCode": "228",
        "startStationName": "서울대입구역",
        "endStationCode": "211-R",
        "endStationName": "성수역",
        "prevStationCode": "237",
        "prevStationName": "당산역",
        "updnLine": 1,
        "directAt": 0,
        "data": [
          {
            "dow": "FRI",
            "hh": "08",
            "mm": "00",
            "congestionCar": [
              111,
              91,
              96,
              109,
              121,
              113,
              105,
              103,
              94,
              88
            ]
          },
          {
            "dow": "FRI",
            "hh": "08",
            "mm": "10",
            "congestionCar": [
              112,
              103,
              110,
              125,
              135,
              124,
              122,
              132,
              112,
              116
            ]
          },
          {
            "dow": "FRI",
            "hh": "08",
            "mm": "20",
            "congestionCar": [
              134,
              118,
              132,
              151,
              162,
              161,
              144,
              133,
              124,
              110
            ]
          },
          {
            "dow": "FRI",
            "hh": "08",
            "mm": "30",
            "congestionCar": [
              137,
              130,
              126,
              117,
              127,
              128,
              123,
              104,
              96,
              94
            ]
          },
          {
            "dow": "FRI",
            "hh": "08",
            "mm": "40",
            "congestionCar": [
              85,
              71,
              66,
              62,
              76,
              82,
              67,
              66,
              65,
              59
            ]
          },
          {
            "dow": "FRI",
            "hh": "08",
            "mm": "50",
            "congestionCar": [
              63,
              68,
              59,
              56,
              68,
              73,
              72,
              61,
              55,
              45
            ]
          }
        ]
      },
      {
        "startStationCode": "234",
        "startStationName": "신도림역",
        "endStationCode": "211",
        "endStationName": "성수역",
        "prevStationCode": "237",
        "prevStationName": "당산역",
        "updnLine": 1,
        "directAt": 0,
        "data": [
          {
            "dow": "FRI",
            "hh": "08",
            "mm": "00",
            "congestionCar": [
              111,
              91,
              96,
              109,
              121,
              113,
              105,
              103,
              94,
              88
            ]
          },
          {
            "dow": "FRI",
            "hh": "08",
            "mm": "10",
            "congestionCar": [
              112,
              103,
              110,
              125,
              135,
              124,
              122,
              132,
              112,
              116
            ]
          },
          {
            "dow": "FRI",
            "hh": "08",
            "mm": "20",
            "congestionCar": [
              134,
              118,
              132,
              151,
              162,
              161,
              144,
              133,
              124,
              110
            ]
          },
          {
            "dow": "FRI",
            "hh": "08",
            "mm": "30",
            "congestionCar": [
              137,
              130,
              126,
              117,
              127,
              128,
              123,
              104,
              96,
              94
            ]
          },
          {
            "dow": "FRI",
            "hh": "08",
            "mm": "40",
            "congestionCar": [
              85,
              71,
              66,
              62,
              76,
              82,
              67,
              66,
              65,
              59
            ]
          },
          {
            "dow": "FRI",
            "hh": "08",
            "mm": "50",
            "congestionCar": [
              63,
              68,
              59,
              56,
              68,
              73,
              72,
              61,
              55,
              45
            ]
          }
        ]
      },
      {
        "startStationCode": "234",
        "startStationName": "신도림역",
        "endStationCode": "211-R",
        "endStationName": "성수역",
        "prevStationCode": "237",
        "prevStationName": "당산역",
        "updnLine": 1,
        "directAt": 0,
        "data": [
          {
            "dow": "FRI",
            "hh": "08",
            "mm": "00",
            "congestionCar": [
              26,
              21,
              22,
              25,
              28,
              26,
              25,
              24,
              22,
              20
            ]
          },
          {
            "dow": "FRI",
            "hh": "08",
            "mm": "10",
            "congestionCar": [
              112,
              103,
              110,
              125,
              135,
              124,
              122,
              132,
              112,
              116
            ]
          },
          {
            "dow": "FRI",
            "hh": "08",
            "mm": "20",
            "congestionCar": [
              134,
              118,
              132,
              151,
              162,
              161,
              144,
              133,
              124,
              110
            ]
          },
          {
            "dow": "FRI",
            "hh": "08",
            "mm": "30",
            "congestionCar": [
              137,
              130,
              126,
              117,
              127,
              128,
              123,
              104,
              96,
              94
            ]
          },
          {
            "dow": "FRI",
            "hh": "08",
            "mm": "40",
            "congestionCar": [
              85,
              71,
              66,
              62,
              76,
              82,
              67,
              66,
              65,
              59
            ]
          },
          {
            "dow": "FRI",
            "hh": "08",
            "mm": "50",
            "congestionCar": [
              63,
              68,
              59,
              56,
              68,
              73,
              72,
              61,
              55,
              45
            ]
          }
        ]
      },
      {
        "startStationCode": "239",
        "startStationName": "홍대입구역",
        "endStationCode": "211",
        "endStationName": "성수역",
        "prevStationCode": "239",
        "prevStationName": "홍대입구역",
        "updnLine": 0,
        "directAt": 0,
        "data": [
          {
            "dow": "FRI",
            "hh": "08",
            "mm": "00",
            "congestionCar": [
              30,
              38,
              47,
              48,
              44,
              51,
              39,
              38,
              32,
              32
            ]
          },
          {
            "dow": "FRI",
            "hh": "08",
            "mm": "10",
            "congestionCar": [
              32,
              40,
              43,
              52,
              47,
              42,
              45,
              48,
              36,
              36
            ]
          },
          {
            "dow": "FRI",
            "hh": "08",
            "mm": "20",
            "congestionCar": [
              32,
              45,
              43,
              47,
              32,
              41,
              42,
              41,
              35,
              23
            ]
          },
          {
            "dow": "FRI",
            "hh": "08",
            "mm": "30",
            "congestionCar": [
              25,
              32,
              35,
              37,
              29,
              33,
              31,
              36,
              37,
              25
            ]
          },
          {
            "dow": "FRI",
            "hh": "08",
            "mm": "40",
            "congestionCar": [
              14,
              18,
              24,
              23,
              22,
              23,
              25,
              34,
              28,
              18
            ]
          },
          {
            "dow": "FRI",
            "hh": "08",
            "mm": "50",
            "congestionCar": [
              13,
              20,
              25,
              21,
              25,
              17,
              20,
              23,
              15,
              12
            ]
          }
        ]
      },
      {
        "startStationCode": "239",
        "startStationName": "홍대입구역",
        "endStationCode": "211-R",
        "endStationName": "성수역",
        "prevStationCode": "239",
        "prevStationName": "홍대입구역",
        "updnLine": 0,
        "directAt": 0,
        "data": [
          {
            "dow": "FRI",
            "hh": "08",
            "mm": "00",
            "congestionCar": [
              30,
              38,
              47,
              48,
              44,
              51,
              39,
              38,
              32,
              32
            ]
          },
          {
            "dow": "FRI",
            "hh": "08",
            "mm": "10",
            "congestionCar": [
              32,
              40,
              43,
              52,
              47,
              42,
              45,
              48,
              36,
              36
            ]
          },
          {
            "dow": "FRI",
            "hh": "08",
            "mm": "20",
            "congestionCar": [
              32,
              45,
              43,
              47,
              32,
              41,
              42,
              41,
              35,
              23
            ]
          },
          {
            "dow": "FRI",
            "hh": "08",
            "mm": "30",
            "congestionCar": [
              25,
              32,
              35,
              37,
              29,
              33,
              31,
              36,
              37,
              25
            ]
          },
          {
            "dow": "FRI",
            "hh": "08",
            "mm": "40",
            "congestionCar": [
              14,
              18,
              24,
              23,
              22,
              23,
              25,
              34,
              28,
              18
            ]
          },
          {
            "dow": "FRI",
            "hh": "08",
            "mm": "50",
            "congestionCar": [
              13,
              20,
              25,
              21,
              25,
              17,
              20,
              23,
              15,
              12
            ]
          }
        ]
      }
    ],
    "statStartDate": "20230924",
    "statEndDate": "20231223"
  }
}