{
  "status": {
    "code": "00",
    "message": "success",
    "totalCount": 1
  },
  "contents": {
    "subwayLine": "2호선",
    "stationName": "신림역",
    "stationCode": "230",
    "stat": [
      {
        "startStationCode": "202",
        "startStationName": "을지로입구역",
        "endStationCode": "211",
        "endStationName": "성수역",
        "prevStationCode": "231",
        "prevStationName": "신대방역",
        "updnLine": 0,
        "directAt": 0,
        "data": [
          {
            "dow": "WED",
            "hh": "08",
            "mm": "00",
            "congestionCar": [
              79,
              97,
              105,
              106,
              110,
              104,
              104,
              100,
              98,
              97
            ]
          },
          {
            "dow": "WED",
            "hh": "08",
            "mm": "10",
            "congestionCar": [
              91,
              94,
              116,
              126,
              153,
              119,
              119,
              100,
              103,
              110
            ]
          },
          {
            "dow": "WED",
            "hh": "08",
            "mm": "20",
            "congestionCar": [
              72,
              94,
              110,
              108,
              105,
              98,
              93,
              97,
              91,
              81
            ]
          },
          {
            "dow": "WED",
            "hh": "08",
            "mm": "30",
            "congestionCar": [
              60,
              78,
              95,
              112,
              107,
              81,
              81,
              82,
              79,
              75
            ]
          },
          {
            "dow": "WED",
            "hh": "08",
            "mm": "40",
            "congestionCar": [
              65,
              83,
              77,
              112,
              92,
              68,
              86,
              76,
              78,
              72
            ]
          },
          {
            "dow": "WED",
            "hh": "08",
            "mm": "50",
            "congestionCar": [
              63,
              71,
              75,
              89,
              93,
              66,
              72,
              75,
              71,
              65
            ]
          }
        ]
      },
      {
        "startStationCode": "202",
        "startStationName": "을지로입구역",
        "endStationCode": "211-R",
        "endStationName": "성수역",
        "prevStationCode": "231",
        "prevStationName": "신대방역",
        "updnLine": 0,
        "directAt": 0,
        "data": [
          {
            "dow": "WED",
            "hh": "08",
            "mm": "00",
            "congestionCar": [
              79,
              97,
              105,
              106,
              110,
              104,
              104,
              100,
              98,
              97
            ]
          },
          {
            "dow": "WED",
            "hh": "08",
            "mm": "10",
            "congestionCar": [
              91,
              94,
              116,
              126,
              153,
              119,
              119,
              100,
              103,
              110
            ]
          },
          {
            "dow": "WED",
            "hh": "08",
            "mm": "20",
            "congestionCar": [
              72,
              94,
              110,
              108,
              105,
              98,
              93,
              97,
              91,
              81
            ]
          },
          {
            "dow": "WED",
            "hh": "08",
            "mm": "30",
            "congestionCar": [
              60,
              78,
              95,
              112,
              107,
              81,
              81,
              82,
              79,
              75
            ]
          },
          {
            "dow": "WED",
            "hh": "08",
            "mm": "40",
            "congestionCar": [
              65,
              83,
              77,
              112,
              92,
              68,
              86,
              76,
              78,
              72
            ]
          },
          {
            "dow": "WED",
            "hh": "08",
            "mm": "50",
            "congestionCar": [
              63,
              71,
              75,
              89,
              93,
              66,
              72,
              75,
              71,
              65
            ]
          }
        ]
      },
      {
        "startStationCode": "211",
        "startStationName": "성수역",
        "endStationCode": "202",
        "endStationName": "을지로입구역",
        "prevStationCode": "229",
        "prevStationName": "봉천역",
        "updnLine": 1,
        "directAt": 0,
        "data": [
          {
            "dow": "WED",
            "hh": "08",
            "mm": "00",
            "congestionCar": [
              49,
              45,
              51,
              72,
              62,
              65,
              71,
              55,
              49,
              42
            ]
          },
          {
            "dow": "WED",
            "hh": "08",
            "mm": "10",
            "congestionCar": [
              51,
              58,
              55,
              65,
              62,
              70,
              71,
              53,
              55,
              41
            ]
          },
          {
            "dow": "WED",
            "hh": "08",
            "mm": "20",
            "congestionCar": [
              57,
              64,
              51,
              61,
              60,
              59,
              76,
              65,
              54,
              44
            ]
          },
          {
            "dow": "WED",
            "hh": "08",
            "mm": "30",
            "congestionCar": [
              44,
              45,
              42,
              54,
              45,
              45,
              60,
              52,
              46,
              36
            ]
          },
          {
            "dow": "WED",
            "hh": "08",
            "mm": "40",
            "congestionCar": [
              36,
              34,
              37,
              44,
              38,
              35,
              47,
              42,
              29,
              28
            ]
          },
          {
            "dow": "WED",
            "hh": "08",
            "mm": "50",
            "congestionCar": [
              27,
              26,
              27,
              32,
              38,
              35,
              43,
              38,
              28,
              26
            ]
          }
        ]
      },
      {
        "startStationCode": "211",
        "startStationName": "성수역",
        "endStationCode": "211",
        "endStationName": "성수역",
        "prevStationCode": "231",
        "prevStationName": "신대방역",
        "updnLine": 0,
        "directAt": 0,
        "data": [
          {
            "dow": "WED",
            "hh": "08",
            "mm": "00",
            "congestionCar": [
              49,
              60,
              65,
              65,
              68,
              64,
              64,
              62,
              61,
              60
            ]
          },
          {
            "dow": "WED",
            "hh": "08",
            "mm": "10",
            "congestionCar": [
              99,
              102,
              127,
              137,
              166,
              129,
              130,
              109,
              112,
              119
            ]
          },
          {
            "dow": "WED",
            "hh": "08",
            "mm": "20",
            "congestionCar": [
              84,
              110,
              128,
              127,
              123,
              115,
              109,
              113,
              106,
              94
            ]
          },
          {
            "dow": "WED",
            "hh": "08",
            "mm": "30",
            "congestionCar": [
              40,
              52,
              63,
              74,
              70,
              53,
              54,
              54,
              52,
              49
            ]
          },
          {
            "dow": "WED",
            "hh": "08",
            "mm": "40",
            "congestionCar": [
              65,
              83,
              77,
              112,
              92,
              68,
              86,
              76,
              78,
              72
            ]
          },
          {
            "dow": "WED",
            "hh": "08",
            "mm": "50",
            "congestionCar": [
              34,
              38,
              41,
              48,
              50,
              36,
              39,
              41,
              39,
              35
            ]
          }
        ]
      },
      {
        "startStationCode": "211",
        "startStationName": "성수역",
        "endStationCode": "211",
        "endStationName": "성수역",
        "prevStationCode": "229",
        "prevStationName": "봉천역",
        "updnLine": 1,
        "directAt": 0,
        "data": [
          {
            "dow": "WED",
            "hh": "08",
            "mm": "00",
            "congestionCar": [
              49,
              45,
              51,
              72,
              62,
              65,
              71,
              55,
              49,
              42
            ]
          },
          {
            "dow": "WED",
            "hh": "08",
            "mm": "10",
            "congestionCar": [
              51,
              58,
              55,
              65,
              62,
              70,
              71,
              53,
              55,
              41
            ]
          },
          {
            "dow": "WED",
            "hh": "08",
            "mm": "20",
            "congestionCar": [
              17,
              20,
              15,
              19,
              18,
              18,
              23,
              20,
              16,
              13
            ]
          },
          {
            "dow": "WED",
            "hh": "08",
            "mm": "30",
            "congestionCar": [
              33,
              35,
              32,
              41,
              35,
              34,
              46,
              40,
              36,
              27
            ]
          },
          {
            "dow": "WED",
            "hh": "08",
            "mm": "40",
            "congestionCar": [
              35,
              33,
              36,
              43,
              37,
              34,
              46,
              41,
              28,
              27
            ]
          },
          {
            "dow": "WED",
            "hh": "08",
            "mm": "50",
            "congestionCar": [
              25,
              24,
              25,
              30,
              36,
              33,
              41,
              35,
              27,
              24
            ]
          }
        ]
      },
      {
        "startStationCode": "211",
        "startStationName": "성수역",
        "endStationCode": "211-R",
        "endStationName": "성수역",
        "prevStationCode": "231",
        "prevStationName": "신대방역",
        "updnLine": 0,
        "directAt": 0,
        "data": [
          {
            "dow": "WED",
            "hh": "08",
            "mm": "00",
            "congestionCar": [
              92,
              114,
              123,
              124,
              129,
              121,
              121,
              117,
              115,
              114
            ]
          },
          {
            "dow": "WED",
            "hh": "08",
            "mm": "10",
            "congestionCar": [
              98,
              101,
              126,
              136,
              165,
              128,
              129,
              108,
              111,
              118
            ]
          },
          {
            "dow": "WED",
            "hh": "08",
            "mm": "20",
            "congestionCar": [
              83,
              108,
              126,
              124,
              121,
              113,
              107,
              111,
              104,
              93
            ]
          },
          {
            "dow": "WED",
            "hh": "08",
            "mm": "30",
            "congestionCar": [
              69,
              90,
              109,
              128,
              122,
              92,
              93,
              93,
              90,
              85
            ]
          },
          {
            "dow": "WED",
            "hh": "08",
            "mm": "40",
            "congestionCar": [
              69,
              87,
              81,
              118,
              97,
              71,
              90,
              80,
              81,
              76
            ]
          },
          {
            "dow": "WED",
            "hh": "08",
            "mm": "50",
            "congestionCar": [
              65,
              74,
              78,
              93,
              96,
              69,
              74,
              78,
              74,
              68
            ]
          }
        ]
      },
      {
        "startStationCode": "211",
        "startStationName": "성수역",
        "endStationCode": "211-R",
        "endStationName": "성수역",
        "prevStationCode": "229",
        "prevStationName": "봉천역",
        "updnLine": 1,
        "directAt": 0,
        "data": [
          {
            "dow": "WED",
            "hh": "08",
            "mm": "00",
            "congestionCar": [
              49,
              45,
              51,
              72,
              62,
              65,
              71,
              55,
              49,
              42
            ]
          },
          {
            "dow": "WED",
            "hh": "08",
            "mm": "10",
            "congestionCar": [
              51,
              58,
              55,
              65,
              62,
              70,
              71,
              53,
              55,
              41
            ]
          },
          {
            "dow": "WED",
            "hh": "08",
            "mm": "20",
            "congestionCar": [
              57,
              64,
              51,
              61,
              60,
              59,
              76,
              65,
              54,
              44
            ]
          },
          {
            "dow": "WED",
            "hh": "08",
            "mm": "30",
            "congestionCar": [
              48,
              50,
              46,
              60,
              50,
              50,
              67,
              58,
              51,
              40
            ]
          },
          {
            "dow": "WED",
            "hh": "08",
            "mm": "40",
            "congestionCar": [
              38,
              36,
              39,
              46,
              40,
              37,
              50,
              44,
              31,
              29
            ]
          },
          {
            "dow": "WED",
            "hh": "08",
            "mm": "50",
            "congestionCar": [
              30,
              28,
              29,
              35,
              42,
              38,
              48,
              41,
              31,
              28
            ]
          }
        ]
      },
      {
        "startStationCode": "211",
        "startStationName": "성수역",
        "endStationCode": "219",
        "endStationName": "삼성역",
        "prevStationCode": "231",
        "prevStationName": "신대방역",
        "updnLine": 0,
        "directAt": 0,
        "data": [
          {
            "dow": "WED",
            "hh": "08",
            "mm": "00",
            "congestionCar": [
              79,
              97,
              105,
              106,
              110,
              104,
              104,
              100,
              98,
              97
            ]
          },
          {
            "dow": "WED",
            "hh": "08",
            "mm": "10",
            "congestionCar": [
              91,
              94,
              116,
              126,
              153,
              119,
              119,
              100,
              103,
              110
            ]
          },
          {
            "dow": "WED",
            "hh": "08",
            "mm": "20",
            "congestionCar": [
              72,
              94,
              110,
              108,
              105,
              98,
              93,
              97,
              91,
              81
            ]
          },
          {
            "dow": "WED",
            "hh": "08",
            "mm": "30",
            "congestionCar": [
              60,
              78,
              95,
              112,
              107,
              81,
              81,
              82,
              79,
              75
            ]
          },
          {
            "dow": "WED",
            "hh": "08",
            "mm": "40",
            "congestionCar": [
              65,
              83,
              77,
              112,
              92,
              68,
              86,
              76,
              78,
              72
            ]
          },
          {
            "dow": "WED",
            "hh": "08",
            "mm": "50",
            "congestionCar": [
              63,
              71,
              75,
              89,
              93,
              66,
              72,
              75,
              71,
              65
            ]
          }
        ]
      },
      {
        "startStationCode": "211",
        "startStationName": "성수역",
        "endStationCode": "228",
        "endStationName": "서울대입구역",
        "prevStationCode": "231",
        "prevStationName": "신대방역",
        "updnLine": 0,
        "directAt": 0,
        "data": [
          {
            "dow": "WED",
            "hh": "08",
            "mm": "00",
            "congestionCar": [
              79,
              97,
              105,
              106,
              110,
              104,
              104,
              100,
              98,
              97
            ]
          },
          {
            "dow": "WED",
            "hh": "08",
            "mm": "10",
            "congestionCar": [
              91,
              94,
              116,
              126,
              153,
              119,
              119,
              100,
              103,
              110
            ]
          },
          {
            "dow": "WED",
            "hh": "08",
            "mm": "20",
            "congestionCar": [
              72,
              94,
              110,
              108,
              105,
              98,
              93,
              97,
              91,
              81
            ]
          },
          {
            "dow": "WED",
            "hh": "08",
            "mm": "30",
            "congestionCar": [
              60,
              78,
              95,
              112,
              107,
              81,
              81,
              82,
              79,
              75
            ]
          },
          {
            "dow": "WED",
            "hh": "08",
            "mm": "40",
            "congestionCar": [
              65,
              83,
              77,
              112,
              92,
              68,
              86,
              76,
              78,
              72
            ]
          },
          {
            "dow": "WED",
            "hh": "08",
            "mm": "50",
            "congestionCar": [
              63,
              71,
              75,
              89,
              93,
              66,
              72,
              75,
              71,
              65
            ]
          }
        ]
      },
      {
        "startStationCode": "211",
        "startStationName": "성수역",
        "endStationCode": "234",
        "endStationName": "신도림역",
        "prevStationCode": "229",
        "prevStationName": "봉천역",
        "updnLine": 1,
        "directAt": 0,
        "data": [
          {
            "dow": "WED",
            "hh": "08",
            "mm": "00",
            "congestionCar": [
              49,
              45,
              51,
              72,
              62,
              65,
              71,
              55,
              49,
              42
            ]
          },
          {
            "dow": "WED",
            "hh": "08",
            "mm": "10",
            "congestionCar": [
              51,
              58,
              55,
              65,
              62,
              70,
              71,
              53,
              55,
              41
            ]
          },
          {
            "dow": "WED",
            "hh": "08",
            "mm": "20",
            "congestionCar": [
              57,
              64,
              51,
              61,
              60,
              59,
              76,
              65,
              54,
              44
            ]
          },
          {
            "dow": "WED",
            "hh": "08",
            "mm": "30",
            "congestionCar": [
              44,
              45,
              42,
              54,
              45,
              45,
              60,
              52,
              46,
              36
            ]
          },
          {
            "dow": "WED",
            "hh": "08",
            "mm": "40",
            "congestionCar": [
              36,
              34,
              37,
              44,
              38,
              35,
              47,
              42,
              29,
              28
            ]
          },
          {
            "dow": "WED",
            "hh": "08",
            "mm": "50",
            "congestionCar": [
              27,
              26,
              27,
              32,
              38,
              35,
              43,
              38,
              28,
              26
            ]
          }
        ]
      },
      {
        "startStationCode": "211",
        "startStationName": "성수역",
        "endStationCode": "239",
        "endStationName": "홍대입구역",
        "prevStationCode": "229",
        "prevStationName": "봉천역",
        "updnLine": 1,
        "directAt": 0,
        "data": [
          {
            "dow": "WED",
            "hh": "08",
            "mm": "00",
            "congestionCar": [
              49,
              45,
              51,
              72,
              62,
              65,
              71,
              55,
              49,
              42
            ]
          },
          {
            "dow": "WED",
            "hh": "08",
            "mm": "10",
            "congestionCar": [
              51,
              58,
              55,
              65,
              62,
              70,
              71,
              53,
              55,
              41
            ]
          },
          {
            "dow": "WED",
            "hh": "08",
            "mm": "20",
            "congestionCar": [
              57,
              64,
              51,
              61,
              60,
              59,
              76,
              65,
              54,
              44
            ]
          },
          {
            "dow": "WED",
            "hh": "08",
            "mm": "30",
            "congestionCar": [
              44,
              45,
              42,
              54,
              45,
              45,
              60,
              52,
              46,
              36
            ]
          },
          {
            "dow": "WED",
            "hh": "08",
            "mm": "40",
            "congestionCar": [
              36,
              34,
              37,
              44,
              38,
              35,
              47,
              42,
              29,
              28
            ]
          },
          {
            "dow": "WED",
            "hh": "08",
            "mm": "50",
            "congestionCar": [
              27,
              26,
              27,
              32,
              38,
              35,
              43,
              38,
              28,
              26
            ]
          }
        ]
      },
      {
        "startStationCode": "219",
        "startStationName": "삼성역",
        "endStationCode": "211-R",
        "endStationName": "성수역",
        "prevStationCode": "229",
        "prevStationName": "봉천역",
        "updnLine": 1,
        "directAt": 0,
        "data": [
          {
            "dow": "WED",
            "hh": "08",
            "mm": "00",
            "congestionCar": [
              49,
              45,
              51,
              72,
              62,
              65,
              71,
              55,
              49,
              42
            ]
          },
          {
            "dow": "WED",
            "hh": "08",
            "mm": "10",
            "congestionCar": [
              51,
              58,
              55,
              65,
              62,
              70,
              71,
              53,
              55,
              41
            ]
          },
          {
            "dow": "WED",
            "hh": "08",
            "mm": "20",
            "congestionCar": [
              57,
              64,
              51,
              61,
              60,
              59,
              76,
              65,
              54,
              44
            ]
          },
          {
            "dow": "WED",
            "hh": "08",
            "mm": "30",
            "congestionCar": [
              44,
              45,
              42,
              54,
              45,
              45,
              60,
              52,
              46,
              36
            ]
          },
          {
            "dow": "WED",
            "hh": "08",
            "mm": "40",
            "congestionCar": [
              36,
              34,
              37,
              44,
              38,
              35,
              47,
              42,
              29,
              28
            ]
          },
          {
            "dow": "WED",
            "hh": "08",
            "mm": "50",
            "congestionCar": [
              27,
              26,
              27,
              32,
              38,
              35,
              43,
              38,
              28,
              26
            ]
          }
        ]
      },
      {
        "startStationCode": "228",
        "startStationName": "서울대입구역",
        "endStationCode": "211",
        "endStationName": "성수역",
        "prevStationCode": "229",
        "prevStationName": "봉천역",
        "updnLine": 1,
        "directAt": 0,
        "data": [
          {
            "dow": "WED",
            "hh": "08",
            "mm": "00",
            "congestionCar": [
              49,
              45,
              51,
              72,
              62,
              65,
              71,
              55,
              49,
              42
            ]
          },
          {
            "dow": "WED",
            "hh": "08",
            "mm": "10",
            "congestionCar": [
              51,
              58,
              55,
              65,
              62,
              70,
              71,
              53,
              55,
              41
            ]
          },
          {
            "dow": "WED",
            "hh": "08",
            "mm": "20",
            "congestionCar": [
              57,
              64,
              51,
              61,
              60,
              59,
              76,
              65,
              54,
              44
            ]
          },
          {
            "dow": "WED",
            "hh": "08",
            "mm": "30",
            "congestionCar": [
              44,
              45,
              42,
              54,
              45,
              45,
              60,
              52,
              46,
              36
            ]
          },
          {
            "dow": "WED",
            "hh": "08",
            "mm": "40",
            "congestionCar": [
              36,
              34,
              37,
              44,
              38,
              35,
              47,
              42,
              29,
              28
            ]
          },
          {
            "dow": "WED",
            "hh": "08",
            "mm": "50",
            "congestionCar": [
              27,
              26,
              27,
              32,
              38,
              35,
              43,
              38,
              28,
              26
            ]
          }
        ]
      },
      {
        "startStationCode": "228",
        "startStationName": "서울대입구역",
        "endStationCode": "211-R",
        "endStationName": "성수역",
        "prevStationCode": "229",
        "prevStationName": "봉천역",
        "updnLine": 1,
        "directAt": 0,
        "data": [
          {
            "dow": "WED",
            "hh": "08",
            "mm": "00",
            "congestionCar": [
              49,
              45,
              51,
              72,
              62,
              65,
              71,
              55,
              49,
              42
            ]
          },
          {
            "dow": "WED",
            "hh": "08",
            "mm": "10",
            "congestionCar": [
              51,
              58,
              55,
              65,
              62,
              70,
              71,
              53,
              55,
              41
            ]
          },
          {
            "dow": "WED",
            "hh": "08",
            "mm": "20",
            "congestionCar": [
              57,
              64,
              51,
              61,
              60,
              59,
              76,
              65,
              54,
              44
            ]
          },
          {
            "dow": "WED",
            "hh": "08",
            "mm": "30",
            "congestionCar": [
              44,
              45,
              42,
              54,
              45,
              45,
              60,
              52,
              46,
              36
            ]
          },
          {
            "dow": "WED",
            "hh": "08",
            "mm": "40",
            "congestionCar": [
              36,
              34,
              37,
              44,
              38,
              35,
              47,
              42,
              29,
              28
            ]
          },
          {
            "dow": "WED",
            "hh": "08",
            "mm": "50",
            "congestionCar": [
              27,
              26,
              27,
              32,
              38,
              35,
              43,
              38,
              28,
              26
            ]
          }
        ]
      },
      {
        "startStationCode": "234",
        "startStationName": "신도림역",
        "endStationCode": "211",
        "endStationName": "성수역",
        "prevStationCode": "231",
        "prevStationName": "신대방역",
        "updnLine": 0,
        "directAt": 0,
        "data": [
          {
            "dow": "WED",
            "hh": "08",
            "mm": "00",
            "congestionCar": [
              79,
              97,
              105,
              106,
              110,
              104,
              104,
              100,
              98,
              97
            ]
          },
          {
            "dow": "WED",
            "hh": "08",
            "mm": "10",
            "congestionCar": [
              91,
              94,
              116,
              126,
              153,
              119,
              119,
              100,
              103,
              110
            ]
          },
          {
            "dow": "WED",
            "hh": "08",
            "mm": "20",
            "congestionCar": [
              72,
              94,
              110,
              108,
              105,
              98,
              93,
              97,
              91,
              81
            ]
          },
          {
            "dow": "WED",
            "hh": "08",
            "mm": "30",
            "congestionCar": [
              60,
              78,
              95,
              112,
              107,
              81,
              81,
              82,
              79,
              75
            ]
          },
          {
            "dow": "WED",
            "hh": "08",
            "mm": "40",
            "congestionCar": [
              65,
              83,
              77,
              112,
              92,
              68,
              86,
              76,
              78,
              72
            ]
          },
          {
            "dow": "WED",
            "hh": "08",
            "mm": "50",
            "congestionCar": [
              63,
              71,
              75,
              89,
              93,
              66,
              72,
              75,
              71,
              65
            ]
          }
        ]
      },
      {
        "startStationCode": "234",
        "startStationName": "신도림역",
        "endStationCode": "211-R",
        "endStationName": "성수역",
        "prevStationCode": "231",
        "prevStationName": "신대방역",
        "updnLine": 0,
        "directAt": 0,
        "data": [
          {
            "dow": "WED",
            "hh": "08",
            "mm": "00",
            "congestionCar": [
              69,
              84,
              92,
              92,
              96,
              90,
              90,
              87,
              85,
              85
            ]
          },
          {
            "dow": "WED",
            "hh": "08",
            "mm": "10",
            "congestionCar": [
              76,
              79,
              98,
              106,
              129,
              100,
              100,
              84,
              86,
              92
            ]
          },
          {
            "dow": "WED",
            "hh": "08",
            "mm": "20",
            "congestionCar": [
              63,
              82,
              96,
              95,
              92,
              86,
              82,
              85,
              79,
              71
            ]
          },
          {
            "dow": "WED",
            "hh": "08",
            "mm": "30",
            "congestionCar": [
              47,
              61,
              74,
              87,
              83,
              63,
              63,
              64,
              61,
              58
            ]
          },
          {
            "dow": "WED",
            "hh": "08",
            "mm": "40",
            "congestionCar": [
              27,
              34,
              31,
              46,
              38,
              28,
              35,
              31,
              32,
              29
            ]
          },
          {
            "dow": "WED",
            "hh": "08",
            "mm": "50",
            "congestionCar": [
              63,
              71,
              75,
              89,
              93,
              66,
              72,
              75,
              71,
              65
            ]
          }
        ]
      },
      {
        "startStationCode": "239",
        "startStationName": "홍대입구역",
        "endStationCode": "211",
        "endStationName": "성수역",
        "prevStationCode": "231",
        "prevStationName": "신대방역",
        "updnLine": 0,
        "directAt": 0,
        "data": [
          {
            "dow": "WED",
            "hh": "08",
            "mm": "00",
            "congestionCar": [
              79,
              97,
              105,
              106,
              110,
              104,
              104,
              100,
              98,
              97
            ]
          },
          {
            "dow": "WED",
            "hh": "08",
            "mm": "10",
            "congestionCar": [
              91,
              94,
              116,
              126,
              153,
              119,
              119,
              100,
              103,
              110
            ]
          },
          {
            "dow": "WED",
            "hh": "08",
            "mm": "20",
            "congestionCar": [
              72,
              94,
              110,
              108,
              105,
              98,
              93,
              97,
              91,
              81
            ]
          },
          {
            "dow": "WED",
            "hh": "08",
            "mm": "30",
            "congestionCar": [
              60,
              78,
              95,
              112,
              107,
              81,
              81,
              82,
              79,
              75
            ]
          },
          {
            "dow": "WED",
            "hh": "08",
            "mm": "40",
            "congestionCar": [
              65,
              83,
              77,
              112,
              92,
              68,
              86,
              76,
              78,
              72
            ]
          },
          {
            "dow": "WED",
            "hh": "08",
            "mm": "50",
            "congestionCar": [
              63,
              71,
              75,
              89,
              93,
              66,
              72,
              75,
              71,
              65
            ]
          }
        ]
      },
      {
        "startStationCode": "239",
        "startStationName": "홍대입구역",
        "endStationCode": "211-R",
        "endStationName": "성수역",
        "prevStationCode": "231",
        "prevStationName": "신대방역",
        "updnLine": 0,
        "directAt": 0,
        "data": [
          {
            "dow": "WED",
            "hh": "08",
            "mm": "00",
            "congestionCar": [
              79,
              97,
              105,
              106,
              110,
              104,
              104,
              100,
              98,
              97
            ]
          },
          {
            "dow": "WED",
            "hh": "08",
            "mm": "10",
            "congestionCar": [
              91,
              94,
              116,
              126,
              153,
              119,
              119,
              100,
              103,
              110
            ]
          },
          {
            "dow": "WED",
            "hh": "08",
            "mm": "20",
            "congestionCar": [
              72,
              94,
              110,
              108,
              105,
              98,
              93,
              97,
              91,
              81
            ]
          },
          {
            "dow": "WED",
            "hh": "08",
            "mm": "30",
            "congestionCar": [
              60,
              78,
              95,
              112,
              107,
              81,
              81,
              82,
              79,
              75
            ]
          },
          {
            "dow": "WED",
            "hh": "08",
            "mm": "40",
            "congestionCar": [
              65,
              83,
              77,
              112,
              92,
              68,
              86,
              76,
              78,
              72
            ]
          },
          {
            "dow": "WED",
            "hh": "08",
            "mm": "50",
            "congestionCar": [
              63,
              71,
              75,
              89,
              93,
              66,
              72,
              75,
              71,
              65
            ]
          }
        ]
      }
    ],
    "statStartDate": "20230924",
    "statEndDate": "20231223"
  }
}