{
  "status": {
    "code": "00",
    "message": "success",
    "totalCount": 1
  },
  "contents": {
    "subwayLine": "2호선",
    "stationName": "잠실역",
    "stationCode": "216",
    "stat": [
      {
        "startStationCode": "202",
        "startStationName": "을지로입구역",
        "endStationCode": "211",
        "endStationName": "성수역",
        "prevStationCode": "217",
        "prevStationName": "잠실새내역",
        "updnLine": 0,
        "directAt": 0,
        "data": [
          {
            "dow": "WED",
            "hh": "13",
            "mm": "00",
            "congestionCar": [
              29,
              28,
              27,
              37,
              31,
              31,
              27,
              27,
              17,
              16
            ]
          },
          {
            "dow": "WED",
            "hh": "13",
            "mm": "10",
            "congestionCar": [
              31,
              32,
              33,
              37,
              38,
              40,
              37,
              34,
              25,
              22
            ]
          },
          {
            "dow": "WED",
            "hh": "13",
            "mm": "20",
            "congestionCar": [
              29,
              31,
              35,
              40,
              39,
              39,
              41,
              31,
              24,
              21
            ]
          },
          {
            "dow": "WED",
            "hh": "13",
            "mm": "30",
            "congestionCar": [
              34,
              37,
              43,
              41,
              44,
              41,
              44,
              32,
              30,
              24
            ]
          },
          {
            "dow": "WED",
            "hh": "13",
            "mm": "40",
            "congestionCar": [
              36,
              33,
              41,
              43,
              43,
              40,
              47,
              37,
              25,
              23
            ]
          },
          {
            "dow": "WED",
            "hh": "13",
            "mm": "50",
            "congestionCar": [
              36,
              30,
              36,
              39,
              39,
              40,
              41,
              28,
              23,
              18
            ]
          }
        ]
      },
      {
        "startStationCode": "202",
        "startStationName": "을지로입구역",
        "endStationCode": "211-R",
        "endStationName": "성수역",
        "prevStationCode": "217",
        "prevStationName": "잠실새내역",
        "updnLine": 0,
        "directAt": 0,
        "data": [
          {
            "dow": "WED",
            "hh": "13",
            "mm": "00",
            "congestionCar": [
              29,
              28,
              27,
              37,
              31,
              31,
              27,
              27,
              17,
              16
            ]
          },
          {
            "dow": "WED",
            "hh": "13",
            "mm": "10",
            "congestionCar": [
              31,
              32,
              33,
              37,
              38,
              40,
              37,
              34,
              25,
              22
            ]
          },
          {
            "dow": "WED",
            "hh": "13",
            "mm": "20",
            "congestionCar": [
              29,
              31,
              35,
              40,
              39,
              39,
              41,
              31,
              24,
              21
            ]
          },
          {
            "dow": "WED",
            "hh": "13",
            "mm": "30",
            "congestionCar": [
              34,
              37,
              43,
              41,
              44,
              41,
              44,
              32,
              30,
              24
            ]
          },
          {
            "dow": "WED",
            "hh": "13",
            "mm": "40",
            "congestionCar": [
              36,
              33,
              41,
              43,
              43,
              40,
              47,
              37,
              25,
              23
            ]
          },
          {
            "dow": "WED",
            "hh": "13",
            "mm": "50",
            "congestionCar": [
              36,
              30,
              36,
              39,
              39,
              40,
              41,
              28,
              23,
              18
            ]
          }
        ]
      },
      {
        "startStationCode": "211",
        "startStationName": "성수역",
        "endStationCode": "202",
        "endStationName": "을지로입구역",
        "prevStationCode": "215",
        "prevStationName": "잠실나루역",
        "updnLine": 1,
        "directAt": 0,
        "data": [
          {
            "dow": "WED",
            "hh": "13",
            "mm": "00",
            "congestionCar": [
              23,
              25,
              27,
              27,
              35,
              29,
              22,
              19,
              16,
              15
            ]
          },
          {
            "dow": "WED",
            "hh": "13",
            "mm": "10",
            "congestionCar": [
              22,
              26,
              30,
              33,
              35,
              37,
              27,
              23,
              20,
              16
            ]
          },
          {
            "dow": "WED",
            "hh": "13",
            "mm": "20",
            "congestionCar": [
              21,
              29,
              33,
              35,
              33,
              31,
              30,
              27,
              22,
              19
            ]
          },
          {
            "dow": "WED",
            "hh": "13",
            "mm": "30",
            "congestionCar": [
              29,
              34,
              39,
              42,
              46,
              45,
              44,
              26,
              21,
              23
            ]
          },
          {
            "dow": "WED",
            "hh": "13",
            "mm": "40",
            "congestionCar": [
              31,
              35,
              40,
              46,
              42,
              43,
              41,
              34,
              23,
              24
            ]
          },
          {
            "dow": "WED",
            "hh": "13",
            "mm": "50",
            "congestionCar": [
              27,
              39,
              35,
              40,
              42,
              42,
              36,
              28,
              20,
              20
            ]
          }
        ]
      },
      {
        "startStationCode": "211",
        "startStationName": "성수역",
        "endStationCode": "211",
        "endStationName": "성수역",
        "prevStationCode": "217",
        "prevStationName": "잠실새내역",
        "updnLine": 0,
        "directAt": 0,
        "data": [
          {
            "dow": "WED",
            "hh": "13",
            "mm": "00",
            "congestionCar": [
              29,
              28,
              27,
              37,
              31,
              31,
              27,
              27,
              17,
              16
            ]
          },
          {
            "dow": "WED",
            "hh": "13",
            "mm": "10",
            "congestionCar": [
              31,
              32,
              33,
              37,
              38,
              40,
              37,
              34,
              25,
              22
            ]
          },
          {
            "dow": "WED",
            "hh": "13",
            "mm": "20",
            "congestionCar": [
              29,
              31,
              35,
              40,
              39,
              39,
              41,
              31,
              24,
              21
            ]
          },
          {
            "dow": "WED",
            "hh": "13",
            "mm": "30",
            "congestionCar": [
              34,
              37,
              43,
              41,
              44,
              41,
              44,
              32,
              30,
              24
            ]
          },
          {
            "dow": "WED",
            "hh": "13",
            "mm": "40",
            "congestionCar": [
              36,
              33,
              41,
              43,
              43,
              40,
              47,
              37,
              25,
              23
            ]
          },
          {
            "dow": "WED",
            "hh": "13",
            "mm": "50",
            "congestionCar": [
              36,
              30,
              36,
              39,
              39,
              40,
              41,
              28,
              23,
              18
            ]
          }
        ]
      },
      {
        "startStationCode": "211",
        "startStationName": "성수역",
        "endStationCode": "211",
        "endStationName": "성수역",
        "prevStationCode": "215",
        "prevStationName": "잠실나루역",
        "updnLine": 1,
        "directAt": 0,
        "data": [
          {
            "dow": "WED",
            "hh": "13",
            "mm": "00",
            "congestionCar": [
              23,
              25,
              27,
              27,
              35,
              29,
              22,
              19,
              16,
              15
            ]
          },
          {
            "dow": "WED",
            "hh": "13",
            "mm": "10",
            "congestionCar": [
              22,
              26,
              30,
              33,
              35,
              37,
              27,
              23,
              20,
              16
            ]
          },
          {
            "dow": "WED",
            "hh": "13",
            "mm": "20",
            "congestionCar": [
              21,
              29,
              33,
              35,
              33,
              31,
              30,
              27,
              22,
              19
            ]
          },
          {
            "dow": "WED",
            "hh": "13",
            "mm": "30",
            "congestionCar": [
              29,
              34,
              39,
              42,
              46,
              45,
              44,
              26,
              21,
              23
            ]
          },
          {
            "dow": "WED",
            "hh": "13",
            "mm": "40",
            "congestionCar": [
              31,
              35,
              40,
              46,
              42,
              43,
              41,
              34,
              23,
              24
            ]
          },
          {
            "dow": "WED",
            "hh": "13",
            "mm": "50",
            "congestionCar": [
              27,
              39,
              35,
              40,
              42,
              42,
              36,
              28,
              20,
              20
            ]
          }
        ]
      },
      {
        "startStationCode": "211",
        "startStationName": "성수역",
        "endStationCode": "211-R",
        "endStationName": "성수역",
        "prevStationCode": "217",
        "prevStationName": "잠실새내역",
        "updnLine": 0,
        "directAt": 0,
        "data": [
          {
            "dow": "WED",
            "hh": "13",
            "mm": "00",
            "congestionCar": [
              29,
              28,
              27,
              37,
              31,
              31,
              27,
              27,
              17,
              16
            ]
          },
          {
            "dow": "WED",
            "hh": "13",
            "mm": "10",
            "congestionCar": [
              31,
              32,
              33,
              37,
              38,
              40,
              37,
              34,
              25,
              22
            ]
          },
          {
            "dow": "WED",
            "hh": "13",
            "mm": "20",
            "congestionCar": [
              29,
              31,
              35,
              40,
              39,
              39,
              41,
              31,
              24,
              21
            ]
          },
          {
            "dow": "WED",
            "hh": "13",
            "mm": "30",
            "congestionCar": [
              34,
              37,
              43,
              41,
              44,
              41,
              44,
              32,
              30,
              24
            ]
          },
          {
            "dow": "WED",
            "hh": "13",
            "mm": "40",
            "congestionCar": [
              36,
              33,
              41,
              43,
              43,
              40,
              47,
              37,
              25,
              23
            ]
          },
          {
            "dow": "WED",
            "hh": "13",
            "mm": "50",
            "congestionCar": [
              37,
              30,
              37,
              40,
              40,
              42,
              43,
              29,
              24,
              18
            ]
          }
        ]
      },
      {
        "startStationCode": "211",
        "startStationName": "성수역",
        "endStationCode": "211-R",
        "endStationName": "성수역",
        "prevStationCode": "215",
        "prevStationName": "잠실나루역",
        "updnLine": 1,
        "directAt": 0,
        "data": [
          {
            "dow": "WED",
            "hh": "13",
            "mm": "00",
            "congestionCar": [
              25,
              27,
              30,
              29,
              38,
              31,
              24,
              21,
              17,
              17
            ]
          },
          {
            "dow": "WED",
            "hh": "13",
            "mm": "10",
            "congestionCar": [
              24,
              28,
              32,
              36,
              38,
              39,
              29,
              25,
              21,
              18
            ]
          },
          {
            "dow": "WED",
            "hh": "13",
            "mm": "20",
            "congestionCar": [
              23,
              31,
              35,
              37,
              36,
              33,
              32,
              29,
              23,
              20
            ]
          },
          {
            "dow": "WED",
            "hh": "13",
            "mm": "30",
            "congestionCar": [
              29,
              34,
              39,
              42,
              46,
              45,
              44,
              26,
              21,
              23
            ]
          },
          {
            "dow": "WED",
            "hh": "13",
            "mm": "40",
            "congestionCar": [
              31,
              35,
              40,
              46,
              42,
              43,
              41,
              34,
              23,
              24
            ]
          },
          {
            "dow": "WED",
            "hh": "13",
            "mm": "50",
            "congestionCar": [
              27,
              39,
              35,
              40,
              42,
              42,
              36,
              28,
              20,
              20
            ]
          }
        ]
      },
      {
        "startStationCode": "211",
        "startStationName": "성수역",
        "endStationCode": "219",
        "endStationName": "삼성역",
        "prevStationCode": "215",
        "prevStationName": "잠실나루역",
        "updnLine": 1,
        "directAt": 0,
        "data": [
          {
            "dow": "WED",
            "hh": "13",
            "mm": "00",
            "congestionCar": [
              23,
              25,
              27,
              27,
              35,
              29,
              22,
              19,
              16,
              15
            ]
          },
          {
            "dow": "WED",
            "hh": "13",
            "mm": "10",
            "congestionCar": [
              22,
              26,
              30,
              33,
              35,
              37,
              27,
              23,
              20,
              16
            ]
          },
          {
            "dow": "WED",
            "hh": "13",
            "mm": "20",
            "congestionCar": [
              21,
              29,
              33,
              35,
              33,
              31,
              30,
              27,
              22,
              19
            ]
          },
          {
            "dow": "WED",
            "hh": "13",
            "mm": "30",
            "congestionCar": [
              29,
              34,
              39,
              42,
              46,
              45,
              44,
              26,
              21,
              23
            ]
          },
          {
            "dow": "WED",
            "hh": "13",
            "mm": "40",
            "congestionCar": [
              31,
              35,
              40,
              46,
              42,
              43,
              41,
              34,
              23,
              24
            ]
          },
          {
            "dow": "WED",
            "hh": "13",
            "mm": "50",
            "congestionCar": [
              27,
              39,
              35,
              40,
              42,
              42,
              36,
              28,
              20,
              20
            ]
          }
        ]
      },
      {
        "startStationCode": "211",
        "startStationName": "성수역",
        "endStationCode": "228",
        "endStationName": "서울대입구역",
        "prevStationCode": "215",
        "prevStationName": "잠실나루역",
        "updnLine": 1,
        "directAt": 0,
        "data": [
          {
            "dow": "WED",
            "hh": "13",
            "mm": "00",
            "congestionCar": [
              23,
              25,
              27,
              27,
              35,
              29,
              22,
              19,
              16,
              15
            ]
          },
          {
            "dow": "WED",
            "hh": "13",
            "mm": "10",
            "congestionCar": [
              22,
              26,
              30,
              33,
              35,
              37,
              27,
              23,
              20,
              16
            ]
          },
          {
            "dow": "WED",
            "hh": "13",
            "mm": "20",
            "congestionCar": [
              21,
              29,
              33,
              35,
              33,
              31,
              30,
              27,
              22,
              19
            ]
          },
          {
            "dow": "WED",
            "hh": "13",
            "mm": "30",
            "congestionCar": [
              29,
              34,
              39,
              42,
              46,
              45,
              44,
              26,
              21,
              23
            ]
          },
          {
            "dow": "WED",
            "hh": "13",
            "mm": "40",
            "congestionCar": [
              31,
              35,
              40,
              46,
              42,
              43,
              41,
              34,
              23,
              24
            ]
          },
          {
            "dow": "WED",
            "hh": "13",
            "mm": "50",
            "congestionCar": [
              27,
              39,
              35,
              40,
              42,
              42,
              36,
              28,
              20,
              20
            ]
          }
        ]
      },
      {
        "startStationCode": "211",
        "startStationName": "성수역",
        "endStationCode": "234",
        "endStationName": "신도림역",
        "prevStationCode": "215",
        "prevStationName": "잠실나루역",
        "updnLine": 1,
        "directAt": 0,
        "data": [
          {
            "dow": "WED",
            "hh": "13",
            "mm": "00",
            "congestionCar": [
              23,
              25,
              27,
              27,
              35,
              29,
              22,
              19,
              16,
              15
            ]
          },
          {
            "dow": "WED",
            "hh": "13",
            "mm": "10",
            "congestionCar": [
              22,
              26,
              30,
              33,
              35,
              37,
              27,
              23,
              20,
              16
            ]
          },
          {
            "dow": "WED",
            "hh": "13",
            "mm": "20",
            "congestionCar": [
              21,
              29,
              33,
              35,
              33,
              31,
              30,
              27,
              22,
              19
            ]
          },
          {
            "dow": "WED",
            "hh": "13",
            "mm": "30",
            "congestionCar": [
              29,
              34,
              39,
              42,
              46,
              45,
              44,
              26,
              21,
              23
            ]
          },
          {
            "dow": "WED",
            "hh": "13",
            "mm": "40",
            "congestionCar": [
              31,
              35,
              40,
              46,
              42,
              43,
              41,
              34,
              23,
              24
            ]
          },
          {
            "dow": "WED",
            "hh": "13",
            "mm": "50",
            "congestionCar": [
              27,
              39,
              35,
              40,
              42,
              42,
              36,
              28,
              20,
              20
            ]
          }
        ]
      },
      {
        "startStationCode": "211",
        "startStationName": "성수역",
        "endStationCode": "239",
        "endStationName": "홍대입구역",
        "prevStationCode": "215",
        "prevStationName": "잠실나루역",
        "updnLine": 1,
        "directAt": 0,
        "data": [
          {
            "dow": "WED",
            "hh": "13",
            "mm": "00",
            "congestionCar": [
              23,
              25,
              27,
              27,
              35,
              29,
              22,
              19,
              16,
              15
            ]
          },
          {
            "dow": "WED",
            "hh": "13",
            "mm": "10",
            "congestionCar": [
              22,
              26,
              30,
              33,
              35,
              37,
              27,
              23,
              20,
              16
            ]
          },
          {
            "dow": "WED",
            "hh": "13",
            "mm": "20",
            "congestionCar": [
              21,
              29,
              33,
              35,
              33,
              31,
              30,
              27,
              22,
              19
            ]
          },
          {
            "dow": "WED",
            "hh": "13",
            "mm": "30",
            "congestionCar": [
              29,
              34,
              39,
              42,
              46,
              45,
              44,
              26,
              21,
              23
            ]
          },
          {
            "dow": "WED",
            "hh": "13",
            "mm": "40",
            "congestionCar": [
              31,
              35,
              40,
              46,
              42,
              43,
              41,
              34,
              23,
              24
            ]
          },
          {
            "dow": "WED",
            "hh": "13",
            "mm": "50",
            "congestionCar": [
              27,
              39,
              35,
              40,
              42,
              42,
              36,
              28,
              20,
              20
            ]
          }
        ]
      },
      {
        "startStationCode": "219",
        "startStationName": "삼성역",
        "endStationCode": "211-R",
        "endStationName": "성수역",
        "prevStationCode": "217",
        "prevStationName": "잠실새내역",
        "updnLine": 0,
        "directAt": 0,
        "data": [
          {
            "dow": "WED",
            "hh": "13",
            "mm": "00",
            "congestionCar": [
              29,
              28,
              27,
              37,
              31,
              31,
              27,
              27,
              17,
              16
            ]
          },
          {
            "dow": "WED",
            "hh": "13",
            "mm": "10",
            "congestionCar": [
              31,
              32,
              33,
              37,
              38,
              40,
              37,
              34,
              25,
              22
            ]
          },
          {
            "dow": "WED",
            "hh": "13",
            "mm": "20",
            "congestionCar": [
              29,
              31,
              35,
              40,
              39,
              39,
              41,
              31,
              24,
              21
            ]
          },
          {
            "dow": "WED",
            "hh": "13",
            "mm": "30",
            "congestionCar": [
              34,
              37,
              43,
              41,
              44,
              41,
              44,
              32,
              30,
              24
            ]
          },
          {
            "dow": "WED",
            "hh": "13",
            "mm": "40",
            "congestionCar": [
              36,
              33,
              41,
              43,
              43,
              40,
              47,
              37,
              25,
              23
            ]
          },
          {
            "dow": "WED",
            "hh": "13",
            "mm": "50",
            "congestionCar": [
              36,
              30,
              36,
              39,
              39,
              40,
              41,
              28,
              23,
              18
            ]
          }
        ]
      },
      {
        "startStationCode": "228",
        "startStationName": "서울대입구역",
        "endStationCode": "211",
        "endStationName": "성수역",
        "prevStationCode": "217",
        "prevStationName": "잠실새내역",
        "updnLine": 0,
        "directAt": 0,
        "data": [
          {
            "dow": "WED",
            "hh": "13",
            "mm": "00",
            "congestionCar": [
              29,
              28,
              27,
              37,
              31,
              31,
              27,
              27,
              17,
              16
            ]
          },
          {
            "dow": "WED",
            "hh": "13",
            "mm": "10",
            "congestionCar": [
              31,
              32,
              33,
              37,
              38,
              40,
              37,
              34,
              25,
              22
            ]
          },
          {
            "dow": "WED",
            "hh": "13",
            "mm": "20",
            "congestionCar": [
              29,
              31,
              35,
              40,
              39,
              39,
              41,
              31,
              24,
              21
            ]
          },
          {
            "dow": "WED",
            "hh": "13",
            "mm": "30",
            "congestionCar": [
              34,
              37,
              43,
              41,
              44,
              41,
              44,
              32,
              30,
              24
            ]
          },
          {
            "dow": "WED",
            "hh": "13",
            "mm": "40",
            "congestionCar": [
              36,
              33,
              41,
              43,
              43,
              40,
              47,
              37,
              25,
              23
            ]
          },
          {
            "dow": "WED",
            "hh": "13",
            "mm": "50",
            "congestionCar": [
              36,
              30,
              36,
              39,
              39,
              40,
              41,
              28,
              23,
              18
            ]
          }
        ]
      },
      {
        "startStationCode": "228",
        "startStationName": "서울대입구역",
        "endStationCode": "211-R",
        "endStationName": "성수역",
        "prevStationCode": "217",
        "prevStationName": "잠실새내역",
        "updnLine": 0,
        "directAt": 0,
        "data": [
          {
            "dow": "WED",
            "hh": "13",
            "mm": "00",
            "congestionCar": [
              29,
              28,
              27,
              37,
              31,
              31,
              27,
              27,
              17,
              16
            ]
          },
          {
            "dow": "WED",
            "hh": "13",
            "mm": "10",
            "congestionCar": [
              31,
              32,
              33,
              37,
              38,
              40,
              37,
              34,
              25,
              22
            ]
          },
          {
            "dow": "WED",
            "hh": "13",
            "mm": "20",
            "congestionCar": [
              29,
              31,
              35,
              40,
              39,
              39,
              41,
              31,
              24,
              21
            ]
          },
          {
            "dow": "WED",
            "hh": "13",
            "mm": "30",
            "congestionCar": [
              34,
              37,
              43,
              41,
              44,
              41,
              44,
              32,
              30,
              24
            ]
          },
          {
            "dow": "WED",
            "hh": "13",
            "mm": "40",
            "congestionCar": [
              36,
              33,
              41,
              43,
              43,
              40,
              47,
              37,
              25,
              23
            ]
          },
          {
            "dow": "WED",
            "hh": "13",
            "mm": "50",
            "congestionCar": [
              36,
              30,
              36,
              39,
              39,
              40,
              41,
              28,
              23,
              18
            ]
          }
        ]
      },
      {
        "startStationCode": "234",
        "startStationName": "신도림역",
        "endStationCode": "211",
        "endStationName": "성수역",
        "prevStationCode": "217",
        "prevStationName": "잠실새내역",
        "updnLine": 0,
        "directAt": 0,
        "data": [
          {
            "dow": "WED",
            "hh": "13",
            "mm": "00",
            "congestionCar": [
              29,
              28,
              27,
              37,
              31,
              31,
              27,
              27,
              17,
              16
            ]
          },
          {
            "dow": "WED",
            "hh": "13",
            "mm": "10",
            "congestionCar": [
              31,
              32,
              33,
              37,
              38,
              40,
              37,
              34,
              25,
              22
            ]
          },
          {
            "dow": "WED",
            "hh": "13",
            "mm": "20",
            "congestionCar": [
              29,
              31,
              35,
              40,
              39,
              39,
              41,
              31,
              24,
              21
            ]
          },
          {
            "dow": "WED",
            "hh": "13",
            "mm": "30",
            "congestionCar": [
              34,
              37,
              43,
              41,
              44,
              41,
              44,
              32,
              30,
              24
            ]
          },
          {
            "dow": "WED",
            "hh": "13",
            "mm": "40",
            "congestionCar": [
              36,
              33,
              41,
              43,
              43,
              40,
              47,
              37,
              25,
              23
            ]
          },
          {
            "dow": "WED",
            "hh": "13",
            "mm": "50",
            "congestionCar": [
              36,
              30,
              36,
              39,
              39,
              40,
              41,
              28,
              23,
              18
            ]
          }
        ]
      },
      {
        "startStationCode": "234",
        "startStationName": "신도림역",
        "endStationCode": "211-R",
        "endStationName": "성수역",
        "prevStationCode": "217",
        "prevStationName": "잠실새내역",
        "updnLine": 0,
        "directAt": 0,
        "data": [
          {
            "dow": "WED",
            "hh": "13",
            "mm": "00",
            "congestionCar": [
              29,
              28,
              27,
              37,
              31,
              31,
              27,
              27,
              17,
              16
            ]
          },
          {
            "dow": "WED",
            "hh": "13",
            "mm": "10",
            "congestionCar": [
              31,
              32,
              33,
              37,
              38,
              40,
              37,
              34,
              25,
              22
            ]
          },
          {
            "dow": "WED",
            "hh": "13",
            "mm": "20",
            "congestionCar": [
              18,
              19,
              21,
              24,
              23,
              23,
              25,
              19,
              14,
              13
            ]
          },
          {
            "dow": "WED",
            "hh": "13",
            "mm": "30",
            "congestionCar": [
              38,
              41,
              47,
              46,
              49,
              46,
              49,
              35,
              33,
              26
            ]
          },
          {
            "dow": "WED",
            "hh": "13",
            "mm": "40",
            "congestionCar": [
              40,
              37,
              45,
              48,
              48,
              45,
              52,
              41,
              28,
              26
            ]
          },
          {
            "dow": "WED",
            "hh": "13",
            "mm": "50",
            "congestionCar": [
              22,
              18,
              22,
              24,
              23,
              24,
              25,
              17,
              14,
              11
            ]
          }
        ]
      },
      {
        "startStationCode": "239",
        "startStationName": "홍대입구역",
        "endStationCode": "211",
        "endStationName": "성수역",
        "prevStationCode": "217",
        "prevStationName": "잠실새내역",
        "updnLine": 0,
        "directAt": 0,
        "data": [
          {
            "dow": "WED",
            "hh": "13",
            "mm": "00",
            "congestionCar": [
              29,
              28,
              27,
              37,
              31,
              31,
              27,
              27,
              17,
              16
            ]
          },
          {
            "dow": "WED",
            "hh": "13",
            "mm": "10",
            "congestionCar": [
              31,
              32,
              33,
              37,
              38,
              40,
              37,
              34,
              25,
              22
            ]
          },
          {
            "dow": "WED",
            "hh": "13",
            "mm": "20",
            "congestionCar": [
              29,
              31,
              35,
              40,
              39,
              39,
              41,
              31,
              24,
              21
            ]
          },
          {
            "dow": "WED",
            "hh": "13",
            "mm": "30",
            "congestionCar": [
              34,
              37,
              43,
              41,
              44,
              41,
              44,
              32,
              30,
              24
            ]
          },
          {
            "dow": "WED",
            "hh": "13",
            "mm": "40",
            "congestionCar": [
              36,
              33,
              41,
              43,
              43,
              40,
              47,
              37,
              25,
              23
            ]
          },
          {
            "dow": "WED",
            "hh": "13",
            "mm": "50",
            "congestionCar": [
              36,
              30,
              36,
              39,
              39,
              40,
              41,
              28,
              23,
              18
            ]
          }
        ]
      },
      {
        "startStationCode": "239",
        "startStationName": "홍대입구역",
        "endStationCode": "211-R",
        "endStationName": "성수역",
        "prevStationCode": "217",
        "prevStationName": "잠실새내역",
        "updnLine": 0,
        "directAt": 0,
        "data": [
          {
            "dow": "WED",
            "hh": "13",
            "mm": "00",
            "congestionCar": [
              29,
              28,
              27,
              37,
              31,
              31,
              27,
              27,
              17,
              16
            ]
          },
          {
            "dow": "WED",
            "hh": "13",
            "mm": "10",
            "congestionCar": [
              31,
              32,
              33,
              37,
              38,
              40,
              37,
              34,
              25,
              22
            ]
          },
          {
            "dow": "WED",
            "hh": "13",
            "mm": "20",
            "congestionCar": [
              29,
              31,
              35,
              40,
              39,
              39,
              41,
              31,
              24,
              21
            ]
          },
          {
            "dow": "WED",
            "hh": "13",
            "mm": "30",
            "congestionCar": [
              34,
              37,
              43,
              41,
              44,
              41,
              44,
              32,
              30,
              24
            ]
          },
          {
            "dow": "WED",
            "hh": "13",
            "mm": "40",
            "congestionCar": [
              36,
              33,
              41,
              43,
              43,
              40,
              47,
              37,
              25,
              23
            ]
          },
          {
            "dow": "WED",
            "hh": "13",
            "mm": "50",
            "congestionCar": [
              36,
              30,
              36,
              39,
              39,
              40,
              41,
              28,
              23,
              18
            ]
          }
        ]
      }
    ],
    "statStartDate": "20230923",
    "statEndDate": "20231222"
  }
}