{
  "status": {
    "code": "00",
    "message": "success",
    "totalCount": 1
  },
  "contents": {
    "subwayLine": "2호선",
    "stationName": "합정역",
    "stationCode": "238",
    "stat": [
      {
        "startStationCode": "202",
        "startStationName": "을지로입구역",
        "endStationCode": "211",
        "endStationName": "성수역",
        "prevStationCode": "239",
        "prevStationName": "홍대입구역",
        "updnLine": 0,
        "directAt": 0,
        "data": [
          {
            "dow": "MON",
            "hh": "08",
            "mm": "00",
            "congestionCar": [
              35,
              44,
              54,
              55,
              51,
              59,
              45,
              44,
              37,
              37
            ]
          },
          {
            "dow": "MON",
            "hh": "08",
            "mm": "10",
            "congestionCar": [
              35,
              44,
              47,
              57,
              52,
              46,
              49,
              52,
              39,
              39
            ]
          },
          {
            "dow": "MON",
            "hh": "08",
            "mm": "20",
            "congestionCar": [
              37,
              51,
              49,
              53,
              36,
              47,
              47,
              46,
              39,
              26
            ]
          },
          {
            "dow": "MON",
            "hh": "08",
            "mm": "30",
            "congestionCar": [
              29,
              38,
              41,
              44,
              34,
              39,
              37,
              43,
              43,
              30
            ]
          },
          {
            "dow": "MON",
            "hh": "08",
            "mm": "40",
            "congestionCar": [
              15,
              18,
              25,
              24,
              23,
              24,
              27,
              36,
              29,
              19
            ]
          },
          {
            "dow": "MON",
            "hh": "08",
            "mm": "50",
            "congestionCar": [
              14,
              22,
              27,
              24,
              27,
              19,
              22,
              25,
              17,
              13
            ]
          }
        ]
      },
      {
        "startStationCode": "202",
        "startStationName": "을지로입구역",
        "endStationCode": "211-R",
        "endStationName": "성수역",
        "prevStationCode": "239",
        "prevStationName": "홍대입구역",
        "updnLine": 0,
        "directAt": 0,
        "data": [
          {
            "dow": "MON",
            "hh": "08",
            "mm": "00",
            "congestionCar": [
              35,
              44,
              54,
              55,
              51,
              59,
              45,
              44,
              37,
              37
            ]
          },
          {
            "dow": "MON",
            "hh": "08",
            "mm": "10",
            "congestionCar": [
              35,
              44,
              47,
              57,
              52,
              46,
              49,
              52,
              39,
              39
            ]
          },
          {
            "dow": "MON",
            "hh": "08",
            "mm": "20",
            "congestionCar": [
              37,
              51,
              49,
              53,
              36,
              47,
              47,
              46,
              39,
              26
            ]
          },
          {
            "dow": "MON",
            "hh": "08",
            "mm": "30",
            "congestionCar": [
              29,
              38,
              41,
              44,
              34,
              39,
              37,
              43,
              43,
              30
            ]
          },
          {
            "dow": "MON",
            "hh": "08",
            "mm": "40",
            "congestionCar": [
              15,
              18,
              25,
              24,
              23,
              24,
              27,
              36,
              29,
              19
            ]
          },
          {
            "dow": "MON",
            "hh": "08",
            "mm": "50",
            "congestionCar": [
              14,
              22,
              27,
              24,
              27,
              19,
              22,
              25,
              17,
              13
            ]
          }
        ]
      },
      {
        "startStationCode": "211",
        "startStationName": "성수역",
        "endStationCode": "202",
        "endStationName": "을지로입구역",
        "prevStationCode": "237",
        "prevStationName": "당산역",
        "updnLine": 1,
        "directAt": 0,
        "data": [
          {
            "dow": "MON",
            "hh": "08",
            "mm": "00",
            "congestionCar": [
              120,
              99,
              105,
              119,
              132,
              123,
              114,
              112,
              102,
              96
            ]
          },
          {
            "dow": "MON",
            "hh": "08",
            "mm": "10",
            "congestionCar": [
              116,
              106,
              114,
              129,
              139,
              128,
              126,
              136,
              115,
              120
            ]
          },
          {
            "dow": "MON",
            "hh": "08",
            "mm": "20",
            "congestionCar": [
              131,
              115,
              129,
              148,
              158,
              158,
              141,
              130,
              121,
              108
            ]
          },
          {
            "dow": "MON",
            "hh": "08",
            "mm": "30",
            "congestionCar": [
              143,
              135,
              131,
              122,
              132,
              133,
              128,
              108,
              100,
              98
            ]
          },
          {
            "dow": "MON",
            "hh": "08",
            "mm": "40",
            "congestionCar": [
              104,
              86,
              81,
              75,
              93,
              99,
              82,
              80,
              79,
              72
            ]
          },
          {
            "dow": "MON",
            "hh": "08",
            "mm": "50",
            "congestionCar": [
              61,
              66,
              57,
              54,
              66,
              70,
              70,
              59,
              53,
              44
            ]
          }
        ]
      },
      {
        "startStationCode": "211",
        "startStationName": "성수역",
        "endStationCode": "211",
        "endStationName": "성수역",
        "prevStationCode": "239",
        "prevStationName": "홍대입구역",
        "updnLine": 0,
        "directAt": 0,
        "data": [
          {
            "dow": "MON",
            "hh": "08",
            "mm": "00",
            "congestionCar": [
              36,
              46,
              56,
              57,
              53,
              61,
              47,
              46,
              39,
              39
            ]
          },
          {
            "dow": "MON",
            "hh": "08",
            "mm": "10",
            "congestionCar": [
              35,
              45,
              48,
              58,
              53,
              47,
              50,
              53,
              40,
              40
            ]
          },
          {
            "dow": "MON",
            "hh": "08",
            "mm": "20",
            "congestionCar": [
              37,
              51,
              49,
              53,
              36,
              47,
              47,
              46,
              39,
              26
            ]
          },
          {
            "dow": "MON",
            "hh": "08",
            "mm": "30",
            "congestionCar": [
              27,
              35,
              38,
              41,
              31,
              36,
              34,
              40,
              40,
              28
            ]
          },
          {
            "dow": "MON",
            "hh": "08",
            "mm": "40",
            "congestionCar": [
              17,
              21,
              29,
              27,
              26,
              27,
              30,
              40,
              33,
              21
            ]
          },
          {
            "dow": "MON",
            "hh": "08",
            "mm": "50",
            "congestionCar": [
              15,
              23,
              28,
              25,
              29,
              19,
              23,
              27,
              18,
              14
            ]
          }
        ]
      },
      {
        "startStationCode": "211",
        "startStationName": "성수역",
        "endStationCode": "211",
        "endStationName": "성수역",
        "prevStationCode": "237",
        "prevStationName": "당산역",
        "updnLine": 1,
        "directAt": 0,
        "data": [
          {
            "dow": "MON",
            "hh": "08",
            "mm": "00",
            "congestionCar": [
              120,
              99,
              105,
              119,
              132,
              123,
              114,
              112,
              102,
              96
            ]
          },
          {
            "dow": "MON",
            "hh": "08",
            "mm": "10",
            "congestionCar": [
              116,
              106,
              114,
              129,
              139,
              128,
              126,
              136,
              115,
              120
            ]
          },
          {
            "dow": "MON",
            "hh": "08",
            "mm": "20",
            "congestionCar": [
              131,
              115,
              129,
              148,
              158,
              158,
              141,
              130,
              121,
              108
            ]
          },
          {
            "dow": "MON",
            "hh": "08",
            "mm": "30",
            "congestionCar": [
              143,
              135,
              131,
              122,
              132,
              133,
              128,
              108,
              100,
              98
            ]
          },
          {
            "dow": "MON",
            "hh": "08",
            "mm": "40",
            "congestionCar": [
              45,
              38,
              35,
              33,
              40,
              43,
              36,
              35,
              34,
              31
            ]
          },
          {
            "dow": "MON",
            "hh": "08",
            "mm": "50",
            "congestionCar": [
              74,
              81,
              70,
              66,
              81,
              85,
              85,
              71,
              65,
              53
            ]
          }
        ]
      },
      {
        "startStationCode": "211",
        "startStationName": "성수역",
        "endStationCode": "211-R",
        "endStationName": "성수역",
        "prevStationCode": "239",
        "prevStationName": "홍대입구역",
        "updnLine": 0,
        "directAt": 0,
        "data": [
          {
            "dow": "MON",
            "hh": "08",
            "mm": "00",
            "congestionCar": [
              34,
              43,
              53,
              54,
              50,
              57,
              44,
              43,
              36,
              36
            ]
          },
          {
            "dow": "MON",
            "hh": "08",
            "mm": "10",
            "congestionCar": [
              35,
              44,
              47,
              57,
              52,
              46,
              49,
              52,
              39,
              39
            ]
          },
          {
            "dow": "MON",
            "hh": "08",
            "mm": "20",
            "congestionCar": [
              37,
              52,
              50,
              55,
              37,
              48,
              48,
              47,
              40,
              26
            ]
          },
          {
            "dow": "MON",
            "hh": "08",
            "mm": "30",
            "congestionCar": [
              31,
              40,
              44,
              47,
              36,
              41,
              39,
              46,
              46,
              32
            ]
          },
          {
            "dow": "MON",
            "hh": "08",
            "mm": "40",
            "congestionCar": [
              16,
              20,
              28,
              26,
              25,
              26,
              29,
              39,
              32,
              20
            ]
          },
          {
            "dow": "MON",
            "hh": "08",
            "mm": "50",
            "congestionCar": [
              17,
              26,
              32,
              28,
              33,
              22,
              26,
              30,
              20,
              16
            ]
          }
        ]
      },
      {
        "startStationCode": "211",
        "startStationName": "성수역",
        "endStationCode": "211-R",
        "endStationName": "성수역",
        "prevStationCode": "237",
        "prevStationName": "당산역",
        "updnLine": 1,
        "directAt": 0,
        "data": [
          {
            "dow": "MON",
            "hh": "08",
            "mm": "00",
            "congestionCar": [
              120,
              99,
              105,
              119,
              132,
              123,
              114,
              112,
              102,
              96
            ]
          },
          {
            "dow": "MON",
            "hh": "08",
            "mm": "10",
            "congestionCar": [
              116,
              106,
              114,
              129,
              139,
              128,
              126,
              136,
              115,
              120
            ]
          },
          {
            "dow": "MON",
            "hh": "08",
            "mm": "20",
            "congestionCar": [
              131,
              115,
              129,
              148,
              158,
              158,
              141,
              130,
              121,
              108
            ]
          },
          {
            "dow": "MON",
            "hh": "08",
            "mm": "30",
            "congestionCar": [
              149,
              141,
              137,
              127,
              137,
              138,
              133,
              112,
              104,
              102
            ]
          },
          {
            "dow": "MON",
            "hh": "08",
            "mm": "40",
            "congestionCar": [
              106,
              88,
              83,
              77,
              95,
              101,
              84,
              82,
              81,
              74
            ]
          },
          {
            "dow": "MON",
            "hh": "08",
            "mm": "50",
            "congestionCar": [
              60,
              65,
              56,
              53,
              65,
              69,
              69,
              58,
              52,
              43
            ]
          }
        ]
      },
      {
        "startStationCode": "211",
        "startStationName": "성수역",
        "endStationCode": "219",
        "endStationName": "삼성역",
        "prevStationCode": "239",
        "prevStationName": "홍대입구역",
        "updnLine": 0,
        "directAt": 0,
        "data": [
          {
            "dow": "MON",
            "hh": "08",
            "mm": "00",
            "congestionCar": [
              35,
              44,
              54,
              55,
              51,
              59,
              45,
              44,
              37,
              37
            ]
          },
          {
            "dow": "MON",
            "hh": "08",
            "mm": "10",
            "congestionCar": [
              35,
              44,
              47,
              57,
              52,
              46,
              49,
              52,
              39,
              39
            ]
          },
          {
            "dow": "MON",
            "hh": "08",
            "mm": "20",
            "congestionCar": [
              37,
              51,
              49,
              53,
              36,
              47,
              47,
              46,
              39,
              26
            ]
          },
          {
            "dow": "MON",
            "hh": "08",
            "mm": "30",
            "congestionCar": [
              29,
              38,
              41,
              44,
              34,
              39,
              37,
              43,
              43,
              30
            ]
          },
          {
            "dow": "MON",
            "hh": "08",
            "mm": "40",
            "congestionCar": [
              15,
              18,
              25,
              24,
              23,
              24,
              27,
              36,
              29,
              19
            ]
          },
          {
            "dow": "MON",
            "hh": "08",
            "mm": "50",
            "congestionCar": [
              14,
              22,
              27,
              24,
              27,
              19,
              22,
              25,
              17,
              13
            ]
          }
        ]
      },
      {
        "startStationCode": "211",
        "startStationName": "성수역",
        "endStationCode": "228",
        "endStationName": "서울대입구역",
        "prevStationCode": "239",
        "prevStationName": "홍대입구역",
        "updnLine": 0,
        "directAt": 0,
        "data": [
          {
            "dow": "MON",
            "hh": "08",
            "mm": "00",
            "congestionCar": [
              35,
              44,
              54,
              55,
              51,
              59,
              45,
              44,
              37,
              37
            ]
          },
          {
            "dow": "MON",
            "hh": "08",
            "mm": "10",
            "congestionCar": [
              35,
              44,
              47,
              57,
              52,
              46,
              49,
              52,
              39,
              39
            ]
          },
          {
            "dow": "MON",
            "hh": "08",
            "mm": "20",
            "congestionCar": [
              37,
              51,
              49,
              53,
              36,
              47,
              47,
              46,
              39,
              26
            ]
          },
          {
            "dow": "MON",
            "hh": "08",
            "mm": "30",
            "congestionCar": [
              29,
              38,
              41,
              44,
              34,
              39,
              37,
              43,
              43,
              30
            ]
          },
          {
            "dow": "MON",
            "hh": "08",
            "mm": "40",
            "congestionCar": [
              15,
              18,
              25,
              24,
              23,
              24,
              27,
              36,
              29,
              19
            ]
          },
          {
            "dow": "MON",
            "hh": "08",
            "mm": "50",
            "congestionCar": [
              14,
              22,
              27,
              24,
              27,
              19,
              22,
              25,
              17,
              13
            ]
          }
        ]
      },
      {
        "startStationCode": "211",
        "startStationName": "성수역",
        "endStationCode": "234",
        "endStationName": "신도림역",
        "prevStationCode": "239",
        "prevStationName": "홍대입구역",
        "updnLine": 0,
        "directAt": 0,
        "data": [
          {
            "dow": "MON",
            "hh": "08",
            "mm": "00",
            "congestionCar": [
              35,
              44,
              54,
              55,
              51,
              59,
              45,
              44,
              37,
              37
            ]
          },
          {
            "dow": "MON",
            "hh": "08",
            "mm": "10",
            "congestionCar": [
              35,
              44,
              47,
              57,
              52,
              46,
              49,
              52,
              39,
              39
            ]
          },
          {
            "dow": "MON",
            "hh": "08",
            "mm": "20",
            "congestionCar": [
              37,
              51,
              49,
              53,
              36,
              47,
              47,
              46,
              39,
              26
            ]
          },
          {
            "dow": "MON",
            "hh": "08",
            "mm": "30",
            "congestionCar": [
              5,
              7,
              8,
              8,
              6,
              7,
              7,
              8,
              8,
              6
            ]
          },
          {
            "dow": "MON",
            "hh": "08",
            "mm": "40",
            "congestionCar": [
              9,
              11,
              15,
              14,
              13,
              14,
              15,
              21,
              17,
              11
            ]
          },
          {
            "dow": "MON",
            "hh": "08",
            "mm": "50",
            "congestionCar": [
              10,
              15,
              18,
              16,
              18,
              12,
              14,
              17,
              11,
              9
            ]
          }
        ]
      },
      {
        "startStationCode": "211",
        "startStationName": "성수역",
        "endStationCode": "239",
        "endStationName": "홍대입구역",
        "prevStationCode": "237",
        "prevStationName": "당산역",
        "updnLine": 1,
        "directAt": 0,
        "data": [
          {
            "dow": "MON",
            "hh": "08",
            "mm": "00",
            "congestionCar": [
              120,
              99,
              105,
              119,
              132,
              123,
              114,
              112,
              102,
              96
            ]
          },
          {
            "dow": "MON",
            "hh": "08",
            "mm": "10",
            "congestionCar": [
              116,
              106,
              114,
              129,
              139,
              128,
              126,
              136,
              115,
              120
            ]
          },
          {
            "dow": "MON",
            "hh": "08",
            "mm": "20",
            "congestionCar": [
              131,
              115,
              129,
              148,
              158,
              158,
              141,
              130,
              121,
              108
            ]
          },
          {
            "dow": "MON",
            "hh": "08",
            "mm": "30",
            "congestionCar": [
              143,
              135,
              131,
              122,
              132,
              133,
              128,
              108,
              100,
              98
            ]
          },
          {
            "dow": "MON",
            "hh": "08",
            "mm": "40",
            "congestionCar": [
              104,
              86,
              81,
              75,
              93,
              99,
              82,
              80,
              79,
              72
            ]
          },
          {
            "dow": "MON",
            "hh": "08",
            "mm": "50",
            "congestionCar": [
              61,
              66,
              57,
              54,
              66,
              70,
              70,
              59,
              53,
              44
            ]
          }
        ]
      },
      {
        "startStationCode": "219",
        "startStationName": "삼성역",
        "endStationCode": "211-R",
        "endStationName": "성수역",
        "prevStationCode": "237",
        "prevStationName": "당산역",
        "updnLine": 1,
        "directAt": 0,
        "data": [
          {
            "dow": "MON",
            "hh": "08",
            "mm": "00",
            "congestionCar": [
              120,
              99,
              105,
              119,
              132,
              123,
              114,
              112,
              102,
              96
            ]
          },
          {
            "dow": "MON",
            "hh": "08",
            "mm": "10",
            "congestionCar": [
              116,
              106,
              114,
              129,
              139,
              128,
              126,
              136,
              115,
              120
            ]
          },
          {
            "dow": "MON",
            "hh": "08",
            "mm": "20",
            "congestionCar": [
              131,
              115,
              129,
              148,
              158,
              158,
              141,
              130,
              121,
              108
            ]
          },
          {
            "dow": "MON",
            "hh": "08",
            "mm": "30",
            "congestionCar": [
              143,
              135,
              131,
              122,
              132,
              133,
              128,
              108,
              100,
              98
            ]
          },
          {
            "dow": "MON",
            "hh": "08",
            "mm": "40",
            "congestionCar": [
              104,
              86,
              81,
              75,
              93,
              99,
              82,
              80,
              79,
              72
            ]
          },
          {
            "dow": "MON",
            "hh": "08",
            "mm": "50",
            "congestionCar": [
              61,
              66,
              57,
              54,
              66,
              70,
              70,
              59,
              53,
              44
            ]
          }
        ]
      },
      {
        "startStationCode": "228",
        "startStationName": "서울대입구역",
        "endStationCode": "211",
        "endStationName": "성수역",
        "prevStationCode": "237",
        "prevStationName": "당산역",
        "updnLine": 1,
        "directAt": 0,
        "data": [
          {
            "dow": "MON",
            "hh": "08",
            "mm": "00",
            "congestionCar": [
              120,
              99,
              105,
              119,
              132,
              123,
              114,
              112,
              102,
              96
            ]
          },
          {
            "dow": "MON",
            "hh": "08",
            "mm": "10",
            "congestionCar": [
              116,
              106,
              114,
              129,
              139,
              128,
              126,
              136,
              115,
              120
            ]
          },
          {
            "dow": "MON",
            "hh": "08",
            "mm": "20",
            "congestionCar": [
              131,
              115,
              129,
              148,
              158,
              158,
              141,
              130,
              121,
              108
            ]
          },
          {
            "dow": "MON",
            "hh": "08",
            "mm": "30",
            "congestionCar": [
              143,
              135,
              131,
              122,
              132,
              133,
              128,
              108,
              100,
              98
            ]
          },
          {
            "dow": "MON",
            "hh": "08",
            "mm": "40",
            "congestionCar": [
              104,
              86,
              81,
              75,
              93,
              99,
              82,
              80,
              79,
              72
            ]
          },
          {
            "dow": "MON",
            "hh": "08",
            "mm": "50",
            "congestionCar": [
              61,
              66,
              57,
              54,
              66,
              70,
              70,
              59,
              53,
              44
            ]
          }
        ]
      },
      {
        "startStationCode": "228",
        "startStationName": "서울대입구역",
        "endStationCode": "211-R",
        "endStationName": "성수역",
        "prevStationCode": "237",
        "prevStationName": "당산역",
        "updnLine": 1,
        "directAt": 0,
        "data": [
          {
            "dow": "MON",
            "hh": "08",
            "mm": "00",
            "congestionCar": [
              120,
              99,
              105,
              119,
              132,
              123,
              114,
              112,
              102,
              96
            ]
          },
          {
            "dow": "MON",
            "hh": "08",
            "mm": "10",
            "congestionCar": [
              116,
              106,
              114,
              129,
              139,
              128,
              126,
              136,
              115,
              120
            ]
          },
          {
            "dow": "MON",
            "hh": "08",
            "mm": "20",
            "congestionCar": [
              131,
              115,
              129,
              148,
              158,
              158,
              141,
              130,
              121,
              108
            ]
          },
          {
            "dow": "MON",
            "hh": "08",
            "mm": "30",
            "congestionCar": [
              143,
              135,
              131,
              122,
              132,
              133,
              128,
              108,
              100,
              98
            ]
          },
          {
            "dow": "MON",
            "hh": "08",
            "mm": "40",
            "congestionCar": [
              104,
              86,
              81,
              75,
              93,
              99,
              82,
              80,
              79,
              72
            ]
          },
          {
            "dow": "MON",
            "hh": "08",
            "mm": "50",
            "congestionCar": [
              61,
              66,
              57,
              54,
              66,
              70,
              70,
              59,
              53,
              44
            ]
          }
        ]
      },
      {
        "startStationCode": "234",
        "startStationName": "신도림역",
        "endStationCode": "211",
        "endStationName": "성수역",
        "prevStationCode": "237",
        "prevStationName": "당산역",
        "updnLine": 1,
        "directAt": 0,
        "data": [
          {
            "dow": "MON",
            "hh": "08",
            "mm": "00",
            "congestionCar": [
              120,
              99,
              105,
              119,
              132,
              123,
              114,
              112,
              102,
              96
            ]
          },
          {
            "dow": "MON",
            "hh": "08",
            "mm": "10",
            "congestionCar": [
              116,
              106,
              114,
              129,
              139,
              128,
              126,
              136,
              115,
              120
            ]
          },
          {
            "dow": "MON",
            "hh": "08",
            "mm": "20",
            "congestionCar": [
              131,
              115,
              129,
              148,
              158,
              158,
              141,
              130,
              121,
              108
            ]
          },
          {
            "dow": "MON",
            "hh": "08",
            "mm": "30",
            "congestionCar": [
              143,
              135,
              131,
              122,
              132,
              133,
              128,
              108,
              100,
              98
            ]
          },
          {
            "dow": "MON",
            "hh": "08",
            "mm": "40",
            "congestionCar": [
              104,
              86,
              81,
              75,
              93,
              99,
              82,
              80,
              79,
              72
            ]
          },
          {
            "dow": "MON",
            "hh": "08",
            "mm": "50",
            "congestionCar": [
              61,
              66,
              57,
              54,
              66,
              70,
              70,
              59,
              53,
              44
            ]
          }
        ]
      },
      {
        "startStationCode": "234",
        "startStationName": "신도림역",
        "endStationCode": "211-R",
        "endStationName": "성수역",
        "prevStationCode": "237",
        "prevStationName": "당산역",
        "updnLine": 1,
        "directAt": 0,
        "data": [
          {
            "dow": "MON",
            "hh": "08",
            "mm": "00",
            "congestionCar": [
              30,
              25,
              26,
              30,
              33,
              31,
              29,
              28,
              25,
              24
            ]
          },
          {
            "dow": "MON",
            "hh": "08",
            "mm": "10",
            "congestionCar": [
              116,
              106,
              114,
              129,
              139,
              128,
              126,
              136,
              115,
              120
            ]
          },
          {
            "dow": "MON",
            "hh": "08",
            "mm": "20",
            "congestionCar": [
              131,
              115,
              129,
              148,
              158,
              158,
              141,
              130,
              121,
              108
            ]
          },
          {
            "dow": "MON",
            "hh": "08",
            "mm": "30",
            "congestionCar": [
              143,
              135,
              131,
              122,
              132,
              133,
              128,
              108,
              100,
              98
            ]
          },
          {
            "dow": "MON",
            "hh": "08",
            "mm": "40",
            "congestionCar": [
              104,
              86,
              81,
              75,
              93,
              99,
              82,
              80,
              79,
              72
            ]
          },
          {
            "dow": "MON",
            "hh": "08",
            "mm": "50",
            "congestionCar": [
              61,
              66,
              57,
              54,
              66,
              70,
              70,
              59,
              53,
              44
            ]
          }
        ]
      },
      {
        "startStationCode": "239",
        "startStationName": "홍대입구역",
        "endStationCode": "211",
        "endStationName": "성수역",
        "prevStationCode": "239",
        "prevStationName": "홍대입구역",
        "updnLine": 0,
        "directAt": 0,
        "data": [
          {
            "dow": "MON",
            "hh": "08",
            "mm": "00",
            "congestionCar": [
              35,
              44,
              54,
              55,
              51,
              59,
              45,
              44,
              37,
              37
            ]
          },
          {
            "dow": "MON",
            "hh": "08",
            "mm": "10",
            "congestionCar": [
              35,
              44,
              47,
              57,
              52,
              46,
              49,
              52,
              39,
              39
            ]
          },
          {
            "dow": "MON",
            "hh": "08",
            "mm": "20",
            "congestionCar": [
              37,
              51,
              49,
              53,
              36,
              47,
              47,
              46,
              39,
              26
            ]
          },
          {
            "dow": "MON",
            "hh": "08",
            "mm": "30",
            "congestionCar": [
              29,
              38,
              41,
              44,
              34,
              39,
              37,
              43,
              43,
              30
            ]
          },
          {
            "dow": "MON",
            "hh": "08",
            "mm": "40",
            "congestionCar": [
              15,
              18,
              25,
              24,
              23,
              24,
              27,
              36,
              29,
              19
            ]
          },
          {
            "dow": "MON",
            "hh": "08",
            "mm": "50",
            "congestionCar": [
              14,
              22,
              27,
              24,
              27,
              19,
              22,
              25,
              17,
              13
            ]
          }
        ]
      },
      {
        "startStationCode": "239",
        "startStationName": "홍대입구역",
        "endStationCode": "211-R",
        "endStationName": "성수역",
        "prevStationCode": "239",
        "prevStationName": "홍대입구역",
        "updnLine": 0,
        "directAt": 0,
        "data": [
          {
            "dow": "MON",
            "hh": "08",
            "mm": "00",
            "congestionCar": [
              35,
              44,
              54,
              55,
              51,
              59,
              45,
              44,
              37,
              37
            ]
          },
          {
            "dow": "MON",
            "hh": "08",
            "mm": "10",
            "congestionCar": [
              35,
              44,
              47,
              57,
              52,
              46,
              49,
              52,
              39,
              39
            ]
          },
          {
            "dow": "MON",
            "hh": "08",
            "mm": "20",
            "congestionCar": [
              37,
              51,
              49,
              53,
              36,
              47,
              47,
              46,
              39,
              26
            ]
          },
          {
            "dow": "MON",
            "hh": "08",
            "mm": "30",
            "congestionCar": [
              29,
              38,
              41,
              44,
              34,
              39,
              37,
              43,
              43,
              30
            ]
          },
          {
            "dow": "MON",
            "hh": "08",
            "mm": "40",
            "congestionCar": [
              15,
              18,
              25,
              24,
              23,
              24,
              27,
              36,
              29,
              19
            ]
          },
          {
            "dow": "MON",
            "hh": "08",
            "mm": "50",
            "congestionCar": [
              14,
              22,
              27,
              24,
              27,
              19,
              22,
              25,
              17,
              13
            ]
          }
        ]
      }
    ],
    "statStartDate": "20230924",
    "statEndDate": "20231223"
  }
}