{
  "status": {
    "code": "00",
    "message": "success",
    "totalCount": 1
  },
  "contents": {
    "subwayLine": "2호선",
    "stationName": "신도림역",
    "stationCode": "234",
    "stat": [
      {
        "startStationCode": "202",
        "startStationName": "을지로입구역",
        "endStationCode": "211",
        "endStationName": "성수역",
        "prevStationCode": "235",
        "prevStationName": "문래역",
        "updnLine": 0,
        "directAt": 0,
        "data": [
          {
            "dow": "WED",
            "hh": "08",
            "mm": "00",
            "congestionCar": [
              106,
              113,
              115,
              126,
              103,
              82,
              94,
              68,
              72,
              91
            ]
          },
          {
            "dow": "WED",
            "hh": "08",
            "mm": "10",
            "congestionCar": [
              87,
              115,
              120,
              117,
              93,
              95,
              86,
              72,
              72,
              62
            ]
          },
          {
            "dow": "WED",
            "hh": "08",
            "mm": "20",
            "congestionCar": [
              84,
              93,
              95,
              105,
              86,
              80,
              74,
              72,
              55,
              55
            ]
          },
          {
            "dow": "WED",
            "hh": "08",
            "mm": "30",
            "congestionCar": [
              81,
              90,
              77,
              89,
              55,
              56,
              60,
              53,
              43,
              37
            ]
          },
          {
            "dow": "WED",
            "hh": "08",
            "mm": "40",
            "congestionCar": [
              67,
              82,
              75,
              67,
              54,
              50,
              47,
              46,
              37,
              35
            ]
          },
          {
            "dow": "WED",
            "hh": "08",
            "mm": "50",
            "congestionCar": [
              42,
              48,
              62,
              41,
              36,
              30,
              29,
              31,
              28,
              22
            ]
          }
        ]
      },
      {
        "startStationCode": "202",
        "startStationName": "을지로입구역",
        "endStationCode": "211-R",
        "endStationName": "성수역",
        "prevStationCode": "235",
        "prevStationName": "문래역",
        "updnLine": 0,
        "directAt": 0,
        "data": [
          {
            "dow": "WED",
            "hh": "08",
            "mm": "00",
            "congestionCar": [
              106,
              113,
              115,
              126,
              103,
              82,
              94,
              68,
              72,
              91
            ]
          },
          {
            "dow": "WED",
            "hh": "08",
            "mm": "10",
            "congestionCar": [
              87,
              115,
              120,
              117,
              93,
              95,
              86,
              72,
              72,
              62
            ]
          },
          {
            "dow": "WED",
            "hh": "08",
            "mm": "20",
            "congestionCar": [
              84,
              93,
              95,
              105,
              86,
              80,
              74,
              72,
              55,
              55
            ]
          },
          {
            "dow": "WED",
            "hh": "08",
            "mm": "30",
            "congestionCar": [
              81,
              90,
              77,
              89,
              55,
              56,
              60,
              53,
              43,
              37
            ]
          },
          {
            "dow": "WED",
            "hh": "08",
            "mm": "40",
            "congestionCar": [
              67,
              82,
              75,
              67,
              54,
              50,
              47,
              46,
              37,
              35
            ]
          },
          {
            "dow": "WED",
            "hh": "08",
            "mm": "50",
            "congestionCar": [
              42,
              48,
              62,
              41,
              36,
              30,
              29,
              31,
              28,
              22
            ]
          }
        ]
      },
      {
        "startStationCode": "211",
        "startStationName": "성수역",
        "endStationCode": "202",
        "endStationName": "을지로입구역",
        "prevStationCode": "233",
        "prevStationName": "대림역",
        "updnLine": 1,
        "directAt": 0,
        "data": [
          {
            "dow": "WED",
            "hh": "08",
            "mm": "00",
            "congestionCar": [
              69,
              73,
              82,
              112,
              102,
              107,
              124,
              125,
              97,
              89
            ]
          },
          {
            "dow": "WED",
            "hh": "08",
            "mm": "10",
            "congestionCar": [
              74,
              83,
              95,
              136,
              125,
              124,
              122,
              116,
              110,
              95
            ]
          },
          {
            "dow": "WED",
            "hh": "08",
            "mm": "20",
            "congestionCar": [
              91,
              106,
              112,
              120,
              105,
              116,
              126,
              114,
              107,
              84
            ]
          },
          {
            "dow": "WED",
            "hh": "08",
            "mm": "30",
            "congestionCar": [
              70,
              76,
              81,
              97,
              79,
              101,
              105,
              97,
              78,
              75
            ]
          },
          {
            "dow": "WED",
            "hh": "08",
            "mm": "40",
            "congestionCar": [
              47,
              50,
              53,
              63,
              55,
              66,
              89,
              71,
              62,
              44
            ]
          },
          {
            "dow": "WED",
            "hh": "08",
            "mm": "50",
            "congestionCar": [
              41,
              45,
              46,
              57,
              49,
              53,
              69,
              57,
              48,
              45
            ]
          }
        ]
      },
      {
        "startStationCode": "211",
        "startStationName": "성수역",
        "endStationCode": "211",
        "endStationName": "성수역",
        "prevStationCode": "235",
        "prevStationName": "문래역",
        "updnLine": 0,
        "directAt": 0,
        "data": [
          {
            "dow": "WED",
            "hh": "08",
            "mm": "00",
            "congestionCar": [
              105,
              111,
              114,
              125,
              102,
              81,
              93,
              67,
              71,
              90
            ]
          },
          {
            "dow": "WED",
            "hh": "08",
            "mm": "10",
            "congestionCar": [
              86,
              113,
              118,
              115,
              91,
              93,
              84,
              70,
              71,
              61
            ]
          },
          {
            "dow": "WED",
            "hh": "08",
            "mm": "20",
            "congestionCar": [
              94,
              105,
              107,
              118,
              97,
              91,
              83,
              81,
              62,
              62
            ]
          },
          {
            "dow": "WED",
            "hh": "08",
            "mm": "30",
            "congestionCar": [
              58,
              65,
              55,
              64,
              40,
              40,
              43,
              38,
              31,
              26
            ]
          },
          {
            "dow": "WED",
            "hh": "08",
            "mm": "40",
            "congestionCar": [
              55,
              67,
              62,
              55,
              44,
              41,
              39,
              38,
              30,
              29
            ]
          },
          {
            "dow": "WED",
            "hh": "08",
            "mm": "50",
            "congestionCar": [
              49,
              57,
              74,
              49,
              43,
              36,
              35,
              37,
              34,
              26
            ]
          }
        ]
      },
      {
        "startStationCode": "211",
        "startStationName": "성수역",
        "endStationCode": "211",
        "endStationName": "성수역",
        "prevStationCode": "233",
        "prevStationName": "대림역",
        "updnLine": 1,
        "directAt": 0,
        "data": [
          {
            "dow": "WED",
            "hh": "08",
            "mm": "00",
            "congestionCar": [
              69,
              73,
              82,
              112,
              102,
              107,
              124,
              125,
              97,
              89
            ]
          },
          {
            "dow": "WED",
            "hh": "08",
            "mm": "10",
            "congestionCar": [
              74,
              83,
              95,
              136,
              125,
              124,
              122,
              116,
              110,
              95
            ]
          },
          {
            "dow": "WED",
            "hh": "08",
            "mm": "20",
            "congestionCar": [
              91,
              106,
              112,
              120,
              105,
              116,
              126,
              114,
              107,
              84
            ]
          },
          {
            "dow": "WED",
            "hh": "08",
            "mm": "30",
            "congestionCar": [
              19,
              21,
              23,
              27,
              22,
              28,
              29,
              27,
              22,
              21
            ]
          },
          {
            "dow": "WED",
            "hh": "08",
            "mm": "40",
            "congestionCar": [
              38,
              40,
              42,
              51,
              44,
              53,
              71,
              57,
              49,
              35
            ]
          },
          {
            "dow": "WED",
            "hh": "08",
            "mm": "50",
            "congestionCar": [
              39,
              42,
              44,
              53,
              46,
              50,
              65,
              53,
              45,
              42
            ]
          }
        ]
      },
      {
        "startStationCode": "211",
        "startStationName": "성수역",
        "endStationCode": "211-R",
        "endStationName": "성수역",
        "prevStationCode": "235",
        "prevStationName": "문래역",
        "updnLine": 0,
        "directAt": 0,
        "data": [
          {
            "dow": "WED",
            "hh": "08",
            "mm": "00",
            "congestionCar": [
              107,
              114,
              117,
              127,
              104,
              83,
              95,
              68,
              73,
              92
            ]
          },
          {
            "dow": "WED",
            "hh": "08",
            "mm": "10",
            "congestionCar": [
              90,
              119,
              124,
              121,
              96,
              98,
              89,
              74,
              75,
              64
            ]
          },
          {
            "dow": "WED",
            "hh": "08",
            "mm": "20",
            "congestionCar": [
              80,
              90,
              92,
              101,
              83,
              77,
              71,
              69,
              53,
              53
            ]
          },
          {
            "dow": "WED",
            "hh": "08",
            "mm": "30",
            "congestionCar": [
              87,
              97,
              83,
              95,
              60,
              60,
              65,
              57,
              46,
              40
            ]
          },
          {
            "dow": "WED",
            "hh": "08",
            "mm": "40",
            "congestionCar": [
              71,
              88,
              81,
              71,
              58,
              54,
              50,
              50,
              39,
              38
            ]
          },
          {
            "dow": "WED",
            "hh": "08",
            "mm": "50",
            "congestionCar": [
              48,
              56,
              72,
              48,
              42,
              35,
              34,
              36,
              33,
              26
            ]
          }
        ]
      },
      {
        "startStationCode": "211",
        "startStationName": "성수역",
        "endStationCode": "211-R",
        "endStationName": "성수역",
        "prevStationCode": "233",
        "prevStationName": "대림역",
        "updnLine": 1,
        "directAt": 0,
        "data": [
          {
            "dow": "WED",
            "hh": "08",
            "mm": "00",
            "congestionCar": [
              69,
              73,
              82,
              112,
              102,
              107,
              124,
              125,
              97,
              89
            ]
          },
          {
            "dow": "WED",
            "hh": "08",
            "mm": "10",
            "congestionCar": [
              74,
              83,
              95,
              136,
              125,
              124,
              122,
              116,
              110,
              95
            ]
          },
          {
            "dow": "WED",
            "hh": "08",
            "mm": "20",
            "congestionCar": [
              91,
              106,
              112,
              120,
              105,
              116,
              126,
              114,
              107,
              84
            ]
          },
          {
            "dow": "WED",
            "hh": "08",
            "mm": "30",
            "congestionCar": [
              70,
              76,
              81,
              97,
              79,
              101,
              105,
              97,
              78,
              75
            ]
          },
          {
            "dow": "WED",
            "hh": "08",
            "mm": "40",
            "congestionCar": [
              49,
              53,
              55,
              67,
              58,
              69,
              93,
              75,
              65,
              46
            ]
          },
          {
            "dow": "WED",
            "hh": "08",
            "mm": "50",
            "congestionCar": [
              44,
              48,
              49,
              60,
              52,
              56,
              73,
              60,
              51,
              47
            ]
          }
        ]
      },
      {
        "startStationCode": "211",
        "startStationName": "성수역",
        "endStationCode": "219",
        "endStationName": "삼성역",
        "prevStationCode": "235",
        "prevStationName": "문래역",
        "updnLine": 0,
        "directAt": 0,
        "data": [
          {
            "dow": "WED",
            "hh": "08",
            "mm": "00",
            "congestionCar": [
              106,
              113,
              115,
              126,
              103,
              82,
              94,
              68,
              72,
              91
            ]
          },
          {
            "dow": "WED",
            "hh": "08",
            "mm": "10",
            "congestionCar": [
              87,
              115,
              120,
              117,
              93,
              95,
              86,
              72,
              72,
              62
            ]
          },
          {
            "dow": "WED",
            "hh": "08",
            "mm": "20",
            "congestionCar": [
              84,
              93,
              95,
              105,
              86,
              80,
              74,
              72,
              55,
              55
            ]
          },
          {
            "dow": "WED",
            "hh": "08",
            "mm": "30",
            "congestionCar": [
              81,
              90,
              77,
              89,
              55,
              56,
              60,
              53,
              43,
              37
            ]
          },
          {
            "dow": "WED",
            "hh": "08",
            "mm": "40",
            "congestionCar": [
              67,
              82,
              75,
              67,
              54,
              50,
              47,
              46,
              37,
              35
            ]
          },
          {
            "dow": "WED",
            "hh": "08",
            "mm": "50",
            "congestionCar": [
              42,
              48,
              62,
              41,
              36,
              30,
              29,
              31,
              28,
              22
            ]
          }
        ]
      },
      {
        "startStationCode": "211",
        "startStationName": "성수역",
        "endStationCode": "228",
        "endStationName": "서울대입구역",
        "prevStationCode": "235",
        "prevStationName": "문래역",
        "updnLine": 0,
        "directAt": 0,
        "data": [
          {
            "dow": "WED",
            "hh": "08",
            "mm": "00",
            "congestionCar": [
              106,
              113,
              115,
              126,
              103,
              82,
              94,
              68,
              72,
              91
            ]
          },
          {
            "dow": "WED",
            "hh": "08",
            "mm": "10",
            "congestionCar": [
              87,
              115,
              120,
              117,
              93,
              95,
              86,
              72,
              72,
              62
            ]
          },
          {
            "dow": "WED",
            "hh": "08",
            "mm": "20",
            "congestionCar": [
              84,
              93,
              95,
              105,
              86,
              80,
              74,
              72,
              55,
              55
            ]
          },
          {
            "dow": "WED",
            "hh": "08",
            "mm": "30",
            "congestionCar": [
              81,
              90,
              77,
              89,
              55,
              56,
              60,
              53,
              43,
              37
            ]
          },
          {
            "dow": "WED",
            "hh": "08",
            "mm": "40",
            "congestionCar": [
              67,
              82,
              75,
              67,
              54,
              50,
              47,
              46,
              37,
              35
            ]
          },
          {
            "dow": "WED",
            "hh": "08",
            "mm": "50",
            "congestionCar": [
              42,
              48,
              62,
              41,
              36,
              30,
              29,
              31,
              28,
              22
            ]
          }
        ]
      },
      {
        "startStationCode": "211",
        "startStationName": "성수역",
        "endStationCode": "234",
        "endStationName": "신도림역",
        "prevStationCode": "235",
        "prevStationName": "문래역",
        "updnLine": 0,
        "directAt": 0,
        "data": [
          {
            "dow": "WED",
            "hh": "08",
            "mm": "00",
            "congestionCar": [
              106,
              113,
              115,
              126,
              103,
              82,
              94,
              68,
              72,
              91
            ]
          },
          {
            "dow": "WED",
            "hh": "08",
            "mm": "10",
            "congestionCar": [
              87,
              115,
              120,
              117,
              93,
              95,
              86,
              72,
              72,
              62
            ]
          },
          {
            "dow": "WED",
            "hh": "08",
            "mm": "20",
            "congestionCar": [
              84,
              93,
              95,
              105,
              86,
              80,
              74,
              72,
              55,
              55
            ]
          },
          {
            "dow": "WED",
            "hh": "08",
            "mm": "30",
            "congestionCar": [
              81,
              90,
              77,
              89,
              55,
              56,
              60,
              53,
              43,
              37
            ]
          },
          {
            "dow": "WED",
            "hh": "08",
            "mm": "40",
            "congestionCar": [
              6,
              7,
              7,
              6,
              5,
              4,
              4,
              4,
              3,
              3
            ]
          },
          {
            "dow": "WED",
            "hh": "08",
            "mm": "50",
            "congestionCar": [
              12,
              14,
              18,
              12,
              11,
              9,
              9,
              9,
              8,
              7
            ]
          }
        ]
      },
      {
        "startStationCode": "211",
        "startStationName": "성수역",
        "endStationCode": "234",
        "endStationName": "신도림역",
        "prevStationCode": "233",
        "prevStationName": "대림역",
        "updnLine": 1,
        "directAt": 0,
        "data": [
          {
            "dow": "WED",
            "hh": "08",
            "mm": "00",
            "congestionCar": [
              69,
              73,
              82,
              112,
              102,
              107,
              124,
              125,
              97,
              89
            ]
          },
          {
            "dow": "WED",
            "hh": "08",
            "mm": "10",
            "congestionCar": [
              74,
              83,
              95,
              136,
              125,
              124,
              122,
              116,
              110,
              95
            ]
          },
          {
            "dow": "WED",
            "hh": "08",
            "mm": "20",
            "congestionCar": [
              91,
              106,
              112,
              120,
              105,
              116,
              126,
              114,
              107,
              84
            ]
          },
          {
            "dow": "WED",
            "hh": "08",
            "mm": "30",
            "congestionCar": [
              70,
              76,
              81,
              97,
              79,
              101,
              105,
              97,
              78,
              75
            ]
          },
          {
            "dow": "WED",
            "hh": "08",
            "mm": "40",
            "congestionCar": [
              47,
              50,
              53,
              63,
              55,
              66,
              89,
              71,
              62,
              44
            ]
          },
          {
            "dow": "WED",
            "hh": "08",
            "mm": "50",
            "congestionCar": [
              41,
              45,
              46,
              57,
              49,
              53,
              69,
              57,
              48,
              45
            ]
          }
        ]
      },
      {
        "startStationCode": "211",
        "startStationName": "성수역",
        "endStationCode": "239",
        "endStationName": "홍대입구역",
        "prevStationCode": "233",
        "prevStationName": "대림역",
        "updnLine": 1,
        "directAt": 0,
        "data": [
          {
            "dow": "WED",
            "hh": "08",
            "mm": "00",
            "congestionCar": [
              69,
              73,
              82,
              112,
              102,
              107,
              124,
              125,
              97,
              89
            ]
          },
          {
            "dow": "WED",
            "hh": "08",
            "mm": "10",
            "congestionCar": [
              74,
              83,
              95,
              136,
              125,
              124,
              122,
              116,
              110,
              95
            ]
          },
          {
            "dow": "WED",
            "hh": "08",
            "mm": "20",
            "congestionCar": [
              91,
              106,
              112,
              120,
              105,
              116,
              126,
              114,
              107,
              84
            ]
          },
          {
            "dow": "WED",
            "hh": "08",
            "mm": "30",
            "congestionCar": [
              70,
              76,
              81,
              97,
              79,
              101,
              105,
              97,
              78,
              75
            ]
          },
          {
            "dow": "WED",
            "hh": "08",
            "mm": "40",
            "congestionCar": [
              47,
              50,
              53,
              63,
              55,
              66,
              89,
              71,
              62,
              44
            ]
          },
          {
            "dow": "WED",
            "hh": "08",
            "mm": "50",
            "congestionCar": [
              41,
              45,
              46,
              57,
              49,
              53,
              69,
              57,
              48,
              45
            ]
          }
        ]
      },
      {
        "startStationCode": "219",
        "startStationName": "삼성역",
        "endStationCode": "211-R",
        "endStationName": "성수역",
        "prevStationCode": "233",
        "prevStationName": "대림역",
        "updnLine": 1,
        "directAt": 0,
        "data": [
          {
            "dow": "WED",
            "hh": "08",
            "mm": "00",
            "congestionCar": [
              69,
              73,
              82,
              112,
              102,
              107,
              124,
              125,
              97,
              89
            ]
          },
          {
            "dow": "WED",
            "hh": "08",
            "mm": "10",
            "congestionCar": [
              74,
              83,
              95,
              136,
              125,
              124,
              122,
              116,
              110,
              95
            ]
          },
          {
            "dow": "WED",
            "hh": "08",
            "mm": "20",
            "congestionCar": [
              91,
              106,
              112,
              120,
              105,
              116,
              126,
              114,
              107,
              84
            ]
          },
          {
            "dow": "WED",
            "hh": "08",
            "mm": "30",
            "congestionCar": [
              70,
              76,
              81,
              97,
              79,
              101,
              105,
              97,
              78,
              75
            ]
          },
          {
            "dow": "WED",
            "hh": "08",
            "mm": "40",
            "congestionCar": [
              47,
              50,
              53,
              63,
              55,
              66,
              89,
              71,
              62,
              44
            ]
          },
          {
            "dow": "WED",
            "hh": "08",
            "mm": "50",
            "congestionCar": [
              41,
              45,
              46,
              57,
              49,
              53,
              69,
              57,
              48,
              45
            ]
          }
        ]
      },
      {
        "startStationCode": "228",
        "startStationName": "서울대입구역",
        "endStationCode": "211",
        "endStationName": "성수역",
        "prevStationCode": "233",
        "prevStationName": "대림역",
        "updnLine": 1,
        "directAt": 0,
        "data": [
          {
            "dow": "WED",
            "hh": "08",
            "mm": "00",
            "congestionCar": [
              69,
              73,
              82,
              112,
              102,
              107,
              124,
              125,
              97,
              89
            ]
          },
          {
            "dow": "WED",
            "hh": "08",
            "mm": "10",
            "congestionCar": [
              74,
              83,
              95,
              136,
              125,
              124,
              122,
              116,
              110,
              95
            ]
          },
          {
            "dow": "WED",
            "hh": "08",
            "mm": "20",
            "congestionCar": [
              91,
              106,
              112,
              120,
              105,
              116,
              126,
              114,
              107,
              84
            ]
          },
          {
            "dow": "WED",
            "hh": "08",
            "mm": "30",
            "congestionCar": [
              70,
              76,
              81,
              97,
              79,
              101,
              105,
              97,
              78,
              75
            ]
          },
          {
            "dow": "WED",
            "hh": "08",
            "mm": "40",
            "congestionCar": [
              47,
              50,
              53,
              63,
              55,
              66,
              89,
              71,
              62,
              44
            ]
          },
          {
            "dow": "WED",
            "hh": "08",
            "mm": "50",
            "congestionCar": [
              41,
              45,
              46,
              57,
              49,
              53,
              69,
              57,
              48,
              45
            ]
          }
        ]
      },
      {
        "startStationCode": "228",
        "startStationName": "서울대입구역",
        "endStationCode": "211-R",
        "endStationName": "성수역",
        "prevStationCode": "233",
        "prevStationName": "대림역",
        "updnLine": 1,
        "directAt": 0,
        "data": [
          {
            "dow": "WED",
            "hh": "08",
            "mm": "00",
            "congestionCar": [
              69,
              73,
              82,
              112,
              102,
              107,
              124,
              125,
              97,
              89
            ]
          },
          {
            "dow": "WED",
            "hh": "08",
            "mm": "10",
            "congestionCar": [
              74,
              83,
              95,
              136,
              125,
              124,
              122,
              116,
              110,
              95
            ]
          },
          {
            "dow": "WED",
            "hh": "08",
            "mm": "20",
            "congestionCar": [
              91,
              106,
              112,
              120,
              105,
              116,
              126,
              114,
              107,
              84
            ]
          },
          {
            "dow": "WED",
            "hh": "08",
            "mm": "30",
            "congestionCar": [
              70,
              76,
              81,
              97,
              79,
              101,
              105,
              97,
              78,
              75
            ]
          },
          {
            "dow": "WED",
            "hh": "08",
            "mm": "40",
            "congestionCar": [
              47,
              50,
              53,
              63,
              55,
              66,
              89,
              71,
              62,
              44
            ]
          },
          {
            "dow": "WED",
            "hh": "08",
            "mm": "50",
            "congestionCar": [
              41,
              45,
              46,
              57,
              49,
              53,
              69,
              57,
              48,
              45
            ]
          }
        ]
      },
      {
        "startStationCode": "239",
        "startStationName": "홍대입구역",
        "endStationCode": "211",
        "endStationName": "성수역",
        "prevStationCode": "235",
        "prevStationName": "문래역",
        "updnLine": 0,
        "directAt": 0,
        "data": [
          {
            "dow": "WED",
            "hh": "08",
            "mm": "00",
            "congestionCar": [
              106,
              113,
              115,
              126,
              103,
              82,
              94,
              68,
              72,
              91
            ]
          },
          {
            "dow": "WED",
            "hh": "08",
            "mm": "10",
            "congestionCar": [
              87,
              115,
              120,
              117,
              93,
              95,
              86,
              72,
              72,
              62
            ]
          },
          {
            "dow": "WED",
            "hh": "08",
            "mm": "20",
            "congestionCar": [
              84,
              93,
              95,
              105,
              86,
              80,
              74,
              72,
              55,
              55
            ]
          },
          {
            "dow": "WED",
            "hh": "08",
            "mm": "30",
            "congestionCar": [
              81,
              90,
              77,
              89,
              55,
              56,
              60,
              53,
              43,
              37
            ]
          },
          {
            "dow": "WED",
            "hh": "08",
            "mm": "40",
            "congestionCar": [
              67,
              82,
              75,
              67,
              54,
              50,
              47,
              46,
              37,
              35
            ]
          },
          {
            "dow": "WED",
            "hh": "08",
            "mm": "50",
            "congestionCar": [
              42,
              48,
              62,
              41,
              36,
              30,
              29,
              31,
              28,
              22
            ]
          }
        ]
      },
      {
        "startStationCode": "239",
        "startStationName": "홍대입구역",
        "endStationCode": "211-R",
        "endStationName": "성수역",
        "prevStationCode": "235",
        "prevStationName": "문래역",
        "updnLine": 0,
        "directAt": 0,
        "data": [
          {
            "dow": "WED",
            "hh": "08",
            "mm": "00",
            "congestionCar": [
              106,
              113,
              115,
              126,
              103,
              82,
              94,
              68,
              72,
              91
            ]
          },
          {
            "dow": "WED",
            "hh": "08",
            "mm": "10",
            "congestionCar": [
              87,
              115,
              120,
              117,
              93,
              95,
              86,
              72,
              72,
              62
            ]
          },
          {
            "dow": "WED",
            "hh": "08",
            "mm": "20",
            "congestionCar": [
              84,
              93,
              95,
              105,
              86,
              80,
              74,
              72,
              55,
              55
            ]
          },
          {
            "dow": "WED",
            "hh": "08",
            "mm": "30",
            "congestionCar": [
              81,
              90,
              77,
              89,
              55,
              56,
              60,
              53,
              43,
              37
            ]
          },
          {
            "dow": "WED",
            "hh": "08",
            "mm": "40",
            "congestionCar": [
              67,
              82,
              75,
              67,
              54,
              50,
              47,
              46,
              37,
              35
            ]
          },
          {
            "dow": "WED",
            "hh": "08",
            "mm": "50",
            "congestionCar": [
              42,
              48,
              62,
              41,
              36,
              30,
              29,
              31,
              28,
              22
            ]
          }
        ]
      }
    ],
    "statStartDate": "20230924",
    "statEndDate": "20231223"
  }
}