{
  "status": {
    "code": "00",
    "message": "success",
    "totalCount": 1
  },
  "contents": {
    "subwayLine": "2호선",
    "stationName": "충정로역",
    "stationCode": "243",
    "stat": [
      {
        "startStationCode": "202",
        "startStationName": "을지로입구역",
        "endStationCode": "211",
        "endStationName": "성수역",
        "prevStationCode": "201",
        "prevStationName": "시청역",
        "updnLine": 0,
        "directAt": 0,
        "data": [
          {
            "dow": "WED",
            "hh": "13",
            "mm": "00",
            "congestionCar": [
              19,
              26,
              41,
              32,
              40,
              32,
              33,
              37,
              31,
              29
            ]
          },
          {
            "dow": "WED",
            "hh": "13",
            "mm": "10",
            "congestionCar": [
              23,
              29,
              37,
              44,
              39,
              40,
              31,
              39,
              31,
              27
            ]
          },
          {
            "dow": "WED",
            "hh": "13",
            "mm": "20",
            "congestionCar": [
              23,
              24,
              31,
              32,
              24,
              30,
              31,
              33,
              29,
              23
            ]
          },
          {
            "dow": "WED",
            "hh": "13",
            "mm": "30",
            "congestionCar": [
              18,
              23,
              31,
              36,
              24,
              29,
              25,
              28,
              25,
              22
            ]
          },
          {
            "dow": "WED",
            "hh": "13",
            "mm": "40",
            "congestionCar": [
              19,
              29,
              38,
              36,
              36,
              32,
              30,
              31,
              34,
              25
            ]
          },
          {
            "dow": "WED",
            "hh": "13",
            "mm": "50",
            "congestionCar": [
              18,
              24,
              30,
              30,
              32,
              29,
              29,
              26,
              23,
              20
            ]
          }
        ]
      },
      {
        "startStationCode": "202",
        "startStationName": "을지로입구역",
        "endStationCode": "211-R",
        "endStationName": "성수역",
        "prevStationCode": "201",
        "prevStationName": "시청역",
        "updnLine": 0,
        "directAt": 0,
        "data": [
          {
            "dow": "WED",
            "hh": "13",
            "mm": "00",
            "congestionCar": [
              19,
              26,
              41,
              32,
              40,
              32,
              33,
              37,
              31,
              29
            ]
          },
          {
            "dow": "WED",
            "hh": "13",
            "mm": "10",
            "congestionCar": [
              23,
              29,
              37,
              44,
              39,
              40,
              31,
              39,
              31,
              27
            ]
          },
          {
            "dow": "WED",
            "hh": "13",
            "mm": "20",
            "congestionCar": [
              23,
              24,
              31,
              32,
              24,
              30,
              31,
              33,
              29,
              23
            ]
          },
          {
            "dow": "WED",
            "hh": "13",
            "mm": "30",
            "congestionCar": [
              18,
              23,
              31,
              36,
              24,
              29,
              25,
              28,
              25,
              22
            ]
          },
          {
            "dow": "WED",
            "hh": "13",
            "mm": "40",
            "congestionCar": [
              19,
              29,
              38,
              36,
              36,
              32,
              30,
              31,
              34,
              25
            ]
          },
          {
            "dow": "WED",
            "hh": "13",
            "mm": "50",
            "congestionCar": [
              18,
              24,
              30,
              30,
              32,
              29,
              29,
              26,
              23,
              20
            ]
          }
        ]
      },
      {
        "startStationCode": "211",
        "startStationName": "성수역",
        "endStationCode": "202",
        "endStationName": "을지로입구역",
        "prevStationCode": "242",
        "prevStationName": "아현역",
        "updnLine": 1,
        "directAt": 0,
        "data": [
          {
            "dow": "WED",
            "hh": "13",
            "mm": "00",
            "congestionCar": [
              49,
              33,
              31,
              33,
              35,
              36,
              29,
              32,
              26,
              27
            ]
          },
          {
            "dow": "WED",
            "hh": "13",
            "mm": "10",
            "congestionCar": [
              48,
              34,
              32,
              39,
              37,
              40,
              36,
              32,
              27,
              26
            ]
          },
          {
            "dow": "WED",
            "hh": "13",
            "mm": "20",
            "congestionCar": [
              46,
              41,
              36,
              44,
              35,
              43,
              37,
              39,
              32,
              27
            ]
          },
          {
            "dow": "WED",
            "hh": "13",
            "mm": "30",
            "congestionCar": [
              42,
              37,
              35,
              36,
              39,
              38,
              38,
              31,
              28,
              18
            ]
          },
          {
            "dow": "WED",
            "hh": "13",
            "mm": "40",
            "congestionCar": [
              42,
              36,
              33,
              41,
              32,
              42,
              33,
              36,
              28,
              27
            ]
          },
          {
            "dow": "WED",
            "hh": "13",
            "mm": "50",
            "congestionCar": [
              33,
              36,
              34,
              34,
              38,
              37,
              36,
              31,
              26,
              25
            ]
          }
        ]
      },
      {
        "startStationCode": "211",
        "startStationName": "성수역",
        "endStationCode": "211",
        "endStationName": "성수역",
        "prevStationCode": "201",
        "prevStationName": "시청역",
        "updnLine": 0,
        "directAt": 0,
        "data": [
          {
            "dow": "WED",
            "hh": "13",
            "mm": "00",
            "congestionCar": [
              19,
              26,
              41,
              32,
              40,
              32,
              33,
              37,
              31,
              29
            ]
          },
          {
            "dow": "WED",
            "hh": "13",
            "mm": "10",
            "congestionCar": [
              23,
              29,
              37,
              44,
              39,
              40,
              31,
              39,
              31,
              27
            ]
          },
          {
            "dow": "WED",
            "hh": "13",
            "mm": "20",
            "congestionCar": [
              23,
              24,
              31,
              32,
              24,
              30,
              31,
              33,
              29,
              23
            ]
          },
          {
            "dow": "WED",
            "hh": "13",
            "mm": "30",
            "congestionCar": [
              18,
              23,
              31,
              36,
              24,
              29,
              25,
              28,
              25,
              22
            ]
          },
          {
            "dow": "WED",
            "hh": "13",
            "mm": "40",
            "congestionCar": [
              19,
              29,
              38,
              36,
              36,
              32,
              30,
              31,
              34,
              25
            ]
          },
          {
            "dow": "WED",
            "hh": "13",
            "mm": "50",
            "congestionCar": [
              18,
              24,
              30,
              30,
              32,
              29,
              29,
              26,
              23,
              20
            ]
          }
        ]
      },
      {
        "startStationCode": "211",
        "startStationName": "성수역",
        "endStationCode": "211",
        "endStationName": "성수역",
        "prevStationCode": "242",
        "prevStationName": "아현역",
        "updnLine": 1,
        "directAt": 0,
        "data": [
          {
            "dow": "WED",
            "hh": "13",
            "mm": "00",
            "congestionCar": [
              49,
              33,
              31,
              33,
              35,
              36,
              29,
              32,
              26,
              27
            ]
          },
          {
            "dow": "WED",
            "hh": "13",
            "mm": "10",
            "congestionCar": [
              48,
              34,
              32,
              39,
              37,
              40,
              36,
              32,
              27,
              26
            ]
          },
          {
            "dow": "WED",
            "hh": "13",
            "mm": "20",
            "congestionCar": [
              46,
              41,
              36,
              44,
              35,
              43,
              37,
              39,
              32,
              27
            ]
          },
          {
            "dow": "WED",
            "hh": "13",
            "mm": "30",
            "congestionCar": [
              42,
              37,
              35,
              36,
              39,
              38,
              38,
              31,
              28,
              18
            ]
          },
          {
            "dow": "WED",
            "hh": "13",
            "mm": "40",
            "congestionCar": [
              42,
              36,
              33,
              41,
              32,
              42,
              33,
              36,
              28,
              27
            ]
          },
          {
            "dow": "WED",
            "hh": "13",
            "mm": "50",
            "congestionCar": [
              33,
              36,
              34,
              34,
              38,
              37,
              36,
              31,
              26,
              25
            ]
          }
        ]
      },
      {
        "startStationCode": "211",
        "startStationName": "성수역",
        "endStationCode": "211-R",
        "endStationName": "성수역",
        "prevStationCode": "201",
        "prevStationName": "시청역",
        "updnLine": 0,
        "directAt": 0,
        "data": [
          {
            "dow": "WED",
            "hh": "13",
            "mm": "00",
            "congestionCar": [
              19,
              26,
              41,
              32,
              40,
              32,
              33,
              37,
              31,
              29
            ]
          },
          {
            "dow": "WED",
            "hh": "13",
            "mm": "10",
            "congestionCar": [
              23,
              29,
              37,
              44,
              39,
              40,
              31,
              39,
              31,
              27
            ]
          },
          {
            "dow": "WED",
            "hh": "13",
            "mm": "20",
            "congestionCar": [
              23,
              24,
              31,
              32,
              24,
              30,
              31,
              33,
              29,
              23
            ]
          },
          {
            "dow": "WED",
            "hh": "13",
            "mm": "30",
            "congestionCar": [
              18,
              23,
              31,
              36,
              24,
              29,
              25,
              28,
              25,
              22
            ]
          },
          {
            "dow": "WED",
            "hh": "13",
            "mm": "40",
            "congestionCar": [
              19,
              29,
              38,
              36,
              36,
              32,
              30,
              31,
              34,
              25
            ]
          },
          {
            "dow": "WED",
            "hh": "13",
            "mm": "50",
            "congestionCar": [
              18,
              24,
              30,
              30,
              32,
              29,
              29,
              26,
              23,
              20
            ]
          }
        ]
      },
      {
        "startStationCode": "211",
        "startStationName": "성수역",
        "endStationCode": "211-R",
        "endStationName": "성수역",
        "prevStationCode": "242",
        "prevStationName": "아현역",
        "updnLine": 1,
        "directAt": 0,
        "data": [
          {
            "dow": "WED",
            "hh": "13",
            "mm": "00",
            "congestionCar": [
              49,
              33,
              31,
              33,
              35,
              36,
              29,
              32,
              26,
              27
            ]
          },
          {
            "dow": "WED",
            "hh": "13",
            "mm": "10",
            "congestionCar": [
              48,
              34,
              32,
              39,
              37,
              40,
              36,
              32,
              27,
              26
            ]
          },
          {
            "dow": "WED",
            "hh": "13",
            "mm": "20",
            "congestionCar": [
              46,
              41,
              36,
              44,
              35,
              43,
              37,
              39,
              32,
              27
            ]
          },
          {
            "dow": "WED",
            "hh": "13",
            "mm": "30",
            "congestionCar": [
              42,
              37,
              35,
              36,
              39,
              38,
              38,
              31,
              28,
              18
            ]
          },
          {
            "dow": "WED",
            "hh": "13",
            "mm": "40",
            "congestionCar": [
              42,
              36,
              33,
              41,
              32,
              42,
              33,
              36,
              28,
              27
            ]
          },
          {
            "dow": "WED",
            "hh": "13",
            "mm": "50",
            "congestionCar": [
              33,
              36,
              34,
              34,
              38,
              37,
              36,
              31,
              26,
              25
            ]
          }
        ]
      },
      {
        "startStationCode": "211",
        "startStationName": "성수역",
        "endStationCode": "219",
        "endStationName": "삼성역",
        "prevStationCode": "201",
        "prevStationName": "시청역",
        "updnLine": 0,
        "directAt": 0,
        "data": [
          {
            "dow": "WED",
            "hh": "13",
            "mm": "00",
            "congestionCar": [
              19,
              26,
              41,
              32,
              40,
              32,
              33,
              37,
              31,
              29
            ]
          },
          {
            "dow": "WED",
            "hh": "13",
            "mm": "10",
            "congestionCar": [
              23,
              29,
              37,
              44,
              39,
              40,
              31,
              39,
              31,
              27
            ]
          },
          {
            "dow": "WED",
            "hh": "13",
            "mm": "20",
            "congestionCar": [
              23,
              24,
              31,
              32,
              24,
              30,
              31,
              33,
              29,
              23
            ]
          },
          {
            "dow": "WED",
            "hh": "13",
            "mm": "30",
            "congestionCar": [
              18,
              23,
              31,
              36,
              24,
              29,
              25,
              28,
              25,
              22
            ]
          },
          {
            "dow": "WED",
            "hh": "13",
            "mm": "40",
            "congestionCar": [
              19,
              29,
              38,
              36,
              36,
              32,
              30,
              31,
              34,
              25
            ]
          },
          {
            "dow": "WED",
            "hh": "13",
            "mm": "50",
            "congestionCar": [
              18,
              24,
              30,
              30,
              32,
              29,
              29,
              26,
              23,
              20
            ]
          }
        ]
      },
      {
        "startStationCode": "211",
        "startStationName": "성수역",
        "endStationCode": "228",
        "endStationName": "서울대입구역",
        "prevStationCode": "201",
        "prevStationName": "시청역",
        "updnLine": 0,
        "directAt": 0,
        "data": [
          {
            "dow": "WED",
            "hh": "13",
            "mm": "00",
            "congestionCar": [
              19,
              26,
              41,
              32,
              40,
              32,
              33,
              37,
              31,
              29
            ]
          },
          {
            "dow": "WED",
            "hh": "13",
            "mm": "10",
            "congestionCar": [
              23,
              29,
              37,
              44,
              39,
              40,
              31,
              39,
              31,
              27
            ]
          },
          {
            "dow": "WED",
            "hh": "13",
            "mm": "20",
            "congestionCar": [
              23,
              24,
              31,
              32,
              24,
              30,
              31,
              33,
              29,
              23
            ]
          },
          {
            "dow": "WED",
            "hh": "13",
            "mm": "30",
            "congestionCar": [
              18,
              23,
              31,
              36,
              24,
              29,
              25,
              28,
              25,
              22
            ]
          },
          {
            "dow": "WED",
            "hh": "13",
            "mm": "40",
            "congestionCar": [
              19,
              29,
              38,
              36,
              36,
              32,
              30,
              31,
              34,
              25
            ]
          },
          {
            "dow": "WED",
            "hh": "13",
            "mm": "50",
            "congestionCar": [
              18,
              24,
              30,
              30,
              32,
              29,
              29,
              26,
              23,
              20
            ]
          }
        ]
      },
      {
        "startStationCode": "211",
        "startStationName": "성수역",
        "endStationCode": "234",
        "endStationName": "신도림역",
        "prevStationCode": "201",
        "prevStationName": "시청역",
        "updnLine": 0,
        "directAt": 0,
        "data": [
          {
            "dow": "WED",
            "hh": "13",
            "mm": "00",
            "congestionCar": [
              19,
              26,
              41,
              32,
              40,
              32,
              33,
              37,
              31,
              29
            ]
          },
          {
            "dow": "WED",
            "hh": "13",
            "mm": "10",
            "congestionCar": [
              23,
              29,
              37,
              44,
              39,
              40,
              31,
              39,
              31,
              27
            ]
          },
          {
            "dow": "WED",
            "hh": "13",
            "mm": "20",
            "congestionCar": [
              23,
              24,
              31,
              32,
              24,
              30,
              31,
              33,
              29,
              23
            ]
          },
          {
            "dow": "WED",
            "hh": "13",
            "mm": "30",
            "congestionCar": [
              18,
              23,
              31,
              36,
              24,
              29,
              25,
              28,
              25,
              22
            ]
          },
          {
            "dow": "WED",
            "hh": "13",
            "mm": "40",
            "congestionCar": [
              19,
              29,
              38,
              36,
              36,
              32,
              30,
              31,
              34,
              25
            ]
          },
          {
            "dow": "WED",
            "hh": "13",
            "mm": "50",
            "congestionCar": [
              18,
              24,
              30,
              30,
              32,
              29,
              29,
              26,
              23,
              20
            ]
          }
        ]
      },
      {
        "startStationCode": "211",
        "startStationName": "성수역",
        "endStationCode": "239",
        "endStationName": "홍대입구역",
        "prevStationCode": "201",
        "prevStationName": "시청역",
        "updnLine": 0,
        "directAt": 0,
        "data": [
          {
            "dow": "WED",
            "hh": "13",
            "mm": "00",
            "congestionCar": [
              19,
              26,
              41,
              32,
              40,
              32,
              33,
              37,
              31,
              29
            ]
          },
          {
            "dow": "WED",
            "hh": "13",
            "mm": "10",
            "congestionCar": [
              23,
              29,
              37,
              44,
              39,
              40,
              31,
              39,
              31,
              27
            ]
          },
          {
            "dow": "WED",
            "hh": "13",
            "mm": "20",
            "congestionCar": [
              23,
              24,
              31,
              32,
              24,
              30,
              31,
              33,
              29,
              23
            ]
          },
          {
            "dow": "WED",
            "hh": "13",
            "mm": "30",
            "congestionCar": [
              18,
              23,
              31,
              36,
              24,
              29,
              25,
              28,
              25,
              22
            ]
          },
          {
            "dow": "WED",
            "hh": "13",
            "mm": "40",
            "congestionCar": [
              19,
              29,
              38,
              36,
              36,
              32,
              30,
              31,
              34,
              25
            ]
          },
          {
            "dow": "WED",
            "hh": "13",
            "mm": "50",
            "congestionCar": [
              18,
              24,
              30,
              30,
              32,
              29,
              29,
              26,
              23,
              20
            ]
          }
        ]
      },
      {
        "startStationCode": "219",
        "startStationName": "삼성역",
        "endStationCode": "211-R",
        "endStationName": "성수역",
        "prevStationCode": "242",
        "prevStationName": "아현역",
        "updnLine": 1,
        "directAt": 0,
        "data": [
          {
            "dow": "WED",
            "hh": "13",
            "mm": "00",
            "congestionCar": [
              49,
              33,
              31,
              33,
              35,
              36,
              29,
              32,
              26,
              27
            ]
          },
          {
            "dow": "WED",
            "hh": "13",
            "mm": "10",
            "congestionCar": [
              48,
              34,
              32,
              39,
              37,
              40,
              36,
              32,
              27,
              26
            ]
          },
          {
            "dow": "WED",
            "hh": "13",
            "mm": "20",
            "congestionCar": [
              46,
              41,
              36,
              44,
              35,
              43,
              37,
              39,
              32,
              27
            ]
          },
          {
            "dow": "WED",
            "hh": "13",
            "mm": "30",
            "congestionCar": [
              42,
              37,
              35,
              36,
              39,
              38,
              38,
              31,
              28,
              18
            ]
          },
          {
            "dow": "WED",
            "hh": "13",
            "mm": "40",
            "congestionCar": [
              42,
              36,
              33,
              41,
              32,
              42,
              33,
              36,
              28,
              27
            ]
          },
          {
            "dow": "WED",
            "hh": "13",
            "mm": "50",
            "congestionCar": [
              33,
              36,
              34,
              34,
              38,
              37,
              36,
              31,
              26,
              25
            ]
          }
        ]
      },
      {
        "startStationCode": "228",
        "startStationName": "서울대입구역",
        "endStationCode": "211",
        "endStationName": "성수역",
        "prevStationCode": "242",
        "prevStationName": "아현역",
        "updnLine": 1,
        "directAt": 0,
        "data": [
          {
            "dow": "WED",
            "hh": "13",
            "mm": "00",
            "congestionCar": [
              49,
              33,
              31,
              33,
              35,
              36,
              29,
              32,
              26,
              27
            ]
          },
          {
            "dow": "WED",
            "hh": "13",
            "mm": "10",
            "congestionCar": [
              48,
              34,
              32,
              39,
              37,
              40,
              36,
              32,
              27,
              26
            ]
          },
          {
            "dow": "WED",
            "hh": "13",
            "mm": "20",
            "congestionCar": [
              46,
              41,
              36,
              44,
              35,
              43,
              37,
              39,
              32,
              27
            ]
          },
          {
            "dow": "WED",
            "hh": "13",
            "mm": "30",
            "congestionCar": [
              42,
              37,
              35,
              36,
              39,
              38,
              38,
              31,
              28,
              18
            ]
          },
          {
            "dow": "WED",
            "hh": "13",
            "mm": "40",
            "congestionCar": [
              42,
              36,
              33,
              41,
              32,
              42,
              33,
              36,
              28,
              27
            ]
          },
          {
            "dow": "WED",
            "hh": "13",
            "mm": "50",
            "congestionCar": [
              33,
              36,
              34,
              34,
              38,
              37,
              36,
              31,
              26,
              25
            ]
          }
        ]
      },
      {
        "startStationCode": "228",
        "startStationName": "서울대입구역",
        "endStationCode": "211-R",
        "endStationName": "성수역",
        "prevStationCode": "242",
        "prevStationName": "아현역",
        "updnLine": 1,
        "directAt": 0,
        "data": [
          {
            "dow": "WED",
            "hh": "13",
            "mm": "00",
            "congestionCar": [
              49,
              33,
              31,
              33,
              35,
              36,
              29,
              32,
              26,
              27
            ]
          },
          {
            "dow": "WED",
            "hh": "13",
            "mm": "10",
            "congestionCar": [
              48,
              34,
              32,
              39,
              37,
              40,
              36,
              32,
              27,
              26
            ]
          },
          {
            "dow": "WED",
            "hh": "13",
            "mm": "20",
            "congestionCar": [
              46,
              41,
              36,
              44,
              35,
              43,
              37,
              39,
              32,
              27
            ]
          },
          {
            "dow": "WED",
            "hh": "13",
            "mm": "30",
            "congestionCar": [
              42,
              37,
              35,
              36,
              39,
              38,
              38,
              31,
              28,
              18
            ]
          },
          {
            "dow": "WED",
            "hh": "13",
            "mm": "40",
            "congestionCar": [
              42,
              36,
              33,
              41,
              32,
              42,
              33,
              36,
              28,
              27
            ]
          },
          {
            "dow": "WED",
            "hh": "13",
            "mm": "50",
            "congestionCar": [
              33,
              36,
              34,
              34,
              38,
              37,
              36,
              31,
              26,
              25
            ]
          }
        ]
      },
      {
        "startStationCode": "234",
        "startStationName": "신도림역",
        "endStationCode": "211",
        "endStationName": "성수역",
        "prevStationCode": "242",
        "prevStationName": "아현역",
        "updnLine": 1,
        "directAt": 0,
        "data": [
          {
            "dow": "WED",
            "hh": "13",
            "mm": "00",
            "congestionCar": [
              49,
              33,
              31,
              33,
              35,
              36,
              29,
              32,
              26,
              27
            ]
          },
          {
            "dow": "WED",
            "hh": "13",
            "mm": "10",
            "congestionCar": [
              48,
              34,
              32,
              39,
              37,
              40,
              36,
              32,
              27,
              26
            ]
          },
          {
            "dow": "WED",
            "hh": "13",
            "mm": "20",
            "congestionCar": [
              46,
              41,
              36,
              44,
              35,
              43,
              37,
              39,
              32,
              27
            ]
          },
          {
            "dow": "WED",
            "hh": "13",
            "mm": "30",
            "congestionCar": [
              42,
              37,
              35,
              36,
              39,
              38,
              38,
              31,
              28,
              18
            ]
          },
          {
            "dow": "WED",
            "hh": "13",
            "mm": "40",
            "congestionCar": [
              42,
              36,
              33,
              41,
              32,
              42,
              33,
              36,
              28,
              27
            ]
          },
          {
            "dow": "WED",
            "hh": "13",
            "mm": "50",
            "congestionCar": [
              33,
              36,
              34,
              34,
              38,
              37,
              36,
              31,
              26,
              25
            ]
          }
        ]
      },
      {
        "startStationCode": "234",
        "startStationName": "신도림역",
        "endStationCode": "211-R",
        "endStationName": "성수역",
        "prevStationCode": "242",
        "prevStationName": "아현역",
        "updnLine": 1,
        "directAt": 0,
        "data": [
          {
            "dow": "WED",
            "hh": "13",
            "mm": "00",
            "congestionCar": [
              49,
              33,
              31,
              33,
              35,
              36,
              29,
              32,
              26,
              27
            ]
          },
          {
            "dow": "WED",
            "hh": "13",
            "mm": "10",
            "congestionCar": [
              48,
              34,
              32,
              39,
              37,
              40,
              36,
              32,
              27,
              26
            ]
          },
          {
            "dow": "WED",
            "hh": "13",
            "mm": "20",
            "congestionCar": [
              46,
              41,
              36,
              44,
              35,
              43,
              37,
              39,
              32,
              27
            ]
          },
          {
            "dow": "WED",
            "hh": "13",
            "mm": "30",
            "congestionCar": [
              42,
              37,
              35,
              36,
              39,
              38,
              38,
              31,
              28,
              18
            ]
          },
          {
            "dow": "WED",
            "hh": "13",
            "mm": "40",
            "congestionCar": [
              42,
              36,
              33,
              41,
              32,
              42,
              33,
              36,
              28,
              27
            ]
          },
          {
            "dow": "WED",
            "hh": "13",
            "mm": "50",
            "congestionCar": [
              33,
              36,
              34,
              34,
              38,
              37,
              36,
              31,
              26,
              25
            ]
          }
        ]
      },
      {
        "startStationCode": "239",
        "startStationName": "홍대입구역",
        "endStationCode": "211",
        "endStationName": "성수역",
        "prevStationCode": "242",
        "prevStationName": "아현역",
        "updnLine": 1,
        "directAt": 0,
        "data": [
          {
            "dow": "WED",
            "hh": "13",
            "mm": "00",
            "congestionCar": [
              49,
              33,
              31,
              33,
              35,
              36,
              29,
              32,
              26,
              27
            ]
          },
          {
            "dow": "WED",
            "hh": "13",
            "mm": "10",
            "congestionCar": [
              48,
              34,
              32,
              39,
              37,
              40,
              36,
              32,
              27,
              26
            ]
          },
          {
            "dow": "WED",
            "hh": "13",
            "mm": "20",
            "congestionCar": [
              46,
              41,
              36,
              44,
              35,
              43,
              37,
              39,
              32,
              27
            ]
          },
          {
            "dow": "WED",
            "hh": "13",
            "mm": "30",
            "congestionCar": [
              42,
              37,
              35,
              36,
              39,
              38,
              38,
              31,
              28,
              18
            ]
          },
          {
            "dow": "WED",
            "hh": "13",
            "mm": "40",
            "congestionCar": [
              42,
              36,
              33,
              41,
              32,
              42,
              33,
              36,
              28,
              27
            ]
          },
          {
            "dow": "WED",
            "hh": "13",
            "mm": "50",
            "congestionCar": [
              33,
              36,
              34,
              34,
              38,
              37,
              36,
              31,
              26,
              25
            ]
          }
        ]
      },
      {
        "startStationCode": "239",
        "startStationName": "홍대입구역",
        "endStationCode": "211-R",
        "endStationName": "성수역",
        "prevStationCode": "242",
        "prevStationName": "아현역",
        "updnLine": 1,
        "directAt": 0,
        "data": [
          {
            "dow": "WED",
            "hh": "13",
            "mm": "00",
            "congestionCar": [
              49,
              33,
              31,
              33,
              35,
              36,
              29,
              32,
              26,
              27
            ]
          },
          {
            "dow": "WED",
            "hh": "13",
            "mm": "10",
            "congestionCar": [
              48,
              34,
              32,
              39,
              37,
              40,
              36,
              32,
              27,
              26
            ]
          },
          {
            "dow": "WED",
            "hh": "13",
            "mm": "20",
            "congestionCar": [
              46,
              41,
              36,
              44,
              35,
              43,
              37,
              39,
              32,
              27
            ]
          },
          {
            "dow": "WED",
            "hh": "13",
            "mm": "30",
            "congestionCar": [
              42,
              37,
              35,
              36,
              39,
              38,
              38,
              31,
              28,
              18
            ]
          },
          {
            "dow": "WED",
            "hh": "13",
            "mm": "40",
            "congestionCar": [
              42,
              36,
              33,
              41,
              32,
              42,
              33,
              36,
              28,
              27
            ]
          },
          {
            "dow": "WED",
            "hh": "13",
            "mm": "50",
            "congestionCar": [
              33,
              36,
              34,
              34,
              38,
              37,
              36,
              31,
              26,
              25
            ]
          }
        ]
      }
    ],
    "statStartDate": "20230924",
    "statEndDate": "20231223"
  }
}