{
  "status": {
    "code": "00",
    "message": "success",
    "totalCount": 1
  },
  "contents": {
    "subwayLine": "2호선",
    "stationName": "문래역",
    "stationCode": "235",
    "stat": [
      {
        "startStationCode": "202",
        "startStationName": "을지로입구역",
        "endStationCode": "211",
        "endStationName": "성수역",
        "prevStationCode": "236",
        "prevStationName": "영등포구청역",
        "updnLine": 0,
        "directAt": 0,
        "data": [
          {
            "dow": "MON",
            "hh": "13",
            "mm": "00",
            "congestionCar": [
              28,
              34,
              33,
              35,
              28,
              21,
              29,
              20,
              19,
              12
            ]
          },
          {
            "dow": "MON",
            "hh": "13",
            "mm": "10",
            "congestionCar": [
              33,
              36,
              45,
              49,
              34,
              29,
              33,
              24,
              19,
              17
            ]
          },
          {
            "dow": "MON",
            "hh": "13",
            "mm": "20",
            "congestionCar": [
              24,
              31,
              42,
              31,
              33,
              25,
              28,
              21,
              18,
              16
            ]
          },
          {
            "dow": "MON",
            "hh": "13",
            "mm": "30",
            "congestionCar": [
              21,
              31,
              32,
              28,
              26,
              21,
              27,
              20,
              13,
              11
            ]
          },
          {
            "dow": "MON",
            "hh": "13",
            "mm": "40",
            "congestionCar": [
              22,
              23,
              29,
              31,
              23,
              18,
              21,
              17,
              12,
              13
            ]
          },
          {
            "dow": "MON",
            "hh": "13",
            "mm": "50",
            "congestionCar": [
              19,
              20,
              27,
              28,
              23,
              19,
              22,
              17,
              15,
              11
            ]
          }
        ]
      },
      {
        "startStationCode": "202",
        "startStationName": "을지로입구역",
        "endStationCode": "211-R",
        "endStationName": "성수역",
        "prevStationCode": "236",
        "prevStationName": "영등포구청역",
        "updnLine": 0,
        "directAt": 0,
        "data": [
          {
            "dow": "MON",
            "hh": "13",
            "mm": "00",
            "congestionCar": [
              28,
              34,
              33,
              35,
              28,
              21,
              29,
              20,
              19,
              12
            ]
          },
          {
            "dow": "MON",
            "hh": "13",
            "mm": "10",
            "congestionCar": [
              33,
              36,
              45,
              49,
              34,
              29,
              33,
              24,
              19,
              17
            ]
          },
          {
            "dow": "MON",
            "hh": "13",
            "mm": "20",
            "congestionCar": [
              24,
              31,
              42,
              31,
              33,
              25,
              28,
              21,
              18,
              16
            ]
          },
          {
            "dow": "MON",
            "hh": "13",
            "mm": "30",
            "congestionCar": [
              21,
              31,
              32,
              28,
              26,
              21,
              27,
              20,
              13,
              11
            ]
          },
          {
            "dow": "MON",
            "hh": "13",
            "mm": "40",
            "congestionCar": [
              22,
              23,
              29,
              31,
              23,
              18,
              21,
              17,
              12,
              13
            ]
          },
          {
            "dow": "MON",
            "hh": "13",
            "mm": "50",
            "congestionCar": [
              19,
              20,
              27,
              28,
              23,
              19,
              22,
              17,
              15,
              11
            ]
          }
        ]
      },
      {
        "startStationCode": "211",
        "startStationName": "성수역",
        "endStationCode": "202",
        "endStationName": "을지로입구역",
        "prevStationCode": "234",
        "prevStationName": "신도림역",
        "updnLine": 1,
        "directAt": 0,
        "data": [
          {
            "dow": "MON",
            "hh": "13",
            "mm": "00",
            "congestionCar": [
              30,
              35,
              35,
              43,
              49,
              44,
              51,
              41,
              38,
              35
            ]
          },
          {
            "dow": "MON",
            "hh": "13",
            "mm": "10",
            "congestionCar": [
              34,
              37,
              40,
              49,
              50,
              47,
              57,
              47,
              43,
              36
            ]
          },
          {
            "dow": "MON",
            "hh": "13",
            "mm": "20",
            "congestionCar": [
              32,
              41,
              42,
              56,
              47,
              52,
              56,
              58,
              47,
              38
            ]
          },
          {
            "dow": "MON",
            "hh": "13",
            "mm": "30",
            "congestionCar": [
              30,
              34,
              35,
              45,
              44,
              40,
              52,
              44,
              41,
              34
            ]
          },
          {
            "dow": "MON",
            "hh": "13",
            "mm": "40",
            "congestionCar": [
              21,
              25,
              30,
              36,
              41,
              40,
              39,
              41,
              29,
              28
            ]
          },
          {
            "dow": "MON",
            "hh": "13",
            "mm": "50",
            "congestionCar": [
              18,
              20,
              30,
              29,
              27,
              31,
              31,
              31,
              24,
              20
            ]
          }
        ]
      },
      {
        "startStationCode": "211",
        "startStationName": "성수역",
        "endStationCode": "211",
        "endStationName": "성수역",
        "prevStationCode": "236",
        "prevStationName": "영등포구청역",
        "updnLine": 0,
        "directAt": 0,
        "data": [
          {
            "dow": "MON",
            "hh": "13",
            "mm": "00",
            "congestionCar": [
              28,
              34,
              33,
              35,
              28,
              21,
              29,
              20,
              19,
              12
            ]
          },
          {
            "dow": "MON",
            "hh": "13",
            "mm": "10",
            "congestionCar": [
              33,
              36,
              45,
              49,
              34,
              29,
              33,
              24,
              19,
              17
            ]
          },
          {
            "dow": "MON",
            "hh": "13",
            "mm": "20",
            "congestionCar": [
              24,
              31,
              42,
              31,
              33,
              25,
              28,
              21,
              18,
              16
            ]
          },
          {
            "dow": "MON",
            "hh": "13",
            "mm": "30",
            "congestionCar": [
              21,
              31,
              32,
              28,
              26,
              21,
              27,
              20,
              13,
              11
            ]
          },
          {
            "dow": "MON",
            "hh": "13",
            "mm": "40",
            "congestionCar": [
              22,
              23,
              29,
              31,
              23,
              18,
              21,
              17,
              12,
              13
            ]
          },
          {
            "dow": "MON",
            "hh": "13",
            "mm": "50",
            "congestionCar": [
              19,
              20,
              27,
              28,
              23,
              19,
              22,
              17,
              15,
              11
            ]
          }
        ]
      },
      {
        "startStationCode": "211",
        "startStationName": "성수역",
        "endStationCode": "211",
        "endStationName": "성수역",
        "prevStationCode": "234",
        "prevStationName": "신도림역",
        "updnLine": 1,
        "directAt": 0,
        "data": [
          {
            "dow": "MON",
            "hh": "13",
            "mm": "00",
            "congestionCar": [
              30,
              35,
              35,
              43,
              49,
              44,
              51,
              41,
              38,
              35
            ]
          },
          {
            "dow": "MON",
            "hh": "13",
            "mm": "10",
            "congestionCar": [
              34,
              37,
              40,
              49,
              50,
              47,
              57,
              47,
              43,
              36
            ]
          },
          {
            "dow": "MON",
            "hh": "13",
            "mm": "20",
            "congestionCar": [
              32,
              41,
              42,
              56,
              47,
              52,
              56,
              58,
              47,
              38
            ]
          },
          {
            "dow": "MON",
            "hh": "13",
            "mm": "30",
            "congestionCar": [
              30,
              34,
              35,
              45,
              44,
              40,
              52,
              44,
              41,
              34
            ]
          },
          {
            "dow": "MON",
            "hh": "13",
            "mm": "40",
            "congestionCar": [
              21,
              25,
              30,
              36,
              41,
              40,
              39,
              41,
              29,
              28
            ]
          },
          {
            "dow": "MON",
            "hh": "13",
            "mm": "50",
            "congestionCar": [
              18,
              20,
              30,
              29,
              27,
              31,
              31,
              31,
              24,
              20
            ]
          }
        ]
      },
      {
        "startStationCode": "211",
        "startStationName": "성수역",
        "endStationCode": "211-R",
        "endStationName": "성수역",
        "prevStationCode": "236",
        "prevStationName": "영등포구청역",
        "updnLine": 0,
        "directAt": 0,
        "data": [
          {
            "dow": "MON",
            "hh": "13",
            "mm": "00",
            "congestionCar": [
              30,
              37,
              36,
              38,
              30,
              23,
              31,
              22,
              20,
              13
            ]
          },
          {
            "dow": "MON",
            "hh": "13",
            "mm": "10",
            "congestionCar": [
              36,
              39,
              49,
              54,
              38,
              32,
              36,
              27,
              21,
              18
            ]
          },
          {
            "dow": "MON",
            "hh": "13",
            "mm": "20",
            "congestionCar": [
              26,
              34,
              45,
              34,
              36,
              27,
              30,
              23,
              19,
              17
            ]
          },
          {
            "dow": "MON",
            "hh": "13",
            "mm": "30",
            "congestionCar": [
              23,
              33,
              35,
              31,
              28,
              23,
              30,
              22,
              15,
              12
            ]
          },
          {
            "dow": "MON",
            "hh": "13",
            "mm": "40",
            "congestionCar": [
              24,
              25,
              31,
              34,
              26,
              20,
              23,
              19,
              13,
              14
            ]
          },
          {
            "dow": "MON",
            "hh": "13",
            "mm": "50",
            "congestionCar": [
              21,
              22,
              29,
              30,
              25,
              21,
              24,
              19,
              16,
              12
            ]
          }
        ]
      },
      {
        "startStationCode": "211",
        "startStationName": "성수역",
        "endStationCode": "211-R",
        "endStationName": "성수역",
        "prevStationCode": "234",
        "prevStationName": "신도림역",
        "updnLine": 1,
        "directAt": 0,
        "data": [
          {
            "dow": "MON",
            "hh": "13",
            "mm": "00",
            "congestionCar": [
              30,
              35,
              35,
              43,
              49,
              44,
              51,
              41,
              38,
              35
            ]
          },
          {
            "dow": "MON",
            "hh": "13",
            "mm": "10",
            "congestionCar": [
              34,
              37,
              40,
              49,
              50,
              47,
              57,
              47,
              43,
              36
            ]
          },
          {
            "dow": "MON",
            "hh": "13",
            "mm": "20",
            "congestionCar": [
              32,
              41,
              42,
              56,
              47,
              52,
              56,
              58,
              47,
              38
            ]
          },
          {
            "dow": "MON",
            "hh": "13",
            "mm": "30",
            "congestionCar": [
              32,
              37,
              38,
              49,
              47,
              43,
              56,
              47,
              44,
              37
            ]
          },
          {
            "dow": "MON",
            "hh": "13",
            "mm": "40",
            "congestionCar": [
              22,
              27,
              32,
              38,
              44,
              42,
              42,
              43,
              31,
              30
            ]
          },
          {
            "dow": "MON",
            "hh": "13",
            "mm": "50",
            "congestionCar": [
              19,
              22,
              32,
              31,
              29,
              34,
              33,
              33,
              25,
              22
            ]
          }
        ]
      },
      {
        "startStationCode": "211",
        "startStationName": "성수역",
        "endStationCode": "219",
        "endStationName": "삼성역",
        "prevStationCode": "236",
        "prevStationName": "영등포구청역",
        "updnLine": 0,
        "directAt": 0,
        "data": [
          {
            "dow": "MON",
            "hh": "13",
            "mm": "00",
            "congestionCar": [
              28,
              34,
              33,
              35,
              28,
              21,
              29,
              20,
              19,
              12
            ]
          },
          {
            "dow": "MON",
            "hh": "13",
            "mm": "10",
            "congestionCar": [
              33,
              36,
              45,
              49,
              34,
              29,
              33,
              24,
              19,
              17
            ]
          },
          {
            "dow": "MON",
            "hh": "13",
            "mm": "20",
            "congestionCar": [
              24,
              31,
              42,
              31,
              33,
              25,
              28,
              21,
              18,
              16
            ]
          },
          {
            "dow": "MON",
            "hh": "13",
            "mm": "30",
            "congestionCar": [
              21,
              31,
              32,
              28,
              26,
              21,
              27,
              20,
              13,
              11
            ]
          },
          {
            "dow": "MON",
            "hh": "13",
            "mm": "40",
            "congestionCar": [
              22,
              23,
              29,
              31,
              23,
              18,
              21,
              17,
              12,
              13
            ]
          },
          {
            "dow": "MON",
            "hh": "13",
            "mm": "50",
            "congestionCar": [
              19,
              20,
              27,
              28,
              23,
              19,
              22,
              17,
              15,
              11
            ]
          }
        ]
      },
      {
        "startStationCode": "211",
        "startStationName": "성수역",
        "endStationCode": "228",
        "endStationName": "서울대입구역",
        "prevStationCode": "236",
        "prevStationName": "영등포구청역",
        "updnLine": 0,
        "directAt": 0,
        "data": [
          {
            "dow": "MON",
            "hh": "13",
            "mm": "00",
            "congestionCar": [
              28,
              34,
              33,
              35,
              28,
              21,
              29,
              20,
              19,
              12
            ]
          },
          {
            "dow": "MON",
            "hh": "13",
            "mm": "10",
            "congestionCar": [
              33,
              36,
              45,
              49,
              34,
              29,
              33,
              24,
              19,
              17
            ]
          },
          {
            "dow": "MON",
            "hh": "13",
            "mm": "20",
            "congestionCar": [
              24,
              31,
              42,
              31,
              33,
              25,
              28,
              21,
              18,
              16
            ]
          },
          {
            "dow": "MON",
            "hh": "13",
            "mm": "30",
            "congestionCar": [
              21,
              31,
              32,
              28,
              26,
              21,
              27,
              20,
              13,
              11
            ]
          },
          {
            "dow": "MON",
            "hh": "13",
            "mm": "40",
            "congestionCar": [
              22,
              23,
              29,
              31,
              23,
              18,
              21,
              17,
              12,
              13
            ]
          },
          {
            "dow": "MON",
            "hh": "13",
            "mm": "50",
            "congestionCar": [
              19,
              20,
              27,
              28,
              23,
              19,
              22,
              17,
              15,
              11
            ]
          }
        ]
      },
      {
        "startStationCode": "211",
        "startStationName": "성수역",
        "endStationCode": "234",
        "endStationName": "신도림역",
        "prevStationCode": "236",
        "prevStationName": "영등포구청역",
        "updnLine": 0,
        "directAt": 0,
        "data": [
          {
            "dow": "MON",
            "hh": "13",
            "mm": "00",
            "congestionCar": [
              28,
              34,
              33,
              35,
              28,
              21,
              29,
              20,
              19,
              12
            ]
          },
          {
            "dow": "MON",
            "hh": "13",
            "mm": "10",
            "congestionCar": [
              33,
              36,
              45,
              49,
              34,
              29,
              33,
              24,
              19,
              17
            ]
          },
          {
            "dow": "MON",
            "hh": "13",
            "mm": "20",
            "congestionCar": [
              24,
              31,
              42,
              31,
              33,
              25,
              28,
              21,
              18,
              16
            ]
          },
          {
            "dow": "MON",
            "hh": "13",
            "mm": "30",
            "congestionCar": [
              21,
              31,
              32,
              28,
              26,
              21,
              27,
              20,
              13,
              11
            ]
          },
          {
            "dow": "MON",
            "hh": "13",
            "mm": "40",
            "congestionCar": [
              22,
              23,
              29,
              31,
              23,
              18,
              21,
              17,
              12,
              13
            ]
          },
          {
            "dow": "MON",
            "hh": "13",
            "mm": "50",
            "congestionCar": [
              19,
              20,
              27,
              28,
              23,
              19,
              22,
              17,
              15,
              11
            ]
          }
        ]
      },
      {
        "startStationCode": "211",
        "startStationName": "성수역",
        "endStationCode": "239",
        "endStationName": "홍대입구역",
        "prevStationCode": "234",
        "prevStationName": "신도림역",
        "updnLine": 1,
        "directAt": 0,
        "data": [
          {
            "dow": "MON",
            "hh": "13",
            "mm": "00",
            "congestionCar": [
              30,
              35,
              35,
              43,
              49,
              44,
              51,
              41,
              38,
              35
            ]
          },
          {
            "dow": "MON",
            "hh": "13",
            "mm": "10",
            "congestionCar": [
              34,
              37,
              40,
              49,
              50,
              47,
              57,
              47,
              43,
              36
            ]
          },
          {
            "dow": "MON",
            "hh": "13",
            "mm": "20",
            "congestionCar": [
              32,
              41,
              42,
              56,
              47,
              52,
              56,
              58,
              47,
              38
            ]
          },
          {
            "dow": "MON",
            "hh": "13",
            "mm": "30",
            "congestionCar": [
              30,
              34,
              35,
              45,
              44,
              40,
              52,
              44,
              41,
              34
            ]
          },
          {
            "dow": "MON",
            "hh": "13",
            "mm": "40",
            "congestionCar": [
              21,
              25,
              30,
              36,
              41,
              40,
              39,
              41,
              29,
              28
            ]
          },
          {
            "dow": "MON",
            "hh": "13",
            "mm": "50",
            "congestionCar": [
              18,
              20,
              30,
              29,
              27,
              31,
              31,
              31,
              24,
              20
            ]
          }
        ]
      },
      {
        "startStationCode": "219",
        "startStationName": "삼성역",
        "endStationCode": "211-R",
        "endStationName": "성수역",
        "prevStationCode": "234",
        "prevStationName": "신도림역",
        "updnLine": 1,
        "directAt": 0,
        "data": [
          {
            "dow": "MON",
            "hh": "13",
            "mm": "00",
            "congestionCar": [
              30,
              35,
              35,
              43,
              49,
              44,
              51,
              41,
              38,
              35
            ]
          },
          {
            "dow": "MON",
            "hh": "13",
            "mm": "10",
            "congestionCar": [
              34,
              37,
              40,
              49,
              50,
              47,
              57,
              47,
              43,
              36
            ]
          },
          {
            "dow": "MON",
            "hh": "13",
            "mm": "20",
            "congestionCar": [
              32,
              41,
              42,
              56,
              47,
              52,
              56,
              58,
              47,
              38
            ]
          },
          {
            "dow": "MON",
            "hh": "13",
            "mm": "30",
            "congestionCar": [
              30,
              34,
              35,
              45,
              44,
              40,
              52,
              44,
              41,
              34
            ]
          },
          {
            "dow": "MON",
            "hh": "13",
            "mm": "40",
            "congestionCar": [
              21,
              25,
              30,
              36,
              41,
              40,
              39,
              41,
              29,
              28
            ]
          },
          {
            "dow": "MON",
            "hh": "13",
            "mm": "50",
            "congestionCar": [
              18,
              20,
              30,
              29,
              27,
              31,
              31,
              31,
              24,
              20
            ]
          }
        ]
      },
      {
        "startStationCode": "228",
        "startStationName": "서울대입구역",
        "endStationCode": "211",
        "endStationName": "성수역",
        "prevStationCode": "234",
        "prevStationName": "신도림역",
        "updnLine": 1,
        "directAt": 0,
        "data": [
          {
            "dow": "MON",
            "hh": "13",
            "mm": "00",
            "congestionCar": [
              30,
              35,
              35,
              43,
              49,
              44,
              51,
              41,
              38,
              35
            ]
          },
          {
            "dow": "MON",
            "hh": "13",
            "mm": "10",
            "congestionCar": [
              34,
              37,
              40,
              49,
              50,
              47,
              57,
              47,
              43,
              36
            ]
          },
          {
            "dow": "MON",
            "hh": "13",
            "mm": "20",
            "congestionCar": [
              32,
              41,
              42,
              56,
              47,
              52,
              56,
              58,
              47,
              38
            ]
          },
          {
            "dow": "MON",
            "hh": "13",
            "mm": "30",
            "congestionCar": [
              30,
              34,
              35,
              45,
              44,
              40,
              52,
              44,
              41,
              34
            ]
          },
          {
            "dow": "MON",
            "hh": "13",
            "mm": "40",
            "congestionCar": [
              21,
              25,
              30,
              36,
              41,
              40,
              39,
              41,
              29,
              28
            ]
          },
          {
            "dow": "MON",
            "hh": "13",
            "mm": "50",
            "congestionCar": [
              18,
              20,
              30,
              29,
              27,
              31,
              31,
              31,
              24,
              20
            ]
          }
        ]
      },
      {
        "startStationCode": "228",
        "startStationName": "서울대입구역",
        "endStationCode": "211-R",
        "endStationName": "성수역",
        "prevStationCode": "234",
        "prevStationName": "신도림역",
        "updnLine": 1,
        "directAt": 0,
        "data": [
          {
            "dow": "MON",
            "hh": "13",
            "mm": "00",
            "congestionCar": [
              30,
              35,
              35,
              43,
              49,
              44,
              51,
              41,
              38,
              35
            ]
          },
          {
            "dow": "MON",
            "hh": "13",
            "mm": "10",
            "congestionCar": [
              34,
              37,
              40,
              49,
              50,
              47,
              57,
              47,
              43,
              36
            ]
          },
          {
            "dow": "MON",
            "hh": "13",
            "mm": "20",
            "congestionCar": [
              32,
              41,
              42,
              56,
              47,
              52,
              56,
              58,
              47,
              38
            ]
          },
          {
            "dow": "MON",
            "hh": "13",
            "mm": "30",
            "congestionCar": [
              30,
              34,
              35,
              45,
              44,
              40,
              52,
              44,
              41,
              34
            ]
          },
          {
            "dow": "MON",
            "hh": "13",
            "mm": "40",
            "congestionCar": [
              21,
              25,
              30,
              36,
              41,
              40,
              39,
              41,
              29,
              28
            ]
          },
          {
            "dow": "MON",
            "hh": "13",
            "mm": "50",
            "congestionCar": [
              18,
              20,
              30,
              29,
              27,
              31,
              31,
              31,
              24,
              20
            ]
          }
        ]
      },
      {
        "startStationCode": "234",
        "startStationName": "신도림역",
        "endStationCode": "211",
        "endStationName": "성수역",
        "prevStationCode": "234",
        "prevStationName": "신도림역",
        "updnLine": 1,
        "directAt": 0,
        "data": [
          {
            "dow": "MON",
            "hh": "13",
            "mm": "00",
            "congestionCar": [
              30,
              35,
              35,
              43,
              49,
              44,
              51,
              41,
              38,
              35
            ]
          },
          {
            "dow": "MON",
            "hh": "13",
            "mm": "10",
            "congestionCar": [
              34,
              37,
              40,
              49,
              50,
              47,
              57,
              47,
              43,
              36
            ]
          },
          {
            "dow": "MON",
            "hh": "13",
            "mm": "20",
            "congestionCar": [
              32,
              41,
              42,
              56,
              47,
              52,
              56,
              58,
              47,
              38
            ]
          },
          {
            "dow": "MON",
            "hh": "13",
            "mm": "30",
            "congestionCar": [
              30,
              34,
              35,
              45,
              44,
              40,
              52,
              44,
              41,
              34
            ]
          },
          {
            "dow": "MON",
            "hh": "13",
            "mm": "40",
            "congestionCar": [
              21,
              25,
              30,
              36,
              41,
              40,
              39,
              41,
              29,
              28
            ]
          },
          {
            "dow": "MON",
            "hh": "13",
            "mm": "50",
            "congestionCar": [
              18,
              20,
              30,
              29,
              27,
              31,
              31,
              31,
              24,
              20
            ]
          }
        ]
      },
      {
        "startStationCode": "234",
        "startStationName": "신도림역",
        "endStationCode": "211-R",
        "endStationName": "성수역",
        "prevStationCode": "234",
        "prevStationName": "신도림역",
        "updnLine": 1,
        "directAt": 0,
        "data": [
          {
            "dow": "MON",
            "hh": "13",
            "mm": "00",
            "congestionCar": [
              30,
              35,
              35,
              43,
              49,
              44,
              51,
              41,
              38,
              35
            ]
          },
          {
            "dow": "MON",
            "hh": "13",
            "mm": "10",
            "congestionCar": [
              34,
              37,
              40,
              49,
              50,
              47,
              57,
              47,
              43,
              36
            ]
          },
          {
            "dow": "MON",
            "hh": "13",
            "mm": "20",
            "congestionCar": [
              32,
              41,
              42,
              56,
              47,
              52,
              56,
              58,
              47,
              38
            ]
          },
          {
            "dow": "MON",
            "hh": "13",
            "mm": "30",
            "congestionCar": [
              30,
              34,
              35,
              45,
              44,
              40,
              52,
              44,
              41,
              34
            ]
          },
          {
            "dow": "MON",
            "hh": "13",
            "mm": "40",
            "congestionCar": [
              21,
              25,
              30,
              36,
              41,
              40,
              39,
              41,
              29,
              28
            ]
          },
          {
            "dow": "MON",
            "hh": "13",
            "mm": "50",
            "congestionCar": [
              18,
              20,
              30,
              29,
              27,
              31,
              31,
              31,
              24,
              20
            ]
          }
        ]
      },
      {
        "startStationCode": "239",
        "startStationName": "홍대입구역",
        "endStationCode": "211",
        "endStationName": "성수역",
        "prevStationCode": "236",
        "prevStationName": "영등포구청역",
        "updnLine": 0,
        "directAt": 0,
        "data": [
          {
            "dow": "MON",
            "hh": "13",
            "mm": "00",
            "congestionCar": [
              28,
              34,
              33,
              35,
              28,
              21,
              29,
              20,
              19,
              12
            ]
          },
          {
            "dow": "MON",
            "hh": "13",
            "mm": "10",
            "congestionCar": [
              33,
              36,
              45,
              49,
              34,
              29,
              33,
              24,
              19,
              17
            ]
          },
          {
            "dow": "MON",
            "hh": "13",
            "mm": "20",
            "congestionCar": [
              24,
              31,
              42,
              31,
              33,
              25,
              28,
              21,
              18,
              16
            ]
          },
          {
            "dow": "MON",
            "hh": "13",
            "mm": "30",
            "congestionCar": [
              21,
              31,
              32,
              28,
              26,
              21,
              27,
              20,
              13,
              11
            ]
          },
          {
            "dow": "MON",
            "hh": "13",
            "mm": "40",
            "congestionCar": [
              22,
              23,
              29,
              31,
              23,
              18,
              21,
              17,
              12,
              13
            ]
          },
          {
            "dow": "MON",
            "hh": "13",
            "mm": "50",
            "congestionCar": [
              19,
              20,
              27,
              28,
              23,
              19,
              22,
              17,
              15,
              11
            ]
          }
        ]
      },
      {
        "startStationCode": "239",
        "startStationName": "홍대입구역",
        "endStationCode": "211-R",
        "endStationName": "성수역",
        "prevStationCode": "236",
        "prevStationName": "영등포구청역",
        "updnLine": 0,
        "directAt": 0,
        "data": [
          {
            "dow": "MON",
            "hh": "13",
            "mm": "00",
            "congestionCar": [
              28,
              34,
              33,
              35,
              28,
              21,
              29,
              20,
              19,
              12
            ]
          },
          {
            "dow": "MON",
            "hh": "13",
            "mm": "10",
            "congestionCar": [
              33,
              36,
              45,
              49,
              34,
              29,
              33,
              24,
              19,
              17
            ]
          },
          {
            "dow": "MON",
            "hh": "13",
            "mm": "20",
            "congestionCar": [
              24,
              31,
              42,
              31,
              33,
              25,
              28,
              21,
              18,
              16
            ]
          },
          {
            "dow": "MON",
            "hh": "13",
            "mm": "30",
            "congestionCar": [
              21,
              31,
              32,
              28,
              26,
              21,
              27,
              20,
              13,
              11
            ]
          },
          {
            "dow": "MON",
            "hh": "13",
            "mm": "40",
            "congestionCar": [
              22,
              23,
              29,
              31,
              23,
              18,
              21,
              17,
              12,
              13
            ]
          },
          {
            "dow": "MON",
            "hh": "13",
            "mm": "50",
            "congestionCar": [
              19,
              20,
              27,
              28,
              23,
              19,
              22,
              17,
              15,
              11
            ]
          }
        ]
      }
    ],
    "statStartDate": "20230924",
    "statEndDate": "20231223"
  }
}