Id,Name,Gender,Age,Birthdate,Address
dc6302cb-9b49-4654-b022-752262d1f3e2,민윤아,female,32,1991-11-01,청주 흥덕구 19길 48
a2819b67-f307-4390-90e5-fb2d93f51703,황유빈,female,63,1960-11-01,대전 중구 77길 88
b371ecb9-5ec6-48f1-85e1-be29642c5b0c,임시현,male,61,1962-08-30,대구 남구 93길 72
441865e5-3611-416e-935a-dab3381b31ff,전하은,female,86,1937-11-01,부천 오정구 36길 47
5ae6a5df-21ff-4af7-b277-020985cea9dd,정서하,female,65,1958-11-01,인천 부평구 97길 31
fd89e1c7-c91d-4934-928e-026323a6e0f4,박지현,female,57,1966-05-04,성남 분당구 28길 93
a501398e-aee6-485f-83df-84dbf4a26401,심지원,male,66,1957-06-03,안양 만안구 98길 13
55fce0f1-d3ef-4a2b-9363-51424aa23af8,손연우,female,24,1998-12-25,용인 수지구 78길 75
797ee09a-a08a-4a99-985e-d8989149b0d3,최서하,female,73,1950-07-11,안산 단원구 20길 76
fab50c86-15fa-4ec4-97d8-d7288f02c88f,장정우,male,88,1935-08-25,안양 동안구 9길 8
d6650ca3-565a-432a-b193-6cbc6c898909,전준서,male,63,1960-04-08,안양 동안구 59길 68
d42bd204-47e2-44ff-8102-c0bac9a33c31,윤시아,female,84,1939-07-25,광주 광산구 72길 90
b70f0bcd-99ed-4dcf-80f2-88cc24e34d60,우하율,male,86,1936-11-23,청주 상당구 11길 60
6b7b2fad-accd-423d-888b-aec509073828,강하연,female,18,2005-06-15,청주 청원구 3길 87
95c88247-e82a-4c32-9de7-9d9bd0f8b81b,채민준,male,96,1927-10-31,고양 일산서구 12길 37
195c0abc-f934-4ce7-a621-75c8f9fe5116,최민채,female,64,1958-12-20,울산 남구 81길 67
0916ee65-92f2-483c-980d-67fd6ca7a11a,우지성,male,48,1975-11-02,부산 부산진구 35길 43
bc91462f-d9f5-4336-883f-6543e95717ca,손다은,female,77,1946-06-15,안산 단원구 48길 75
795b01fa-729e-4a94-bbda-e48cfc592dee,양선호,male,61,1962-07-04,서울 강남구 12길 84
450bd5f6-b46c-428e-b48e-0057a639ea14,이한결,male,65,1958-10-17,수원 권선구 96길 2
54a95564-8e5a-4655-8a3d-bb25eca7e82f,강서율,female,72,1951-08-16,용인 수지구 5길 97
29a4c91d-5e9b-484e-b67b-a948b3a75603,주예나,female,59,1963-11-25,울산 동구 70길 77
2993c7b1-ae3c-4bf5-bad9-7feec993b344,김서진,male,96,1926-12-19,울산 남구 94길 96
9af78628-2baa-4ce1-9609-a7142bf477cf,조지원,female,32,1991-08-11,서울 성북구 2길 1
2f2dac59-a157-4a63-882c-0e4a31c420ab,정이준,male,21,2002-03-09,청주 청원구 90길 74
24b6aaee-7ed3-4266-ba8b-e2cfda763cb4,임은찬,male,28,1995-10-05,부산 강서구 53길 54
04105abc-2e6a-4b55-aacd-aab476fa8eb9,류지원,female,100,1923-01-31,전주 완산구 100길 41
b495ebb8-4605-4627-b411-b44d41fc4773,정지유,female,49,1973-12-21,울산 북구 53길 34
eb8f4106-b59d-4ba7-8b6e-2f3bf9700282,류은채,female,60,1963-03-11,성남 분당구 95길 70
22d51303-280d-4b24-a185-9657f1b233d7,윤제오,male,57,1965-11-25,대전 중구 83길 68
25fa194a-8f4e-4db4-97c5-115878993a05,노민재,male,93,1930-06-23,대전 대덕구 50길 31
a4ccc24c-bfcd-4e1c-a614-821f1778575e,임예빈,female,79,1944-08-26,인천 연수구 64길 1
d0b3fea6-c999-4eef-899c-f90b39b2846e,김하린,female,61,1962-07-12,성남 중원구 57길 72
9df1e457-d1f0-44b8-8c30-5908369a345e,최소민,female,69,1954-08-12,전주 덕진구 26길 43
5e5c8618-e20f-4d9b-9683-e9476c431291,엄세아,female,44,1979-08-10,안양 동안구 95길 38
359bcea5-db9e-48ec-a6a9-ced2af6d8575,이소윤,female,16,2006-11-30,부산 동래구 13길 93
e70aa2f9-9846-4843-8bce-e013d8ee782e,조다인,female,82,1941-04-21,인천 옹진군 80길 23
6104df74-d1e4-43e4-b0d1-d056b722386f,허우주,male,57,1965-11-17,청주 서원구 69길 67
bf448a48-6523-4db9-898c-8a5ac388d3e8,지나현,female,75,1947-12-23,부천 오정구 36길 36
95a87dcb-253f-466c-bbf3-9ce36817da9a,김예원,female,45,1977-11-23,고양 일산서구 30길 34
422bf0b8-0657-4576-8794-fa1510fe5377,최준호,male,81,1941-12-14,광주 광산구 21길 40
5baec19a-321d-43dd-82f9-33205fac05a9,송하율,male,46,1976-11-30,용인 수지구 71길 4
ef5f70b0-2a39-4b36-b17f-fd732beec70e,손이안,male,16,2006-12-01,천안 동남구 50길 43
9c05084e-57e8-4194-912c-aa8b7d288e3b,진서은,female,80,1943-09-09,안양 동안구 26길 10
0f84e456-3146-4e19-8aa6-83ea25fb643a,채유준,male,75,1947-11-16,창원 마포합포구 8길 5
2bc717bf-704e-4b0b-9566-0df917dbf38f,나연서,female,58,1965-01-19,대구 남구 82길 45
d40297ea-8463-4c21-bb12-642deeb8782e,양나은,female,63,1959-12-07,용인 처인구 7길 33
2d2eff8b-b0d6-4385-87b3-e2eaed48904c,윤수현,male,96,1926-12-06,서울 영등포구 52길 18
4345551d-3cd5-4b3e-ab38-6dfd4d5ae448,한서율,female,47,1975-11-14,창원 마포합포구 10길 38
80c18801-a5de-41ec-9baf-973de9911a7b,배지우,female,58,1964-12-14,부천 오정구 12길 91
7c2704ea-d702-40a9-9b9d-4a88af680474,정가은,female,93,1930-09-25,수원 권선구 42길 1
fc4181e2-7336-4b6a-9449-ea8bfc4a71ec,유성민,male,99,1924-11-04,부천 오정구 55길 14
9fe39092-d918-4209-b6f3-33493e554702,전다현,female,26,1996-12-17,고양 덕양구 17길 17
cc0492da-81a2-4694-bd7b-33ca97908da6,황시현,male,98,1924-12-02,전주 덕진구 35길 10
6e18311f-e207-44a2-96f2-669dbc05b420,양하진,male,60,1962-12-11,천안 동남구 54길 26
3b798b8e-ff1a-4b8f-80d3-36242d3deb3e,손정우,male,37,1985-11-17,부산 영도구 35길 83
7eff6191-a0c6-4071-bcc1-2c07dd068cd4,권시아,female,67,1956-07-04,안양 동안구 2길 81
cab9b7a6-95c3-4c44-b8fd-7d326e722a62,권유준,male,53,1970-09-22,서울 성동구 70길 75
d632e0d0-289c-44ff-8112-507f22ab7c0f,한정우,male,62,1961-09-26,서울 은평구 16길 40
39b5855b-3b23-4728-bbd5-fdc8db05bf48,정범준,male,61,1961-12-24,대구 중구 17길 9
b4318185-cfb9-42c4-b502-b286ea752821,구시원,male,83,1939-11-07,안산 상록구 86길 3
d9208161-f572-43b9-a8b7-18f4c7713f56,장지성,male,23,2000-08-25,전주 완산구 45길 55
a2e6ed2a-8d76-43ea-9401-cf8c0a77a643,한현준,male,100,1923-06-29,창원 마포합포구 10길 90
040f8e1b-d4d4-4e38-bc62-7de8663db6c0,정지민,female,94,1928-11-12,전주 완산구 1길 65
5632472c-3a01-4e36-98b3-f52f7c9a9c85,조서하,female,39,1984-11-01,광주 북구 17길 8
2437b375-6756-4ae6-b30a-573492338d34,권다인,female,58,1964-11-20,성남 수정구 23길 52
e1500bdf-c612-420c-be69-7847b43bb10a,손수현,male,51,1972-11-04,서울 성북구 7길 86
3ae38f84-88fd-4de8-bbc7-d27644fbb383,임준우,male,25,1997-12-11,대전 유성구 36길 17
1b1fa6e8-1325-41ff-b3d8-3a2ad52d5802,허연우,male,49,1974-10-18,광주 광산구 43길 40
3f3712c5-322e-4e4e-85e2-d00f5ec08db8,강수빈,female,18,2005-03-29,서울 강북구 63길 5
f5081fd8-cc34-4a36-9843-503331673caf,문수민,female,91,1931-11-24,광주 동구 43길 34
0b68e611-71ba-4550-9323-1ba43ae0cb33,노서은,female,18,2005-09-09,청주 서원구 37길 42
7fe4f53a-f7d1-41b7-8d6c-86d97fe44641,노지환,male,79,1943-12-25,전주 완산구 88길 34
dad0814a-d8b6-49a6-bdea-4dd1e8a6ce49,진준호,male,24,1999-10-19,고양 덕양구 19길 41
aa2bd2eb-4ebb-4069-9832-55d91ec080b8,민성원,male,75,1947-11-13,안양 동안구 62길 56
a35cb94d-27c5-4427-ab30-1de58e0456ba,성연아,female,37,1985-12-04,서울 중구 39길 71
66b21665-85fc-4381-be67-aa44d78c918b,정세은,female,21,2001-12-31,천안 서북구 51길 63
7cf95b37-99a8-4a47-962c-3f3e987e1559,채우주,male,31,1992-11-03,서울 동작구 99길 7
2e17bb37-679d-42d3-9d4a-feb7a2873088,정이서,female,43,1979-11-29,창원 마포합포구 40길 33
4a2d96d0-1e46-4840-89e7-1161802e0f89,임승현,male,36,1987-08-29,울산 중구 62길 39
cb5780f1-0085-49db-bd81-f53a9e01b89a,서이준,male,48,1974-12-11,안산 단원구 43길 82
2240262d-ef66-4028-8838-e6c76e7a0fb5,양수현,male,97,1926-03-12,부산 영도구 42길 73
ae58d5ac-b67c-4e36-9516-7b36a3c873b9,엄현준,male,75,1947-12-01,대전 대덕구 63길 72
1f6c953e-92ec-48a3-94e8-bc8a2bee97d7,조다연,female,57,1966-04-01,대전 유성구 72길 49
9a13c669-56f0-4153-90d4-244dfad1a0e3,강이준,male,56,1966-12-26,용인 수지구 41길 23
65fe8512-801e-4958-9fa2-79609673009c,정다은,female,90,1933-04-04,울산 남구 18길 7
cb5c7069-6669-46b8-ae40-262b03e65b5b,황민주,female,80,1942-11-07,부천 소사구 62길 21
177f3caf-5761-49e3-b1c2-bd37c31aa555,황윤재,male,67,1955-11-22,성남 수정구 95길 4
39387afa-a98b-40d0-a5a3-66c7da7d329e,하연우,female,49,1974-05-01,울산 북구 96길 12
8e23ce8e-ad7c-4689-940a-887f2723a003,노예원,female,16,2007-09-29,고양 덕양구 10길 29
9b23ae9f-ab5e-4a64-bac5-287db5879236,류민성,male,78,1945-08-10,전주 덕진구 20길 71
2c0ef211-679f-4310-ba88-2feee835e136,엄준서,male,95,1928-01-20,청주 서원구 29길 46
f1a0424d-c096-4eb3-b699-a72e00f7aedd,장시은,female,39,1983-11-25,부천 오정구 24길 74
daff0a28-1dae-435b-a13a-b7882f13fd21,손다인,female,42,1981-05-08,안산 단원구 44길 6
e00b0cc9-6562-4c09-afbb-c81e4bd00c52,전동현,male,80,1942-12-25,광주 서구 31길 37
795c4b03-3d17-4f97-b334-b35c3e30edf1,강승우,male,27,1996-02-06,대구 서구 37길 95
567d039c-4095-4f1c-b630-861e5f0379ae,고시아,female,23,2000-04-23,부산 남구 68길 59
06530f4b-54a7-4355-9ec4-5ff819862eb1,지민채,female,92,1930-11-24,안산 단원구 95길 1
6c7821be-39e2-4d08-9832-50c509e18746,권한결,male,81,1941-11-06,인천 남동구 91길 67
cda8acdc-2a62-4663-a94a-c697d8566d10,우승민,male,64,1958-12-12,안양 동안구 47길 11
bc5d4570-e7f3-4bf3-9e15-199e7c4fcfd0,우경훈,male,15,2008-10-15,용인 기흥구 6길 26
a8d3c65b-3987-4129-99af-7374db524c48,곽예진,female,31,1992-11-02,부산 서구 71길 47
6c9b809b-e18b-41bb-a025-7347c7f1fb41,채한결,male,59,1963-11-23,광주 광산구 42길 26
4ace608a-fa76-42d4-ab4d-1ffd88b7fa33,박시연,female,43,1979-11-21,수원 팔달구 61길 2
dea709c9-4c80-4814-96ed-77d146cdd36b,하연서,female,69,1954-04-23,안양 만안구 63길 93
f0c71d5f-fe4b-4f62-9f69-d7ee54018ebb,고시윤,male,93,1930-09-18,창원 의창구 37길 55
64129e10-5ebd-4045-ba00-866107c28f47,홍서아,female,82,1941-03-20,안산 단원구 13길 64
878d744c-2136-4409-94b9-fa4b66370e65,문우빈,male,48,1975-05-10,수원 장안구 22길 24
acbcdb05-2211-4cb4-959c-19b54a61cda6,엄유나,female,92,1930-12-05,성남 수정구 96길 92
d1d185ac-4370-41d9-a28b-2c48282ae32f,서하린,female,47,1975-12-23,용인 수지구 91길 57
fb3f9365-8239-4379-b7ae-b43163f6aef1,허수아,female,37,1985-11-09,인천 남동구 80길 68
5b36fb90-99a9-4b50-9c60-a592b0d68d3d,곽선호,male,31,1992-02-06,부산 부산진구 29길 5
0a1ab070-7261-43a5-9d66-e38ab25afcf2,서지민,male,95,1927-12-14,창원 마산회원구 62길 69
9b2f9c00-06f4-49de-84bb-9f861ab7dfbe,정채은,female,47,1975-12-17,고양 일산동구 96길 77
f0fd6628-0025-4473-8844-dca7c1b9d247,나지환,male,80,1942-12-05,성남 중원구 30길 13
66c84be5-e0ec-4dfb-8ee5-75b9afbb8f4a,한다윤,female,97,1925-11-14,수원 팔달구 14길 19
15555e2d-911d-47fd-992f-2ed2018aa78b,최서율,female,88,1934-11-27,용인 처인구 43길 89
ce46d777-30ba-46ad-b95c-1bd7b5ea4acd,안아인,female,54,1968-11-26,인천 계양구 22길 19
bc9af695-8567-435b-a323-f91a63ce1912,우서연,female,70,1953-09-05,수원 권선구 20길 8
ebee37ca-263a-4c36-9272-453483264b17,정지율,female,15,2007-12-09,대전 동구 23길 92
d6cf39ab-babc-40e9-8eab-44411277e9b4,류유빈,female,68,1954-11-06,안산 상록구 28길 45
bd344b26-e4f5-45f0-a9d7-ad214996c7c6,신정웅,male,55,1967-11-15,인천 미추홀구 79길 59
d4faedd7-1ae6-4cd2-af8d-94462a31abd5,최주하,female,61,1961-11-30,수원 권선구 54길 13
acea8d68-b3c0-4364-a378-112e7f034aef,엄시후,male,75,1947-11-15,고양 일산서구 97길 58
5d5f5de9-8c37-4b8e-907c-9a7cbd7dcf02,성아영,female,33,1990-06-30,용인 처인구 79길 34
b7adcaff-8413-493e-86c4-a568c5cb5199,진승우,male,99,1924-06-01,전주 완산구 68길 50
b4ff7d35-9c15-406d-bb3a-2f9e64410294,배서현,female,47,1976-02-05,수원 팔달구 72길 36
1e6b2bf7-1202-42b6-8143-fb56b9d789a0,임시현,male,53,1969-12-08,창원 마포합포구 17길 24
398c5c55-4297-46b5-854d-02771d742d28,곽서연,female,81,1941-12-24,인천 남동구 9길 66
6fb41ecf-78e8-424e-9750-9e36d860db89,유대인,male,97,1926-08-17,인천 남동구 84길 39
a5aa16fe-4ddb-40a4-a064-1b6f13aabf0e,박예준,male,96,1927-03-26,울산 중구 95길 30
ff442a92-e49c-4eed-9da7-b3cd50cc27ae,박서진,male,52,1971-06-22,광주 남구 82길 94
c660dc7f-8168-4053-b6b4-9d85e5aa4f33,박예린,female,17,2006-01-24,인천 남동구 55길 55
db270863-f8ce-4fd1-babe-4309154e0b97,신유준,male,44,1978-11-17,광주 서구 79길 2
104e6ee6-c5e2-4e86-b8b3-46cca667f605,전민서,female,67,1955-12-14,성남 분당구 72길 65
4878288f-cf9b-4f20-9b78-37db0c5abbdc,주준,male,17,2006-07-17,고양 덕양구 33길 25
f44d502c-5e6c-4f88-b486-191058b7babd,신아현,female,42,1981-07-12,용인 수지구 74길 99
8206d063-33f4-4621-8069-8c038262cebe,송은찬,male,16,2006-11-11,안산 상록구 21길 93
a531b3d5-a3e4-493c-a38a-e47d46bbb53c,우아윤,female,83,1939-12-19,청주 상당구 54길 45
785bb646-4742-48a2-9aa0-cf5fe787b990,고승민,male,24,1999-09-09,용인 처인구 97길 99
05f854ce-4138-4cd9-a766-d598cfa000b4,손지윤,female,83,1940-06-27,천안 서북구 49길 75
082f9a24-ac35-4678-a6f0-8cc342d9fcc1,백지유,female,51,1972-10-12,울산 중구 66길 67
db71abee-a59b-48d9-a408-449dd3fcdf01,문범준,male,96,1926-11-11,청주 흥덕구 20길 50
5a7d0fcc-2d97-4c87-a29e-12f19fce7ba3,황시온,male,60,1963-10-04,대전 대덕구 21길 59
3506ef7e-01c2-4255-b2b4-ca8de91cb50b,권준영,male,56,1966-11-14,천안 서북구 45길 36
15983c6d-90d8-4b3a-8c19-d3e98c66013c,전지호,male,46,1977-05-12,전주 완산구 86길 97
325e3ffe-4f3e-4855-af74-74183622f4da,이주하,female,86,1937-09-23,울산 북구 3길 29
c3bcf0ff-7045-4fed-8564-f96009d13350,최규리,female,77,1946-05-18,부천 오정구 79길 59
e2012f52-2a3d-4128-aa68-37d600969122,지하율,female,50,1973-09-06,대구 중구 15길 5
df489dfb-20cc-465a-971f-e8d5e59f1a45,허가윤,female,73,1949-11-20,안양 동안구 49길 20
07a9579d-1c65-432e-a659-b67c490446f3,하승현,male,31,1992-10-01,대구 달성군 46길 4
f9ae028b-4c18-41bb-99bc-f487029cfff5,최우주,male,55,1968-05-29,창원 성산구 72길 49
dc18208b-8507-4606-905f-e2e33a3fb184,고성현,male,97,1925-12-30,천안 동남구 25길 19
05264248-9c0f-4afb-a639-ba9fb58943d2,황하윤,female,72,1950-11-13,대구 중구 8길 70
eba66ea0-d3b5-4c2e-a60f-e0132f8f711b,남준,male,49,1973-11-28,안양 동안구 29길 72
935afd4c-5dbc-472e-a4cf-35d4219495a1,엄시우,male,14,2008-12-12,전주 완산구 24길 59
53823f82-28df-4d3f-b615-108b0e09d489,손지우,female,96,1927-10-18,전주 완산구 78길 59
e83626f2-20c2-423e-9314-31fa22aeed1e,유홍근,male,73,1950-01-04,전주 덕진구 69길 9
1d08b766-098c-409a-a4c3-dc01983de481,채승준,male,32,1990-12-30,안산 단원구 68길 22
b54b2959-3b9b-4ca9-a51c-1e980bd24eb6,민지율,male,32,1991-11-03,대전 서구 34길 50
35e393e2-3803-47eb-b4bf-4ec4bdc8e1aa,민은서,female,79,1943-11-18,대전 동구 52길 83
e091f02d-b257-440b-838b-5b70ff207957,곽태민,male,97,1926-07-03,청주 서원구 33길 100
73e3004f-d8c8-42f3-a8d8-37e015ef95ec,손은채,female,69,1954-01-06,창원 성산구 72길 81
c411b57a-3f2b-443d-87cb-86cc79ce0225,유하율,female,66,1957-04-04,천안 동남구 34길 53
27a05721-f354-4cf1-b243-f3a2532f5e87,심예나,female,91,1932-04-29,용인 처인구 9길 4
79fee2d7-8d7f-4e40-a2bd-2202f58280ca,주헌영,female,50,1973-05-22,광주 광산구 23길 77
98356819-100f-47a9-a709-6ab39a3b3a49,노서희,female,62,1961-02-27,서울 중구 92길 77
a1d972f8-0f82-4888-87a1-5d02d2931936,민지한,male,75,1947-12-10,광주 북구 62길 66
d8e073c3-d9ec-4b5f-af81-adcbedd9642d,강은서,female,58,1964-12-06,광주 북구 41길 64
a3ff5162-12af-4af3-95b0-07d1711b06a8,유수빈,female,80,1943-08-23,성남 수정구 84길 49
7a3f28ba-5d3e-4aa7-b404-5027db4d0497,구채원,female,69,1953-11-23,안양 동안구 87길 92
ccfa9573-b1d2-457e-ae08-2afc9305ca86,진은호,male,88,1934-12-14,수원 영통구 44길 35
3bb8e24d-34bc-42ab-b53e-473e94c76ef6,차은우,male,70,1953-01-22,용인 수지구 73길 76
0dad13cb-6383-42fb-a7d8-6c4ff5c23116,하가은,female,64,1959-11-04,대구 달성군 62길 15
53389a0c-0ae4-4e65-9be9-5aebf3cce458,문지유,female,69,1954-06-07,울산 북구 92길 41
f8c1d672-88e0-48f2-9d34-be0e781de4b2,조시온,male,43,1980-06-03,청주 흥덕구 22길 42
e5d3983b-cb58-42d9-b9b7-897ac38bdd24,오지원,female,34,1988-11-08,수원 영통구 44길 58
8218ac3f-8190-4258-8cf4-f4f7abd8fece,엄현우,male,91,1932-09-08,안산 상록구 69길 66
782afe95-906b-45a0-b337-8c602414bb5b,허예성,male,34,1989-06-16,전주 완산구 30길 49
082b47d4-a81c-48e9-8843-34adfc06c3fc,조지민,female,18,2004-11-16,부산 서구 39길 42
6f284a1f-a765-432d-999d-104abf1264eb,신진우,male,71,1952-03-06,서울 중랑구 75길 22
618657b8-5133-4440-972b-f87640b5645f,문수아,female,14,2008-11-16,대전 중구 56길 82
0a5c690c-d2d6-4738-81c1-3de815cf30ad,권나현,female,50,1972-11-07,광주 서구 33길 95
addf13b5-9132-45f9-9a48-b054f0995e47,서다연,female,20,2002-11-10,대구 달성군 39길 96
c74528cc-ae81-48cd-bc47-93747841a4c8,박시우,male,66,1956-11-24,대구 남구 17길 55
c96f80ac-4701-488d-9d75-d241c3697331,정우빈,male,95,1928-11-01,전주 완산구 71길 80
954c0189-2e82-4ad2-b4c4-1eac1ab7025c,유유찬,male,90,1933-07-21,천안 서북구 61길 95
6434af2a-b2ac-4dda-a001-ef3f7d0952c8,엄연우,female,56,1966-12-20,창원 의창구 76길 82
05319ff0-b646-4854-8261-a243351210a0,장채린,female,75,1948-06-29,전주 완산구 61길 72
4fda17e1-ac20-407e-83e3-32afd53bc71e,허가윤,female,98,1924-11-20,광주 광산구 49길 15
04126718-d20d-4eac-b6e7-e46ddd0fcadf,한주하,female,65,1957-12-31,대구 동구 54길 4
831f797e-4689-46b2-ae4a-d0a8d81e07dd,서하준,male,20,2003-07-03,창원 마포합포구 60길 85
20887813-bacd-4029-a8ff-e3f768b5f2fb,조혜원,female,82,1941-09-10,청주 서원구 99길 58
ed6bb08c-890d-468b-9cac-5f96b434a902,정연우,male,27,1995-12-03,부산 강서구 83길 100
fb283948-6398-4407-ac20-2cc2b38f32c3,배채원,female,70,1952-12-07,서울 광진구 67길 15
e9405228-3d35-4999-8563-0c2f0f75b43b,정하연,female,66,1956-12-03,용인 기흥구 39길 20
80d5fa8a-1201-4bf3-8cc0-a349a00b5517,배충만,male,99,1923-12-28,대구 수성구 20길 33
7a275626-240b-469e-9118-ae3324e32b42,우시연,female,32,1990-11-14,천안 동남구 16길 25
c283c5a9-f45c-4a4b-b1ae-ddd00ca22c73,남아윤,female,96,1927-06-09,대구 남구 59길 57
bf21bb53-23b0-4b6f-863a-dc0c0a9f6cfe,서승현,male,76,1946-12-06,수원 영통구 31길 6
2ccdd147-e158-49e9-86fe-4c4fa4dde0f5,백소율,female,55,1967-12-11,서울 성동구 10길 42
184f2653-bf3f-4fe8-b863-0eb6f78fb8e8,정하윤,female,77,1946-11-01,부산 중구 25길 5
ae23d13b-d9a2-4e21-9d4c-27324aedd8a1,김시온,male,54,1968-12-21,부천 오정구 39길 80
357d3f3c-c200-4281-9093-d25cb679b14a,오서진,male,36,1987-03-31,서울 관악구 88길 12
36f5896a-125f-42cc-a495-1be3e517c142,전수호,male,93,1930-06-13,인천 연수구 5길 48
d90f5c42-3020-4db3-bf37-847f9fe0718f,심시연,female,56,1967-02-03,용인 수지구 55길 37
e9d41c34-5f38-42c9-bbb9-034aef794f7d,남하율,male,52,1970-12-27,서울 강북구 35길 1
17fadb75-592b-4b75-9707-5ca49bd9ad2d,유민지,female,79,1944-06-18,서울 동대문구 63길 22
dd9e314c-dcad-4552-8418-3eb1a9198f44,장예서,female,66,1956-12-07,안산 상록구 42길 89
90257462-64b1-4dcf-8c0f-e17bdc63d6bd,양시연,female,38,1985-05-18,청주 청원구 8길 41
9487786c-e7c7-45fc-bf4f-59d1defc39ff,노홍근,male,32,1990-11-24,용인 수지구 90길 5
7d830d13-1782-48ee-82b9-37c671dd67ae,임준서,male,70,1952-11-28,부천 원미구 71길 9
d0dfc804-a98f-4c8a-b825-f4e939eede55,홍재현,male,82,1940-12-10,대전 유성구 27길 51
8e958b0b-174e-4ce5-bec8-c8e0fdfa715a,장윤지,female,57,1965-12-06,울산 동구 98길 77
cdf9c035-d0d0-4fae-8213-9ce8425b3308,지서우,female,37,1985-11-14,청주 상당구 34길 25
7dbf535c-6432-499c-ac4c-8f1b06a46788,최민채,female,95,1928-06-17,부산 금정구 4길 29
b24f5c26-bcea-46e4-9cd3-4378cb1582bd,차나은,female,93,1929-11-27,성남 분당구 19길 1
697e68a4-311d-422a-80df-c81931887ebe,하한결,male,87,1936-11-01,부천 소사구 10길 27
2f25c579-21ae-4d96-bf05-927157facef1,홍서은,female,61,1961-11-23,울산 북구 30길 51
342bdf3b-6656-41b6-85dc-93cb8ccd4b1b,임진우,male,76,1946-11-14,안산 상록구 17길 37
0ac60bb0-4686-45a2-8c58-77a10ffe9cd9,류유진,female,87,1935-11-26,천안 서북구 8길 41
86cc47ad-01ee-4e04-ae30-c4a415f65bc5,신한결,male,48,1974-11-06,대전 서구 100길 51
c2d313ce-fbc5-4cc6-91fe-01599e45ca7d,조하영,female,78,1944-11-27,대전 동구 63길 66
c24c7262-ee75-4896-9b7c-279dcc819e2e,채은찬,male,96,1927-07-08,전주 완산구 82길 59
fddf5697-61b2-4a09-96be-82aa330fe205,노지호,male,54,1968-12-20,안양 동안구 74길 85
39468717-44a0-47a1-94e4-e01bebe345bd,곽제오,male,63,1959-12-23,안산 상록구 19길 6
48f743c0-7008-4e1b-9a09-94671b44af24,곽규리,female,50,1972-11-18,울산 동구 30길 34
86ecf837-d6d1-4010-bad2-d4f9962b03dd,손시원,male,78,1945-11-02,안양 만안구 84길 82
58c4ef34-cb22-4db3-affe-66b1b1f4ed8d,송대인,male,60,1963-11-02,고양 덕양구 6길 89
cf166b9b-765c-4157-ad8d-32c9d0ef7b1e,오제오,male,89,1934-05-14,성남 중원구 65길 86
85db3f6e-2038-4f3a-b2b4-cd49ea4c38a9,우연우,male,88,1934-12-12,인천 중구 31길 51
113c78f6-8e6a-4950-847f-88c51e11460e,성민서,female,33,1990-02-14,전주 덕진구 97길 6
78dc9da5-041b-42ab-9a1b-110f456c9a37,백예서,female,52,1971-07-13,고양 일산동구 34길 98
8d6018a0-8465-4eb3-a70e-34c5d66b1d3a,이예원,female,99,1923-11-15,전주 완산구 60길 58
9ceedcf1-6b5e-4a70-9ae8-1b663cdd6e75,문가은,female,52,1970-11-14,창원 마포합포구 7길 84
390f1324-f3b0-4cda-ae95-fe91a2c7b58b,배시윤,female,23,2000-06-28,부천 소사구 60길 49
3cfd37f7-ecae-485d-885d-482bfd3fb18e,우지안,female,98,1924-12-12,대전 동구 50길 4
860f1378-5982-4558-920e-f080ecff16d9,강승우,male,58,1964-12-10,전주 덕진구 71길 50
da831e2d-887c-4129-b344-69d80ad34058,김민성,male,34,1989-06-15,울산 남구 74길 27
bfa95fd6-ce81-4dda-a8f2-4fe2248d548e,장서현,female,91,1931-11-22,대구 남구 65길 89
a5520295-85c8-49f3-81a2-4069be446157,손우진,male,77,1945-12-23,대구 동구 80길 17
d9d220be-1cf8-493c-a5fd-9cc452ebed23,백민우,male,36,1987-02-19,부천 원미구 84길 38
613dc382-0db3-49f7-a3da-4681c7cb2f70,구강현,male,18,2004-12-23,창원 진해구 82길 41
f24c7b8b-4c4a-4ef0-82db-bacb387256d2,문시아,female,52,1970-12-30,용인 처인구 41길 15
2cf7debb-ac91-48bf-91cd-23dc7a8b2274,최재민,male,68,1954-11-19,광주 북구 49길 44
93196223-194c-4df4-8afb-27f82fc0e891,우주원,male,14,2008-12-09,인천 남동구 69길 94
d933a2f0-b25a-4cea-9198-399b54048f6b,한민아,female,32,1990-11-24,서울 강남구 13길 24
f0bc8370-cc6a-46fa-9e92-a13de01b531f,전건우,male,58,1965-10-09,안양 동안구 1길 31
7b3339ed-a4f6-4b24-9c28-cad5a7165791,노예원,female,20,2002-11-14,천안 동남구 48길 92
da2c655a-838d-46cf-bf40-81db76555375,백은호,male,56,1966-11-19,부천 소사구 34길 46
fb1837c7-6417-4d04-b888-e0b1d0c8aa31,백민아,female,31,1992-06-05,부산 북구 43길 52
56ad19d2-8810-412e-87be-2d553c3d1646,이아윤,female,62,1961-02-08,성남 수정구 3길 50
f8aa9f2c-6627-4541-a97e-839cd8e9c5f1,전강현,male,31,1992-08-13,수원 장안구 18길 56
d6d3ce0d-bd0b-4448-a5d6-b5832fbd21ae,조지성,male,21,2002-11-03,용인 기흥구 32길 55
4469cef3-83e6-475e-8789-7c54315e1b94,성지수,female,91,1932-11-02,용인 기흥구 16길 98
5e727286-b26f-4b70-8a37-edefd5ad0dce,전지원,female,52,1970-11-14,성남 중원구 90길 30
832a9738-87d0-4176-90cd-a56c6acf4071,구하연,female,49,1973-11-25,용인 기흥구 15길 47
e7cc4b35-1b21-44de-9f62-e1a1c89dca3a,우수연,female,47,1976-08-23,성남 분당구 99길 15
602788c3-ca27-4cd3-85bb-a17c95dcd8e5,최세훈,male,80,1943-03-23,창원 마포합포구 21길 94
df2f509c-21b6-476a-b014-f1f5f53d91fb,엄도현,male,72,1951-09-03,안양 동안구 100길 90
4f29847c-9230-4193-89fd-cce9fd0f391e,정아현,female,22,2000-12-21,인천 남동구 9길 93
48c80c91-1e15-41e7-93dc-e3a999e2d617,채연아,female,23,2000-10-21,전주 덕진구 9길 25
1126458a-b86f-4958-99a3-a1cb48c57039,서홍근,male,15,2008-09-09,창원 마포합포구 51길 56
2c0054e3-1253-452d-ad6e-e88e75c88e11,심수빈,female,78,1944-11-29,인천 연수구 70길 9
bc874b30-b77b-4a58-8b7e-1c766070a4e2,허연우,female,88,1935-02-02,수원 영통구 85길 68
0839bd8d-7953-4a54-9eb9-088544fa9fca,임지성,male,69,1954-08-11,안양 동안구 55길 37
8ff62107-e2bc-4f48-8d51-7e6fedfb7699,성정은,female,17,2005-11-10,울산 남구 35길 25
fc9fab9c-ed38-4041-997a-2e47c5ecf712,박아영,female,29,1994-05-22,안양 동안구 3길 10
d1514afe-152b-48fd-9d8d-5325ece39c08,엄민준,male,94,1928-11-22,서울 강동구 13길 2
de0789e3-4920-4235-8a85-dbb4316618fb,배수아,female,72,1950-11-12,안산 단원구 63길 54
4a5e5b74-755a-43f4-aaf6-dc5d3930bea2,엄우빈,male,86,1937-07-16,인천 중구 73길 24
1a697dce-9775-4c4d-8dc7-902d4efedb85,민서우,female,91,1932-03-10,부산 남구 24길 96
bbcec75d-069d-4ea9-9809-a858dd039aa1,나재현,male,78,1945-11-05,고양 일산서구 26길 28
4206e2c0-5f21-4daa-a6c5-52345748ad3b,권한결,male,100,1922-11-19,안산 상록구 60길 33
059b00f2-405b-40f8-aee8-fe69ca413478,엄경훈,male,16,2006-12-05,청주 청원구 72길 32
65af75bb-90e1-4680-abaa-f3ccf7f91553,노태현,male,24,1998-11-06,인천 강화군 25길 43
74557b09-b8a1-402f-8979-618418c246a5,조지호,male,29,1994-10-10,용인 기흥구 75길 3
96c0dff8-a77c-404a-ae64-9f1b58f47926,고유찬,male,53,1969-12-17,용인 기흥구 29길 50
7b0f19b4-b676-4402-b647-75e96c15a4df,조재현,male,42,1980-11-19,부산 금정구 29길 36
cca2388a-26bf-4c0a-a25e-9af591323b1e,임준영,male,83,1939-11-24,용인 처인구 14길 49
b907b669-86f1-4ccb-be6b-493b0d219159,조지안,female,15,2008-04-25,대구 동구 80길 74
233946d7-d0ba-4f7a-83a7-ce1edf2c4d0f,강하진,male,81,1941-12-23,대구 달서구 85길 25
29c201cd-fe72-419b-a865-60dbcd245612,조은호,male,76,1947-08-25,고양 일산동구 69길 20
2710b3a5-518e-4e43-be5f-d701a38a6735,강승우,male,28,1995-04-28,서울 영등포구 64길 92
03d0d526-966c-4e2d-847d-34ea4294f934,고하은,female,27,1996-08-03,용인 처인구 59길 51
61b452e7-6db9-4c6e-b0e6-e796464b3e57,류예나,female,86,1937-06-24,서울 강북구 32길 3
2217beda-e88f-4188-9129-c34e00701a0e,최규리,female,26,1997-09-25,광주 동구 89길 77
340e85af-f92c-4ea1-9f19-7d57d0473d1a,권지민,female,92,1930-12-29,수원 영통구 38길 36
9acbe47e-d0a3-4da1-aaae-bcfbabfffd2d,한현준,male,63,1959-11-23,성남 분당구 14길 80
b9429e0a-6050-4148-8c2f-91b547031940,정시은,female,55,1968-11-05,창원 마산회원구 83길 84
d9d040de-3cf2-4fa3-8816-387f0a4174f0,백재윤,male,22,2000-11-14,창원 진해구 61길 37
c4f1aa64-7db6-482a-bd39-130583c3da8e,차준식,male,46,1976-11-23,천안 서북구 63길 12
a674b8fc-8ef0-4d17-bdb3-750c9e330983,허아윤,female,39,1984-01-19,부천 오정구 29길 15
71600cf3-2517-4b6c-aa6f-f930567f6415,서경훈,male,15,2007-11-17,인천 부평구 22길 40
d839e0be-acf4-40b0-b0da-00e533805783,곽예빈,female,55,1968-06-12,서울 금천구 57길 69
5f08861f-450e-4da1-baad-642b8f271882,이주원,male,74,1949-07-28,청주 상당구 51길 80
2169628f-b7a2-42bb-b2c2-a7111b167561,우지연,female,79,1943-11-10,서울 강남구 50길 78
59de8cd0-c172-4157-b3de-3908d073eafc,조태민,male,37,1985-11-07,안산 단원구 36길 83
368737d8-ad0f-450b-9de0-d02606aa81aa,황시아,female,39,1984-11-03,청주 흥덕구 25길 78
9ef15c3b-47ee-4f61-b4f7-dae0d0d49c51,민서영,female,47,1975-12-18,울산 남구 67길 16
09f3b5c3-5915-41c5-8245-03d23dadf0ec,진태윤,male,51,1972-07-05,서울 노원구 14길 52
303cc4af-a542-4455-832b-0c1f85f5933c,오나윤,female,67,1956-09-03,울산 북구 18길 52
6d5b2cfc-246c-4696-9037-f79b4e2ac0ac,노가은,female,68,1954-12-21,용인 처인구 13길 10
026b9455-c082-443a-8bdd-de00e2a26436,손현서,female,82,1940-12-11,대전 대덕구 30길 45
10f95af8-8702-4e70-8e58-10d5fec315d8,최지우,male,26,1996-12-12,고양 덕양구 32길 60
42d1ceb3-6080-4bde-9199-d42544b0f4ab,우시후,male,71,1951-11-14,창원 마포합포구 32길 82
2195ac8d-d404-474e-ac94-4d7f40ae08d5,전수호,male,52,1970-11-28,안양 만안구 27길 67
4777530d-406e-4052-99e0-1460588188cd,조수연,female,66,1956-12-01,서울 영등포구 80길 65
3bf07ad3-bc3d-4893-afce-56e6f487b797,류성민,male,86,1936-11-14,용인 수지구 82길 82
0b6f4a02-e913-4b3d-abe5-549d36163831,심민재,male,91,1932-10-09,서울 중랑구 95길 79
4013f16b-6d1e-4a3b-8b5c-ca910b9942d5,문소율,female,18,2004-11-10,용인 수지구 64길 45
42ec4a5d-1150-46bc-a391-cb26f8542222,장하연,female,95,1927-12-02,전주 덕진구 37길 71
6fabed69-4c33-49c2-859d-88650e76c51d,지하율,female,99,1923-11-11,수원 장안구 18길 31
1c2f9fb8-b5d1-4e34-a1e1-942581385d64,진지윤,female,77,1946-02-01,인천 남동구 6길 52
14c81950-8bb9-4aa8-937c-7708263bd4fe,홍승준,male,58,1965-01-10,울산 울주군 61길 94
32e3a8d8-78d2-4936-b9df-bc11553c569d,엄주하,female,47,1975-11-22,전주 덕진구 2길 70
994446f6-27e9-42c8-81d3-333ac3898add,하유준,male,43,1980-07-31,부천 소사구 37길 29
69ab1ba6-baa7-48fd-b3e5-293c2b0dc505,강재윤,male,36,1987-02-08,안산 단원구 47길 55
53576e73-1ef0-493e-924b-3988d173024f,전지유,female,86,1936-12-17,창원 마산회원구 99길 24
b4bdf979-1a87-4cc3-87b3-38c35946f4ed,권윤우,male,25,1997-12-22,서울 도봉구 34길 42
7352f88d-c95a-444e-9933-b07bf02f88a8,민서현,female,78,1945-03-14,광주 광산구 57길 66
b66aba76-8c3b-4004-ae91-b3467d05ea4f,오민서,female,70,1952-12-02,전주 덕진구 85길 10
e460d772-8ccc-4915-bfc9-01d2b9d385f8,성지현,female,76,1946-11-27,인천 미추홀구 23길 12
f388789f-3c87-4729-a72d-e72b18d70b5c,최서우,male,15,2008-06-15,대구 북구 42길 27
7120007d-59ff-4d51-9e02-4039eacffa07,차준서,male,37,1986-11-05,전주 완산구 96길 17
6b78b3ce-f9d2-42b1-9d90-84fd47a33282,엄정웅,male,41,1982-02-09,서울 용산구 86길 58
42fe9ee3-56e8-40bf-94ac-bfa312995c44,강예원,female,97,1925-12-30,대전 중구 24길 51
fd4ce76d-f4be-45f2-bd9a-119295893e90,차소율,female,65,1958-04-21,수원 팔달구 84길 26
670f3218-7f19-4949-9835-88ef0befb46a,남지호,male,95,1928-10-07,천안 동남구 87길 11
a5054cc6-a153-4b6b-9a25-402c531d88cf,전재원,male,36,1986-11-08,용인 기흥구 60길 14
1423cf14-a326-48bc-8a2e-8e3764c792fd,손승현,male,68,1955-03-02,성남 분당구 2길 91
cf51eace-0050-46e8-bf69-596676ef9c66,조시윤,male,51,1972-03-08,인천 옹진군 71길 85
4c0439cf-2b20-46d8-8b66-f69238b581e4,전시후,male,93,1929-12-23,울산 중구 22길 27
89c9d6cc-ac88-4148-9f20-d4df3b3b08f3,백지원,female,16,2006-12-20,창원 성산구 7길 16
51db00b9-2be0-4846-ae16-54dcaf82b4f2,류수호,male,75,1948-06-18,안산 단원구 73길 54
811b16c0-82af-495c-8f57-a4fe94a2be06,송민채,female,56,1966-11-17,청주 흥덕구 48길 100
034bca0d-1a8b-48e6-bd44-a56efbf0d1e5,신건우,male,17,2005-12-31,인천 계양구 8길 82
2c988739-3b86-4798-829c-1210c2fbd549,정민지,female,16,2006-11-18,대구 달성군 96길 4
25b9bd83-a95e-4e30-a458-7cbd28887073,윤시현,male,99,1924-07-27,서울 은평구 57길 82
ae5b5bbc-1e5a-4b92-8ab5-8b18c96c181d,곽서현,female,59,1964-09-10,울산 중구 41길 71
3a1d80e3-ace2-455b-a797-4ee089abb45c,정현웅,male,76,1947-08-26,서울 강서구 63길 29
48aa8846-2c23-4150-a749-9d630077e1a0,고시온,male,99,1924-03-19,안산 단원구 57길 59
90b346dd-b685-443d-bb8a-2d905e2ecf7d,엄준우,male,95,1927-12-18,고양 일산서구 29길 40
fd6130ee-9a6d-4b4d-80a8-e4ae53a50ee5,홍가윤,female,51,1971-11-22,서울 종로구 65길 16
95d784f6-91b1-4ecd-a8b8-d01c60a17a7f,전하준,male,48,1974-11-11,안산 단원구 27길 60
170fb026-71b8-45ca-b40f-7c8ff1fd08f3,하예진,female,86,1936-12-13,광주 광산구 38길 89
45ba534a-6d29-4930-9b92-e6877b8b946a,나홍근,male,77,1946-04-09,울산 남구 2길 43
266ea5e5-c79a-46ef-ae06-0de515245392,윤승민,male,75,1948-04-02,창원 진해구 33길 36
8eff7065-be51-43b7-99ba-13d1237cc6a7,최지호,male,87,1936-08-17,수원 팔달구 84길 32
7703afaf-97e8-41d1-bbfc-cefab29c7623,주다연,female,25,1997-11-30,인천 연수구 87길 90
bb18cd86-43d4-4455-bbc5-594f815ba5f3,엄윤우,male,50,1973-08-15,전주 덕진구 80길 97
06791c1e-2d07-4ce9-8765-8f24ef7aac09,류세은,female,20,2003-01-29,안양 만안구 92길 83
a4ca8925-fd89-447c-85f7-28c8fc8f492c,유태윤,male,54,1968-11-14,성남 분당구 29길 26
066b272c-df38-411e-8255-86731fbfae8f,신지후,male,72,1950-12-05,청주 서원구 88길 62
81c9fc63-199e-4e6a-bd70-23276395e90c,홍서율,female,14,2009-07-21,부천 원미구 54길 78
aad5e97b-7259-43e8-8931-185071b19b49,임다연,female,83,1939-11-30,울산 동구 77길 10
47d41eb8-e2e1-45ae-a004-ffec6110a168,엄민규,male,44,1979-03-13,서울 마포구 77길 96
1509ebd6-472a-40a6-81b9-4b72586ac612,성헌영,female,26,1997-01-22,청주 서원구 88길 30
16a25e36-1143-4926-8112-89b877c21343,하나은,female,35,1988-01-02,부천 오정구 64길 30
d1266c77-1470-4a07-8eac-f73d525cff87,나시현,male,56,1966-11-29,청주 흥덕구 69길 10
5c559d85-8bfa-4210-8691-f58b09fefee4,고유나,female,31,1992-04-14,대전 대덕구 88길 10
d067d3c6-efa2-44ab-a3dc-2601f94bd016,조연아,female,42,1980-12-22,대전 서구 81길 37
a47c5b1c-b36a-4e0c-9924-ca472fbeea62,안서현,female,45,1978-05-16,전주 덕진구 74길 28
93f97382-ea31-4753-913d-77e9916f2920,유민지,female,98,1924-12-01,안산 단원구 96길 77
e3024fac-f50c-4500-999d-48d2e32a65cf,주가윤,female,43,1979-11-24,울산 북구 31길 28
11926e79-6155-4ec7-ae56-281bb36b44c2,안율,male,97,1925-11-29,인천 연수구 10길 17
6c470684-c25d-40d4-9c2e-f59a9474df87,류준영,male,94,1928-11-16,안산 상록구 27길 4
932c38b0-0323-4afe-b618-5116649b4753,황시현,male,73,1949-11-09,안양 만안구 61길 12
5f0d389c-77c8-4d7a-99d7-6314e946f55a,전예원,female,56,1966-11-20,대구 수성구 65길 96
3a9abaad-2c5a-4c6b-bad1-c744e2567909,박채원,female,31,1992-01-04,울산 북구 70길 29
8681626a-72de-4286-9ba6-e29aefe786cc,나승현,male,41,1981-11-23,전주 덕진구 36길 83
b95b0475-1df6-4e95-a6bc-88a5b21bf2c6,이서희,female,66,1956-12-08,고양 덕양구 6길 95
6128e2b1-c805-42a4-820a-4deb4143f8c3,정시우,male,90,1933-06-08,천안 서북구 73길 99
32157a3a-524a-4511-aadc-d0fbe916257f,박윤우,male,100,1922-11-25,인천 미추홀구 85길 91
a53dc3db-ffcc-49bb-93f3-d19c8373c818,한은찬,male,17,2006-08-08,안양 만안구 13길 18
fb2ffab8-7319-452c-b05b-c7d2762917cc,진세아,female,29,1993-12-07,천안 동남구 7길 90
fd40f617-f659-4c2a-907d-6ec1ee6d17f0,유승준,male,42,1981-06-04,울산 남구 57길 27
aee58fb0-5596-4070-a75b-3480470da9f0,전다인,female,74,1948-11-26,용인 처인구 85길 18
5ce3fda9-d4d9-4e9a-880b-7078b9410c2a,민예서,female,32,1990-11-08,서울 강동구 34길 95
9c099032-dd91-47a3-9ee5-b017334875d6,우윤서,female,84,1939-08-07,창원 의창구 4길 6
7655c09a-518f-4455-aca2-da8764b4422c,주지성,male,83,1940-06-20,대구 북구 31길 31
b906fa94-873f-42a6-8dc6-a15eafd49722,유태민,male,30,1993-05-12,고양 일산서구 88길 27
4bf2b65c-f63e-4a24-a0e4-f521a1ff64d9,전지수,female,54,1968-11-13,수원 장안구 11길 30
40fa5d8d-0fe3-4fbf-80ed-5c42c2b9bc82,유지현,female,51,1972-01-27,서울 성동구 81길 50
b9056455-1fbe-48af-b17a-cf0061551ab1,임강현,male,73,1949-12-09,청주 청원구 20길 50
8d004380-955d-4438-baeb-0f5f3bccfe45,한유진,female,99,1923-11-15,대구 수성구 87길 6
dec03408-3a6c-42fb-938f-ea540a2dcbfd,고지안,male,86,1936-12-18,서울 양천구 36길 39
8143e8a9-eca7-45d9-ba84-831cfa11f262,채승우,male,58,1965-07-24,창원 진해구 97길 2
c76df106-a5e2-4c8d-8e44-a96fe95e3ce6,차정우,male,38,1985-08-01,청주 서원구 40길 12
ee920e6f-fbf1-43cd-ba4f-65ab8d03c732,한이안,male,30,1992-12-05,대전 중구 51길 81
e4d3860e-2392-4286-95c6-e99a58c36067,구시현,male,51,1971-12-05,고양 일산서구 94길 23
812b0df6-733d-4f59-8f10-1c47a36d4659,백현준,male,59,1964-02-14,청주 흥덕구 73길 47
73585343-fbce-4f9e-b5fa-ee98ab68dc36,장수아,female,37,1986-09-08,안산 단원구 25길 82
e729849c-6aef-414a-8bd7-843a8b0dff07,지지민,male,68,1954-12-31,안산 상록구 1길 99
448620b1-9b30-4fca-a583-b8e1b8c4435f,고지우,female,95,1928-10-31,서울 광진구 51길 68
5985464b-6ce7-4725-8167-0abc7b42f9ea,김채윤,female,29,1994-11-01,부산 서구 97길 46
23678744-df24-463c-9ad7-de6798c6f1e5,조도윤,male,28,1995-10-25,서울 강서구 18길 10
80d4f060-b91a-4c22-8a03-cdc82bf861c3,권지우,female,80,1943-07-03,용인 기흥구 89길 97
a6fe92ff-1a53-441d-9d1d-bb9de4f1448a,진우진,male,91,1932-06-16,광주 광산구 100길 28
a8a6a66d-fd87-4598-ab91-453538607652,장연아,female,35,1987-11-23,수원 권선구 88길 58
fc8fe747-fb91-4b5b-8576-a04b54898faa,지은서,female,85,1938-02-26,고양 일산서구 32길 5
a8707b5a-6c0b-4edb-a3e8-c7686458e96a,조유진,female,83,1939-11-25,고양 일산동구 99길 19
583cc12a-a7b4-4ade-9eb0-d9c4453c0fdf,권서하,female,33,1990-10-27,용인 기흥구 61길 53
8b17c4be-e42c-4630-9aab-66006f91b906,곽서현,female,94,1929-02-15,광주 동구 53길 92
dd945723-1f21-4e7a-a750-d00f371573f4,노유찬,male,86,1936-12-15,청주 청원구 45길 33
30936fe4-6e35-428f-b6b7-75bb94c5abd4,정연우,male,44,1979-11-03,수원 팔달구 35길 73
93a140f7-d203-4d1c-8b82-f07ac30d9f77,한주아,female,86,1936-11-19,안산 단원구 8길 92
6770b291-2e79-43f6-b605-653b1dbde06b,홍홍근,male,61,1962-08-11,부천 오정구 52길 80
914e688e-9617-4b6b-9488-b6c33579591c,양성원,male,71,1951-11-27,부산 중구 22길 55
22bb3cba-e85d-467e-8692-730899e13a7a,윤현우,male,36,1986-12-11,청주 서원구 82길 66
58e5fb48-6fad-4204-8b53-cc17b4b88ac8,유다인,female,99,1924-03-30,부천 소사구 82길 36
d41e8229-6ead-441c-84ed-b4496a7e5a6e,조서현,female,24,1999-09-30,창원 마산회원구 94길 62
5683470b-c371-4cf4-b465-7b51157f55c4,손유주,female,84,1939-09-12,성남 중원구 34길 77
28ca9895-6229-4e67-8010-08bf8924d6c4,문하준,male,47,1975-11-24,울산 북구 67길 46
57148ef1-e62d-4e59-8f0e-2a8a9a7f77fa,곽태현,male,36,1987-09-02,용인 기흥구 87길 6
d172ccd2-ceac-423e-beea-36e1829999e9,신채윤,female,22,2001-08-20,대구 북구 87길 22
a415845c-a586-4f80-a4ea-ef423ca1853b,유다현,female,59,1963-12-03,수원 장안구 91길 20
6e01fa00-c362-44bf-832b-74951c22e70a,임아린,female,58,1964-11-15,광주 서구 30길 56
9cb4c0c5-02e8-4c28-b7ec-e62cf446c1b2,주은찬,male,77,1945-11-25,광주 북구 94길 13
d7344942-7325-4aa6-bfe2-5c1fc3328679,유예진,female,77,1945-11-18,부산 동구 44길 40
da66bd53-1135-4797-aecc-1846bca750d3,주시온,male,69,1953-12-04,인천 옹진군 74길 65
9fc650ee-c069-4098-8bf7-132b18448944,최지연,female,84,1939-08-12,용인 처인구 8길 41
9ae1aa86-391d-46ad-9b6f-4c71392f6d5a,최소민,female,44,1979-07-15,청주 흥덕구 41길 80
5badcc87-019d-4967-ba6f-475492d395b0,한승우,male,29,1994-08-14,고양 덕양구 80길 82
9eec0d3f-1624-4b7f-8303-85cf6bfdaca4,정지원,male,18,2005-02-10,성남 수정구 9길 24
7449ea1d-db47-4204-aa14-19573da8e113,하대인,male,92,1931-03-22,인천 중구 30길 82
e56b8b86-b378-43b1-9a18-e7714427836f,노도연,female,21,2002-04-26,용인 처인구 39길 55
516e5c01-2bfa-49f9-af61-122d34e7aff3,전아윤,female,25,1998-06-24,부천 오정구 93길 68
a3e9f460-52b1-428b-b02e-aa632bd693dd,지우진,male,62,1961-08-19,부산 서구 92길 73
b214a4f2-fc3f-4c20-ae72-65ca636e3068,권서준,male,14,2008-11-29,인천 연수구 69길 86
b6860f26-28e8-401e-9e4d-a49f4394cc80,윤민서,female,88,1934-11-28,용인 기흥구 83길 46
3e5c9a3b-8fff-4136-80e3-fa4f08a61095,김은찬,male,52,1970-11-07,인천 계양구 73길 4
c0bf5e46-9dd4-4cfe-8ef7-9418f60e0507,윤유빈,female,91,1931-11-14,울산 울주군 5길 28
6500f7ec-c823-45fa-a9ca-f4ecd2887a59,곽민준,male,16,2006-12-02,천안 서북구 73길 93
3dc88044-cd4d-40b9-a2e7-e1a4ffc6fda9,허서희,female,32,1990-12-17,대전 유성구 92길 12
1f44ce9e-582f-43bd-9912-8750ef1ab8a7,양세은,female,57,1966-07-04,용인 수지구 48길 91
0c0bbee6-7f41-4395-be9f-41047ac36a07,민현우,male,18,2005-08-09,전주 덕진구 65길 76
102784e1-4c55-4a48-be67-ceb19e646184,류시윤,female,38,1984-11-22,대구 달서구 41길 25
2774d75f-12d2-441a-8ea9-4ea947e5b3e5,유제오,male,76,1947-03-23,수원 장안구 60길 9
6742cfe2-2c56-44c9-ab11-23863c2d3d4f,고하율,female,14,2009-11-04,수원 권선구 80길 21
4a94bd89-978b-42ec-bf21-11b3475c8d9f,이유빈,female,93,1929-12-06,인천 연수구 20길 60
7ebf375c-c5bc-4606-b917-87e4137f7a23,곽나현,female,57,1965-12-04,성남 수정구 47길 18
f5661ebf-7fad-4a4d-9e4d-17902afc0afe,한예성,male,87,1936-04-13,창원 진해구 53길 54
69390ea9-5ff8-40d5-9273-d12f15161d3a,황유찬,male,43,1980-04-30,안양 동안구 52길 66
90500bea-d643-447c-ac23-bea8d21b8588,남민지,female,65,1958-07-03,안산 상록구 64길 38
8ebbc044-f6d4-45d3-ab9f-3cc6d50a8139,이서현,female,72,1951-01-07,인천 연수구 28길 5
b75499d1-a768-4d3a-a0a5-c58a7a3c3b47,양예빈,female,44,1978-12-11,성남 중원구 18길 13
c00f0181-7a0a-4223-9425-da976951427f,신우주,male,37,1986-08-20,수원 장안구 31길 40
50dba0b5-7875-4973-a1d7-df8d1328355e,양선호,male,98,1924-12-31,부천 소사구 100길 54
19f80051-83bc-4bb8-b405-7ca484c44dab,민지수,female,55,1967-12-13,광주 서구 99길 54
a5932c38-d11c-4552-be79-db5768875cb5,남예은,female,32,1991-02-17,안양 동안구 94길 39
00cad94b-e9d5-4c6d-b735-cbfaafc82cb4,나준서,male,23,1999-12-21,수원 팔달구 58길 91
32f2f8c0-8a45-4e4a-85dc-f9127a93d44d,박율,male,46,1976-12-08,광주 동구 28길 80
9b2bd8f0-55df-4509-b6ff-a9a9a324d094,하현서,male,92,1931-11-01,대전 유성구 31길 59
5e84dda9-bc5e-43c9-80de-141664e99362,성태윤,male,16,2006-12-08,광주 광산구 51길 78
14bf9c55-db72-470c-a628-12ede036bc8f,엄윤우,male,41,1981-11-29,용인 처인구 96길 34
45e42863-432b-4fb7-a79f-537c6922339b,황유주,female,79,1943-12-14,수원 장안구 92길 42
2ff0cbc9-3a50-43f4-ad56-24359dd3adc7,나은호,male,53,1970-03-07,울산 북구 46길 71
a4a3f5b8-dc25-4eec-bf12-e25cce5b9768,양유진,female,64,1958-11-28,고양 일산서구 30길 48
bb05a821-5ef6-4af3-bc6a-e1febe9e73c5,문민채,female,87,1935-11-10,서울 마포구 43길 53
ed20aadb-a778-4803-bdfb-55c45e5054a1,진성현,male,74,1949-05-03,인천 연수구 91길 1
673cb1ff-4b7b-4e80-b490-db7696053001,문지안,female,15,2007-11-15,창원 진해구 53길 92
38ab6ada-88bc-4be8-bdf9-66a49a0b6cf3,조다온,female,48,1975-10-26,전주 덕진구 34길 26
6ee2bcf5-c991-444d-b0d9-74049b2d35e7,전지연,female,32,1991-06-26,천안 서북구 66길 100
0b6074f3-e4cf-40e4-bf27-c46e27b7e101,임정은,female,44,1978-11-16,대구 동구 21길 28
a8a13a44-c3d0-4917-90e1-78e9c9088874,조승우,male,19,2003-12-22,대전 대덕구 25길 78
8837b53d-206b-4143-affc-ebe47ec1de41,조준우,male,48,1974-12-07,인천 계양구 77길 20
2dbf1857-c6fa-40d8-baf3-d905e2126455,이예은,female,95,1927-11-12,인천 중구 4길 38
44025050-e43f-4c81-b134-7b024520d437,임지민,female,52,1970-11-17,창원 마포합포구 76길 1
5f8b5946-734f-4d71-83fc-1f683c212f70,서지유,female,38,1985-01-22,서울 동대문구 13길 62
10339532-2021-4c92-af31-176894bfc9bb,채예진,female,71,1951-12-25,안양 만안구 100길 28
198e9aef-2edf-4caf-a953-c4e3a50310a4,이예서,female,78,1944-11-10,청주 서원구 19길 68
c96ecaee-452b-46c5-a4d4-43345610c9df,조하진,male,23,1999-11-11,인천 동구 99길 70
2b1fe199-59a7-4ce5-bcd1-df2df581eaa4,진채윤,female,64,1958-12-29,안양 만안구 16길 17
f9108d92-c5bf-4b6d-90e8-6b5e49ab1261,전민성,male,90,1933-01-24,고양 덕양구 70길 66
7b4ddc24-5b8f-4b45-a3ca-5cd2a71ad8ff,전현웅,male,71,1952-03-19,용인 처인구 85길 13
1b209b0b-06b7-43fc-98e2-13959adc3ee3,전경훈,male,66,1957-04-10,대전 중구 62길 66
7fac44ca-cebf-4276-ba60-10ddcb61f0b6,김승준,male,50,1973-05-10,창원 마포합포구 27길 97
df64e0ef-2ded-4405-878b-81feee90a542,양연아,female,28,1994-12-30,용인 기흥구 15길 68
b00e0c07-3c4f-4c58-8f8b-21359ed63eb5,조서우,female,23,2000-02-10,안산 단원구 25길 88
206fe0aa-9ee5-4183-a706-b094cf4b2528,차시아,female,88,1934-12-27,천안 서북구 14길 69
a09c5112-5b3e-47a4-8c6a-e80d6f5aad4d,신지민,female,61,1961-12-24,용인 처인구 89길 50
a1060441-c27b-41c3-bf13-c8f47551ae35,한세은,female,91,1931-12-27,부천 오정구 9길 10
16f8e318-372d-43b2-a47d-12637d8b99b0,윤헌영,female,20,2002-12-18,청주 흥덕구 55길 71
9e431cd0-662c-47aa-8ce5-845d1382fed3,나지민,male,83,1940-08-26,고양 일산동구 44길 18
142cd41a-4925-4d2f-b935-5d9eb687a0d9,전서진,female,20,2002-11-18,서울 중구 53길 44
3c5beb56-f2de-4c2c-a32a-f2059b5fd1b3,안서진,male,76,1946-12-30,울산 동구 77길 99
3a56b5e6-c964-4c35-9624-3f429952ef87,진은호,male,25,1998-01-11,용인 수지구 96길 51
b51f4194-c20f-4236-af89-230996e97daa,차은찬,male,73,1950-09-30,부산 영도구 67길 96
49ccb6bb-c2de-449c-bd6b-2aab9143901e,노채은,female,36,1986-11-09,용인 처인구 11길 44
762d4201-1229-481c-a834-19287a793137,송지민,female,35,1987-11-09,인천 서구 37길 37
4c5548bb-c1d4-4474-b257-80f713f57e7e,황윤아,female,45,1978-03-01,광주 광산구 36길 19
64b7061e-9080-404e-a22d-c382d1d0f826,성지환,male,93,1929-11-13,울산 중구 33길 52
33e5391b-037b-465d-820f-4f14847ef6fa,민은찬,male,50,1973-07-22,청주 상당구 51길 5
239c0cf2-58d4-4fda-865b-c07b7994ce7a,조준호,male,38,1984-11-23,청주 흥덕구 49길 88
205b6146-118d-4790-b547-29a6d4950dbc,손가은,female,93,1930-08-08,울산 중구 26길 2
ca5e8b0d-97d0-46e3-b5ee-c6f92f6088c8,문윤지,female,66,1956-11-21,대구 군위군 35길 57
dc0e69f9-414a-4cd4-a9c5-409b6af978d9,심시현,male,84,1939-01-25,부산 부산진구 1길 93
a7719420-1e1d-4ae5-9807-8aa9dcc3ac8d,권현서,male,42,1980-12-15,부산 부산진구 75길 94
456b4062-b6de-4097-b180-07e416a19d92,구하영,female,95,1927-12-23,인천 서구 74길 5
9b761d26-a8e9-49ab-88d8-126830057d81,장시아,female,51,1972-08-03,안산 단원구 81길 69
c39375e9-b0a6-4018-9147-27cd9caba436,홍민우,male,98,1924-11-23,서울 중구 8길 61
917daa15-99b4-47a5-9f1b-0816a8e0851b,정정우,male,46,1976-11-06,성남 중원구 95길 53
3a2bc202-bd7c-488d-ac37-f1a51216ab3a,차지호,male,39,1983-12-30,성남 분당구 54길 95
e9d17854-42de-4738-a005-78df9c591a2d,곽서희,female,69,1954-09-17,안양 동안구 19길 5
70654e22-836f-4700-9035-fbf6272c3f15,손우주,male,17,2005-12-25,부천 오정구 24길 83
0f293217-2cc9-4a1b-bac7-a4f9daa55b65,나하은,female,97,1925-12-11,용인 처인구 45길 35
43cc0d81-f752-4f25-b5cf-7cf77857ad73,양소윤,female,55,1968-11-02,대전 유성구 28길 59
80888c1c-e614-4bc3-b91b-f7a189e9e938,김재우,male,25,1998-10-19,수원 장안구 61길 49
a39f5d3f-cb1b-452c-9899-94ed74120931,배윤서,female,45,1977-11-20,청주 청원구 16길 34
dddc2a35-9fb0-4e66-996b-5035dd5d93be,한윤재,male,31,1992-07-09,부천 오정구 88길 98
d5caf0f8-5c79-4116-ae7e-c7148018bade,나헌영,female,60,1962-11-08,안산 상록구 37길 42
c4de6524-9adb-4193-b26a-355ec10cffc9,차연서,female,61,1961-12-20,인천 동구 10길 18
6580c8e7-3e02-4a51-89f3-322036ce1850,우서아,female,100,1922-11-18,울산 남구 30길 76
0d9258f3-8e57-4389-ad21-cf8dd6bf47bc,전수아,female,83,1940-03-05,부천 오정구 31길 86
765df48b-464c-40e8-b8ad-1fa0cff17a13,서재현,male,73,1949-11-13,용인 기흥구 84길 48
0fb47d4f-5dbf-497d-accf-f4e31dff7047,유서현,female,45,1978-11-01,부천 오정구 71길 79
a5afd27a-e69d-41ef-af78-fe6c4b3fd6a2,허성원,male,36,1986-11-26,성남 수정구 7길 28
c5b49514-dba5-4630-9d18-87d91f0d4812,구채린,female,96,1926-11-18,성남 중원구 69길 7
5cabeaa1-df0d-400b-a6e9-2b6c21a1da85,곽하준,male,97,1925-12-22,천안 동남구 29길 55
365d29ca-3222-43c2-856b-8fb76e769b9e,최예린,female,96,1926-11-12,대전 유성구 27길 16
309bb295-aed5-4e76-8efb-5d059aed3d4e,송강현,male,79,1944-10-19,수원 영통구 86길 31
13545c53-94f6-41fd-b365-fdea9a8c9ee3,배이준,male,50,1972-12-02,인천 중구 14길 99
7c0a38c2-b425-42bb-99ab-f6768228ed0b,김제오,male,83,1940-11-04,인천 강화군 2길 15
6d6d06e2-6f57-4c50-b275-7b12f927e66b,황소율,female,33,1989-12-26,창원 진해구 22길 68
1a3c03a2-5730-4cce-b8d1-92453b4594fa,허승현,male,92,1930-12-24,서울 용산구 25길 50
e69f60c2-5e32-49f9-ba68-9564c44162e8,민다은,female,15,2007-11-19,용인 수지구 67길 9
1277d50a-0d98-4b65-a84f-8e081d5e6be5,황현서,male,39,1984-02-20,창원 진해구 56길 92
887140ca-6a8c-4717-add4-d893dec5409b,엄지환,male,65,1957-11-09,천안 서북구 40길 84
a6d6c8c3-4589-4283-b4b1-189c90e81b1f,강하윤,female,21,2001-12-20,창원 마산회원구 95길 70
5b89b48c-c326-4d29-8490-3c064eff42c4,지시원,male,52,1971-01-04,부천 오정구 85길 11
05cd429e-16e8-4e1f-be41-dcbc1c6225f9,곽서진,male,83,1940-02-07,용인 기흥구 90길 29
c538aa2d-fd9f-46e0-a859-e9fc792663cf,장하영,female,68,1954-11-12,서울 중랑구 26길 72
a7f2c190-a524-4c07-be86-1ed2253b9871,하소민,female,56,1966-11-29,천안 동남구 34길 72
4bfb2b26-2cd5-4af3-8493-9916804b7a89,박건우,male,74,1949-08-25,부천 소사구 50길 61
e7084bf7-b94f-4a2e-b0cb-93bde8c7eb66,지유진,female,20,2002-12-19,울산 북구 68길 33
449d0bbc-b1d1-409d-b441-6446956764a1,노성원,male,38,1984-11-09,인천 계양구 24길 48
ab8b2b05-c11b-4b1e-a572-629bd282ecff,전시현,male,64,1958-12-20,대구 군위군 53길 41
7b46b4eb-f784-4210-9032-9e4ac8fe5cee,조민서,female,42,1980-12-19,대구 남구 41길 28
6147ad85-7347-4803-af74-5f306a61bf2a,문규리,female,36,1986-12-12,전주 완산구 23길 16
90ce4d63-540d-4ec9-872c-72ea24c29275,전시은,female,33,1990-06-30,청주 상당구 100길 67
e358072b-bf9a-4382-b540-bd837548001c,하혜원,female,55,1967-11-13,안산 단원구 10길 95
05bfb8a4-79ba-4788-8849-d9722a5fe0a3,하도연,female,31,1992-07-27,부천 오정구 17길 54
51729ac7-ad26-4a10-b5d3-a65cf610388d,지서우,male,70,1952-12-05,인천 동구 83길 56
d6ca04d1-5c51-4096-b899-a16f432aa974,김현서,male,64,1958-11-25,천안 동남구 85길 35
77b3edb4-e248-40fc-81ba-dcb7833e0b7e,최현준,male,57,1966-10-16,부산 영도구 6길 36
602802b9-3280-4aae-82d1-82fb8766f595,우재현,male,75,1948-06-25,용인 수지구 43길 97
4ff9fc46-be95-4c97-8ee1-114b66bcbc17,심서준,male,62,1961-11-01,용인 처인구 13길 64
d0f2fe9e-801b-4069-9d2a-aaffcbc82a57,황율,male,76,1947-05-17,천안 동남구 8길 19
30350dec-c90d-4bf3-b779-2a2cc2f70e67,손소율,female,34,1988-11-26,안산 상록구 5길 40
c13263cf-584f-4ef5-a966-65612c644e95,채윤지,female,24,1999-06-17,용인 기흥구 90길 68
99046e4a-9828-401c-b6cc-2b5e59bf79a2,송이안,male,52,1970-12-27,서울 종로구 57길 5
5f3d5bcc-fc40-4df4-b4e5-3064bf9c20b9,노유주,female,74,1949-04-04,창원 성산구 41길 28
5716617e-2b27-4449-b56a-a24739d8a6fd,전민호,male,31,1992-08-16,대구 동구 62길 41
7d935454-3b44-42ad-a545-b1ce5d93d758,김시연,female,63,1960-03-14,서울 중구 34길 86
4a55c84c-6239-461b-83e6-2c72e9f115a6,정경훈,male,64,1958-12-16,청주 청원구 19길 91
089142fb-78d0-42a1-b05a-73e78140bf79,안서영,female,82,1940-11-07,안양 만안구 14길 26
c0023bca-b246-4a24-b332-76b428835383,유예나,female,67,1956-06-26,성남 중원구 90길 11
3f18a1ee-d413-4fbf-8bb5-a954dbcff1d0,성예나,female,56,1966-12-31,성남 수정구 3길 88
83213280-d4c3-4e0a-bfba-4f9573d19938,유예린,female,86,1937-02-21,울산 남구 19길 99
34cac257-41f2-4a47-bf7b-984fc61c8256,정지현,female,33,1989-12-06,청주 상당구 19길 39
0005df7f-8b1a-447c-a723-6eef60b8f598,장지우,male,89,1934-11-01,대전 중구 65길 86
029eb88d-864c-4ae3-943d-5225855b9c4d,하동현,male,53,1970-05-01,창원 진해구 76길 40
e678e7a9-ea68-4ea7-b6ab-f5fea0cb07f5,장연우,male,52,1970-12-01,부천 오정구 41길 7
478891bb-3971-4d49-b62e-f2e2d84be5f2,유연우,male,21,2002-05-10,울산 북구 24길 81
a66ae7b7-bb7a-4628-b217-e3d2efc487d2,최아영,female,48,1975-05-14,천안 동남구 34길 72
75e759d0-3afe-4646-b431-c2fb15530795,구서준,male,23,2000-10-28,청주 서원구 81길 39
f8682605-4f78-4638-a059-6fa93a2709eb,오이준,male,14,2009-02-06,천안 동남구 83길 44
f7881dd3-2718-489a-ad5a-6701d3af1485,이시윤,female,70,1953-05-24,수원 장안구 50길 8
2d578a24-cb0c-4398-adab-5ea50b6dc90d,배지환,male,27,1996-08-03,울산 중구 96길 71
7df3c855-409b-408e-9a6b-dcc7cf7ac4fa,고건우,male,50,1973-02-12,전주 완산구 18길 31
25bac323-d544-4056-8317-c3266c86a181,나성훈,male,66,1956-11-06,창원 마산회원구 3길 71
b5d1e88b-e0ce-4ae5-86a6-013702fc16ed,엄범준,male,92,1931-09-20,고양 일산서구 53길 49
8b4caac5-9bfc-49b8-a3e2-8b391e5deae1,나지유,female,79,1943-12-16,안산 상록구 26길 70
2d304835-02d2-422a-87cd-466915ce0773,장지율,female,98,1925-07-11,인천 연수구 93길 82
aea932d4-1cac-47b4-8418-8816d55715f0,오아영,female,38,1985-10-15,광주 서구 85길 39
9bde48cb-9321-4adc-841f-9e8af65968f2,배태현,male,91,1931-11-22,전주 완산구 28길 32
1f421aad-f694-4a69-8d70-1b4393d7f603,배도현,male,31,1991-11-06,고양 일산서구 5길 73
d1572d77-18b1-4765-8b9a-3f5b86403d36,성채린,female,18,2005-03-14,대전 유성구 21길 3
06982556-1771-46d0-8ee6-7877001ca788,구채윤,female,41,1982-09-07,성남 분당구 41길 42
8a49ab96-6f9a-427d-9d45-b74abcbbf7cd,주시온,male,44,1978-11-22,광주 남구 74길 81
a17fa977-76d6-451b-b075-0500cdf00a11,오서준,male,82,1940-11-27,성남 수정구 14길 69
a640e207-9bb2-465b-82e7-c9b8cabacdd6,양예은,female,17,2006-08-21,전주 완산구 89길 65
7a50d10f-364f-4fb3-8299-b5d20236003b,송소민,female,21,2001-11-20,청주 흥덕구 80길 20
c985c84a-9124-4aa2-a6e3-09cd6ce4be9e,오민지,female,93,1930-02-21,창원 마산회원구 6길 42
c637b57f-9f55-4c77-9f11-6cba0dd82132,우유주,female,86,1936-11-08,수원 장안구 10길 48
3cdcecbc-1ed1-4876-8c0c-c6746253324d,민지유,female,78,1944-12-30,부천 소사구 86길 69
b1ec18a2-5042-45d9-bb42-d144b8e63f4a,채지성,male,84,1939-01-24,용인 처인구 82길 61
d3a3b3f1-939c-4ee8-b61d-9d361da4e125,백하윤,female,42,1980-11-25,안양 만안구 11길 98
01e245c7-ef30-4175-82ab-3cd14387c067,유재민,male,73,1949-11-09,수원 영통구 66길 14
1922926e-0f19-4c6f-9d8e-4d27d6a328d6,배예빈,female,31,1991-12-01,용인 수지구 59길 45
a577401d-90e0-49cf-b659-1edae557b0a1,전다은,female,40,1982-11-13,수원 영통구 59길 67
7fdc3ee5-c0ae-4776-aac4-311fcd1bb8b8,손유주,female,35,1988-10-08,용인 수지구 5길 65
ae73ba6f-9e1e-4e46-8098-4525b6f9ccf4,조주원,male,46,1977-08-23,전주 덕진구 76길 11
441a9614-8cf9-4585-93cf-132b53347f91,한세은,female,79,1944-05-19,안양 동안구 15길 30
db6be993-28d0-470a-9a02-3f7bc19c484c,고서우,male,50,1973-01-20,창원 마산회원구 34길 14
5c54273c-a19e-408e-a39d-13653fe15ac1,나재윤,male,84,1939-09-15,천안 서북구 70길 10
4818ce11-d81c-45fc-b215-f7fa3c8e9ccf,양경훈,male,82,1940-11-19,부산 강서구 95길 77
3bc1e434-3e19-4aae-a244-c7c6f917f033,윤민준,male,83,1939-12-09,용인 수지구 53길 50
b14d0916-f681-449f-b0d5-17ac9cddc604,주현준,male,73,1949-11-29,고양 일산동구 8길 71
839ef21b-c603-435c-a955-4182adc4b2d6,임경훈,male,40,1982-12-21,천안 서북구 58길 13
35007070-debf-4e26-bc26-1b1e79d75335,송서하,female,50,1972-12-12,천안 서북구 33길 3
0e53c34a-f94e-4932-917b-ba40edc1d0c0,구연우,female,56,1966-12-26,안산 단원구 56길 94
68d01f25-48f1-4fd0-a13d-ea3e77c0d5c2,주유진,female,58,1964-12-19,부산 수영구 98길 91
b227cf73-4bc5-48a4-bded-5f0664263e87,윤지우,female,15,2007-11-22,창원 의창구 75길 31
39540e9a-b721-4ff7-a630-952ab097674f,채우빈,male,95,1927-11-13,전주 덕진구 65길 43
17483793-d5a5-4fe3-b7d5-2ef41b12a457,문소민,female,75,1947-11-15,천안 동남구 83길 14
16c26c1e-25e8-41bd-a69b-9863eb41c23a,남우주,male,97,1925-12-18,청주 청원구 25길 24
7cd8008a-179d-464f-9248-d67c22db289a,백범준,male,32,1991-02-16,광주 남구 49길 91
1dedff77-6d5b-408d-a555-cb46f1619dff,노유나,female,46,1976-12-31,수원 장안구 24길 18
4905d825-133f-4c84-8e5f-b9a2415d9e32,신시윤,male,65,1958-01-03,안산 상록구 28길 9
f68273c8-8774-43d1-be9a-42ee33006028,정은호,male,94,1929-09-03,천안 서북구 72길 7
244808c0-cc9c-4d19-8983-51c15c084f41,임하린,female,50,1972-11-09,안산 상록구 24길 98
80ecdf84-97ec-4d3c-9795-cce0472e93b4,유유나,female,88,1935-03-15,청주 흥덕구 33길 89
a3b1c628-5044-4b7c-8f1c-f280491e5e59,유유찬,male,28,1995-11-01,성남 중원구 69길 80
85275c82-4bb0-439f-a038-b26263a1895b,우서영,female,99,1923-12-29,부천 소사구 55길 12
a911571a-792e-4316-bbcf-0aa95810d94c,곽지수,female,23,1999-12-17,청주 청원구 67길 49
765923db-eb89-473b-82d9-eb5a5e04e842,한정웅,male,50,1973-01-25,고양 일산서구 6길 7
19aa5857-d3cd-4ec5-8fc0-b3501e0526bd,송유나,female,84,1938-11-25,대구 수성구 72길 85
a7dc3314-2971-4ead-a3ca-34bfba912ccc,엄재민,male,78,1945-09-18,대전 유성구 18길 87
48f8ddaf-7dfa-45bc-8c4e-d753059645db,전선우,male,36,1986-11-28,대구 남구 98길 89
15054e7c-25a9-44c3-86f8-3420bc4b509f,허서희,female,22,2000-12-12,전주 완산구 57길 22
26ecaf69-cb03-4493-bd6f-eb6d464e8273,전이서,female,76,1947-04-19,광주 북구 33길 97
8841b7a6-353d-4093-8970-e38bdfa7a7db,허지훈,male,51,1972-04-30,성남 중원구 99길 10
863c9e1e-5ed7-4ddb-a754-a37967d3b5a8,한아린,female,71,1951-12-21,수원 영통구 82길 4
54480294-e57b-40f3-83fe-29f252adfa18,양서준,male,87,1936-04-08,전주 완산구 9길 22
7d6848c5-4843-445a-8218-f4e60cc07520,심지한,male,29,1994-06-25,광주 북구 53길 50
629b4d9b-b552-4b43-911f-a15ce242e0ac,임우진,male,40,1983-07-05,창원 의창구 45길 13
47677f42-02d0-4cf9-b9e5-2e7683611de6,류이서,female,25,1997-11-15,창원 마산회원구 72길 42
7064fabf-13a2-4e19-88f0-8d1e6f652fb5,홍혜원,female,95,1928-03-04,안산 단원구 76길 46
6fa67bb5-b255-486c-ba8a-dd20b8499f45,임예진,female,59,1964-10-01,성남 분당구 52길 92
948041d7-f4a1-4f54-a428-c166822b9c29,이채린,female,51,1971-11-16,대구 북구 35길 97
0b2d8ec1-5a0c-456c-94ed-2cdb58e45315,김예진,female,61,1962-06-09,용인 기흥구 26길 75
2684bcf7-6bd4-4cb1-9d57-3252dd3f89d1,유시아,female,36,1986-12-21,청주 상당구 73길 37
4c624d7a-3438-4274-b5cf-b8082079f1f0,정하은,female,97,1925-11-22,대전 중구 13길 84
56ef7aba-fba9-40f6-a11d-ee60bca614bb,우민채,female,76,1946-11-26,대구 중구 74길 59
eb1b60ee-46a5-4450-98f2-ce4ceb66f32b,진시은,female,85,1937-11-30,부천 소사구 3길 70
610aed4f-aa73-48aa-b484-947867c7040f,류민주,female,53,1969-12-08,대전 중구 96길 12
2b08d21a-1f80-4237-be8c-946969a2fe6c,전준식,male,20,2002-11-21,창원 의창구 98길 59
36e27b9a-905e-47e2-bcde-33a06d927fe0,차유진,female,32,1990-11-28,성남 중원구 39길 84
4dd03189-b191-4b13-bf40-fdd017b45992,양건우,male,59,1963-12-09,성남 수정구 12길 66
d17e381c-3ed0-41b2-9b52-befb66a90a6a,권이서,female,31,1992-03-27,울산 울주군 33길 38
682cdcdb-0dcc-4053-89b9-1fd6d8e55df4,장현우,male,97,1925-12-17,안양 동안구 79길 20
41a5b7f9-0c16-4cc6-b168-d4a2fa0a4b8a,진서희,female,68,1954-11-27,광주 동구 8길 40
4ce9a409-7577-4699-b517-c5dc6328870a,정준서,male,61,1961-12-01,전주 완산구 30길 31
6cdc513e-22af-4a31-99a0-e36ba70a2451,지태윤,male,96,1927-05-24,서울 강남구 90길 18
de224488-8029-4923-9ee2-1bba464f04a2,유준,male,30,1993-11-02,성남 수정구 82길 22
c08c8aa6-285f-4fe5-9c54-15a09f15a8e2,진시현,male,38,1985-03-27,청주 상당구 20길 17
31e969b4-46bd-44f5-87f1-c6464665ab76,권다연,female,90,1933-10-04,인천 동구 22길 36
7256e28d-ccbd-44aa-b0ce-2c884842d674,나서하,female,63,1960-01-22,울산 동구 59길 94
20d26142-97a4-49f3-8b71-529f7d3057eb,양나윤,female,37,1986-02-08,부천 소사구 42길 2
df0b7a60-5d48-40e4-8715-0d7083ef15a4,차연우,male,80,1942-11-24,부천 원미구 1길 19
3913e53a-3ea3-44a3-806c-b083d381a488,최하율,male,64,1958-12-04,대구 달성군 65길 44
b9242e02-703f-4158-a4b6-bdad012ea821,유연아,female,71,1951-12-20,인천 동구 90길 47
dabe174d-5414-4602-9cb3-e58259f95f30,배도윤,male,55,1967-12-01,창원 진해구 68길 93
83bef35a-7d5e-4b8a-8be8-07508042027d,차민채,female,15,2007-12-02,고양 일산서구 39길 5
e3bd5cf9-07ba-4d42-b81d-08a5410d6d62,하유나,female,93,1929-12-07,대구 달성군 24길 94
65324181-0766-4ad1-bb50-984ff2d9b158,서재민,male,60,1962-12-10,성남 중원구 18길 65
a67ecc51-dbc4-4eac-a5a2-fda87f644589,민채윤,female,41,1982-08-14,부산 북구 43길 95
2742dd63-24db-46ec-bf27-1c19a30b00d4,나재우,male,73,1949-12-22,천안 동남구 46길 72
fac0f05b-3239-43fc-9464-5f76e54159d4,장재원,male,47,1976-09-09,서울 강남구 86길 85
6f790d22-3ae9-4f9e-a16a-5810eed11270,조성현,male,92,1931-05-20,안산 상록구 92길 7
8597ab22-776e-4b43-8f53-3e93008eb0af,배정우,male,79,1943-12-22,안양 만안구 15길 57
8cc7181e-fda0-457d-ab0f-75658991cd69,엄현서,female,87,1935-11-22,안양 동안구 5길 18
d9404fd8-e74e-4421-bfef-17e40be55952,지예원,female,100,1922-12-29,대구 남구 46길 78
08c1d911-5652-405f-942d-e9ad596e68fd,강준,male,60,1963-11-04,서울 강북구 56길 15
192f2c6e-e360-416c-9a6b-b413b49dd5b1,고준호,male,23,1999-11-08,대구 달서구 15길 14
5d42614d-9e3d-4a6b-b4c7-436135841409,정서우,female,50,1973-04-17,대전 동구 32길 97
75aa8c74-6930-44d2-9cff-3b6546e7ea40,주이안,male,61,1961-12-14,안양 동안구 87길 82
060ea28e-7802-4c8e-b330-937535392093,윤세훈,male,53,1970-06-11,청주 청원구 77길 57
333fd9de-f517-4f0e-9a2a-f4b1565b2fb1,정우빈,male,26,1996-11-14,대구 남구 2길 13
d97c1a63-8764-4dca-b1b8-4294bb308fd4,구민찬,male,39,1983-11-07,안양 동안구 15길 15
4651a175-2a5f-4ffb-a6cd-5100a69112da,강승현,male,91,1932-08-18,대구 달서구 95길 61
c71f1140-6dde-4c09-8d90-2fa2d744fa80,정윤재,male,48,1975-10-17,성남 중원구 3길 49
74c586c7-4618-4ad3-bcbb-79193a5fb02a,오경훈,male,94,1928-12-31,천안 서북구 10길 95
df141863-5e84-4196-8da3-6d2551f42608,신소연,female,53,1970-07-28,대전 유성구 38길 95
afd71a39-3754-4852-97bf-b8ccd4103f9b,최홍근,male,28,1994-12-03,대구 중구 87길 16
efa3332f-dcc6-4670-8e99-55226eb8bade,엄시현,male,19,2003-11-25,서울 마포구 40길 34
68443f7c-b02d-40c4-9a0b-654cbc3d0a48,임선호,male,96,1926-12-25,성남 수정구 66길 60
8c5633d1-0039-482e-9c0b-161021f183cb,민하율,female,16,2006-11-14,울산 동구 20길 84
25746283-aae9-47c8-9a28-5799ad5ac3c1,차지우,female,43,1980-03-29,청주 흥덕구 58길 14
1adfd9c7-45c3-4ba4-ab9f-598a5f78e72a,손하린,female,81,1942-09-08,광주 남구 62길 67
bc0b1126-0fcc-4f14-8444-283676fdc175,차다인,female,85,1938-08-10,안양 동안구 19길 57
e8ffcf11-7534-4d39-8e96-fb6ae6ae3533,손민지,female,28,1995-07-25,안산 상록구 55길 43
8c17dceb-1a60-4ced-b828-af2a10e80a70,서시원,male,82,1940-12-07,광주 서구 49길 30
a181598a-63b4-42d3-a506-4769c6be0f75,민민채,female,28,1995-05-03,부산 남구 66길 99
9f3d7698-2ded-491e-a6ac-d320490bbbf8,류우진,male,72,1951-08-31,성남 분당구 71길 77
c01f926b-31ef-4599-90fa-1ca17a2a17f3,성윤우,male,16,2006-11-12,용인 수지구 15길 11
d688b1a9-3e7e-4063-9022-ca824babe424,정채원,female,49,1973-12-22,청주 서원구 4길 18
d82bdfc6-f0b5-4ea2-9f9a-07bfd158ea09,고진우,male,53,1969-12-29,대전 중구 16길 56
6b28ab31-07d1-4db5-a026-ba648ac6f8a3,임민준,male,69,1953-11-30,용인 기흥구 32길 55
64ca1d62-1798-449b-bcdf-f32cc56a7c5b,곽유주,female,70,1953-05-05,창원 의창구 12길 2
9d8e73d6-709c-4088-bc44-7f143641d16a,정지안,female,16,2006-11-15,천안 서북구 41길 2
986e8c31-9be4-4722-9f34-9baecafd9b37,장범준,male,34,1988-12-18,안산 상록구 13길 53
d120f240-15f8-4bda-9ffc-4073aaded600,남지호,male,70,1952-11-19,울산 북구 56길 73
59de4fc2-fbc1-4ca1-ac7a-8202a7a056ad,유채은,female,25,1997-11-29,광주 광산구 9길 24
5c2a2019-5fc1-4fa2-aa8f-0f9323e4eb2d,채유찬,male,67,1955-12-16,전주 완산구 50길 36
ce179002-2227-4270-b326-b199745ac9ac,임지호,male,65,1958-07-03,안양 만안구 31길 42
6beb448d-b52c-4a47-be99-56243485a5a2,안하은,female,84,1938-12-13,광주 광산구 49길 62
677c8c22-9093-4c83-8cf6-22a12f91e15a,주예나,female,98,1924-11-19,용인 처인구 37길 32
fc0b7e32-0069-4670-bda5-0e9f4f676b58,권서준,male,86,1937-09-18,수원 장안구 66길 43
857f21f6-c1b8-43c3-9e03-fdfe9f4d69d7,백준우,male,39,1984-10-25,청주 청원구 4길 96
3a0ccb27-a394-4b3c-90cb-56ee105ba17b,조민주,female,67,1956-04-12,창원 의창구 34길 54
9015a182-57a3-4754-851e-fdbf248311ab,이서우,male,45,1978-06-14,안양 동안구 29길 68
ed0ec4a2-ae82-49ed-b814-3fbb950b4fca,손서진,male,65,1958-10-23,성남 수정구 53길 21
702f9af9-e628-4306-94ce-52614f5adf30,채지환,male,78,1944-12-29,울산 울주군 30길 36
0073c9f1-f4bb-49ea-a466-d1dd7d8ad40c,허예진,female,17,2006-01-20,성남 분당구 51길 55
af392af6-18cf-435b-95e6-59a822141d2e,윤서우,male,30,1993-08-31,창원 마산회원구 83길 20
760f762f-b3ed-4acf-b903-8001c86fd948,황지후,male,63,1959-12-07,성남 분당구 23길 88
d74c4921-d087-431b-bb87-244e3e5be0cd,유은찬,male,17,2005-11-24,천안 서북구 57길 3
786337aa-17c0-4d67-951d-ced7b5b6ace1,이율,male,17,2006-01-08,대전 유성구 19길 52
68f5f3c7-25b3-48c0-8fb7-8e2707a70261,심승우,male,15,2007-11-06,대구 북구 3길 4
81e26a87-f9dc-4efc-9f7d-6f597515f978,신민지,female,68,1955-07-05,부산 사상구 87길 77
dec36e52-361b-4984-9e55-dc2a3e50424e,우은찬,male,94,1929-06-07,수원 영통구 85길 53
138243b8-9fbf-4bf9-9267-3138d9c5b5da,심현준,male,38,1984-11-06,대구 달서구 4길 61
4393b17c-bc26-4dc7-b2c9-cd49c43bb1bc,윤예성,male,50,1972-12-29,천안 동남구 13길 84
fe93c953-1f2d-4252-9ef6-68edaa508c02,송한결,male,73,1949-12-18,인천 미추홀구 40길 69
f80dd799-7a68-401e-b3fc-939eab5e82af,나범준,male,85,1938-08-10,대전 중구 26길 43
042503a0-16ea-4efe-96ca-70dfcf6a23d8,오서아,female,44,1978-12-24,부산 수영구 48길 59
28fae2ca-98dd-485b-90b1-59302865e257,박현준,male,40,1982-11-16,안양 동안구 23길 83
63af50db-437b-4eed-985b-994c0a18f9d7,유소율,female,46,1976-11-27,성남 분당구 76길 57
24742f34-d917-4894-88e5-9cec194230f7,정가은,female,100,1922-11-12,청주 흥덕구 31길 74
a7109066-c839-4cd9-8eb1-8b7b35233778,엄연아,female,31,1992-10-14,성남 수정구 55길 78
27868753-9558-4ee0-90e7-62bb4d8293de,오지호,male,28,1995-05-27,대구 북구 71길 17
d998f3e8-ab93-419f-b979-e57db3f2530c,하준호,male,88,1934-11-28,울산 동구 42길 94
b31a6743-ceaa-4269-8333-23ed70c6bd79,안세아,female,96,1927-04-10,용인 수지구 51길 35
1ec9f7df-dcec-4383-9eb0-cfbf1f269a82,남예진,female,27,1996-05-26,인천 서구 16길 82
ba437636-104e-4921-a780-ce2e77fb6773,배지율,male,59,1964-05-27,인천 강화군 41길 95
cac0f7ce-c5e8-4696-bc84-c12fda70f34a,차유찬,male,80,1942-12-23,인천 서구 92길 11
9137c0fe-f6dc-42f2-bad1-842b3620678b,고가윤,female,29,1993-11-28,인천 계양구 23길 93
6b1fed39-5cad-47b1-8e2c-2dc15d94bc4d,신세은,female,81,1942-07-20,대전 서구 30길 45
0c118132-f209-4621-8eee-39a57a8922f9,손지민,male,77,1945-11-22,용인 수지구 61길 57
13483b3a-9ede-4a0e-9a08-c183cf65a65f,주나윤,female,17,2005-11-24,대전 동구 19길 23
9a8831f7-d798-4131-912f-6f978f3548b0,정수현,male,54,1968-12-04,천안 서북구 93길 46
b885b133-a5f5-4b29-a1b1-e180cfce63ee,채동현,male,67,1955-12-22,서울 용산구 22길 43
0a1916fa-8b3e-4e95-a1c2-4a72e4a9993e,나지유,female,50,1973-01-14,안양 만안구 85길 34
4ecebd23-2bf2-4aa7-9774-657ac1522696,지승준,male,31,1991-12-29,대구 수성구 44길 32
f873631c-e749-43db-b0bc-e6c1686668da,전도연,female,50,1973-11-05,대구 서구 27길 15
a7fbba36-d6d4-4341-b0e3-60004369965b,노수연,female,52,1970-11-15,부천 원미구 18길 99
576812fe-2bd3-4dc3-8e43-a9e94f223ebe,전율,male,66,1957-09-02,청주 청원구 29길 44
45929d97-4bb5-4672-a9bd-2ea7c0849964,송태민,male,55,1968-10-01,대전 동구 85길 72
6ec4a57f-e7f1-45a2-af56-e74aba14d525,임소민,female,40,1982-12-03,용인 처인구 14길 13
6f375400-bc79-48b8-bb39-49173ea95dac,정다윤,female,65,1958-09-14,천안 서북구 99길 60
5cc58e62-c1f1-48cf-bd6a-45d727443485,고진우,male,32,1991-07-12,인천 연수구 74길 46
c8eaa387-5efa-451a-953f-3d0e6ebc95be,구재원,male,74,1949-02-24,울산 울주군 28길 79
7d74187a-d232-4415-87d2-8210db353410,하경훈,male,43,1980-04-05,고양 일산동구 23길 26
5711eebf-7506-4231-9d61-36eec1c5f960,구가은,female,47,1976-05-23,전주 완산구 1길 71
3a7dcdd2-02cc-42c8-9578-b0f4508a4db8,성소율,female,50,1973-01-11,전주 완산구 71길 86
f93ca8a4-0ffc-4674-bd63-4982a73c356b,황시윤,male,73,1949-12-27,부천 원미구 50길 61
510db2f5-a5e0-49a9-bfbc-2d70af0ed553,유하은,female,64,1958-11-06,천안 동남구 65길 34
a4803c04-c47e-4aa4-bc7b-6ed6a83de9f5,이은우,male,34,1988-12-16,용인 처인구 50길 32
c8123b48-7924-42d2-98a6-e5dad552825c,이소율,female,91,1932-07-31,천안 서북구 14길 18
989dc675-5533-4bca-8888-ef9af776f6ae,민예서,female,39,1984-01-04,대구 서구 44길 59
695645c7-098e-4f41-8f4f-ce7dfa9df3c1,장민서,female,20,2002-11-28,울산 울주군 78길 2
cf6fb0e7-8ff2-4cc7-8983-dd5f3115f7eb,장시원,male,40,1983-02-16,천안 서북구 19길 39
e6fe18f2-453e-43df-b745-3ef3289553e3,하주아,female,64,1958-11-17,대구 수성구 63길 61
1c4f510e-119e-4a67-bbfc-2c9c4f5dfe9e,유혜원,female,97,1926-08-13,부천 원미구 34길 13
e9c021a0-d4fb-4b57-b3bc-a04939c05904,강승우,male,16,2007-02-05,용인 기흥구 25길 80
8eeff1ea-0f72-4f52-84fc-cfc5ad758eb5,심서하,female,73,1949-11-24,안산 상록구 90길 97
21248ab0-2854-412d-bc87-174c5973dcd4,조다윤,female,48,1975-10-11,수원 장안구 42길 22
61f6d43e-0196-4b99-942d-ce1b338a78a6,신서진,male,79,1944-01-23,안양 만안구 93길 56
a7dfb93e-2982-49be-a15f-e0c8b92ef1e3,안가윤,female,30,1992-12-02,대전 대덕구 74길 11
b7ff3249-625d-445a-835a-b28f931ea5c0,조지안,female,26,1997-02-23,창원 진해구 23길 56
02e228ce-11aa-4c11-8ca2-a39f9c2db604,정윤호,male,71,1951-11-27,부천 소사구 85길 91
f5b3014f-e9b5-4199-840c-75fb8aab42f4,신도연,female,24,1998-12-28,부산 남구 44길 48
336b2429-2323-44af-b1a7-b97cee65245e,권서진,female,36,1986-11-08,인천 연수구 41길 58
d8fa97e8-88ae-4e13-bd29-31f577fb3d11,곽수아,female,41,1981-12-06,수원 영통구 78길 98
e7837b1c-682e-4566-8ee3-952755472c20,손시은,female,44,1978-11-26,창원 마산회원구 48길 14
c56a7585-c0b8-47e6-aa45-8546ccd9c3cf,진지호,male,72,1950-12-12,창원 성산구 90길 44
11e7e5d1-447c-4699-be7b-056a88290136,김예진,female,88,1934-11-24,안양 동안구 7길 84
a93be33e-7aa0-423a-a84f-a3ded8a11e96,정시후,male,30,1993-06-12,창원 마포합포구 16길 87
c2ffab4d-6dc2-41ff-ab7a-0aa787810847,양현서,male,54,1969-09-29,부천 소사구 31길 11
f824f693-8d90-44d2-b1bd-9767d81e40fe,진민채,female,78,1945-10-13,인천 강화군 60길 70
e2d9ef60-05b4-4743-9bb9-e17a15ac9313,나하율,male,27,1995-11-14,수원 팔달구 79길 53
ee7b94fb-8d37-46e6-9515-8d5b284d0a2d,배아린,female,31,1992-07-25,대전 중구 25길 16
44e26435-6b59-4c42-8788-1de916b674de,서은채,female,64,1959-09-22,성남 중원구 54길 88
8ab33a0a-b465-4305-9fcb-6d216c5c88de,하연아,female,59,1963-11-17,전주 덕진구 32길 86
767cc40b-801e-456c-afee-ea47e9499ddb,노준혁,male,85,1937-12-23,창원 마산회원구 25길 55
640eb307-b7f6-406d-89a0-f9d15bb893f5,황민규,male,53,1969-12-01,울산 울주군 6길 29
9811357f-f0a4-48fa-918a-d02e66d1b159,전소윤,female,84,1938-11-14,안산 상록구 97길 78
b5159f95-9aed-49cc-8739-400d68fb4ce8,류아영,female,17,2005-12-18,수원 팔달구 99길 51
13061a25-b1d0-4665-a0b0-cf4291a70689,임성민,male,37,1985-12-17,전주 완산구 11길 61
1a9656fe-a8ad-4b2c-bd36-c055797d42ec,전세은,female,47,1975-12-30,청주 청원구 35길 60
7d177bae-5fd9-4d91-8258-3c1afa28b977,유준,male,69,1953-11-11,부산 강서구 77길 6
0fef9650-82ed-426e-85cd-59bef00b7282,엄아현,female,87,1935-12-29,청주 흥덕구 100길 64
76e01c5a-ee52-4afc-8e57-18ccfae3fbce,진나윤,female,60,1963-04-14,인천 연수구 46길 10
898ab15a-6335-4a43-8563-49591e585f76,장승민,male,19,2003-12-05,용인 처인구 32길 8
ab5047cb-8388-4057-aed3-f66c26c32f83,구정웅,male,97,1925-12-02,성남 수정구 32길 62
0a845aaf-2bb6-414b-ac4e-f4502bf3a6a0,송다은,female,82,1941-05-28,안산 상록구 72길 2
82c5d690-06fa-4605-8a8d-7192b9977da5,진예서,female,38,1985-04-11,울산 북구 7길 99
45cccef9-5c94-4b49-8be0-38c210c2e64b,하민준,male,17,2005-11-30,천안 동남구 96길 3
9d4f8525-55c4-443d-bdba-554e52843216,이규리,female,92,1931-01-27,광주 동구 68길 39
1456e145-fd19-4465-adb6-ec966aca8a1d,성민우,male,43,1980-09-24,서울 강북구 44길 98
94488d55-c76d-4f6b-8fd2-906a982a525a,우준호,male,28,1994-11-23,대구 군위군 7길 69
afc81a63-79d4-4821-8974-d7fa9c0f93af,백지원,male,68,1955-05-29,전주 완산구 97길 45
8b1e40c8-7166-4ade-8650-2f724485fb0c,배지안,male,20,2003-02-01,부산 동래구 26길 60
3c052358-3371-4b67-a4b3-ca64b9ac04f3,조태현,male,27,1996-04-16,부산 부산진구 5길 88
9dc9bbd1-f480-4ef2-9820-892021d1e519,이시원,male,45,1978-08-24,인천 강화군 85길 6
d5165540-8271-4f17-ba94-1f87e104cc55,강지안,male,90,1932-11-11,창원 마포합포구 54길 73
1ee6dd3b-b5e4-438c-bdf7-9c8691aab2f1,송정은,female,35,1988-05-04,대전 대덕구 89길 68
63f803aa-ca5e-4c81-b5e5-01c93539b526,엄이서,female,63,1960-10-27,용인 기흥구 56길 11
6fd5926e-7c8c-4518-a8c0-9392957233f7,차서준,male,22,2000-11-15,인천 미추홀구 69길 37
ca3dab5a-aa95-49be-8011-cefccb3079ad,홍예린,female,75,1947-12-24,부천 오정구 55길 13
b57e6e7b-dc8f-4153-85b6-b97e2731b954,최지훈,male,57,1966-06-08,안산 단원구 65길 5
c60fcef3-cacb-420d-8bb3-a8f35bcd439a,안지윤,female,79,1943-11-09,청주 상당구 20길 16
d7cf3be5-23cc-4869-ab92-5439c636948b,백다윤,female,37,1985-11-19,인천 부평구 87길 55
b941ddd2-4884-416f-8a46-902d908264a0,이세아,female,24,1998-11-07,인천 동구 21길 26
e9e12659-e7ce-415f-bf96-5533aa8cdd21,신서연,female,40,1982-12-17,울산 울주군 16길 50
4adc9542-2824-4e8e-8db8-e327c150b85d,조소민,female,77,1946-06-30,전주 덕진구 7길 5
e4d678c0-f370-46a8-8650-3e837c8f31ed,주서현,female,63,1959-12-25,대전 동구 63길 35
bfbf5a1b-88bf-4c5c-8aa3-d7d73b750301,민충만,male,20,2002-12-31,천안 서북구 75길 12
1b721584-4b31-4c24-92c2-6ef3254c7cb8,송재민,male,77,1945-12-21,용인 수지구 34길 95
a41e61ea-4cac-4efc-9ee5-b24660b8b600,하시후,male,47,1975-12-30,부천 오정구 88길 45
725184d1-f5be-4ff5-97a5-2e4cbf9d3a06,조민아,female,46,1976-11-20,광주 동구 92길 24
aea29d5f-5126-4757-9f22-a8a1898cb6d0,정수민,female,73,1949-12-21,수원 영통구 34길 58
7e9c976d-01c1-4cb8-843f-ade2f4977954,류민재,male,17,2006-10-13,서울 영등포구 70길 63
30b8f7c9-5288-4b26-b24e-2d128fa962e9,곽지안,female,91,1932-03-27,창원 진해구 31길 52
4d7a26db-3777-4ee0-8a2d-4055e5ffb0bb,서유나,female,70,1952-12-12,울산 남구 87길 88
ba69d139-ae27-462a-95cb-1191aae56ee8,문예진,female,51,1972-04-16,서울 강서구 20길 36
cad8e7c3-1be7-484a-8a76-3a525f69fa20,오유준,male,29,1993-11-18,부천 소사구 30길 9
0185c59d-4f33-43e6-ac8a-ca3f82c42cdc,고다은,female,76,1947-06-09,용인 수지구 98길 20
67a1bb5a-13eb-4995-bd20-5f2f3ab12854,한연우,female,99,1924-02-17,천안 서북구 14길 41
3ece7974-b1b6-4721-9578-66c7f458f4d1,전하연,female,16,2007-06-15,안산 상록구 74길 35
c94aa42d-3163-485d-8ee1-9d8437b29b14,고채은,female,85,1937-11-22,안산 단원구 86길 11
cb000003-162a-4917-87e5-b8f1fade3b2b,허도현,male,48,1974-12-30,부산 남구 8길 78
fb4d6ba4-998e-4d7f-b438-aec0be740ab8,이소민,female,79,1944-04-13,용인 수지구 34길 42
ef2e408a-b05a-4a08-bc8f-fc3561f62a2c,허서윤,female,58,1964-11-26,안양 동안구 26길 62
e5d87a5d-862f-4722-b8fa-05308a2106a4,윤혜원,female,61,1962-01-09,광주 광산구 70길 64
78eb54e6-8488-4246-aef8-f0d6c02a9466,허민재,male,73,1949-11-20,전주 완산구 86길 20
f7245a1c-21a4-4ad7-9a85-417343e5f32b,민수현,male,89,1933-12-09,수원 장안구 93길 28
c36fb749-ea27-4556-91c7-31f4edfa6b5a,윤서현,female,78,1945-08-21,안산 단원구 38길 47
368ec6a5-88e7-4fb4-9505-555624d29feb,윤지호,male,19,2003-11-11,청주 흥덕구 63길 69
4fb66663-8e27-4978-a11b-48c03f2d08d6,노다현,female,76,1947-01-21,성남 분당구 54길 96
02bf4ca5-be48-42e3-8cd7-85ad12fa9622,정승준,male,54,1969-07-01,수원 팔달구 54길 51
83e863e6-04de-4f28-8f8b-6c03c3f4483b,나승민,male,20,2003-02-28,울산 남구 75길 95
7c193869-5021-4f3d-9707-0722e7801026,신수민,female,71,1952-06-14,안양 만안구 93길 51
3602a7b4-7316-4d35-a21e-43eaf57a5e87,조지윤,female,69,1953-11-30,서울 동작구 26길 25
28c110cf-aba7-422b-b9b4-28eff337b3db,하주하,female,36,1987-04-19,고양 일산동구 53길 35
06c8fc84-0c6b-47a5-a47b-7c6f72256304,배윤서,female,98,1925-01-29,광주 광산구 48길 4
864c7f73-580c-467d-b7b7-c60a2b2b63b8,배서준,male,94,1928-12-10,안양 동안구 79길 90
8801d19b-6507-4c9b-91c5-d391d81f7537,민서영,female,49,1974-01-11,부산 서구 98길 65
a009d5d8-19c3-46c5-b87c-7de5b14c5c06,정지안,female,87,1936-10-13,광주 동구 92길 2
d7864ccb-f35f-4248-b9ad-b2c462e2c492,권예은,female,28,1995-01-17,안양 만안구 31길 68
6db1012d-0573-489a-919a-358b6b898c3c,하현우,male,64,1958-11-10,대구 군위군 63길 23
6a438c6c-8273-4d51-98f8-078319e1c526,전은찬,male,17,2005-12-18,고양 덕양구 34길 94
0f4c8b8b-d4ad-4de6-b995-df4b60661ad7,유시윤,male,18,2004-11-24,서울 성동구 93길 60
abb3f1d4-6484-4290-ab1b-edc51dc73d98,권태현,male,80,1943-04-13,인천 연수구 87길 33
2b148df7-635f-4512-9072-161e7dff85ce,우서우,female,43,1980-10-30,천안 서북구 75길 73
91d107a3-c3f9-498b-825b-decef8488168,정지원,male,24,1999-06-25,대전 서구 23길 23
98f36c0b-aa23-4f74-8128-ff9a0f96c137,조은찬,male,93,1930-09-02,대구 군위군 69길 11
6cf838ed-d4fd-4986-9728-1c3a4cbdc4a7,한민우,male,54,1969-05-14,안산 상록구 12길 52
6762010a-9663-4a5d-ab3b-1f357823b197,성준혁,male,57,1965-11-10,수원 영통구 27길 91
85420bff-af9c-443f-984f-a3573e5d807c,임유빈,female,15,2008-05-10,청주 청원구 37길 38
8b4746f5-0a12-4cce-aa2d-370470302455,조준식,male,99,1924-04-22,청주 상당구 73길 39
9a0fa647-5cea-4acd-adc6-abb0f81c1895,조소연,female,45,1977-12-05,창원 마산회원구 3길 16
b7e1462f-9123-4039-8b74-0576ff6f6b9c,고연아,female,65,1958-05-16,울산 중구 63길 33
cf25ddf6-6705-4ff1-9c65-f22fd9c29be8,문은찬,male,71,1951-11-26,안산 상록구 90길 27
9d465a36-466b-4502-b76b-c42cca8e0ff1,정시우,male,17,2005-12-13,성남 수정구 44길 11
9371477a-43b7-4ca2-9bfd-c3957bf9772c,서윤아,female,66,1957-08-06,용인 수지구 83길 93
913c779c-e8bd-40c1-83a1-3739855a277d,진하율,female,55,1968-06-13,서울 강남구 77길 59
6797d027-9ad0-445b-8a30-31bd81f7e688,서시윤,female,50,1972-12-15,부천 원미구 77길 82
703036b3-b445-478d-a3cc-30ca9806e215,지우주,male,96,1926-12-08,천안 동남구 27길 60
ea536e63-e73d-43a5-802d-998f87966129,한정우,male,94,1929-07-02,대전 동구 91길 47
8a88d0d5-f14d-441d-8752-0f61e0c0ed7c,나이준,male,32,1991-01-24,서울 도봉구 86길 3
13f4e3a2-e28c-43de-85a6-82f1effb1eb3,임우주,male,45,1977-11-10,부산 기장군 88길 94
9f06d78c-78f7-489a-b18e-0a6c77f99717,정서희,female,91,1932-03-20,고양 덕양구 93길 45
1a8b74f4-5f59-4425-b0e5-96290970160b,정진우,male,79,1944-06-30,성남 분당구 94길 6
2d6d622e-b6a7-4dcb-a1f5-9fb8ca03f08b,윤소연,female,85,1938-09-25,고양 일산서구 19길 6
4a9bdfb0-ca04-4c3a-9478-be8faf8e4e3f,장지수,female,17,2005-11-20,안양 동안구 75길 32
85d2b245-5e3d-4876-97c1-f43ed98d059c,백시연,female,93,1929-12-17,청주 상당구 75길 31
16ada161-e5ce-41f4-9519-823c21226448,송민주,female,44,1979-01-22,안양 만안구 7길 33
a698d289-e43c-464f-9973-03f0f602d3aa,권연우,male,58,1965-06-17,안산 상록구 31길 55
b5cb1a5e-2a56-46a1-8b21-4dfdbce20860,임시후,male,38,1985-07-27,대구 중구 44길 78
572d797e-1fc1-4757-9c17-ee940a6ca209,정선호,male,86,1936-11-29,부산 중구 89길 28
1f0fd612-1714-4ed2-94c6-c6cabe883131,조서진,female,48,1974-12-11,천안 동남구 78길 64
13c30d2f-593b-4144-9204-82c54d25e135,신서준,male,45,1978-03-02,용인 수지구 82길 95
ff07612a-70c4-4826-9667-3fa0e18a55c5,우예은,female,81,1942-10-03,부산 동래구 48길 41
41d9badf-20a7-4dd8-a01d-c309166a684c,황율,male,44,1978-11-13,천안 동남구 28길 68
555be598-beb7-4ea7-9c98-62d925ac6b41,류유주,female,87,1936-03-28,울산 동구 99길 84
91a673c4-0683-474c-bf2c-09f4f367b55f,차지민,female,94,1929-07-26,용인 수지구 2길 45
b359fbe1-d379-4646-862d-3ba8d77585d1,류민호,male,46,1977-04-10,울산 북구 45길 30
fa2dbca4-ba05-42d7-bbda-2d5271413a9e,한우주,male,74,1949-03-14,대구 북구 62길 8
84599862-c2a3-43a1-aebb-f0fd94bade39,신소윤,female,27,1996-06-06,안산 단원구 54길 62
cef43c48-4c67-4b42-a608-f36424f21c86,정예원,female,48,1974-12-24,용인 처인구 65길 71
b259209f-b011-4502-8385-6a1c4d99b716,황태우,male,85,1937-12-15,광주 남구 45길 70
8e52a076-8d65-4d23-8592-1869de9f2331,이한결,male,23,2000-11-02,전주 완산구 85길 62
9a81db5c-9d2f-4740-8966-3c3056b6a3a4,정지한,male,96,1927-05-05,용인 기흥구 63길 5
b4f38abe-f213-4695-be1a-a27a0ee561a6,심소연,female,50,1972-12-12,창원 마포합포구 88길 60
c1eeb477-1498-4029-88e8-c5e1cb228a5a,이태윤,male,68,1955-11-05,부산 사상구 11길 74
5e2bc10a-ab41-4b03-a419-676cc1150b34,이나현,female,95,1927-12-27,전주 완산구 91길 68
f863a556-313b-4cca-ad2e-e49ac254ccd0,안지훈,male,61,1961-12-30,청주 서원구 13길 76
ec7b1aed-db24-46fb-bbaf-1260ba0c71fe,성지우,female,79,1944-07-17,용인 수지구 69길 5
95ae531d-c2f1-4f8d-a387-23581d464f21,곽지한,male,22,2001-07-29,안양 만안구 64길 73
3f35cdb7-d262-4b63-a57d-71323f6b50a6,성지후,male,41,1981-12-16,수원 장안구 84길 58
ad234c68-b889-4191-9769-dbf8a4208939,안예진,female,64,1959-06-20,창원 진해구 68길 89
be24c46e-9dcd-4898-a96b-1d387cc3f37a,양시윤,female,81,1942-11-02,수원 장안구 87길 33
58be3bab-cd28-48c0-983e-f4cf25eba0b2,구현준,male,90,1932-12-22,부산 사하구 57길 36
f02195a8-7ee9-473e-8cb0-8c723f24a264,서예성,male,70,1953-07-20,청주 청원구 78길 13
31f8d388-19e9-468f-ac00-d2d095290116,조제오,male,72,1951-07-19,청주 청원구 7길 59
d5277ec5-c22c-417a-84d0-1aded3219278,서지원,male,38,1985-05-29,안양 동안구 100길 16
e1f42397-0e98-4780-aadb-2b2b47fea7d9,박하준,male,40,1983-07-27,창원 성산구 49길 93
d6c7c8be-e8ed-4183-8cb2-ee333fa3abca,허다온,female,53,1970-10-06,고양 일산동구 6길 39
b8efe1fc-73d1-4ffb-b806-acde4c9ecc42,허도현,male,57,1966-11-01,전주 덕진구 100길 40
27804c83-aaff-49b0-ad31-77fa462a7628,임하은,female,15,2008-08-13,울산 중구 11길 92
f6971eb8-8b5a-4449-90ae-0deafde59375,지유진,female,84,1938-11-16,안산 단원구 24길 86
0f52e662-fba5-4050-b617-d1a8543240ea,노범준,male,51,1972-09-04,서울 강북구 54길 19
220e8530-2be6-4b60-94f7-4164def2feae,심시윤,male,71,1951-11-10,부천 원미구 53길 92
63c3533e-1c9a-4ec2-bee4-07e7c327dd51,신성훈,male,37,1986-05-09,수원 팔달구 38길 13
227bd03b-4e8d-4bdf-acbe-eb42009ded88,이성훈,male,23,1999-12-18,대전 서구 80길 69
4e78aeca-daa6-48af-9e4c-868c9a2a1577,안시아,female,32,1991-11-04,대구 북구 100길 37
7cf7ad4e-560c-40a1-8a35-23ca53d1fe95,노성현,male,85,1937-11-10,울산 울주군 78길 5
ce03466e-c87e-45a1-b8a5-3b2b4f7b4abc,배세은,female,88,1934-12-01,인천 강화군 28길 31
bb8e2317-7d22-4750-a283-2bbb4bb2c4aa,진준서,male,96,1927-11-04,천안 서북구 23길 30
d4377142-fad7-477a-bf2e-21d76b8f151a,노지민,female,77,1946-06-05,청주 상당구 31길 14
42da24d2-d9bf-458e-ba4d-859091412af8,황다은,female,40,1983-10-11,서울 은평구 94길 49
bd1fdaed-80a2-4b1f-a923-99642cc681cb,양경훈,male,74,1948-12-24,청주 서원구 73길 49
f00781ad-3454-4ee2-ad1d-079cf6a5b0e3,곽연우,female,71,1952-04-09,부산 사상구 80길 40
8fc733c4-6304-476f-8226-ba72b2d77d6c,권서준,male,43,1980-06-11,수원 권선구 12길 72
54f27090-f8a1-4612-827c-ec5cfae0b55c,최재현,male,26,1996-11-21,용인 수지구 30길 42
b380d25f-8970-4752-b973-595310abd9a9,주현웅,male,34,1989-09-14,천안 동남구 74길 5
9b3baef3-cf07-4ef0-9f42-ae9d603a64b4,채준혁,male,36,1986-12-22,서울 관악구 39길 87
72516b71-526c-4892-beda-9bbad945c5be,정유빈,female,49,1973-12-15,부천 소사구 20길 70
1da88dd4-5c3f-4afb-b8ed-7432b516873c,고시현,male,15,2008-01-29,천안 동남구 44길 84
685e1519-50e3-4d83-8a5e-612f59cf2d3d,홍지수,female,35,1987-12-28,부산 금정구 78길 9
880ffc1e-aa40-467a-a7c6-b54d2d70b598,박은호,male,92,1930-12-13,부산 서구 42길 33
b9f69a3c-3779-4f73-ac07-9ff4747e9127,엄민호,male,48,1974-12-14,광주 광산구 45길 68
10b88abf-9d5b-4970-a826-e6392ec1350f,문지환,male,57,1965-12-07,울산 울주군 84길 76
1a71fd27-fec3-4079-8af7-fd0be88a0b50,임시윤,female,56,1967-02-20,천안 동남구 95길 100
9959ed38-9d27-4633-9240-a125b90c3bc5,차소율,female,67,1956-10-09,인천 미추홀구 76길 31
2f2a51aa-7d44-41cb-83a3-f9629a940d18,나정우,male,36,1986-12-25,청주 청원구 71길 25
3d5fdf28-2130-429b-a53d-a59d77244251,나나현,female,95,1928-10-20,고양 덕양구 30길 83
64471db5-3060-4f6f-9d04-3814e3849d39,남은채,female,94,1929-04-19,성남 분당구 62길 5
a437c36a-a046-4119-9920-84f90f4f4509,전세은,female,46,1977-11-05,대전 서구 19길 15
5f97432d-d1df-4b20-aad3-e78d5c8dc38a,강소연,female,15,2007-11-08,부천 소사구 46길 80
5ce3b924-1980-409e-aaaf-57b25fa8f68e,조서진,male,29,1994-09-14,안양 만안구 32길 98
d33baf97-43c1-4845-a0e3-4c38b5e2a7cf,장지안,female,37,1986-09-11,울산 중구 94길 68
1063463e-6e60-4b36-8f08-1fd43ae47f8c,엄정우,male,76,1946-11-29,성남 분당구 18길 71
3a954db6-c83e-4a0e-9c63-2afb1b482864,엄이서,female,17,2005-12-14,광주 서구 71길 3
bf691d53-1b6e-4ce5-ae85-2b12c1eb77bf,오지훈,male,84,1939-03-07,창원 마산회원구 53길 80
f60f5fa5-fea5-4dbe-a600-cb8750c85848,최정우,male,43,1979-11-20,인천 연수구 33길 31
46e35977-be8a-44dd-82d7-ea6cd7db6fe8,임서연,female,53,1970-09-14,청주 서원구 57길 19
19a684c4-c348-4951-88b2-5ed4cf547827,곽나현,female,31,1992-01-07,서울 양천구 83길 3
d165590c-f340-424c-9414-1f841240061d,조규리,female,38,1984-11-30,부산 부산진구 6길 13
4a716d4e-2f33-44ed-a2a9-8f2b7ee9c594,서선호,male,18,2005-10-26,창원 의창구 53길 18
20b26a5d-4ee4-4ed1-b59a-5b752c6f4c0e,지태민,male,38,1984-11-18,인천 동구 25길 68
1750d4ba-c651-4fed-8ea8-a8fcfb768e7f,구시우,male,57,1966-03-23,대전 유성구 70길 6
d1a9ed8b-5c7e-4988-8de5-d7c1fbfee974,손주아,female,21,2002-11-01,수원 팔달구 18길 61
dda1a742-09d6-4d37-ac30-04e6dab8b233,진시온,male,71,1952-02-24,서울 중랑구 24길 37
c1405feb-2ddc-444a-bc69-2f2a29546867,양서윤,female,97,1925-11-11,광주 북구 25길 54
2cbbb883-e8cf-4b2e-baa2-97c32b3e47fa,엄건우,male,26,1997-03-23,대전 서구 1길 55
6927be88-f011-4915-945e-51b7a0533f86,류지우,male,61,1961-11-16,청주 서원구 4길 45
abbc62cd-72b3-4b6e-b21c-5f0c17eaddc1,배민우,male,45,1977-12-11,청주 상당구 92길 21
1ac57943-0eba-482a-b955-331021cc0049,유대인,male,34,1988-12-05,광주 서구 74길 79
a9d0c5c0-c50a-484e-8aaf-1be564e6f5a8,최예빈,female,42,1981-05-01,광주 광산구 56길 66
2ac6312a-b2e6-405e-a94b-e3ae580f873f,민은호,male,70,1952-11-21,청주 상당구 31길 14
063cb5a3-28b6-44ef-acec-93e2fb0e783e,황한결,male,46,1976-11-28,부천 오정구 25길 24
187eb048-b285-4788-8614-fa247f3bcaee,문수호,male,77,1945-12-01,고양 덕양구 40길 5
ebe1cb5c-a813-4e53-b0c4-15b89d1f2611,유태우,male,80,1943-02-26,부산 금정구 54길 70
d63fc2c2-835d-4b7c-94d7-3c0931ca285e,민유빈,female,20,2002-12-24,대전 동구 89길 77
00bd6c4e-21c8-4893-bb64-b38784e783d6,엄지율,male,46,1976-11-28,대전 유성구 66길 78
691e4518-3009-43b8-b223-d6d7623c34fc,손민채,female,97,1926-01-09,청주 흥덕구 100길 48
8e84a352-90c2-41d7-8870-7b06a411084f,유수호,male,100,1923-10-17,광주 광산구 92길 61
b2658124-dd53-4c93-87e1-ece138c15483,허성현,male,34,1988-12-19,대구 서구 40길 82
7a9378b6-9751-466e-94f7-23821400bc29,고하윤,female,18,2005-04-05,용인 기흥구 57길 70
54172d25-f161-42a1-bd31-874ea1009125,성유진,female,75,1948-04-22,안산 단원구 60길 20
599ac262-462d-47b8-a10c-a58ec92b7736,이혜원,female,65,1957-12-26,울산 북구 9길 28
06ad6031-c437-4568-bbf3-86d7d1818030,오하연,female,14,2009-06-15,부산 동래구 82길 50
d2059d00-34d7-4ece-9ddc-7a6e8dc9485f,구윤아,female,18,2005-01-28,울산 중구 11길 35
831591a8-2151-4dd2-8d8d-fa776108fd40,전나은,female,15,2008-02-19,광주 남구 68길 98
c796205b-c093-413d-87e9-20cf38613745,이예원,female,94,1929-08-10,울산 중구 25길 87
180610a2-03ed-4e32-ba80-cdf210ae872f,강승민,male,38,1984-11-16,대전 대덕구 99길 60
8411c12b-9f83-4509-a035-4ec4364836b9,박지원,female,85,1938-05-02,창원 마산회원구 15길 33
d610be57-cc30-4159-a579-6b78d1b96f6e,전윤지,female,54,1969-10-04,수원 영통구 35길 25
f5ba1623-6239-4de7-8f18-7562f52663b4,구제오,male,37,1986-05-30,인천 연수구 86길 25
0468dd7a-5eb2-4673-8fed-65f676fb7235,임진우,male,24,1999-01-08,창원 성산구 11길 73
619a196e-efd3-4a8e-b79a-d388f53dc5f8,서이서,female,61,1962-10-24,성남 중원구 13길 30
e69d1618-34ca-4a1a-9070-769fb11b562b,류은서,female,94,1928-11-18,전주 완산구 66길 13
2bf7e459-2a16-4a0d-a1b7-72e84fbe1566,주주원,male,27,1995-12-21,수원 영통구 38길 57
bce6c468-4092-4394-ae55-b497dc45de33,조서진,male,67,1955-11-27,대전 중구 7길 15
fba63bb1-1ddc-4d3d-a42b-57da1fc278b1,임예준,male,31,1992-02-15,창원 마산회원구 71길 95
89a313e0-8597-4327-9091-740ce6a04a19,주아린,female,57,1965-12-21,대구 서구 48길 55
c687d9dd-16d7-46f3-9900-9f58b13834bf,곽민재,male,78,1944-11-09,안양 동안구 2길 98
7934ba1b-0be3-4fea-83c3-f5123d478138,이서희,female,73,1949-12-08,서울 은평구 92길 93
58cfd7ee-7677-43e6-a67d-6dd3fb892d66,지지민,female,66,1956-11-30,고양 덕양구 89길 42
09d5a485-6bf6-4572-921f-d8d615b45372,이나현,female,38,1985-02-09,부산 연제구 61길 43
7049fdb1-661a-47e5-954b-9bcf9720668c,구이준,male,71,1952-03-26,천안 동남구 22길 73
2f0ee145-b4be-4c65-aa15-8e2ef407f438,오정은,female,69,1953-12-24,수원 권선구 61길 60
83bf6950-0609-44c4-8304-ba539a766e5d,홍민호,male,75,1948-01-25,창원 진해구 55길 46
f415f7ff-ebd2-4a1c-a82e-226023bd9ec1,조아린,female,31,1992-06-16,고양 일산동구 33길 62
c3d90de8-816b-42db-bcf0-66250a30804e,진수민,female,26,1997-06-04,수원 팔달구 64길 22
f31a5bcc-65da-4abc-8794-69f4f1e4ae8c,심시원,male,41,1981-12-09,고양 일산서구 93길 65
9a4efd43-9fba-484b-9b24-7cda7f7c0d98,황하린,female,44,1979-10-11,대전 중구 57길 64
795179c6-c266-4fac-baf9-5d9612e73a77,임시후,male,61,1962-08-01,부천 오정구 24길 50
2a78cca4-532a-46b0-a440-97261d8e348a,신서율,female,73,1949-11-11,고양 일산서구 45길 70
1daf3adc-50ec-4c91-b628-a4791c70ea5c,홍주하,female,18,2004-12-27,광주 남구 7길 31
6a2aec8d-9a74-4794-8ccf-cd17fd1e56d8,황채린,female,46,1976-11-14,용인 처인구 11길 39
6a704201-b9d9-4f06-9b7c-fc31bae58ee0,정지현,female,26,1997-10-16,성남 중원구 37길 33
14a51f3c-aafc-42a1-961e-6ee3c4958449,양시후,male,70,1953-01-28,인천 중구 27길 1
947c54b7-94a8-4d68-a4fd-b2aec7e89462,문지원,male,58,1965-02-06,광주 광산구 75길 23
96d8a0e8-acca-4e3a-bbf7-c28c908f30db,신성현,male,62,1960-11-06,성남 중원구 2길 85